6.25293e-06 47205.3 -1.8513 -6.25293e-06 -47205.3 1.82254
5.09374e-05 94410.5 -4.24623 -5.09374e-05 -94410.5 4.01972
0.000138524 141616 -7.27188 -0.000138524 -141616 6.65762
0.00027466 188821 -11.0397 -0.00027466 -188821 9.82116
0.000466738 236026 -15.6953 -0.000466738 -236026 13.6214
0.000723472 283232 -21.4185 -0.000723472 -283232 18.1971
0.00105727 330437 -28.4626 -0.00105727 -330437 23.7433
0.00148468 377642 -37.1689 -0.00148468 -377642 30.5239
0.00202693 424847 -47.9916 -0.00202693 -424847 38.8928
0.00271695 472053 -61.6173 -0.00271695 -472053 49.3826
-153.747 472053 2.42261e+06 153.747 -472053 -1.74262e+06
-307.5 472053 4.8453e+06 307.5 -472053 -3.48529e+06
-461.252 472053 7.26798e+06 461.252 -472053 -5.22797e+06
-615.006 472053 9.69068e+06 615.006 -472053 -6.97064e+06
-768.756 472053 1.21134e+07 768.756 -472053 -8.71331e+06
-922.513 472053 1.45361e+07 922.513 -472053 -1.0456e+07
-1076.28 472053 1.69588e+07 1076.28 -472053 -1.21987e+07
-1230.02 472053 1.93815e+07 1230.02 -472053 -1.39413e+07
-1383.77 472053 2.18041e+07 1383.77 -472053 -1.5684e+07
-1537.53 472053 2.42269e+07 1537.53 -472053 -1.74267e+07
-1691.29 472053 2.66496e+07 1691.29 -472053 -1.91694e+07
-1845.05 472053 2.90723e+07 1845.05 -472053 -2.09121e+07
-1998.81 472053 3.1495e+07 1998.81 -472053 -2.26547e+07
-2152.57 472053 3.39178e+07 2152.57 -472053 -2.43974e+07
-2306.33 472053 3.63405e+07 2306.33 -472053 -2.61401e+07
-2460.09 472053 3.87632e+07 2460.09 -472053 -2.78828e+07
-2613.85 472053 4.1186e+07 2613.85 -472053 -2.96255e+07
-2767.61 472053 4.36087e+07 2767.61 -472053 -3.13682e+07
-2921.38 472053 4.60315e+07 2921.38 -472053 -3.31108e+07
-3075.14 472053 4.84542e+07 3075.14 -472053 -3.48535e+07
-3228.91 472053 5.0877e+07 3228.91 -472053 -3.65962e+07
-3382.67 472053 5.32997e+07 3382.67 -472053 -3.83389e+07
-3536.44 472053 5.57225e+07 3536.44 -472053 -4.00816e+07
-3690.2 472053 5.81452e+07 3690.2 -472053 -4.18243e+07
-3843.97 472053 6.0568e+07 3843.97 -472053 -4.3567e+07
-3997.74 472053 6.29908e+07 3997.74 -472053 -4.53097e+07
-4151.5 472053 6.54135e+07 4151.5 -472053 -4.70524e+07
-4305.28 472053 6.78364e+07 4305.28 -472053 -4.87951e+07
-4459.05 472053 7.02591e+07 4459.05 -472053 -5.05377e+07
-4612.81 472053 7.26819e+07 4612.81 -472053 -5.22804e+07
-4766.59 472053 7.51047e+07 4766.59 -472053 -5.40231e+07
-4920.36 472053 7.75275e+07 4920.36 -472053 -5.57658e+07
-5074.13 472053 7.99503e+07 5074.13 -472053 -5.75085e+07
-5227.9 472053 8.23731e+07 5227.9 -472053 -5.92512e+07
-5381.68 472053 8.47959e+07 5381.68 -472053 -6.09939e+07
-5535.46 472053 8.72187e+07 5535.46 -472053 -6.27366e+07
-5689.23 472053 8.96415e+07 5689.23 -472053 -6.44793e+07
-5843.01 472053 9.20644e+07 5843.01 -472053 -6.6222e+07
-5996.78 472053 9.44872e+07 5996.78 -472053 -6.79647e+07
-6150.56 472053 9.691e+07 6150.56 -472053 -6.97074e+07
-6304.34 472053 9.93328e+07 6304.34 -472053 -7.14501e+07
-6458.12 472053 1.01756e+08 6458.12 -472053 -7.31928e+07
-6611.9 472053 1.04179e+08 6611.9 -472053 -7.49355e+07
-6765.69 472053 1.06601e+08 6765.69 -472053 -7.66782e+07
-6919.46 472053 1.09024e+08 6919.46 -472053 -7.8421e+07
-7073.24 472053 1.11447e+08 7073.24 -472053 -8.01637e+07
-7227.03 472053 1.1387e+08 7227.03 -472053 -8.19064e+07
-7380.81 472053 1.16293e+08 7380.81 -472053 -8.36491e+07
-7534.59 472053 1.18716e+08 7534.59 -472053 -8.53918e+07
-7688.38 472053 1.21138e+08 7688.38 -472053 -8.71345e+07
-7842.16 472053 1.23561e+08 7842.16 -472053 -8.88772e+07
-7995.95 472053 1.25984e+08 7995.95 -472053 -9.06199e+07
-8149.74 472053 1.28407e+08 8149.74 -472053 -9.23626e+07
-8303.52 472053 1.3083e+08 8303.52 -472053 -9.41054e+07
-8457.31 472053 1.33253e+08 8457.31 -472053 -9.58481e+07
-8611.1 472053 1.35676e+08 8611.1 -472053 -9.75908e+07
-8764.89 472053 1.38099e+08 8764.89 -472053 -9.93335e+07
-8918.68 472053 1.40522e+08 8918.68 -472053 -1.01076e+08
-9072.47 472053 1.42944e+08 9072.47 -472053 -1.02819e+08
-9226.26 472053 1.45367e+08 9226.26 -472053 -1.04562e+08
-9380.05 472053 1.4779e+08 9380.05 -472053 -1.06304e+08
-9533.85 472053 1.50213e+08 9533.85 -472053 -1.08047e+08
-9687.64 472053 1.52636e+08 9687.64 -472053 -1.0979e+08
-9841.44 472053 1.55059e+08 9841.44 -472053 -1.11533e+08
-9995.23 472053 1.57482e+08 9995.23 -472053 -1.13275e+08
-10149 472053 1.59905e+08 10149 -472053 -1.15018e+08
-10302.8 472053 1.62328e+08 10302.8 -472053 -1.16761e+08
-10456.6 472053 1.64751e+08 10456.6 -472053 -1.18503e+08
-10610.4 472053 1.67174e+08 10610.4 -472053 -1.20246e+08
-10764.2 472053 1.69597e+08 10764.2 -472053 -1.21989e+08
-10918 472053 1.72019e+08 10918 -472053 -1.23732e+08
-11071.8 472053 1.74442e+08 11071.8 -472053 -1.25474e+08
-11225.6 472053 1.76865e+08 11225.6 -472053 -1.27217e+08
-11379.4 472053 1.79288e+08 11379.4 -472053 -1.2896e+08
-11533.2 472053 1.81711e+08 11533.2 -472053 -1.30703e+08
-11687 472053 1.84134e+08 11687 -472053 -1.32445e+08
-11840.8 472053 1.86557e+08 11840.8 -472053 -1.34188e+08
-11994.6 472053 1.8898e+08 11994.6 -472053 -1.35931e+08
-12148.4 472053 1.91403e+08 12148.4 -472053 -1.37673e+08
-12302.2 472053 1.93826e+08 12302.2 -472053 -1.39416e+08
-12456 472053 1.96249e+08 12456 -472053 -1.41159e+08
-12609.9 472053 1.98672e+08 12609.9 -472053 -1.42902e+08
-12763.7 472053 2.01095e+08 12763.7 -472053 -1.44644e+08
-12917.5 472053 2.03518e+08 12917.5 -472053 -1.46387e+08
-13071.3 472053 2.05941e+08 13071.3 -472053 -1.4813e+08
-13225.1 472053 2.08364e+08 13225.1 -472053 -1.49873e+08
-13378.9 472053 2.10787e+08 13378.9 -472053 -1.51615e+08
-13532.7 472053 2.1321e+08 13532.7 -472053 -1.53358e+08
-13686.5 472053 2.15633e+08 13686.5 -472053 -1.55101e+08
-13840.3 472053 2.18056e+08 13840.3 -472053 -1.56844e+08
-13994.1 472053 2.20479e+08 13994.1 -472053 -1.58586e+08
-14148 472053 2.22902e+08 14148 -472053 -1.60329e+08
-14301.8 472053 2.25325e+08 14301.8 -472053 -1.62072e+08
-14455.6 472053 2.27748e+08 14455.6 -472053 -1.63815e+08
-14609.4 472053 2.30171e+08 14609.4 -472053 -1.65557e+08
-14763.2 472053 2.32594e+08 14763.2 -472053 -1.673e+08
-14917 472053 2.35017e+08 14917 -472053 -1.69043e+08
-15070.9 472053 2.3744e+08 15070.9 -472053 -1.70786e+08
-15224.7 472053 2.39863e+08 15224.7 -472053 -1.72528e+08
-15378.5 472053 2.42287e+08 15378.5 -472053 -1.74271e+08
-15532.3 472053 2.4471e+08 15532.3 -472053 -1.76014e+08
-15686.1 472053 2.47133e+08 15686.1 -472053 -1.77757e+08
-15840 472053 2.49556e+08 15840 -472053 -1.79499e+08
-15993.8 472053 2.51979e+08 15993.8 -472053 -1.81242e+08
-16147.6 472053 2.54402e+08 16147.6 -472053 -1.82985e+08
-16301.4 472053 2.56825e+08 16301.4 -472053 -1.84728e+08
-16455.3 472053 2.59248e+08 16455.3 -472053 -1.8647e+08
-16609.1 472053 2.61671e+08 16609.1 -472053 -1.88213e+08
-16762.9 472053 2.64094e+08 16762.9 -472053 -1.89956e+08
-16916.7 472053 2.66517e+08 16916.7 -472053 -1.91699e+08
-17070.6 472053 2.6894e+08 17070.6 -472053 -1.93441e+08
-17224.4 472053 2.71363e+08 17224.4 -472053 -1.95184e+08
-17378.2 472053 2.73787e+08 17378.2 -472053 -1.96927e+08
-17532 472053 2.7621e+08 17532 -472053 -1.9867e+08
-17685.9 472053 2.78633e+08 17685.9 -472053 -2.00412e+08
-17839.7 472053 2.81056e+08 17839.7 -472053 -2.02155e+08
-17993.5 472053 2.83479e+08 17993.5 -472053 -2.03898e+08
-18147.4 472053 2.85902e+08 18147.4 -472053 -2.05641e+08
-18301.2 472053 2.88325e+08 18301.2 -472053 -2.07383e+08
-18455 472053 2.90748e+08 18455 -472053 -2.09126e+08
-18608.9 472053 2.93172e+08 18608.9 -472053 -2.10869e+08
-18762.7 472053 2.95595e+08 18762.7 -472053 -2.12612e+08
-18916.5 472053 2.98018e+08 18916.5 -472053 -2.14355e+08
-19070.4 472053 3.00441e+08 19070.4 -472053 -2.16097e+08
-19224.2 472053 3.02864e+08 19224.2 -472053 -2.1784e+08
-19378 472053 3.05287e+08 19378 -472053 -2.19583e+08
-19531.9 472053 3.0771e+08 19531.9 -472053 -2.21326e+08
-19685.7 472053 3.10134e+08 19685.7 -472053 -2.23068e+08
-19839.6 472053 3.12557e+08 19839.6 -472053 -2.24811e+08
-19993.4 472053 3.1498e+08 19993.4 -472053 -2.26554e+08
-20147.2 472053 3.17403e+08 20147.2 -472053 -2.28297e+08
-20301.1 472053 3.19826e+08 20301.1 -472053 -2.3004e+08
-20454.9 472053 3.22249e+08 20454.9 -472053 -2.31782e+08
-20608.8 472053 3.24673e+08 20608.8 -472053 -2.33525e+08
-20762.6 472053 3.27096e+08 20762.6 -472053 -2.35268e+08
-20916.5 472053 3.29519e+08 20916.5 -472053 -2.37011e+08
-21070.3 472053 3.31942e+08 21070.3 -472053 -2.38753e+08
-21224.2 472053 3.34365e+08 21224.2 -472053 -2.40496e+08
-21378 472053 3.36789e+08 21378 -472053 -2.42239e+08
-21531.9 472053 3.39212e+08 21531.9 -472053 -2.43982e+08
-21685.7 472053 3.41635e+08 21685.7 -472053 -2.45725e+08
-21839.5 472053 3.44058e+08 21839.5 -472053 -2.47467e+08
-21993.4 472053 3.46481e+08 21993.4 -472053 -2.4921e+08
-22147.2 472053 3.48905e+08 22147.2 -472053 -2.50953e+08
-22301.1 472053 3.51328e+08 22301.1 -472053 -2.52696e+08
-22455 472053 3.53751e+08 22455 -472053 -2.54438e+08
-22608.8 472053 3.56174e+08 22608.8 -472053 -2.56181e+08
-22762.7 472053 3.58598e+08 22762.7 -472053 -2.57924e+08
-22916.5 472053 3.61021e+08 22916.5 -472053 -2.59667e+08
-23070.4 472053 3.63444e+08 23070.4 -472053 -2.6141e+08
-23224.2 472053 3.65867e+08 23224.2 -472053 -2.63152e+08
-23378.1 472053 3.68291e+08 23378.1 -472053 -2.64895e+08
-23531.9 472053 3.70714e+08 23531.9 -472053 -2.66638e+08
-23685.8 472053 3.73137e+08 23685.8 -472053 -2.68381e+08
-23839.6 472053 3.7556e+08 23839.6 -472053 -2.70124e+08
-23993.5 472053 3.77984e+08 23993.5 -472053 -2.71866e+08
-24147.4 472053 3.80407e+08 24147.4 -472053 -2.73609e+08
-24301.2 472053 3.8283e+08 24301.2 -472053 -2.75352e+08
-24455.1 472053 3.85253e+08 24455.1 -472053 -2.77095e+08
-24608.9 472053 3.87677e+08 24608.9 -472053 -2.78838e+08
-24762.8 472053 3.901e+08 24762.8 -472053 -2.8058e+08
-24916.7 472053 3.92523e+08 24916.7 -472053 -2.82323e+08
-25070.5 472053 3.94947e+08 25070.5 -472053 -2.84066e+08
-25224.4 472053 3.9737e+08 25224.4 -472053 -2.85809e+08
-25378.3 472053 3.99793e+08 25378.3 -472053 -2.87552e+08
-25532.1 472053 4.02216e+08 25532.1 -472053 -2.89294e+08
-25686 472053 4.0464e+08 25686 -472053 -2.91037e+08
-25839.9 472053 4.07063e+08 25839.9 -472053 -2.9278e+08
-25993.7 472053 4.09486e+08 25993.7 -472053 -2.94523e+08
-26147.6 472053 4.1191e+08 26147.6 -472053 -2.96266e+08
-26301.5 472053 4.14333e+08 26301.5 -472053 -2.98008e+08
-26455.3 472053 4.16756e+08 26455.3 -472053 -2.99751e+08
-26609.2 472053 4.1918e+08 26609.2 -472053 -3.01494e+08
-26763.1 472053 4.21603e+08 26763.1 -472053 -3.03237e+08
-26917 472053 4.24026e+08 26917 -472053 -3.0498e+08
-27070.8 472053 4.2645e+08 27070.8 -472053 -3.06722e+08
-27224.7 472053 4.28873e+08 27224.7 -472053 -3.08465e+08
-27378.6 472053 4.31296e+08 27378.6 -472053 -3.10208e+08
-27532.4 472053 4.3372e+08 27532.4 -472053 -3.11951e+08
-27686.3 472053 4.36143e+08 27686.3 -472053 -3.13694e+08
-27840.2 472053 4.38566e+08 27840.2 -472053 -3.15437e+08
-27994.1 472053 4.4099e+08 27994.1 -472053 -3.17179e+08
-28147.9 472053 4.43413e+08 28147.9 -472053 -3.18922e+08
-28301.8 472053 4.45837e+08 28301.8 -472053 -3.20665e+08
-28455.7 472053 4.4826e+08 28455.7 -472053 -3.22408e+08
-28609.6 472053 4.50683e+08 28609.6 -472053 -3.24151e+08
-28763.5 472053 4.53107e+08 28763.5 -472053 -3.25893e+08
-28917.3 472053 4.5553e+08 28917.3 -472053 -3.27636e+08
-29071.2 472053 4.57953e+08 29071.2 -472053 -3.29379e+08
-29225.1 472053 4.60377e+08 29225.1 -472053 -3.31122e+08
-29379 472053 4.628e+08 29379 -472053 -3.32865e+08
-29532.9 472053 4.65224e+08 29532.9 -472053 -3.34608e+08
-29686.8 472053 4.67647e+08 29686.8 -472053 -3.3635e+08
-29840.6 472053 4.70071e+08 29840.6 -472053 -3.38093e+08
-29994.5 472053 4.72494e+08 29994.5 -472053 -3.39836e+08
-30148.4 472053 4.74917e+08 30148.4 -472053 -3.41579e+08
-30302.3 472053 4.77341e+08 30302.3 -472053 -3.43322e+08
-30456.2 472053 4.79764e+08 30456.2 -472053 -3.45065e+08
-30610.1 472053 4.82188e+08 30610.1 -472053 -3.46807e+08
-30764 472053 4.84611e+08 30764 -472053 -3.4855e+08
-30917.9 472053 4.87034e+08 30917.9 -472053 -3.50293e+08
-31071.7 472053 4.89458e+08 31071.7 -472053 -3.52036e+08
-31225.6 472053 4.91881e+08 31225.6 -472053 -3.53779e+08
-31379.5 472053 4.94305e+08 31379.5 -472053 -3.55522e+08
-31533.4 472053 4.96728e+08 31533.4 -472053 -3.57264e+08
-31687.3 472053 4.99152e+08 31687.3 -472053 -3.59007e+08
-31841.2 472053 5.01575e+08 31841.2 -472053 -3.6075e+08
-31995.1 472053 5.03999e+08 31995.1 -472053 -3.62493e+08
-32149 472053 5.06422e+08 32149 -472053 -3.64236e+08
-32302.9 472053 5.08846e+08 32302.9 -472053 -3.65979e+08
-32456.8 472053 5.11269e+08 32456.8 -472053 -3.67721e+08
-32610.7 472053 5.13693e+08 32610.7 -472053 -3.69464e+08
-32764.6 472053 5.16116e+08 32764.6 -472053 -3.71207e+08
-32918.5 472053 5.1854e+08 32918.5 -472053 -3.7295e+08
-33072.4 472053 5.20963e+08 33072.4 -472053 -3.74693e+08
-33226.3 472053 5.23387e+08 33226.3 -472053 -3.76436e+08
-33380.2 472053 5.2581e+08 33380.2 -472053 -3.78178e+08
-33534.1 472053 5.28234e+08 33534.1 -472053 -3.79921e+08
-33688 472053 5.30657e+08 33688 -472053 -3.81664e+08
-33841.9 472053 5.33081e+08 33841.9 -472053 -3.83407e+08
-33995.8 472053 5.35504e+08 33995.8 -472053 -3.8515e+08
-34149.7 472053 5.37928e+08 34149.7 -472053 -3.86893e+08
-34303.6 472053 5.40351e+08 34303.6 -472053 -3.88636e+08
-34457.5 472053 5.42775e+08 34457.5 -472053 -3.90378e+08
-34611.4 472053 5.45198e+08 34611.4 -472053 -3.92121e+08
-34765.3 472053 5.47622e+08 34765.3 -472053 -3.93864e+08
-34919.2 472053 5.50045e+08 34919.2 -472053 -3.95607e+08
-35073.1 472053 5.52469e+08 35073.1 -472053 -3.9735e+08
-35227.1 472053 5.54892e+08 35227.1 -472053 -3.99093e+08
-35381 472053 5.57316e+08 35381 -472053 -4.00835e+08
-35534.9 472053 5.59739e+08 35534.9 -472053 -4.02578e+08
-35688.8 472053 5.62163e+08 35688.8 -472053 -4.04321e+08
-35842.7 472053 5.64586e+08 35842.7 -472053 -4.06064e+08
-35996.6 472053 5.6701e+08 35996.6 -472053 -4.07807e+08
-36150.5 472053 5.69434e+08 36150.5 -472053 -4.0955e+08
-36304.4 472053 5.71857e+08 36304.4 -472053 -4.11293e+08
-36458.4 472053 5.74281e+08 36458.4 -472053 -4.13035e+08
-36612.3 472053 5.76704e+08 36612.3 -472053 -4.14778e+08
-36766.2 472053 5.79128e+08 36766.2 -472053 -4.16521e+08
-36920.1 472053 5.81552e+08 36920.1 -472053 -4.18264e+08
-37074 472053 5.83975e+08 37074 -472053 -4.20007e+08
-37227.9 472053 5.86399e+08 37227.9 -472053 -4.2175e+08
-37381.9 472053 5.88822e+08 37381.9 -472053 -4.23493e+08
-37535.8 472053 5.91246e+08 37535.8 -472053 -4.25236e+08
-37689.7 472053 5.9367e+08 37689.7 -472053 -4.26978e+08
-37843.6 472053 5.96093e+08 37843.6 -472053 -4.28721e+08
-37997.5 472053 5.98517e+08 37997.5 -472053 -4.30464e+08
-38151.5 472053 6.0094e+08 38151.5 -472053 -4.32207e+08
-38305.4 472053 6.03364e+08 38305.4 -472053 -4.3395e+08
-38459.3 472053 6.05788e+08 38459.3 -472053 -4.35693e+08
-38613.2 472053 6.08211e+08 38613.2 -472053 -4.37436e+08
-38767.2 472053 6.10635e+08 38767.2 -472053 -4.39178e+08
-38921.1 472053 6.13058e+08 38921.1 -472053 -4.40921e+08
-39075 472053 6.15482e+08 39075 -472053 -4.42664e+08
-39228.9 472053 6.17906e+08 39228.9 -472053 -4.44407e+08
-39382.9 472053 6.20329e+08 39382.9 -472053 -4.4615e+08
-39536.8 472053 6.22753e+08 39536.8 -472053 -4.47893e+08
-39690.7 472053 6.25177e+08 39690.7 -472053 -4.49636e+08
-39844.7 472053 6.276e+08 39844.7 -472053 -4.51379e+08
-39998.6 472053 6.30024e+08 39998.6 -472053 -4.53121e+08
-40152.5 472053 6.32448e+08 40152.5 -472053 -4.54864e+08
-40306.5 472053 6.34871e+08 40306.5 -472053 -4.56607e+08
-40460.4 472053 6.37295e+08 40460.4 -472053 -4.5835e+08
-40614.3 472053 6.39719e+08 40614.3 -472053 -4.60093e+08
-40768.3 472053 6.42142e+08 40768.3 -472053 -4.61836e+08
-40922.2 472053 6.44566e+08 40922.2 -472053 -4.63579e+08
-41076.1 472053 6.4699e+08 41076.1 -472053 -4.65322e+08
-41230.1 472053 6.49413e+08 41230.1 -472053 -4.67065e+08
-41384 472053 6.51837e+08 41384 -472053 -4.68807e+08
-41537.9 472053 6.54261e+08 41537.9 -472053 -4.7055e+08
-41691.9 472053 6.56685e+08 41691.9 -472053 -4.72293e+08
-41845.8 472053 6.59108e+08 41845.8 -472053 -4.74036e+08
-41999.8 472053 6.61532e+08 41999.8 -472053 -4.75779e+08
-42153.7 472053 6.63956e+08 42153.7 -472053 -4.77522e+08
-42307.6 472053 6.66379e+08 42307.6 -472053 -4.79265e+08
-42461.6 472053 6.68803e+08 42461.6 -472053 -4.81008e+08
-42615.5 472053 6.71227e+08 42615.5 -472053 -4.82751e+08
-42769.5 472053 6.73651e+08 42769.5 -472053 -4.84493e+08
-42923.4 472053 6.76074e+08 42923.4 -472053 -4.86236e+08
-43077.4 472053 6.78498e+08 43077.4 -472053 -4.87979e+08
-43231.3 472053 6.80922e+08 43231.3 -472053 -4.89722e+08
-43385.2 472053 6.83346e+08 43385.2 -472053 -4.91465e+08
-43539.2 472053 6.85769e+08 43539.2 -472053 -4.93208e+08
-43693.1 472053 6.88193e+08 43693.1 -472053 -4.94951e+08
-43847.1 472053 6.90617e+08 43847.1 -472053 -4.96694e+08
-44001 472053 6.93041e+08 44001 -472053 -4.98437e+08
-44155 472053 6.95464e+08 44155 -472053 -5.0018e+08
-44308.9 472053 6.97888e+08 44308.9 -472053 -5.01922e+08
-44462.9 472053 7.00312e+08 44462.9 -472053 -5.03665e+08
-44616.8 472053 7.02736e+08 44616.8 -472053 -5.05408e+08
-44770.8 472053 7.05159e+08 44770.8 -472053 -5.07151e+08
-44924.8 472053 7.07583e+08 44924.8 -472053 -5.08894e+08
-45078.7 472053 7.10007e+08 45078.7 -472053 -5.10637e+08
-45232.7 472053 7.12431e+08 45232.7 -472053 -5.1238e+08
-45386.6 472053 7.14855e+08 45386.6 -472053 -5.14123e+08
-45540.6 472053 7.17278e+08 45540.6 -472053 -5.15866e+08
-45694.5 472053 7.19702e+08 45694.5 -472053 -5.17609e+08
-45848.5 472053 7.22126e+08 45848.5 -472053 -5.19352e+08
-46002.4 472053 7.2455e+08 46002.4 -472053 -5.21094e+08
-46156.4 472053 7.26974e+08 46156.4 -472053 -5.22837e+08
-46310.4 472053 7.29397e+08 46310.4 -472053 -5.2458e+08
-46464.3 472053 7.31821e+08 46464.3 -472053 -5.26323e+08
-46618.3 472053 7.34245e+08 46618.3 -472053 -5.28066e+08
-46772.2 472053 7.36669e+08 46772.2 -472053 -5.29809e+08
-46926.2 472053 7.39093e+08 46926.2 -472053 -5.31552e+08
-47080.2 472053 7.41517e+08 47080.2 -472053 -5.33295e+08
-47234.1 472053 7.4394e+08 47234.1 -472053 -5.35038e+08
-47388.1 472053 7.46364e+08 47388.1 -472053 -5.36781e+08
-47542.1 472053 7.48788e+08 47542.1 -472053 -5.38524e+08
-47696 472053 7.51212e+08 47696 -472053 -5.40266e+08
-47850 472053 7.53636e+08 47850 -472053 -5.42009e+08
-48004 472053 7.5606e+08 48004 -472053 -5.43752e+08
-48157.9 472053 7.58484e+08 48157.9 -472053 -5.45495e+08
-48311.9 472053 7.60907e+08 48311.9 -472053 -5.47238e+08
-48465.9 472053 7.63331e+08 48465.9 -472053 -5.48981e+08
-48619.8 472053 7.65755e+08 48619.8 -472053 -5.50724e+08
-48773.8 472053 7.68179e+08 48773.8 -472053 -5.52467e+08
-48927.8 472053 7.70603e+08 48927.8 -472053 -5.5421e+08
-49081.8 472053 7.73027e+08 49081.8 -472053 -5.55953e+08
-49235.7 472053 7.75451e+08 49235.7 -472053 -5.57696e+08
-49389.7 472053 7.77875e+08 49389.7 -472053 -5.59439e+08
-49543.7 472053 7.80298e+08 49543.7 -472053 -5.61182e+08
-49697.6 472053 7.82722e+08 49697.6 -472053 -5.62924e+08
-49851.6 472053 7.85146e+08 49851.6 -472053 -5.64667e+08
-50005.6 472053 7.8757e+08 50005.6 -472053 -5.6641e+08
-50159.6 472053 7.89994e+08 50159.6 -472053 -5.68153e+08
-50313.6 472053 7.92418e+08 50313.6 -472053 -5.69896e+08
-50467.5 472053 7.94842e+08 50467.5 -472053 -5.71639e+08
-50621.5 472053 7.97266e+08 50621.5 -472053 -5.73382e+08
-50775.5 472053 7.9969e+08 50775.5 -472053 -5.75125e+08
-50929.5 472053 8.02114e+08 50929.5 -472053 -5.76868e+08
-51083.5 472053 8.04538e+08 51083.5 -472053 -5.78611e+08
-51237.4 472053 8.06962e+08 51237.4 -472053 -5.80354e+08
-51391.4 472053 8.09386e+08 51391.4 -472053 -5.82097e+08
-51545.4 472053 8.11809e+08 51545.4 -472053 -5.8384e+08
-51699.4 472053 8.14233e+08 51699.4 -472053 -5.85583e+08
-51853.4 472053 8.16657e+08 51853.4 -472053 -5.87326e+08
-52007.4 472053 8.19081e+08 52007.4 -472053 -5.89069e+08
-52161.3 472053 8.21505e+08 52161.3 -472053 -5.90811e+08
-52315.3 472053 8.23929e+08 52315.3 -472053 -5.92554e+08
-52469.3 472053 8.26353e+08 52469.3 -472053 -5.94297e+08
-52623.3 472053 8.28777e+08 52623.3 -472053 -5.9604e+08
-52777.3 472053 8.31201e+08 52777.3 -472053 -5.97783e+08
-52931.3 472053 8.33625e+08 52931.3 -472053 -5.99526e+08
-53085.3 472053 8.36049e+08 53085.3 -472053 -6.01269e+08
-53239.3 472053 8.38473e+08 53239.3 -472053 -6.03012e+08
-53393.3 472053 8.40897e+08 53393.3 -472053 -6.04755e+08
-53547.2 472053 8.43321e+08 53547.2 -472053 -6.06498e+08
-53701.2 472053 8.45745e+08 53701.2 -472053 -6.08241e+08
-53855.2 472053 8.48169e+08 53855.2 -472053 -6.09984e+08
-54009.2 472053 8.50593e+08 54009.2 -472053 -6.11727e+08
-54163.2 472053 8.53017e+08 54163.2 -472053 -6.1347e+08
-54317.2 472053 8.55441e+08 54317.2 -472053 -6.15213e+08
-54471.2 472053 8.57865e+08 54471.2 -472053 -6.16956e+08
-54625.2 472053 8.60289e+08 54625.2 -472053 -6.18699e+08
-54779.2 472053 8.62713e+08 54779.2 -472053 -6.20442e+08
-54933.2 472053 8.65137e+08 54933.2 -472053 -6.22185e+08
-55087.2 472053 8.67561e+08 55087.2 -472053 -6.23928e+08
-55241.2 472053 8.69985e+08 55241.2 -472053 -6.2567e+08
-55395.2 472053 8.72409e+08 55395.2 -472053 -6.27413e+08
-55549.2 472053 8.74833e+08 55549.2 -472053 -6.29156e+08
-55703.2 472053 8.77257e+08 55703.2 -472053 -6.30899e+08
-55857.2 472053 8.79682e+08 55857.2 -472053 -6.32642e+08
-56011.2 472053 8.82106e+08 56011.2 -472053 -6.34385e+08
-56165.2 472053 8.8453e+08 56165.2 -472053 -6.36128e+08
-56319.2 472053 8.86954e+08 56319.2 -472053 -6.37871e+08
-56473.2 472053 8.89378e+08 56473.2 -472053 -6.39614e+08
-56627.2 472053 8.91802e+08 56627.2 -472053 -6.41357e+08
-56781.2 472053 8.94226e+08 56781.2 -472053 -6.431e+08
-56935.3 472053 8.9665e+08 56935.3 -472053 -6.44843e+08
-57089.3 472053 8.99074e+08 57089.3 -472053 -6.46586e+08
-57243.3 472053 9.01498e+08 57243.3 -472053 -6.48329e+08
-57397.3 472053 9.03922e+08 57397.3 -472053 -6.50072e+08
-57551.3 472053 9.06346e+08 57551.3 -472053 -6.51815e+08
-57705.3 472053 9.0877e+08 57705.3 -472053 -6.53558e+08
-57859.3 472053 9.11195e+08 57859.3 -472053 -6.55301e+08
-58013.3 472053 9.13619e+08 58013.3 -472053 -6.57044e+08
-58167.3 472053 9.16043e+08 58167.3 -472053 -6.58787e+08
-58321.4 472053 9.18467e+08 58321.4 -472053 -6.6053e+08
-58475.4 472053 9.20891e+08 58475.4 -472053 -6.62273e+08
-58629.4 472053 9.23315e+08 58629.4 -472053 -6.64016e+08
-58783.4 472053 9.25739e+08 58783.4 -472053 -6.65759e+08
-58937.4 472053 9.28163e+08 58937.4 -472053 -6.67502e+08
-59091.4 472053 9.30588e+08 59091.4 -472053 -6.69245e+08
-59245.5 472053 9.33012e+08 59245.5 -472053 -6.70988e+08
-59399.5 472053 9.35436e+08 59399.5 -472053 -6.72731e+08
-59553.5 472053 9.3786e+08 59553.5 -472053 -6.74474e+08
-59707.5 472053 9.40284e+08 59707.5 -472053 -6.76217e+08
-59861.5 472053 9.42708e+08 59861.5 -472053 -6.7796e+08
-60015.6 472053 9.45132e+08 60015.6 -472053 -6.79703e+08
-60169.6 472053 9.47557e+08 60169.6 -472053 -6.81446e+08
-60323.6 472053 9.49981e+08 60323.6 -472053 -6.83189e+08
-60477.6 472053 9.52405e+08 60477.6 -472053 -6.84932e+08
-60631.6 472053 9.54829e+08 60631.6 -472053 -6.86675e+08
-60785.7 472053 9.57253e+08 60785.7 -472053 -6.88418e+08
-60939.7 472053 9.59677e+08 60939.7 -472053 -6.90161e+08
-61093.7 472053 9.62102e+08 61093.7 -472053 -6.91904e+08
-61247.8 472053 9.64526e+08 61247.8 -472053 -6.93647e+08
-61401.8 472053 9.6695e+08 61401.8 -472053 -6.95389e+08
-61555.8 472053 9.69374e+08 61555.8 -472053 -6.97132e+08
-61709.8 472053 9.71798e+08 61709.8 -472053 -6.98875e+08
-61863.9 472053 9.74223e+08 61863.9 -472053 -7.00618e+08
-62017.9 472053 9.76647e+08 62017.9 -472053 -7.02361e+08
-62171.9 472053 9.79071e+08 62171.9 -472053 -7.04104e+08
-62326 472053 9.81495e+08 62326 -472053 -7.05847e+08
-62480 472053 9.83919e+08 62480 -472053 -7.0759e+08
-62634 472053 9.86344e+08 62634 -472053 -7.09333e+08
-62788.1 472053 9.88768e+08 62788.1 -472053 -7.11076e+08
-62942.1 472053 9.91192e+08 62942.1 -472053 -7.12819e+08
-63096.1 472053 9.93616e+08 63096.1 -472053 -7.14562e+08
-63250.2 472053 9.96041e+08 63250.2 -472053 -7.16305e+08
-63404.2 472053 9.98465e+08 63404.2 -472053 -7.18048e+08
-63558.2 472053 1.00089e+09 63558.2 -472053 -7.19791e+08
-63712.3 472053 1.00331e+09 63712.3 -472053 -7.21534e+08
-63866.3 472053 1.00574e+09 63866.3 -472053 -7.23277e+08
-64020.4 472053 1.00816e+09 64020.4 -472053 -7.2502e+08
-64174.4 472053 1.01059e+09 64174.4 -472053 -7.26763e+08
-64328.4 472053 1.01301e+09 64328.4 -472053 -7.28506e+08
-64482.5 472053 1.01543e+09 64482.5 -472053 -7.30249e+08
-64636.5 472053 1.01786e+09 64636.5 -472053 -7.31992e+08
-64790.6 472053 1.02028e+09 64790.6 -472053 -7.33735e+08
-64944.6 472053 1.02271e+09 64944.6 -472053 -7.35478e+08
-65098.7 472053 1.02513e+09 65098.7 -472053 -7.37222e+08
-65252.7 472053 1.02756e+09 65252.7 -472053 -7.38965e+08
-65406.7 472053 1.02998e+09 65406.7 -472053 -7.40708e+08
-65560.8 472053 1.0324e+09 65560.8 -472053 -7.42451e+08
-65714.8 472053 1.03483e+09 65714.8 -472053 -7.44194e+08
-65868.9 472053 1.03725e+09 65868.9 -472053 -7.45937e+08
-66022.9 472053 1.03968e+09 66022.9 -472053 -7.4768e+08
-66177 472053 1.0421e+09 66177 -472053 -7.49423e+08
-66331 472053 1.04453e+09 66331 -472053 -7.51166e+08
-66485.1 472053 1.04695e+09 66485.1 -472053 -7.52909e+08
-66639.1 472053 1.04937e+09 66639.1 -472053 -7.54652e+08
-66793.2 472053 1.0518e+09 66793.2 -472053 -7.56395e+08
-66947.2 472053 1.05422e+09 66947.2 -472053 -7.58138e+08
-67101.3 472053 1.05665e+09 67101.3 -472053 -7.59881e+08
-67255.4 472053 1.05907e+09 67255.4 -472053 -7.61624e+08
-67409.4 472053 1.0615e+09 67409.4 -472053 -7.63367e+08
-67563.5 472053 1.06392e+09 67563.5 -472053 -7.6511e+08
-67717.5 472053 1.06635e+09 67717.5 -472053 -7.66853e+08
-67871.6 472053 1.06877e+09 67871.6 -472053 -7.68596e+08
-68025.6 472053 1.07119e+09 68025.6 -472053 -7.70339e+08
-68179.7 472053 1.07362e+09 68179.7 -472053 -7.72082e+08
-68333.8 472053 1.07604e+09 68333.8 -472053 -7.73825e+08
-68487.8 472053 1.07847e+09 68487.8 -472053 -7.75568e+08
-68641.9 472053 1.08089e+09 68641.9 -472053 -7.77311e+08
-68795.9 472053 1.08332e+09 68795.9 -472053 -7.79054e+08
-68950 472053 1.08574e+09 68950 -472053 -7.80797e+08
-69104.1 472053 1.08816e+09 69104.1 -472053 -7.8254e+08
-69258.1 472053 1.09059e+09 69258.1 -472053 -7.84283e+08
-69412.2 472053 1.09301e+09 69412.2 -472053 -7.86026e+08
-69566.3 472053 1.09544e+09 69566.3 -472053 -7.87769e+08
-69720.3 472053 1.09786e+09 69720.3 -472053 -7.89512e+08
-69874.4 472053 1.10029e+09 69874.4 -472053 -7.91255e+08
-70028.5 472053 1.10271e+09 70028.5 -472053 -7.92998e+08
-70182.5 472053 1.10514e+09 70182.5 -472053 -7.94741e+08
-70336.6 472053 1.10756e+09 70336.6 -472053 -7.96484e+08
-70490.7 472053 1.10998e+09 70490.7 -472053 -7.98227e+08
-70644.7 472053 1.11241e+09 70644.7 -472053 -7.9997e+08
-70798.8 472053 1.11483e+09 70798.8 -472053 -8.01713e+08
-70952.9 472053 1.11726e+09 70952.9 -472053 -8.03456e+08
-71106.9 472053 1.11968e+09 71106.9 -472053 -8.052e+08
-71261 472053 1.12211e+09 71261 -472053 -8.06943e+08
-71415.1 472053 1.12453e+09 71415.1 -472053 -8.08686e+08
-71569.2 472053 1.12695e+09 71569.2 -472053 -8.10429e+08
-71723.2 472053 1.12938e+09 71723.2 -472053 -8.12172e+08
-71877.3 472053 1.1318e+09 71877.3 -472053 -8.13915e+08
-72031.4 472053 1.13423e+09 72031.4 -472053 -8.15658e+08
-72185.5 472053 1.13665e+09 72185.5 -472053 -8.17401e+08
-72339.5 472053 1.13908e+09 72339.5 -472053 -8.19144e+08
-72493.6 472053 1.1415e+09 72493.6 -472053 -8.20887e+08
-72647.7 472053 1.14393e+09 72647.7 -472053 -8.2263e+08
-72801.8 472053 1.14635e+09 72801.8 -472053 -8.24373e+08
-72955.9 472053 1.14878e+09 72955.9 -472053 -8.26116e+08
-73109.9 472053 1.1512e+09 73109.9 -472053 -8.27859e+08
-73264 472053 1.15362e+09 73264 -472053 -8.29602e+08
-73418.1 472053 1.15605e+09 73418.1 -472053 -8.31345e+08
-73572.2 472053 1.15847e+09 73572.2 -472053 -8.33088e+08
-73726.3 472053 1.1609e+09 73726.3 -472053 -8.34831e+08
-73880.4 472053 1.16332e+09 73880.4 -472053 -8.36574e+08
-74034.4 472053 1.16575e+09 74034.4 -472053 -8.38317e+08
-74188.5 472053 1.16817e+09 74188.5 -472053 -8.40061e+08
-74342.6 472053 1.1706e+09 74342.6 -472053 -8.41804e+08
-74496.7 472053 1.17302e+09 74496.7 -472053 -8.43547e+08
-74650.8 472053 1.17544e+09 74650.8 -472053 -8.4529e+08
-74804.9 472053 1.17787e+09 74804.9 -472053 -8.47033e+08
-74959 472053 1.18029e+09 74959 -472053 -8.48776e+08
-75113.1 472053 1.18272e+09 75113.1 -472053 -8.50519e+08
-75267.1 472053 1.18514e+09 75267.1 -472053 -8.52262e+08
-75421.2 472053 1.18757e+09 75421.2 -472053 -8.54005e+08
-75575.3 472053 1.18999e+09 75575.3 -472053 -8.55748e+08
-75729.4 472053 1.19242e+09 75729.4 -472053 -8.57491e+08
-75883.5 472053 1.19484e+09 75883.5 -472053 -8.59234e+08
-76037.6 472053 1.19727e+09 76037.6 -472053 -8.60977e+08
-76191.7 472053 1.19969e+09 76191.7 -472053 -8.6272e+08
-76345.8 472053 1.20211e+09 76345.8 -472053 -8.64463e+08
-76499.9 472053 1.20454e+09 76499.9 -472053 -8.66206e+08
-76654 472053 1.20696e+09 76654 -472053 -8.6795e+08
-76808.1 472053 1.20939e+09 76808.1 -472053 -8.69693e+08
-76962.2 472053 1.21181e+09 76962.2 -472053 -8.71436e+08
-77116.3 472053 1.21424e+09 77116.3 -472053 -8.73179e+08
-77270.4 472053 1.21666e+09 77270.4 -472053 -8.74922e+08
-77424.5 472053 1.21909e+09 77424.5 -472053 -8.76665e+08
-77578.6 472053 1.22151e+09 77578.6 -472053 -8.78408e+08
-77732.7 472053 1.22394e+09 77732.7 -472053 -8.80151e+08
-77886.8 472053 1.22636e+09 77886.8 -472053 -8.81894e+08
-78040.9 472053 1.22878e+09 78040.9 -472053 -8.83637e+08
-78195 472053 1.23121e+09 78195 -472053 -8.8538e+08
-78349.1 472053 1.23363e+09 78349.1 -472053 -8.87123e+08
-78503.2 472053 1.23606e+09 78503.2 -472053 -8.88866e+08
-78657.3 472053 1.23848e+09 78657.3 -472053 -8.9061e+08
-78811.4 472053 1.24091e+09 78811.4 -472053 -8.92353e+08
-78965.5 472053 1.24333e+09 78965.5 -472053 -8.94096e+08
-79119.6 472053 1.24576e+09 79119.6 -472053 -8.95839e+08
-79273.7 472053 1.24818e+09 79273.7 -472053 -8.97582e+08
-79427.9 472053 1.25061e+09 79427.9 -472053 -8.99325e+08
-79582 472053 1.25303e+09 79582 -472053 -9.01068e+08
-79736.1 472053 1.25546e+09 79736.1 -472053 -9.02811e+08
-79890.2 472053 1.25788e+09 79890.2 -472053 -9.04554e+08
-80044.3 472053 1.26031e+09 80044.3 -472053 -9.06297e+08
-80198.4 472053 1.26273e+09 80198.4 -472053 -9.0804e+08
-80352.5 472053 1.26515e+09 80352.5 -472053 -9.09783e+08
-80506.6 472053 1.26758e+09 80506.6 -472053 -9.11527e+08
-80660.8 472053 1.27e+09 80660.8 -472053 -9.1327e+08
-80814.9 472053 1.27243e+09 80814.9 -472053 -9.15013e+08
-80969 472053 1.27485e+09 80969 -472053 -9.16756e+08
-81123.1 472053 1.27728e+09 81123.1 -472053 -9.18499e+08
-81277.2 472053 1.2797e+09 81277.2 -472053 -9.20242e+08
-81431.3 472053 1.28213e+09 81431.3 -472053 -9.21985e+08
-81585.5 472053 1.28455e+09 81585.5 -472053 -9.23728e+08
-81739.6 472053 1.28698e+09 81739.6 -472053 -9.25471e+08
-81893.7 472053 1.2894e+09 81893.7 -472053 -9.27214e+08
-82047.8 472053 1.29183e+09 82047.8 -472053 -9.28957e+08
-82201.9 472053 1.29425e+09 82201.9 -472053 -9.30701e+08
-82356.1 472053 1.29668e+09 82356.1 -472053 -9.32444e+08
-82510.2 472053 1.2991e+09 82510.2 -472053 -9.34187e+08
-82664.3 472053 1.30152e+09 82664.3 -472053 -9.3593e+08
-82818.4 472053 1.30395e+09 82818.4 -472053 -9.37673e+08
-82972.6 472053 1.30637e+09 82972.6 -472053 -9.39416e+08
-83126.7 472053 1.3088e+09 83126.7 -472053 -9.41159e+08
-83280.8 472053 1.31122e+09 83280.8 -472053 -9.42902e+08
-83434.9 472053 1.31365e+09 83434.9 -472053 -9.44645e+08
-83589.1 472053 1.31607e+09 83589.1 -472053 -9.46389e+08
-83743.2 472053 1.3185e+09 83743.2 -472053 -9.48132e+08
-83897.3 472053 1.32092e+09 83897.3 -472053 -9.49875e+08
-84051.5 472053 1.32335e+09 84051.5 -472053 -9.51618e+08
-84205.6 472053 1.32577e+09 84205.6 -472053 -9.53361e+08
-84359.7 472053 1.3282e+09 84359.7 -472053 -9.55104e+08
-84513.9 472053 1.33062e+09 84513.9 -472053 -9.56847e+08
-84668 472053 1.33305e+09 84668 -472053 -9.5859e+08
-84822.1 472053 1.33547e+09 84822.1 -472053 -9.60333e+08
-84976.3 472053 1.3379e+09 84976.3 -472053 -9.62076e+08
-85130.4 472053 1.34032e+09 85130.4 -472053 -9.6382e+08
-85284.5 472053 1.34275e+09 85284.5 -472053 -9.65563e+08
-85438.7 472053 1.34517e+09 85438.7 -472053 -9.67306e+08
-85592.8 472053 1.3476e+09 85592.8 -472053 -9.69049e+08
-85746.9 472053 1.35002e+09 85746.9 -472053 -9.70792e+08
-85901.1 472053 1.35244e+09 85901.1 -472053 -9.72535e+08
-86055.2 472053 1.35487e+09 86055.2 -472053 -9.74278e+08
-86209.4 472053 1.35729e+09 86209.4 -472053 -9.76021e+08
-86363.5 472053 1.35972e+09 86363.5 -472053 -9.77765e+08
-86517.7 472053 1.36214e+09 86517.7 -472053 -9.79508e+08
-86671.8 472053 1.36457e+09 86671.8 -472053 -9.81251e+08
-86825.9 472053 1.36699e+09 86825.9 -472053 -9.82994e+08
-86980.1 472053 1.36942e+09 86980.1 -472053 -9.84737e+08
-87134.2 472053 1.37184e+09 87134.2 -472053 -9.8648e+08
-87288.4 472053 1.37427e+09 87288.4 -472053 -9.88223e+08
-87442.5 472053 1.37669e+09 87442.5 -472053 -9.89966e+08
-87596.7 472053 1.37912e+09 87596.7 -472053 -9.9171e+08
-87750.8 472053 1.38154e+09 87750.8 -472053 -9.93453e+08
-87904.9 472053 1.38397e+09 87904.9 -472053 -9.95196e+08
-88059.1 472053 1.38639e+09 88059.1 -472053 -9.96939e+08
-88213.2 472053 1.38882e+09 88213.2 -472053 -9.98682e+08
-88367.4 472053 1.39124e+09 88367.4 -472053 -1.00043e+09
-88521.5 472053 1.39367e+09 88521.5 -472053 -1.00217e+09
-88675.7 472053 1.39609e+09 88675.7 -472053 -1.00391e+09
-88829.9 472053 1.39852e+09 88829.9 -472053 -1.00565e+09
-88984 472053 1.40094e+09 88984 -472053 -1.0074e+09
-89138.2 472053 1.40337e+09 89138.2 -472053 -1.00914e+09
-89292.3 472053 1.40579e+09 89292.3 -472053 -1.01088e+09
-89446.5 472053 1.40822e+09 89446.5 -472053 -1.01263e+09
-89600.6 472053 1.41064e+09 89600.6 -472053 -1.01437e+09
-89754.8 472053 1.41307e+09 89754.8 -472053 -1.01611e+09
-89908.9 472053 1.41549e+09 89908.9 -472053 -1.01786e+09
-90063.1 472053 1.41792e+09 90063.1 -472053 -1.0196e+09
-90217.3 472053 1.42034e+09 90217.3 -472053 -1.02134e+09
-90371.4 472053 1.42277e+09 90371.4 -472053 -1.02309e+09
-90525.6 472053 1.42519e+09 90525.6 -472053 -1.02483e+09
-90679.7 472053 1.42762e+09 90679.7 -472053 -1.02657e+09
-90833.9 472053 1.43004e+09 90833.9 -472053 -1.02832e+09
-90988.1 472053 1.43246e+09 90988.1 -472053 -1.03006e+09
-91142.2 472053 1.43489e+09 91142.2 -472053 -1.0318e+09
-91296.4 472053 1.43731e+09 91296.4 -472053 -1.03354e+09
-91450.5 472053 1.43974e+09 91450.5 -472053 -1.03529e+09
-91604.7 472053 1.44216e+09 91604.7 -472053 -1.03703e+09
-91758.9 472053 1.44459e+09 91758.9 -472053 -1.03877e+09
-91913 472053 1.44701e+09 91913 -472053 -1.04052e+09
-92067.2 472053 1.44944e+09 92067.2 -472053 -1.04226e+09
-92221.4 472053 1.45186e+09 92221.4 -472053 -1.044e+09
-92375.5 472053 1.45429e+09 92375.5 -472053 -1.04575e+09
-92529.7 472053 1.45671e+09 92529.7 -472053 -1.04749e+09
-92683.9 472053 1.45914e+09 92683.9 -472053 -1.04923e+09
-92838 472053 1.46156e+09 92838 -472053 -1.05098e+09
-92992.2 472053 1.46399e+09 92992.2 -472053 -1.05272e+09
-93146.4 472053 1.46641e+09 93146.4 -472053 -1.05446e+09
-93300.6 472053 1.46884e+09 93300.6 -472053 -1.05621e+09
-93454.7 472053 1.47126e+09 93454.7 -472053 -1.05795e+09
-93608.9 472053 1.47369e+09 93608.9 -472053 -1.05969e+09
-93763.1 472053 1.47611e+09 93763.1 -472053 -1.06144e+09
-93917.3 472053 1.47854e+09 93917.3 -472053 -1.06318e+09
-94071.4 472053 1.48096e+09 94071.4 -472053 -1.06492e+09
-94225.6 472053 1.48339e+09 94225.6 -472053 -1.06666e+09
-94379.8 472053 1.48581e+09 94379.8 -472053 -1.06841e+09
-94534 472053 1.48824e+09 94534 -472053 -1.07015e+09
-94688.1 472053 1.49066e+09 94688.1 -472053 -1.07189e+09
-94842.3 472053 1.49309e+09 94842.3 -472053 -1.07364e+09
-94996.5 472053 1.49551e+09 94996.5 -472053 -1.07538e+09
-95150.7 472053 1.49794e+09 95150.7 -472053 -1.07712e+09
-95304.9 472053 1.50036e+09 95304.9 -472053 -1.07887e+09
-95459 472053 1.50279e+09 95459 -472053 -1.08061e+09
-95613.2 472053 1.50521e+09 95613.2 -472053 -1.08235e+09
-95767.4 472053 1.50764e+09 95767.4 -472053 -1.0841e+09
-95921.6 472053 1.51006e+09 95921.6 -472053 -1.08584e+09
-96075.8 472053 1.51249e+09 96075.8 -472053 -1.08758e+09
-96230 472053 1.51491e+09 96230 -472053 -1.08933e+09
-96384.2 472053 1.51734e+09 96384.2 -472053 -1.09107e+09
-96538.3 472053 1.51976e+09 96538.3 -472053 -1.09281e+09
-96692.5 472053 1.52219e+09 96692.5 -472053 -1.09456e+09
-96846.7 472053 1.52461e+09 96846.7 -472053 -1.0963e+09
-97000.9 472053 1.52704e+09 97000.9 -472053 -1.09804e+09
-97155.1 472053 1.52946e+09 97155.1 -472053 -1.09978e+09
-97309.3 472053 1.53189e+09 97309.3 -472053 -1.10153e+09
-97463.5 472053 1.53432e+09 97463.5 -472053 -1.10327e+09
-97617.7 472053 1.53674e+09 97617.7 -472053 -1.10501e+09
-97771.9 472053 1.53917e+09 97771.9 -472053 -1.10676e+09
-97926.1 472053 1.54159e+09 97926.1 -472053 -1.1085e+09
-98080.3 472053 1.54402e+09 98080.3 -472053 -1.11024e+09
-98234.4 472053 1.54644e+09 98234.4 -472053 -1.11199e+09
-98388.6 472053 1.54887e+09 98388.6 -472053 -1.11373e+09
-98542.8 472053 1.55129e+09 98542.8 -472053 -1.11547e+09
-98697 472053 1.55372e+09 98697 -472053 -1.11722e+09
-98851.2 472053 1.55614e+09 98851.2 -472053 -1.11896e+09
-99005.4 472053 1.55857e+09 99005.4 -472053 -1.1207e+09
-99159.6 472053 1.56099e+09 99159.6 -472053 -1.12245e+09
-99313.8 472053 1.56342e+09 99313.8 -472053 -1.12419e+09
-99468 472053 1.56584e+09 99468 -472053 -1.12593e+09
-99622.2 472053 1.56827e+09 99622.2 -472053 -1.12768e+09
-99776.4 472053 1.57069e+09 99776.4 -472053 -1.12942e+09
-99930.6 472053 1.57312e+09 99930.6 -472053 -1.13116e+09
-100085 472053 1.57554e+09 100085 -472053 -1.13291e+09
-100239 472053 1.57797e+09 100239 -472053 -1.13465e+09
-100393 472053 1.58039e+09 100393 -472053 -1.13639e+09
-100547 472053 1.58282e+09 100547 -472053 -1.13814e+09
-100702 472053 1.58524e+09 100702 -472053 -1.13988e+09
-100856 472053 1.58767e+09 100856 -472053 -1.14162e+09
-101010 472053 1.59009e+09 101010 -472053 -1.14336e+09
-101164 472053 1.59252e+09 101164 -472053 -1.14511e+09
-101318 472053 1.59494e+09 101318 -472053 -1.14685e+09
-101473 472053 1.59737e+09 101473 -472053 -1.14859e+09
-101627 472053 1.59979e+09 101627 -472053 -1.15034e+09
-101781 472053 1.60222e+09 101781 -472053 -1.15208e+09
-101935 472053 1.60464e+09 101935 -472053 -1.15382e+09
-102090 472053 1.60707e+09 102090 -472053 -1.15557e+09
-102244 472053 1.60949e+09 102244 -472053 -1.15731e+09
-102398 472053 1.61192e+09 102398 -472053 -1.15905e+09
-102552 472053 1.61434e+09 102552 -472053 -1.1608e+09
-102706 472053 1.61677e+09 102706 -472053 -1.16254e+09
-102861 472053 1.6192e+09 102861 -472053 -1.16428e+09
-103015 472053 1.62162e+09 103015 -472053 -1.16603e+09
-103169 472053 1.62405e+09 103169 -472053 -1.16777e+09
-103323 472053 1.62647e+09 103323 -472053 -1.16951e+09
-103477 472053 1.6289e+09 103477 -472053 -1.17126e+09
-103632 472053 1.63132e+09 103632 -472053 -1.173e+09
-103786 472053 1.63375e+09 103786 -472053 -1.17474e+09
-103940 472053 1.63617e+09 103940 -472053 -1.17649e+09
-104094 472053 1.6386e+09 104094 -472053 -1.17823e+09
-104249 472053 1.64102e+09 104249 -472053 -1.17997e+09
-104403 472053 1.64345e+09 104403 -472053 -1.18172e+09
-104557 472053 1.64587e+09 104557 -472053 -1.18346e+09
-104711 472053 1.6483e+09 104711 -472053 -1.1852e+09
-104865 472053 1.65072e+09 104865 -472053 -1.18694e+09
-105020 472053 1.65315e+09 105020 -472053 -1.18869e+09
-105174 472053 1.65557e+09 105174 -472053 -1.19043e+09
-105328 472053 1.658e+09 105328 -472053 -1.19217e+09
-105482 472053 1.66042e+09 105482 -472053 -1.19392e+09
-105637 472053 1.66285e+09 105637 -472053 -1.19566e+09
-105791 472053 1.66528e+09 105791 -472053 -1.1974e+09
-105945 472053 1.6677e+09 105945 -472053 -1.19915e+09
-106099 472053 1.67013e+09 106099 -472053 -1.20089e+09
-106254 472053 1.67255e+09 106254 -472053 -1.20263e+09
-106408 472053 1.67498e+09 106408 -472053 -1.20438e+09
-106562 472053 1.6774e+09 106562 -472053 -1.20612e+09
-106716 472053 1.67983e+09 106716 -472053 -1.20786e+09
-106870 472053 1.68225e+09 106870 -472053 -1.20961e+09
-107025 472053 1.68468e+09 107025 -472053 -1.21135e+09
-107179 472053 1.6871e+09 107179 -472053 -1.21309e+09
-107333 472053 1.68953e+09 107333 -472053 -1.21484e+09
-107487 472053 1.69195e+09 107487 -472053 -1.21658e+09
-107642 472053 1.69438e+09 107642 -472053 -1.21832e+09
-107796 472053 1.6968e+09 107796 -472053 -1.22007e+09
-107950 472053 1.69923e+09 107950 -472053 -1.22181e+09
-108104 472053 1.70165e+09 108104 -472053 -1.22355e+09
-108259 472053 1.70408e+09 108259 -472053 -1.2253e+09
-108413 472053 1.70651e+09 108413 -472053 -1.22704e+09
-108567 472053 1.70893e+09 108567 -472053 -1.22878e+09
-108721 472053 1.71136e+09 108721 -472053 -1.23053e+09
-108876 472053 1.71378e+09 108876 -472053 -1.23227e+09
-109030 472053 1.71621e+09 109030 -472053 -1.23401e+09
-109184 472053 1.71863e+09 109184 -472053 -1.23576e+09
-109338 472053 1.72106e+09 109338 -472053 -1.2375e+09
-109493 472053 1.72348e+09 109493 -472053 -1.23924e+09
-109647 472053 1.72591e+09 109647 -472053 -1.24098e+09
-109801 472053 1.72833e+09 109801 -472053 -1.24273e+09
-109955 472053 1.73076e+09 109955 -472053 -1.24447e+09
-110110 472053 1.73318e+09 110110 -472053 -1.24621e+09
-110264 472053 1.73561e+09 110264 -472053 -1.24796e+09
-110418 472053 1.73804e+09 110418 -472053 -1.2497e+09
-110572 472053 1.74046e+09 110572 -472053 -1.25144e+09
-110727 472053 1.74289e+09 110727 -472053 -1.25319e+09
-110881 472053 1.74531e+09 110881 -472053 -1.25493e+09
-111035 472053 1.74774e+09 111035 -472053 -1.25667e+09
-111189 472053 1.75016e+09 111189 -472053 -1.25842e+09
-111344 472053 1.75259e+09 111344 -472053 -1.26016e+09
-111498 472053 1.75501e+09 111498 -472053 -1.2619e+09
-111652 472053 1.75744e+09 111652 -472053 -1.26365e+09
-111806 472053 1.75986e+09 111806 -472053 -1.26539e+09
-111961 472053 1.76229e+09 111961 -472053 -1.26713e+09
-112115 472053 1.76472e+09 112115 -472053 -1.26888e+09
-112269 472053 1.76714e+09 112269 -472053 -1.27062e+09
-112423 472053 1.76957e+09 112423 -472053 -1.27236e+09
-112578 472053 1.77199e+09 112578 -472053 -1.27411e+09
-112732 472053 1.77442e+09 112732 -472053 -1.27585e+09
-112886 472053 1.77684e+09 112886 -472053 -1.27759e+09
-113040 472053 1.77927e+09 113040 -472053 -1.27934e+09
-113195 472053 1.78169e+09 113195 -472053 -1.28108e+09
-113349 472053 1.78412e+09 113349 -472053 -1.28282e+09
-113503 472053 1.78654e+09 113503 -472053 -1.28457e+09
-113657 472053 1.78897e+09 113657 -472053 -1.28631e+09
-113812 472053 1.7914e+09 113812 -472053 -1.28805e+09
-113966 472053 1.79382e+09 113966 -472053 -1.2898e+09
-114120 472053 1.79625e+09 114120 -472053 -1.29154e+09
-114274 472053 1.79867e+09 114274 -472053 -1.29328e+09
-114429 472053 1.8011e+09 114429 -472053 -1.29503e+09
-114583 472053 1.80352e+09 114583 -472053 -1.29677e+09
-114737 472053 1.80595e+09 114737 -472053 -1.29851e+09
-114892 472053 1.80837e+09 114892 -472053 -1.30026e+09
-115046 472053 1.8108e+09 115046 -472053 -1.302e+09
-115200 472053 1.81322e+09 115200 -472053 -1.30374e+09
-115354 472053 1.81565e+09 115354 -472053 -1.30549e+09
-115509 472053 1.81808e+09 115509 -472053 -1.30723e+09
-115663 472053 1.8205e+09 115663 -472053 -1.30897e+09
-115817 472053 1.82293e+09 115817 -472053 -1.31072e+09
-115971 472053 1.82535e+09 115971 -472053 -1.31246e+09
-116126 472053 1.82778e+09 116126 -472053 -1.3142e+09
-116280 472053 1.8302e+09 116280 -472053 -1.31595e+09
-116434 472053 1.83263e+09 116434 -472053 -1.31769e+09
-116589 472053 1.83505e+09 116589 -472053 -1.31943e+09
-116743 472053 1.83748e+09 116743 -472053 -1.32117e+09
-116897 472053 1.83991e+09 116897 -472053 -1.32292e+09
-117051 472053 1.84233e+09 117051 -472053 -1.32466e+09
-117206 472053 1.84476e+09 117206 -472053 -1.3264e+09
-117360 472053 1.84718e+09 117360 -472053 -1.32815e+09
-117514 472053 1.84961e+09 117514 -472053 -1.32989e+09
-117669 472053 1.85203e+09 117669 -472053 -1.33163e+09
-117823 472053 1.85446e+09 117823 -472053 -1.33338e+09
-117977 472053 1.85688e+09 117977 -472053 -1.33512e+09
-118131 472053 1.85931e+09 118131 -472053 -1.33686e+09
-118286 472053 1.86174e+09 118286 -472053 -1.33861e+09
-118440 472053 1.86416e+09 118440 -472053 -1.34035e+09
-118594 472053 1.86659e+09 118594 -472053 -1.34209e+09
-118749 472053 1.86901e+09 118749 -472053 -1.34384e+09
-118903 472053 1.87144e+09 118903 -472053 -1.34558e+09
-119057 472053 1.87386e+09 119057 -472053 -1.34732e+09
-119211 472053 1.87629e+09 119211 -472053 -1.34907e+09
-119366 472053 1.87872e+09 119366 -472053 -1.35081e+09
-119520 472053 1.88114e+09 119520 -472053 -1.35255e+09
-119674 472053 1.88357e+09 119674 -472053 -1.3543e+09
-119829 472053 1.88599e+09 119829 -472053 -1.35604e+09
-119983 472053 1.88842e+09 119983 -472053 -1.35778e+09
-120137 472053 1.89084e+09 120137 -472053 -1.35953e+09
-120291 472053 1.89327e+09 120291 -472053 -1.36127e+09
-120446 472053 1.89569e+09 120446 -472053 -1.36301e+09
-120600 472053 1.89812e+09 120600 -472053 -1.36476e+09
-120754 472053 1.90055e+09 120754 -472053 -1.3665e+09
-120909 472053 1.90297e+09 120909 -472053 -1.36824e+09
-121063 472053 1.9054e+09 121063 -472053 -1.36999e+09
-121217 472053 1.90782e+09 121217 -472053 -1.37173e+09
-121372 472053 1.91025e+09 121372 -472053 -1.37347e+09
-121526 472053 1.91267e+09 121526 -472053 -1.37522e+09
-121680 472053 1.9151e+09 121680 -472053 -1.37696e+09
-121834 472053 1.91753e+09 121834 -472053 -1.3787e+09
-121989 472053 1.91995e+09 121989 -472053 -1.38045e+09
-122143 472053 1.92238e+09 122143 -472053 -1.38219e+09
-122297 472053 1.9248e+09 122297 -472053 -1.38393e+09
-122452 472053 1.92723e+09 122452 -472053 -1.38568e+09
-122606 472053 1.92965e+09 122606 -472053 -1.38742e+09
-122760 472053 1.93208e+09 122760 -472053 -1.38916e+09
-122915 472053 1.93451e+09 122915 -472053 -1.39091e+09
-123069 472053 1.93693e+09 123069 -472053 -1.39265e+09
-123223 472053 1.93936e+09 123223 -472053 -1.39439e+09
-123377 472053 1.94178e+09 123377 -472053 -1.39614e+09
-123532 472053 1.94421e+09 123532 -472053 -1.39788e+09
-123686 472053 1.94663e+09 123686 -472053 -1.39962e+09
-123840 472053 1.94906e+09 123840 -472053 -1.40137e+09
-123995 472053 1.95149e+09 123995 -472053 -1.40311e+09
-124149 472053 1.95391e+09 124149 -472053 -1.40485e+09
-124303 472053 1.95634e+09 124303 -472053 -1.4066e+09
-124458 472053 1.95876e+09 124458 -472053 -1.40834e+09
-124612 472053 1.96119e+09 124612 -472053 -1.41008e+09
-124766 472053 1.96361e+09 124766 -472053 -1.41183e+09
-124921 472053 1.96604e+09 124921 -472053 -1.41357e+09
-125075 472053 1.96847e+09 125075 -472053 -1.41531e+09
-125229 472053 1.97089e+09 125229 -472053 -1.41706e+09
-125384 472053 1.97332e+09 125384 -472053 -1.4188e+09
-125538 472053 1.97574e+09 125538 -472053 -1.42054e+09
-125692 472053 1.97817e+09 125692 -472053 -1.42229e+09
-125847 472053 1.98059e+09 125847 -472053 -1.42403e+09
-126001 472053 1.98302e+09 126001 -472053 -1.42577e+09
-126155 472053 1.98545e+09 126155 -472053 -1.42752e+09
-126309 472053 1.98787e+09 126309 -472053 -1.42926e+09
-126464 472053 1.9903e+09 126464 -472053 -1.431e+09
-126618 472053 1.99272e+09 126618 -472053 -1.43275e+09
-126772 472053 1.99515e+09 126772 -472053 -1.43449e+09
-126927 472053 1.99758e+09 126927 -472053 -1.43623e+09
-127081 472053 2e+09 127081 -472053 -1.43798e+09
-127235 472053 2.00243e+09 127235 -472053 -1.43972e+09
-127390 472053 2.00485e+09 127390 -472053 -1.44146e+09
-127544 472053 2.00728e+09 127544 -472053 -1.44321e+09
-127698 472053 2.0097e+09 127698 -472053 -1.44495e+09
-127853 472053 2.01213e+09 127853 -472053 -1.44669e+09
-128007 472053 2.01456e+09 128007 -472053 -1.44844e+09
-128161 472053 2.01698e+09 128161 -472053 -1.45018e+09
-128316 472053 2.01941e+09 128316 -472053 -1.45192e+09
-128470 472053 2.02183e+09 128470 -472053 -1.45367e+09
-128624 472053 2.02426e+09 128624 -472053 -1.45541e+09
-128779 472053 2.02669e+09 128779 -472053 -1.45715e+09
-128933 472053 2.02911e+09 128933 -472053 -1.4589e+09
-129087 472053 2.03154e+09 129087 -472053 -1.46064e+09
-129242 472053 2.03396e+09 129242 -472053 -1.46238e+09
-129396 472053 2.03639e+09 129396 -472053 -1.46413e+09
-129550 472053 2.03881e+09 129550 -472053 -1.46587e+09
-129705 472053 2.04124e+09 129705 -472053 -1.46761e+09
-129859 472053 2.04367e+09 129859 -472053 -1.46936e+09
-130013 472053 2.04609e+09 130013 -472053 -1.4711e+09
-130168 472053 2.04852e+09 130168 -472053 -1.47284e+09
-130322 472053 2.05094e+09 130322 -472053 -1.47459e+09
-130476 472053 2.05337e+09 130476 -472053 -1.47633e+09
-130631 472053 2.0558e+09 130631 -472053 -1.47807e+09
-130785 472053 2.05822e+09 130785 -472053 -1.47982e+09
-130939 472053 2.06065e+09 130939 -472053 -1.48156e+09
-131094 472053 2.06307e+09 131094 -472053 -1.4833e+09
-131248 472053 2.0655e+09 131248 -472053 -1.48505e+09
-131402 472053 2.06793e+09 131402 -472053 -1.48679e+09
-131557 472053 2.07035e+09 131557 -472053 -1.48853e+09
-131711 472053 2.07278e+09 131711 -472053 -1.49028e+09
-132172 472053 2.07602e+09 132172 -472053 -1.49153e+09
-133183 472053 2.08072e+09 133183 -472053 -1.49189e+09
-134194 472053 2.08542e+09 134194 -472053 -1.49225e+09
-135206 472053 2.09013e+09 135206 -472053 -1.49261e+09
-136217 472053 2.09483e+09 136217 -472053 -1.49297e+09
-137228 472053 2.09953e+09 137228 -472053 -1.49333e+09
-138240 472053 2.10424e+09 138240 -472053 -1.49369e+09
-139251 472053 2.10894e+09 139251 -472053 -1.49405e+09
-139895 472053 2.11198e+09 139895 -472053 -1.4943e+09
-139938 472053 2.1123e+09 139938 -472053 -1.49438e+09
-139982 472053 2.11263e+09 139982 -472053 -1.49445e+09
-140026 472053 2.11295e+09 140026 -472053 -1.49453e+09
-140070 472053 2.11328e+09 140070 -472053 -1.49461e+09
-140114 472053 2.11361e+09 140114 -472053 -1.49468e+09
-140157 472053 2.11393e+09 140157 -472053 -1.49476e+09
-140201 472053 2.11426e+09 140201 -472053 -1.49484e+09
-140245 472053 2.11458e+09 140245 -472053 -1.49491e+09
-140289 472053 2.11491e+09 140289 -472053 -1.49499e+09
-140332 472053 2.11523e+09 140332 -472053 -1.49507e+09
-140376 472053 2.11556e+09 140376 -472053 -1.49514e+09
-140420 472053 2.11588e+09 140420 -472053 -1.49522e+09
-140464 472053 2.11621e+09 140464 -472053 -1.49529e+09
-140508 472053 2.11654e+09 140508 -472053 -1.49537e+09
-140551 472053 2.11686e+09 140551 -472053 -1.49545e+09
-140595 472053 2.11719e+09 140595 -472053 -1.49552e+09
-140639 472053 2.11751e+09 140639 -472053 -1.4956e+09
-140683 472053 2.11784e+09 140683 -472053 -1.49568e+09
-140726 472053 2.11816e+09 140726 -472053 -1.49575e+09
-140770 472053 2.11849e+09 140770 -472053 -1.49583e+09
-140814 472053 2.11882e+09 140814 -472053 -1.49591e+09
-140858 472053 2.11914e+09 140858 -472053 -1.49598e+09
-140902 472053 2.11947e+09 140902 -472053 -1.49606e+09
-140945 472053 2.11979e+09 140945 -472053 -1.49613e+09
-140989 472053 2.12012e+09 140989 -472053 -1.49621e+09
-141033 472053 2.12044e+09 141033 -472053 -1.49629e+09
-141077 472053 2.12077e+09 141077 -472053 -1.49636e+09
-141121 472053 2.12109e+09 141121 -472053 -1.49644e+09
-141164 472053 2.12142e+09 141164 -472053 -1.49652e+09
-141208 472053 2.12175e+09 141208 -472053 -1.49659e+09
-141252 472053 2.12207e+09 141252 -472053 -1.49667e+09
-141296 472053 2.1224e+09 141296 -472053 -1.49675e+09
-141339 472053 2.12272e+09 141339 -472053 -1.49682e+09
-141383 472053 2.12305e+09 141383 -472053 -1.4969e+09
-141427 472053 2.12337e+09 141427 -472053 -1.49697e+09
-141471 472053 2.1237e+09 141471 -472053 -1.49705e+09
-141515 472053 2.12403e+09 141515 -472053 -1.49713e+09
-141558 472053 2.12435e+09 141558 -472053 -1.4972e+09
-141602 472053 2.12468e+09 141602 -472053 -1.49728e+09
-141646 472053 2.125e+09 141646 -472053 -1.49736e+09
-141690 472053 2.12533e+09 141690 -472053 -1.49743e+09
-141734 472053 2.12565e+09 141734 -472053 -1.49751e+09
-141777 472053 2.12598e+09 141777 -472053 -1.49759e+09
-141821 472053 2.12631e+09 141821 -472053 -1.49766e+09
-141865 472053 2.12663e+09 141865 -472053 -1.49774e+09
-141909 472053 2.12696e+09 141909 -472053 -1.49781e+09
-141952 472053 2.12728e+09 141952 -472053 -1.49789e+09
-141996 472053 2.12761e+09 141996 -472053 -1.49797e+09
-142040 472053 2.12793e+09 142040 -472053 -1.49804e+09
-142084 472053 2.12826e+09 142084 -472053 -1.49812e+09
-142128 472053 2.12858e+09 142128 -472053 -1.4982e+09
-142171 472053 2.12891e+09 142171 -472053 -1.49827e+09
-142215 472053 2.12924e+09 142215 -472053 -1.49835e+09
-142259 472053 2.12956e+09 142259 -472053 -1.49843e+09
-142303 472053 2.12989e+09 142303 -472053 -1.4985e+09
-142347 472053 2.13021e+09 142347 -472053 -1.49858e+09
-142390 472053 2.13054e+09 142390 -472053 -1.49865e+09
-142434 472053 2.13086e+09 142434 -472053 -1.49873e+09
-142478 472053 2.13119e+09 142478 -472053 -1.49881e+09
-142522 472053 2.13152e+09 142522 -472053 -1.49888e+09
-142565 472053 2.13184e+09 142565 -472053 -1.49896e+09
-142609 472053 2.13217e+09 142609 -472053 -1.49904e+09
-142653 472053 2.13249e+09 142653 -472053 -1.49911e+09
-142697 472053 2.13282e+09 142697 -472053 -1.49919e+09
-142741 472053 2.13314e+09 142741 -472053 -1.49926e+09
-142784 472053 2.13347e+09 142784 -472053 -1.49934e+09
-142828 472053 2.13379e+09 142828 -472053 -1.49942e+09
-142872 472053 2.13412e+09 142872 -472053 -1.49949e+09
-142916 472053 2.13445e+09 142916 -472053 -1.49957e+09
-142960 472053 2.13477e+09 142960 -472053 -1.49965e+09
-143003 472053 2.1351e+09 143003 -472053 -1.49972e+09
-143047 472053 2.13542e+09 143047 -472053 -1.4998e+09
-143091 472053 2.13575e+09 143091 -472053 -1.49988e+09
-143135 472053 2.13607e+09 143135 -472053 -1.49995e+09
-143178 472053 2.1364e+09 143178 -472053 -1.50003e+09
-143222 472053 2.13673e+09 143222 -472053 -1.5001e+09
-143266 472053 2.13705e+09 143266 -472053 -1.50018e+09
-143310 472053 2.13738e+09 143310 -472053 -1.50026e+09
-143354 472053 2.1377e+09 143354 -472053 -1.50033e+09
-143397 472053 2.13803e+09 143397 -472053 -1.50041e+09
-143441 472053 2.13835e+09 143441 -472053 -1.50049e+09
-143485 472053 2.13868e+09 143485 -472053 -1.50056e+09
-143529 472053 2.13901e+09 143529 -472053 -1.50064e+09
-143573 472053 2.13933e+09 143573 -472053 -1.50072e+09
-143616 472053 2.13966e+09 143616 -472053 -1.50079e+09
-143660 472053 2.13998e+09 143660 -472053 -1.50087e+09
-143704 472053 2.14031e+09 143704 -472053 -1.50094e+09
-143748 472053 2.14063e+09 143748 -472053 -1.50102e+09
-143792 472053 2.14096e+09 143792 -472053 -1.5011e+09
-143835 472053 2.14128e+09 143835 -472053 -1.50117e+09
-143879 472053 2.14161e+09 143879 -472053 -1.50125e+09
-143923 472053 2.14194e+09 143923 -472053 -1.50133e+09
-143967 472053 2.14226e+09 143967 -472053 -1.5014e+09
-144010 472053 2.14259e+09 144010 -472053 -1.50148e+09
-144054 472053 2.14291e+09 144054 -472053 -1.50156e+09
-144098 472053 2.14324e+09 144098 -472053 -1.50163e+09
-144142 472053 2.14356e+09 144142 -472053 -1.50171e+09
-144186 472053 2.14389e+09 144186 -472053 -1.50178e+09
-144229 472053 2.14422e+09 144229 -472053 -1.50186e+09
-144273 472053 2.14454e+09 144273 -472053 -1.50194e+09
-144317 472053 2.14487e+09 144317 -472053 -1.50201e+09
-144361 472053 2.14519e+09 144361 -472053 -1.50209e+09
-144405 472053 2.14552e+09 144405 -472053 -1.50217e+09
-144448 472053 2.14584e+09 144448 -472053 -1.50224e+09
-144492 472053 2.14617e+09 144492 -472053 -1.50232e+09
-144536 472053 2.14649e+09 144536 -472053 -1.50239e+09
-144580 472053 2.14682e+09 144580 -472053 -1.50247e+09
-144624 472053 2.14715e+09 144624 -472053 -1.50255e+09
-144667 472053 2.14747e+09 144667 -472053 -1.50262e+09
-144711 472053 2.1478e+09 144711 -472053 -1.5027e+09
-144755 472053 2.14812e+09 144755 -472053 -1.50278e+09
-144799 472053 2.14845e+09 144799 -472053 -1.50285e+09
-144842 472053 2.14877e+09 144842 -472053 -1.50293e+09
-144886 472053 2.1491e+09 144886 -472053 -1.50301e+09
-144930 472053 2.14943e+09 144930 -472053 -1.50308e+09
-144974 472053 2.14975e+09 144974 -472053 -1.50316e+09
-145018 472053 2.15008e+09 145018 -472053 -1.50323e+09
-145061 472053 2.1504e+09 145061 -472053 -1.50331e+09
-145105 472053 2.15073e+09 145105 -472053 -1.50339e+09
-145149 472053 2.15105e+09 145149 -472053 -1.50346e+09
-145193 472053 2.15138e+09 145193 -472053 -1.50354e+09
-145237 472053 2.15171e+09 145237 -472053 -1.50362e+09
-145280 472053 2.15203e+09 145280 -472053 -1.50369e+09
-145324 472053 2.15236e+09 145324 -472053 -1.50377e+09
-145368 472053 2.15268e+09 145368 -472053 -1.50385e+09
-145412 472053 2.15301e+09 145412 -472053 -1.50392e+09
-145456 472053 2.15333e+09 145456 -472053 -1.504e+09
-145499 472053 2.15366e+09 145499 -472053 -1.50407e+09
-145543 472053 2.15398e+09 145543 -472053 -1.50415e+09
-145587 472053 2.15431e+09 145587 -472053 -1.50423e+09
-145631 472053 2.15464e+09 145631 -472053 -1.5043e+09
-145674 472053 2.15496e+09 145674 -472053 -1.50438e+09
-145718 472053 2.15529e+09 145718 -472053 -1.50446e+09
-145762 472053 2.15561e+09 145762 -472053 -1.50453e+09
-145806 472053 2.15594e+09 145806 -472053 -1.50461e+09
-145850 472053 2.15626e+09 145850 -472053 -1.50468e+09
-145893 472053 2.15659e+09 145893 -472053 -1.50476e+09
-145937 472053 2.15692e+09 145937 -472053 -1.50484e+09
-145981 472053 2.15724e+09 145981 -472053 -1.50491e+09
-146025 472053 2.15757e+09 146025 -472053 -1.50499e+09
-146069 472053 2.15789e+09 146069 -472053 -1.50507e+09
-146112 472053 2.15822e+09 146112 -472053 -1.50514e+09
-146156 472053 2.15854e+09 146156 -472053 -1.50522e+09
-146200 472053 2.15887e+09 146200 -472053 -1.5053e+09
-146244 472053 2.15919e+09 146244 -472053 -1.50537e+09
-146288 472053 2.15952e+09 146288 -472053 -1.50545e+09
-146331 472053 2.15985e+09 146331 -472053 -1.50552e+09
-146375 472053 2.16017e+09 146375 -472053 -1.5056e+09
-146419 472053 2.1605e+09 146419 -472053 -1.50568e+09
-146463 472053 2.16082e+09 146463 -472053 -1.50575e+09
-146507 472053 2.16115e+09 146507 -472053 -1.50583e+09
-146550 472053 2.16147e+09 146550 -472053 -1.50591e+09
-146594 472053 2.1618e+09 146594 -472053 -1.50598e+09
-146638 472053 2.16213e+09 146638 -472053 -1.50606e+09
-146682 472053 2.16245e+09 146682 -472053 -1.50613e+09
-146725 472053 2.16278e+09 146725 -472053 -1.50621e+09
-146769 472053 2.1631e+09 146769 -472053 -1.50629e+09
-146813 472053 2.16343e+09 146813 -472053 -1.50636e+09
-146857 472053 2.16375e+09 146857 -472053 -1.50644e+09
-146901 472053 2.16408e+09 146901 -472053 -1.50652e+09
-146944 472053 2.1644e+09 146944 -472053 -1.50659e+09
-146988 472053 2.16473e+09 146988 -472053 -1.50667e+09
-147032 472053 2.16506e+09 147032 -472053 -1.50675e+09
-147076 472053 2.16538e+09 147076 -472053 -1.50682e+09
-147120 472053 2.16571e+09 147120 -472053 -1.5069e+09
-147163 472053 2.16603e+09 147163 -472053 -1.50697e+09
-147207 472053 2.16636e+09 147207 -472053 -1.50705e+09
-147251 472053 2.16668e+09 147251 -472053 -1.50713e+09
-147295 472053 2.16701e+09 147295 -472053 -1.5072e+09
-147339 472053 2.16734e+09 147339 -472053 -1.50728e+09
-147382 472053 2.16766e+09 147382 -472053 -1.50736e+09
-147426 472053 2.16799e+09 147426 -472053 -1.50743e+09
-147470 472053 2.16831e+09 147470 -472053 -1.50751e+09
-147514 472053 2.16864e+09 147514 -472053 -1.50758e+09
-147558 472053 2.16896e+09 147558 -472053 -1.50766e+09
-147601 472053 2.16929e+09 147601 -472053 -1.50774e+09
-147645 472053 2.16962e+09 147645 -472053 -1.50781e+09
-147689 472053 2.16994e+09 147689 -472053 -1.50789e+09
-147733 472053 2.17027e+09 147733 -472053 -1.50797e+09
-147777 472053 2.17059e+09 147777 -472053 -1.50804e+09
-147820 472053 2.17092e+09 147820 -472053 -1.50812e+09
-147864 472053 2.17124e+09 147864 -472053 -1.5082e+09
-147908 472053 2.17157e+09 147908 -472053 -1.50827e+09
-147952 472053 2.17189e+09 147952 -472053 -1.50835e+09
-147995 472053 2.17222e+09 147995 -472053 -1.50842e+09
-148039 472053 2.17255e+09 148039 -472053 -1.5085e+09
-148083 472053 2.17287e+09 148083 -472053 -1.50858e+09
-148127 472053 2.1732e+09 148127 -472053 -1.50865e+09
-148171 472053 2.17352e+09 148171 -472053 -1.50873e+09
-148214 472053 2.17385e+09 148214 -472053 -1.50881e+09
-148258 472053 2.17417e+09 148258 -472053 -1.50888e+09
-148302 472053 2.1745e+09 148302 -472053 -1.50896e+09
-148346 472053 2.17483e+09 148346 -472053 -1.50903e+09
-148390 472053 2.17515e+09 148390 -472053 -1.50911e+09
-148433 472053 2.17548e+09 148433 -472053 -1.50919e+09
-148477 472053 2.1758e+09 148477 -472053 -1.50926e+09
-148521 472053 2.17613e+09 148521 -472053 -1.50934e+09
-148565 472053 2.17645e+09 148565 -472053 -1.50942e+09
-148609 472053 2.17678e+09 148609 -472053 -1.50949e+09
-148652 472053 2.1771e+09 148652 -472053 -1.50957e+09
-148696 472053 2.17743e+09 148696 -472053 -1.50964e+09
-148740 472053 2.17776e+09 148740 -472053 -1.50972e+09
-148784 472053 2.17808e+09 148784 -472053 -1.5098e+09
-148828 472053 2.17841e+09 148828 -472053 -1.50987e+09
-148871 472053 2.17873e+09 148871 -472053 -1.50995e+09
-148915 472053 2.17906e+09 148915 -472053 -1.51003e+09
-148959 472053 2.17938e+09 148959 -472053 -1.5101e+09
-149003 472053 2.17971e+09 149003 -472053 -1.51018e+09
-149047 472053 2.18004e+09 149047 -472053 -1.51026e+09
-149090 472053 2.18036e+09 149090 -472053 -1.51033e+09
-149134 472053 2.18069e+09 149134 -472053 -1.51041e+09
-149178 472053 2.18101e+09 149178 -472053 -1.51048e+09
-149222 472053 2.18134e+09 149222 -472053 -1.51056e+09
-149266 472053 2.18166e+09 149266 -472053 -1.51064e+09
-149309 472053 2.18199e+09 149309 -472053 -1.51071e+09
-149353 472053 2.18231e+09 149353 -472053 -1.51079e+09
-149397 472053 2.18264e+09 149397 -472053 -1.51087e+09
-149441 472053 2.18297e+09 149441 -472053 -1.51094e+09
-149485 472053 2.18329e+09 149485 -472053 -1.51102e+09
-149528 472053 2.18362e+09 149528 -472053 -1.51109e+09
-149572 472053 2.18394e+09 149572 -472053 -1.51117e+09
-149616 472053 2.18427e+09 149616 -472053 -1.51125e+09
-149660 472053 2.18459e+09 149660 -472053 -1.51132e+09
-149704 472053 2.18492e+09 149704 -472053 -1.5114e+09
-149747 472053 2.18525e+09 149747 -472053 -1.51148e+09
-149791 472053 2.18557e+09 149791 -472053 -1.51155e+09
-149835 472053 2.1859e+09 149835 -472053 -1.51163e+09
-149879 472053 2.18622e+09 149879 -472053 -1.51171e+09
-149922 472053 2.18655e+09 149922 -472053 -1.51178e+09
-149966 472053 2.18687e+09 149966 -472053 -1.51186e+09
-150010 472053 2.1872e+09 150010 -472053 -1.51193e+09
-150054 472053 2.18753e+09 150054 -472053 -1.51201e+09
-150098 472053 2.18785e+09 150098 -472053 -1.51209e+09
-150141 472053 2.18818e+09 150141 -472053 -1.51216e+09
-150185 472053 2.1885e+09 150185 -472053 -1.51224e+09
-150229 472053 2.18883e+09 150229 -472053 -1.51232e+09
-150273 472053 2.18915e+09 150273 -472053 -1.51239e+09
-150317 472053 2.18948e+09 150317 -472053 -1.51247e+09
-150360 472053 2.1898e+09 150360 -472053 -1.51254e+09
-150404 472053 2.19013e+09 150404 -472053 -1.51262e+09
-150448 472053 2.19046e+09 150448 -472053 -1.5127e+09
-150492 472053 2.19078e+09 150492 -472053 -1.51277e+09
-150536 472053 2.19111e+09 150536 -472053 -1.51285e+09
-150579 472053 2.19143e+09 150579 -472053 -1.51293e+09
-150623 472053 2.19176e+09 150623 -472053 -1.513e+09
-150667 472053 2.19208e+09 150667 -472053 -1.51308e+09
-150711 472053 2.19241e+09 150711 -472053 -1.51315e+09
-150755 472053 2.19274e+09 150755 -472053 -1.51323e+09
-150798 472053 2.19306e+09 150798 -472053 -1.51331e+09
-150842 472053 2.19339e+09 150842 -472053 -1.51338e+09
-150886 472053 2.19371e+09 150886 -472053 -1.51346e+09
-150930 472053 2.19404e+09 150930 -472053 -1.51354e+09
-150974 472053 2.19436e+09 150974 -472053 -1.51361e+09
-151017 472053 2.19469e+09 151017 -472053 -1.51369e+09
-151061 472053 2.19501e+09 151061 -472053 -1.51377e+09
-151105 472053 2.19534e+09 151105 -472053 -1.51384e+09
-151149 472053 2.19567e+09 151149 -472053 -1.51392e+09
-151193 472053 2.19599e+09 151193 -472053 -1.51399e+09
-151236 472053 2.19632e+09 151236 -472053 -1.51407e+09
-151280 472053 2.19664e+09 151280 -472053 -1.51415e+09
-151324 472053 2.19697e+09 151324 -472053 -1.51422e+09
-151368 472053 2.19729e+09 151368 -472053 -1.5143e+09
-151412 472053 2.19762e+09 151412 -472053 -1.51438e+09
-151455 472053 2.19795e+09 151455 -472053 -1.51445e+09
-151499 472053 2.19827e+09 151499 -472053 -1.51453e+09
-151543 472053 2.1986e+09 151543 -472053 -1.5146e+09
-151587 472053 2.19892e+09 151587 -472053 -1.51468e+09
-151631 472053 2.19925e+09 151631 -472053 -1.51476e+09
-151674 472053 2.19957e+09 151674 -472053 -1.51483e+09
-151718 472053 2.1999e+09 151718 -472053 -1.51491e+09
-151762 472053 2.20022e+09 151762 -472053 -1.51499e+09
-151806 472053 2.20055e+09 151806 -472053 -1.51506e+09
-151850 472053 2.20088e+09 151850 -472053 -1.51514e+09
-151893 472053 2.2012e+09 151893 -472053 -1.51521e+09
-151937 472053 2.20153e+09 151937 -472053 -1.51529e+09
-151981 472053 2.20185e+09 151981 -472053 -1.51537e+09
-152025 472053 2.20218e+09 152025 -472053 -1.51544e+09
-152069 472053 2.2025e+09 152069 -472053 -1.51552e+09
-152112 472053 2.20283e+09 152112 -472053 -1.5156e+09
-152156 472053 2.20316e+09 152156 -472053 -1.51567e+09
-152200 472053 2.20348e+09 152200 -472053 -1.51575e+09
-152244 472053 2.20381e+09 152244 -472053 -1.51582e+09
-152288 472053 2.20413e+09 152288 -472053 -1.5159e+09
-152331 472053 2.20446e+09 152331 -472053 -1.51598e+09
-152375 472053 2.20478e+09 152375 -472053 -1.51605e+09
-152419 472053 2.20511e+09 152419 -472053 -1.51613e+09
-152463 472053 2.20543e+09 152463 -472053 -1.51621e+09
-152507 472053 2.20576e+09 152507 -472053 -1.51628e+09
-152550 472053 2.20609e+09 152550 -472053 -1.51636e+09
-152594 472053 2.20641e+09 152594 -472053 -1.51643e+09
-152638 472053 2.20674e+09 152638 -472053 -1.51651e+09
-152682 472053 2.20706e+09 152682 -472053 -1.51659e+09
-152726 472053 2.20739e+09 152726 -472053 -1.51666e+09
-152769 472053 2.20771e+09 152769 -472053 -1.51674e+09
-152813 472053 2.20804e+09 152813 -472053 -1.51682e+09
-152857 472053 2.20837e+09 152857 -472053 -1.51689e+09
-152901 472053 2.20869e+09 152901 -472053 -1.51697e+09
-152945 472053 2.20902e+09 152945 -472053 -1.51705e+09
-152988 472053 2.20934e+09 152988 -472053 -1.51712e+09
-153032 472053 2.20967e+09 153032 -472053 -1.5172e+09
-153076 472053 2.20999e+09 153076 -472053 -1.51727e+09
-153120 472053 2.21032e+09 153120 -472053 -1.51735e+09
-153164 472053 2.21065e+09 153164 -472053 -1.51743e+09
-153207 472053 2.21097e+09 153207 -472053 -1.5175e+09
-153251 472053 2.2113e+09 153251 -472053 -1.51758e+09
-153295 472053 2.21162e+09 153295 -472053 -1.51766e+09
-153339 472053 2.21195e+09 153339 -472053 -1.51773e+09
-153383 472053 2.21227e+09 153383 -472053 -1.51781e+09
-153426 472053 2.2126e+09 153426 -472053 -1.51788e+09
-153470 472053 2.21292e+09 153470 -472053 -1.51796e+09
-153514 472053 2.21325e+09 153514 -472053 -1.51804e+09
-153558 472053 2.21358e+09 153558 -472053 -1.51811e+09
-153602 472053 2.2139e+09 153602 -472053 -1.51819e+09
-153645 472053 2.21423e+09 153645 -472053 -1.51827e+09
-153689 472053 2.21455e+09 153689 -472053 -1.51834e+09
-153733 472053 2.21488e+09 153733 -472053 -1.51842e+09
-153777 472053 2.2152e+09 153777 -472053 -1.51849e+09
-153821 472053 2.21553e+09 153821 -472053 -1.51857e+09
-153864 472053 2.21586e+09 153864 -472053 -1.51865e+09
-153908 472053 2.21618e+09 153908 -472053 -1.51872e+09
-153952 472053 2.21651e+09 153952 -472053 -1.5188e+09
-153996 472053 2.21683e+09 153996 -472053 -1.51888e+09
-154040 472053 2.21716e+09 154040 -472053 -1.51895e+09
-154083 472053 2.21748e+09 154083 -472053 -1.51903e+09
-154127 472053 2.21781e+09 154127 -472053 -1.5191e+09
-154171 472053 2.21813e+09 154171 -472053 -1.51918e+09
-154215 472053 2.21846e+09 154215 -472053 -1.51926e+09
-154259 472053 2.21879e+09 154259 -472053 -1.51933e+09
-154302 472053 2.21911e+09 154302 -472053 -1.51941e+09
-154346 472053 2.21944e+09 154346 -472053 -1.51949e+09
-154390 472053 2.21976e+09 154390 -472053 -1.51956e+09
-154434 472053 2.22009e+09 154434 -472053 -1.51964e+09
-154478 472053 2.22041e+09 154478 -472053 -1.51971e+09
-154521 472053 2.22074e+09 154521 -472053 -1.51979e+09
-154565 472053 2.22107e+09 154565 -472053 -1.51987e+09
-154609 472053 2.22139e+09 154609 -472053 -1.51994e+09
-154653 472053 2.22172e+09 154653 -472053 -1.52002e+09
-154697 472053 2.22204e+09 154697 -472053 -1.5201e+09
-154740 472053 2.22237e+09 154740 -472053 -1.52017e+09
-154784 472053 2.22269e+09 154784 -472053 -1.52025e+09
-154828 472053 2.22302e+09 154828 -472053 -1.52032e+09
-154872 472053 2.22334e+09 154872 -472053 -1.5204e+09
-154916 472053 2.22367e+09 154916 -472053 -1.52048e+09
-154960 472053 2.224e+09 154960 -472053 -1.52055e+09
-155003 472053 2.22432e+09 155003 -472053 -1.52063e+09
-155047 472053 2.22465e+09 155047 -472053 -1.52071e+09
-155091 472053 2.22497e+09 155091 -472053 -1.52078e+09
-155135 472053 2.2253e+09 155135 -472053 -1.52086e+09
-155179 472053 2.22562e+09 155179 -472053 -1.52094e+09
-155222 472053 2.22595e+09 155222 -472053 -1.52101e+09
-155266 472053 2.22628e+09 155266 -472053 -1.52109e+09
-155310 472053 2.2266e+09 155310 -472053 -1.52116e+09
-155354 472053 2.22693e+09 155354 -472053 -1.52124e+09
-155398 472053 2.22725e+09 155398 -472053 -1.52132e+09
-155441 472053 2.22758e+09 155441 -472053 -1.52139e+09
-155485 472053 2.2279e+09 155485 -472053 -1.52147e+09
-155529 472053 2.22823e+09 155529 -472053 -1.52155e+09
-155573 472053 2.22855e+09 155573 -472053 -1.52162e+09
-155617 472053 2.22888e+09 155617 -472053 -1.5217e+09
-155660 472053 2.22921e+09 155660 -472053 -1.52177e+09
-155704 472053 2.22953e+09 155704 -472053 -1.52185e+09
-155748 472053 2.22986e+09 155748 -472053 -1.52193e+09
-155792 472053 2.23018e+09 155792 -472053 -1.522e+09
-155836 472053 2.23051e+09 155836 -472053 -1.52208e+09
-155879 472053 2.23083e+09 155879 -472053 -1.52216e+09
-155923 472053 2.23116e+09 155923 -472053 -1.52223e+09
-155967 472053 2.23149e+09 155967 -472053 -1.52231e+09
-156011 472053 2.23181e+09 156011 -472053 -1.52238e+09
-156055 472053 2.23214e+09 156055 -472053 -1.52246e+09
-156098 472053 2.23246e+09 156098 -472053 -1.52254e+09
-156142 472053 2.23279e+09 156142 -472053 -1.52261e+09
-156186 472053 2.23311e+09 156186 -472053 -1.52269e+09
-156230 472053 2.23344e+09 156230 -472053 -1.52277e+09
-156274 472053 2.23376e+09 156274 -472053 -1.52284e+09
-156317 472053 2.23409e+09 156317 -472053 -1.52292e+09
-156361 472053 2.23442e+09 156361 -472053 -1.52299e+09
-156405 472053 2.23474e+09 156405 -472053 -1.52307e+09
-156449 472053 2.23507e+09 156449 -472053 -1.52315e+09
-156493 472053 2.23539e+09 156493 -472053 -1.52322e+09
-156536 472053 2.23572e+09 156536 -472053 -1.5233e+09
-156580 472053 2.23604e+09 156580 -472053 -1.52338e+09
-156624 472053 2.23637e+09 156624 -472053 -1.52345e+09
-156668 472053 2.2367e+09 156668 -472053 -1.52353e+09
-156712 472053 2.23702e+09 156712 -472053 -1.5236e+09
-156756 472053 2.23735e+09 156756 -472053 -1.52368e+09
-156799 472053 2.23767e+09 156799 -472053 -1.52376e+09
-156843 472053 2.238e+09 156843 -472053 -1.52383e+09
-156887 472053 2.23832e+09 156887 -472053 -1.52391e+09
-156931 472053 2.23865e+09 156931 -472053 -1.52399e+09
-156975 472053 2.23898e+09 156975 -472053 -1.52406e+09
-157018 472053 2.2393e+09 157018 -472053 -1.52414e+09
-157062 472053 2.23963e+09 157062 -472053 -1.52421e+09
-157106 472053 2.23995e+09 157106 -472053 -1.52429e+09
-157150 472053 2.24028e+09 157150 -472053 -1.52437e+09
-157194 472053 2.2406e+09 157194 -472053 -1.52444e+09
-157237 472053 2.24093e+09 157237 -472053 -1.52452e+09
-157281 472053 2.24125e+09 157281 -472053 -1.5246e+09
-157325 472053 2.24158e+09 157325 -472053 -1.52467e+09
-157369 472053 2.24191e+09 157369 -472053 -1.52475e+09
-157413 472053 2.24223e+09 157413 -472053 -1.52482e+09
-157456 472053 2.24256e+09 157456 -472053 -1.5249e+09
-157500 472053 2.24288e+09 157500 -472053 -1.52498e+09
-157544 472053 2.24321e+09 157544 -472053 -1.52505e+09
-157588 472053 2.24353e+09 157588 -472053 -1.52513e+09
-157632 472053 2.24386e+09 157632 -472053 -1.52521e+09
-157675 472053 2.24419e+09 157675 -472053 -1.52528e+09
-157719 472053 2.24451e+09 157719 -472053 -1.52536e+09
-157763 472053 2.24484e+09 157763 -472053 -1.52543e+09
-157807 472053 2.24516e+09 157807 -472053 -1.52551e+09
-157851 472053 2.24549e+09 157851 -472053 -1.52559e+09
-157894 472053 2.24581e+09 157894 -472053 -1.52566e+09
-157938 472053 2.24614e+09 157938 -472053 -1.52574e+09
-157982 472053 2.24646e+09 157982 -472053 -1.52582e+09
-158026 472053 2.24679e+09 158026 -472053 -1.52589e+09
-158070 472053 2.24712e+09 158070 -472053 -1.52597e+09
-158114 472053 2.24744e+09 158114 -472053 -1.52604e+09
-158157 472053 2.24777e+09 158157 -472053 -1.52612e+09
-158201 472053 2.24809e+09 158201 -472053 -1.5262e+09
-158245 472053 2.24842e+09 158245 -472053 -1.52627e+09
-158289 472053 2.24874e+09 158289 -472053 -1.52635e+09
-158333 472053 2.24907e+09 158333 -472053 -1.52643e+09
-158376 472053 2.2494e+09 158376 -472053 -1.5265e+09
-158420 472053 2.24972e+09 158420 -472053 -1.52658e+09
-158464 472053 2.25005e+09 158464 -472053 -1.52665e+09
-158508 472053 2.25037e+09 158508 -472053 -1.52673e+09
-158552 472053 2.2507e+09 158552 -472053 -1.52681e+09
-158595 472053 2.25102e+09 158595 -472053 -1.52688e+09
-158639 472053 2.25135e+09 158639 -472053 -1.52696e+09
-158683 472053 2.25167e+09 158683 -472053 -1.52704e+09
-158727 472053 2.252e+09 158727 -472053 -1.52711e+09
-158771 472053 2.25233e+09 158771 -472053 -1.52719e+09
-158814 472053 2.25265e+09 158814 -472053 -1.52726e+09
-158858 472053 2.25298e+09 158858 -472053 -1.52734e+09
-158902 472053 2.2533e+09 158902 -472053 -1.52742e+09
-158946 472053 2.25363e+09 158946 -472053 -1.52749e+09
-158990 472053 2.25395e+09 158990 -472053 -1.52757e+09
-159034 472053 2.25428e+09 159034 -472053 -1.52765e+09
-159077 472053 2.25461e+09 159077 -472053 -1.52772e+09
-159121 472053 2.25493e+09 159121 -472053 -1.5278e+09
-159165 472053 2.25526e+09 159165 -472053 -1.52787e+09
-159209 472053 2.25558e+09 159209 -472053 -1.52795e+09
-159253 472053 2.25591e+09 159253 -472053 -1.52803e+09
-159296 472053 2.25623e+09 159296 -472053 -1.5281e+09
-159340 472053 2.25656e+09 159340 -472053 -1.52818e+09
-159384 472053 2.25688e+09 159384 -472053 -1.52826e+09
-159428 472053 2.25721e+09 159428 -472053 -1.52833e+09
-159472 472053 2.25754e+09 159472 -472053 -1.52841e+09
-159515 472053 2.25786e+09 159515 -472053 -1.52848e+09
-159559 472053 2.25819e+09 159559 -472053 -1.52856e+09
-159603 472053 2.25851e+09 159603 -472053 -1.52864e+09
-159647 472053 2.25884e+09 159647 -472053 -1.52871e+09
-159691 472053 2.25916e+09 159691 -472053 -1.52879e+09
-159734 472053 2.25949e+09 159734 -472053 -1.52887e+09
-159778 472053 2.25982e+09 159778 -472053 -1.52894e+09
-159822 472053 2.26014e+09 159822 -472053 -1.52902e+09
-159866 472053 2.26047e+09 159866 -472053 -1.52909e+09
-159910 472053 2.26079e+09 159910 -472053 -1.52917e+09
-159954 472053 2.26112e+09 159954 -472053 -1.52925e+09
-159997 472053 2.26144e+09 159997 -472053 -1.52932e+09
-160041 472053 2.26177e+09 160041 -472053 -1.5294e+09
-160085 472053 2.26209e+09 160085 -472053 -1.52947e+09
-160129 472053 2.26242e+09 160129 -472053 -1.52955e+09
-160173 472053 2.26275e+09 160173 -472053 -1.52963e+09
-160216 472053 2.26307e+09 160216 -472053 -1.5297e+09
-160260 472053 2.2634e+09 160260 -472053 -1.52978e+09
-160304 472053 2.26372e+09 160304 -472053 -1.52986e+09
-160348 472053 2.26405e+09 160348 -472053 -1.52993e+09
-160392 472053 2.26437e+09 160392 -472053 -1.53001e+09
-160435 472053 2.2647e+09 160435 -472053 -1.53008e+09
-160479 472053 2.26503e+09 160479 -472053 -1.53016e+09
-160523 472053 2.26535e+09 160523 -472053 -1.53024e+09
-160567 472053 2.26568e+09 160567 -472053 -1.53031e+09
-160611 472053 2.266e+09 160611 -472053 -1.53039e+09
-160654 472053 2.26633e+09 160654 -472053 -1.53047e+09
-160698 472053 2.26665e+09 160698 -472053 -1.53054e+09
-160742 472053 2.26698e+09 160742 -472053 -1.53062e+09
-160786 472053 2.2673e+09 160786 -472053 -1.53069e+09
-160830 472053 2.26763e+09 160830 -472053 -1.53077e+09
-160874 472053 2.26796e+09 160874 -472053 -1.53085e+09
-160917 472053 2.26828e+09 160917 -472053 -1.53092e+09
-160961 472053 2.26861e+09 160961 -472053 -1.531e+09
-161005 472053 2.26893e+09 161005 -472053 -1.53108e+09
-161049 472053 2.26926e+09 161049 -472053 -1.53115e+09
-161093 472053 2.26958e+09 161093 -472053 -1.53123e+09
-161136 472053 2.26991e+09 161136 -472053 -1.5313e+09
-161180 472053 2.27024e+09 161180 -472053 -1.53138e+09
-161224 472053 2.27056e+09 161224 -472053 -1.53146e+09
-161268 472053 2.27089e+09 161268 -472053 -1.53153e+09
-161312 472053 2.27121e+09 161312 -472053 -1.53161e+09
-161355 472053 2.27154e+09 161355 -472053 -1.53169e+09
-161399 472053 2.27186e+09 161399 -472053 -1.53176e+09
-161443 472053 2.27219e+09 161443 -472053 -1.53184e+09
-161487 472053 2.27251e+09 161487 -472053 -1.53191e+09
-161531 472053 2.27284e+09 161531 -472053 -1.53199e+09
-161575 472053 2.27317e+09 161575 -472053 -1.53207e+09
-161618 472053 2.27349e+09 161618 -472053 -1.53214e+09
-161662 472053 2.27382e+09 161662 -472053 -1.53222e+09
-161706 472053 2.27414e+09 161706 -472053 -1.5323e+09
-161750 472053 2.27447e+09 161750 -472053 -1.53237e+09
-161794 472053 2.27479e+09 161794 -472053 -1.53245e+09
-161837 472053 2.27512e+09 161837 -472053 -1.53252e+09
-161881 472053 2.27545e+09 161881 -472053 -1.5326e+09
-161925 472053 2.27577e+09 161925 -472053 -1.53268e+09
-161969 472053 2.2761e+09 161969 -472053 -1.53275e+09
-162013 472053 2.27642e+09 162013 -472053 -1.53283e+09
-162056 472053 2.27675e+09 162056 -472053 -1.53291e+09
-162100 472053 2.27707e+09 162100 -472053 -1.53298e+09
-162144 472053 2.2774e+09 162144 -472053 -1.53306e+09
-162188 472053 2.27773e+09 162188 -472053 -1.53313e+09
-162232 472053 2.27805e+09 162232 -472053 -1.53321e+09
-162276 472053 2.27838e+09 162276 -472053 -1.53329e+09
-162319 472053 2.2787e+09 162319 -472053 -1.53336e+09
-162363 472053 2.27903e+09 162363 -472053 -1.53344e+09
-162407 472053 2.27935e+09 162407 -472053 -1.53351e+09
-162451 472053 2.27968e+09 162451 -472053 -1.53359e+09
-162495 472053 2.28e+09 162495 -472053 -1.53367e+09
-162538 472053 2.28033e+09 162538 -472053 -1.53374e+09
-162582 472053 2.28066e+09 162582 -472053 -1.53382e+09
-162626 472053 2.28098e+09 162626 -472053 -1.5339e+09
-162670 472053 2.28131e+09 162670 -472053 -1.53397e+09
-162714 472053 2.28163e+09 162714 -472053 -1.53405e+09
-162758 472053 2.28196e+09 162758 -472053 -1.53412e+09
-162801 472053 2.28228e+09 162801 -472053 -1.5342e+09
-162845 472053 2.28261e+09 162845 -472053 -1.53428e+09
-162889 472053 2.28294e+09 162889 -472053 -1.53435e+09
-162933 472053 2.28326e+09 162933 -472053 -1.53443e+09
-162977 472053 2.28359e+09 162977 -472053 -1.53451e+09
-163020 472053 2.28391e+09 163020 -472053 -1.53458e+09
-163064 472053 2.28424e+09 163064 -472053 -1.53466e+09
-163108 472053 2.28456e+09 163108 -472053 -1.53473e+09
-163152 472053 2.28489e+09 163152 -472053 -1.53481e+09
-163196 472053 2.28521e+09 163196 -472053 -1.53489e+09
-163239 472053 2.28554e+09 163239 -472053 -1.53496e+09
-163283 472053 2.28587e+09 163283 -472053 -1.53504e+09
-163327 472053 2.28619e+09 163327 -472053 -1.53512e+09
-163371 472053 2.28652e+09 163371 -472053 -1.53519e+09
-163415 472053 2.28684e+09 163415 -472053 -1.53527e+09
-163459 472053 2.28717e+09 163459 -472053 -1.53534e+09
-163502 472053 2.28749e+09 163502 -472053 -1.53542e+09
-163546 472053 2.28782e+09 163546 -472053 -1.5355e+09
-163590 472053 2.28815e+09 163590 -472053 -1.53557e+09
-163634 472053 2.28847e+09 163634 -472053 -1.53565e+09
-163678 472053 2.2888e+09 163678 -472053 -1.53573e+09
-163721 472053 2.28912e+09 163721 -472053 -1.5358e+09
-163765 472053 2.28945e+09 163765 -472053 -1.53588e+09
-163809 472053 2.28977e+09 163809 -472053 -1.53595e+09
-163853 472053 2.2901e+09 163853 -472053 -1.53603e+09
-163897 472053 2.29042e+09 163897 -472053 -1.53611e+09
-163941 472053 2.29075e+09 163941 -472053 -1.53618e+09
-163984 472053 2.29108e+09 163984 -472053 -1.53626e+09
-164028 472053 2.2914e+09 164028 -472053 -1.53633e+09
-164072 472053 2.29173e+09 164072 -472053 -1.53641e+09
-164116 472053 2.29205e+09 164116 -472053 -1.53649e+09
-164160 472053 2.29238e+09 164160 -472053 -1.53656e+09
-164203 472053 2.2927e+09 164203 -472053 -1.53664e+09
-164247 472053 2.29303e+09 164247 -472053 -1.53672e+09
-164291 472053 2.29336e+09 164291 -472053 -1.53679e+09
-164335 472053 2.29368e+09 164335 -472053 -1.53687e+09
-164379 472053 2.29401e+09 164379 -472053 -1.53694e+09
-164423 472053 2.29433e+09 164423 -472053 -1.53702e+09
-164466 472053 2.29466e+09 164466 -472053 -1.5371e+09
-164510 472053 2.29498e+09 164510 -472053 -1.53717e+09
-164554 472053 2.29531e+09 164554 -472053 -1.53725e+09
-164598 472053 2.29563e+09 164598 -472053 -1.53733e+09
-164642 472053 2.29596e+09 164642 -472053 -1.5374e+09
-164685 472053 2.29629e+09 164685 -472053 -1.53748e+09
-164729 472053 2.29661e+09 164729 -472053 -1.53755e+09
-164773 472053 2.29694e+09 164773 -472053 -1.53763e+09
-164817 472053 2.29726e+09 164817 -472053 -1.53771e+09
-164861 472053 2.29759e+09 164861 -472053 -1.53778e+09
-164904 472053 2.29791e+09 164904 -472053 -1.53786e+09
-164948 472053 2.29824e+09 164948 -472053 -1.53794e+09
-164992 472053 2.29857e+09 164992 -472053 -1.53801e+09
-165036 472053 2.29889e+09 165036 -472053 -1.53809e+09
-165080 472053 2.29922e+09 165080 -472053 -1.53816e+09
-165124 472053 2.29954e+09 165124 -472053 -1.53824e+09
-165167 472053 2.29987e+09 165167 -472053 -1.53832e+09
-165211 472053 2.30019e+09 165211 -472053 -1.53839e+09
-165255 472053 2.30052e+09 165255 -472053 -1.53847e+09
-165299 472053 2.30084e+09 165299 -472053 -1.53854e+09
-165343 472053 2.30117e+09 165343 -472053 -1.53862e+09
-165386 472053 2.3015e+09 165386 -472053 -1.5387e+09
-165430 472053 2.30182e+09 165430 -472053 -1.53877e+09
-165474 472053 2.30215e+09 165474 -472053 -1.53885e+09
-165518 472053 2.30247e+09 165518 -472053 -1.53893e+09
-165562 472053 2.3028e+09 165562 -472053 -1.539e+09
-165606 472053 2.30312e+09 165606 -472053 -1.53908e+09
-165649 472053 2.30345e+09 165649 -472053 -1.53915e+09
-165693 472053 2.30378e+09 165693 -472053 -1.53923e+09
-165737 472053 2.3041e+09 165737 -472053 -1.53931e+09
-165781 472053 2.30443e+09 165781 -472053 -1.53938e+09
-165825 472053 2.30475e+09 165825 -472053 -1.53946e+09
-165868 472053 2.30508e+09 165868 -472053 -1.53954e+09
-165912 472053 2.3054e+09 165912 -472053 -1.53961e+09
-165956 472053 2.30573e+09 165956 -472053 -1.53969e+09
-166000 472053 2.30605e+09 166000 -472053 -1.53976e+09
-166044 472053 2.30638e+09 166044 -472053 -1.53984e+09
-166088 472053 2.30671e+09 166088 -472053 -1.53992e+09
-166131 472053 2.30703e+09 166131 -472053 -1.53999e+09
-166175 472053 2.30736e+09 166175 -472053 -1.54007e+09
-166219 472053 2.30768e+09 166219 -472053 -1.54014e+09
-166263 472053 2.30801e+09 166263 -472053 -1.54022e+09
-166307 472053 2.30833e+09 166307 -472053 -1.5403e+09
-166350 472053 2.30866e+09 166350 -472053 -1.54037e+09
-166394 472053 2.30899e+09 166394 -472053 -1.54045e+09
-166438 472053 2.30931e+09 166438 -472053 -1.54053e+09
-166482 472053 2.30964e+09 166482 -472053 -1.5406e+09
-166526 472053 2.30996e+09 166526 -472053 -1.54068e+09
-166570 472053 2.31029e+09 166570 -472053 -1.54075e+09
-166613 472053 2.31061e+09 166613 -472053 -1.54083e+09
-166657 472053 2.31094e+09 166657 -472053 -1.54091e+09
-166701 472053 2.31126e+09 166701 -472053 -1.54098e+09
-166745 472053 2.31159e+09 166745 -472053 -1.54106e+09
-166789 472053 2.31192e+09 166789 -472053 -1.54114e+09
-166833 472053 2.31224e+09 166833 -472053 -1.54121e+09
-166876 472053 2.31257e+09 166876 -472053 -1.54129e+09
-166920 472053 2.31289e+09 166920 -472053 -1.54136e+09
-166964 472053 2.31322e+09 166964 -472053 -1.54144e+09
-167008 472053 2.31354e+09 167008 -472053 -1.54152e+09
-167052 472053 2.31387e+09 167052 -472053 -1.54159e+09
-167095 472053 2.3142e+09 167095 -472053 -1.54167e+09
-167139 472053 2.31452e+09 167139 -472053 -1.54174e+09
-167183 472053 2.31485e+09 167183 -472053 -1.54182e+09
-167227 472053 2.31517e+09 167227 -472053 -1.5419e+09
-167271 472053 2.3155e+09 167271 -472053 -1.54197e+09
-167315 472053 2.31582e+09 167315 -472053 -1.54205e+09
-167358 472053 2.31615e+09 167358 -472053 -1.54213e+09
-167402 472053 2.31647e+09 167402 -472053 -1.5422e+09
-167446 472053 2.3168e+09 167446 -472053 -1.54228e+09
-167490 472053 2.31713e+09 167490 -472053 -1.54235e+09
-167534 472053 2.31745e+09 167534 -472053 -1.54243e+09
-167577 472053 2.31778e+09 167577 -472053 -1.54251e+09
-167621 472053 2.3181e+09 167621 -472053 -1.54258e+09
-167665 472053 2.31843e+09 167665 -472053 -1.54266e+09
-167709 472053 2.31875e+09 167709 -472053 -1.54274e+09
-167753 472053 2.31908e+09 167753 -472053 -1.54281e+09
-167797 472053 2.31941e+09 167797 -472053 -1.54289e+09
-167840 472053 2.31973e+09 167840 -472053 -1.54296e+09
-167884 472053 2.32006e+09 167884 -472053 -1.54304e+09
-167928 472053 2.32038e+09 167928 -472053 -1.54312e+09
-167972 472053 2.32071e+09 167972 -472053 -1.54319e+09
-168016 472053 2.32103e+09 168016 -472053 -1.54327e+09
-168059 472053 2.32136e+09 168059 -472053 -1.54334e+09
-168103 472053 2.32168e+09 168103 -472053 -1.54342e+09
-168147 472053 2.32201e+09 168147 -472053 -1.5435e+09
-168191 472053 2.32234e+09 168191 -472053 -1.54357e+09
-168235 472053 2.32266e+09 168235 -472053 -1.54365e+09
-168279 472053 2.32299e+09 168279 -472053 -1.54373e+09
-168322 472053 2.32331e+09 168322 -472053 -1.5438e+09
-168366 472053 2.32364e+09 168366 -472053 -1.54388e+09
-168410 472053 2.32396e+09 168410 -472053 -1.54395e+09
-168454 472053 2.32429e+09 168454 -472053 -1.54403e+09
-168498 472053 2.32462e+09 168498 -472053 -1.54411e+09
-168542 472053 2.32494e+09 168542 -472053 -1.54418e+09
-168585 472053 2.32527e+09 168585 -472053 -1.54426e+09
-168629 472053 2.32559e+09 168629 -472053 -1.54434e+09
-168673 472053 2.32592e+09 168673 -472053 -1.54441e+09
-168717 472053 2.32624e+09 168717 -472053 -1.54449e+09
-168761 472053 2.32657e+09 168761 -472053 -1.54456e+09
-168804 472053 2.32689e+09 168804 -472053 -1.54464e+09
-168848 472053 2.32722e+09 168848 -472053 -1.54472e+09
-168892 472053 2.32755e+09 168892 -472053 -1.54479e+09
-168936 472053 2.32787e+09 168936 -472053 -1.54487e+09
-168980 472053 2.3282e+09 168980 -472053 -1.54494e+09
-169024 472053 2.32852e+09 169024 -472053 -1.54502e+09
-169067 472053 2.32885e+09 169067 -472053 -1.5451e+09
-169111 472053 2.32917e+09 169111 -472053 -1.54517e+09
-169155 472053 2.3295e+09 169155 -472053 -1.54525e+09
-169199 472053 2.32983e+09 169199 -472053 -1.54533e+09
-169243 472053 2.33015e+09 169243 -472053 -1.5454e+09
-169287 472053 2.33048e+09 169287 -472053 -1.54548e+09
-169330 472053 2.3308e+09 169330 -472053 -1.54555e+09
-169374 472053 2.33113e+09 169374 -472053 -1.54563e+09
-169418 472053 2.33145e+09 169418 -472053 -1.54571e+09
-169462 472053 2.33178e+09 169462 -472053 -1.54578e+09
-169506 472053 2.3321e+09 169506 -472053 -1.54586e+09
-169549 472053 2.33243e+09 169549 -472053 -1.54593e+09
-169593 472053 2.33276e+09 169593 -472053 -1.54601e+09
-169637 472053 2.33308e+09 169637 -472053 -1.54609e+09
-169681 472053 2.33341e+09 169681 -472053 -1.54616e+09
-169725 472053 2.33373e+09 169725 -472053 -1.54624e+09
-169769 472053 2.33406e+09 169769 -472053 -1.54632e+09
-169812 472053 2.33438e+09 169812 -472053 -1.54639e+09
-169856 472053 2.33471e+09 169856 -472053 -1.54647e+09
-169900 472053 2.33504e+09 169900 -472053 -1.54654e+09
-169944 472053 2.33536e+09 169944 -472053 -1.54662e+09
-169988 472053 2.33569e+09 169988 -472053 -1.5467e+09
-170032 472053 2.33601e+09 170032 -472053 -1.54677e+09
-170075 472053 2.33634e+09 170075 -472053 -1.54685e+09
-170119 472053 2.33666e+09 170119 -472053 -1.54693e+09
-170163 472053 2.33699e+09 170163 -472053 -1.547e+09
-170207 472053 2.33731e+09 170207 -472053 -1.54708e+09
-170251 472053 2.33764e+09 170251 -472053 -1.54715e+09
-170294 472053 2.33797e+09 170294 -472053 -1.54723e+09
-170338 472053 2.33829e+09 170338 -472053 -1.54731e+09
-170382 472053 2.33862e+09 170382 -472053 -1.54738e+09
-170426 472053 2.33894e+09 170426 -472053 -1.54746e+09
-170470 472053 2.33927e+09 170470 -472053 -1.54753e+09
-170514 472053 2.33959e+09 170514 -472053 -1.54761e+09
-170557 472053 2.33992e+09 170557 -472053 -1.54769e+09
-170601 472053 2.34025e+09 170601 -472053 -1.54776e+09
-170645 472053 2.34057e+09 170645 -472053 -1.54784e+09
-170689 472053 2.3409e+09 170689 -472053 -1.54792e+09
-170733 472053 2.34122e+09 170733 -472053 -1.54799e+09
-170777 472053 2.34155e+09 170777 -472053 -1.54807e+09
-170820 472053 2.34187e+09 170820 -472053 -1.54814e+09
-170864 472053 2.3422e+09 170864 -472053 -1.54822e+09
-170908 472053 2.34252e+09 170908 -472053 -1.5483e+09
-170952 472053 2.34285e+09 170952 -472053 -1.54837e+09
-170996 472053 2.34318e+09 170996 -472053 -1.54845e+09
-171040 472053 2.3435e+09 171040 -472053 -1.54852e+09
-171083 472053 2.34383e+09 171083 -472053 -1.5486e+09
-171127 472053 2.34415e+09 171127 -472053 -1.54868e+09
-171171 472053 2.34448e+09 171171 -472053 -1.54875e+09
-171215 472053 2.3448e+09 171215 -472053 -1.54883e+09
-171259 472053 2.34513e+09 171259 -472053 -1.54891e+09
-171302 472053 2.34546e+09 171302 -472053 -1.54898e+09
-171346 472053 2.34578e+09 171346 -472053 -1.54906e+09
-171390 472053 2.34611e+09 171390 -472053 -1.54913e+09
-171434 472053 2.34643e+09 171434 -472053 -1.54921e+09
-171478 472053 2.34676e+09 171478 -472053 -1.54929e+09
-171522 472053 2.34708e+09 171522 -472053 -1.54936e+09
-171565 472053 2.34741e+09 171565 -472053 -1.54944e+09
-171609 472053 2.34773e+09 171609 -472053 -1.54951e+09
-171653 472053 2.34806e+09 171653 -472053 -1.54959e+09
-171697 472053 2.34839e+09 171697 -472053 -1.54967e+09
-171741 472053 2.34871e+09 171741 -472053 -1.54974e+09
-171785 472053 2.34904e+09 171785 -472053 -1.54982e+09
-171828 472053 2.34936e+09 171828 -472053 -1.5499e+09
-171872 472053 2.34969e+09 171872 -472053 -1.54997e+09
-171916 472053 2.35001e+09 171916 -472053 -1.55005e+09
-171960 472053 2.35034e+09 171960 -472053 -1.55012e+09
-172004 472053 2.35067e+09 172004 -472053 -1.5502e+09
-172048 472053 2.35099e+09 172048 -472053 -1.55028e+09
-172091 472053 2.35132e+09 172091 -472053 -1.55035e+09
-172135 472053 2.35164e+09 172135 -472053 -1.55043e+09
-172179 472053 2.35197e+09 172179 -472053 -1.5505e+09
-172223 472053 2.35229e+09 172223 -472053 -1.55058e+09
-172267 472053 2.35262e+09 172267 -472053 -1.55066e+09
-172310 472053 2.35294e+09 172310 -472053 -1.55073e+09
-172354 472053 2.35327e+09 172354 -472053 -1.55081e+09
-172398 472053 2.3536e+09 172398 -472053 -1.55089e+09
-172442 472053 2.35392e+09 172442 -472053 -1.55096e+09
-172486 472053 2.35425e+09 172486 -472053 -1.55104e+09
-172530 472053 2.35457e+09 172530 -472053 -1.55111e+09
-172573 472053 2.3549e+09 172573 -472053 -1.55119e+09
-172617 472053 2.35522e+09 172617 -472053 -1.55127e+09
-172661 472053 2.35555e+09 172661 -472053 -1.55134e+09
-172705 472053 2.35588e+09 172705 -472053 -1.55142e+09
-172749 472053 2.3562e+09 172749 -472053 -1.55149e+09
-172793 472053 2.35653e+09 172793 -472053 -1.55157e+09
-172836 472053 2.35685e+09 172836 -472053 -1.55165e+09
-172880 472053 2.35718e+09 172880 -472053 -1.55172e+09
-172924 472053 2.3575e+09 172924 -472053 -1.5518e+09
-172968 472053 2.35783e+09 172968 -472053 -1.55188e+09
-173012 472053 2.35815e+09 173012 -472053 -1.55195e+09
-173056 472053 2.35848e+09 173056 -472053 -1.55203e+09
-173099 472053 2.35881e+09 173099 -472053 -1.5521e+09
-173143 472053 2.35913e+09 173143 -472053 -1.55218e+09
-173187 472053 2.35946e+09 173187 -472053 -1.55226e+09
-173231 472053 2.35978e+09 173231 -472053 -1.55233e+09
-173275 472053 2.36011e+09 173275 -472053 -1.55241e+09
-173319 472053 2.36043e+09 173319 -472053 -1.55248e+09
-173362 472053 2.36076e+09 173362 -472053 -1.55256e+09
-173406 472053 2.36109e+09 173406 -472053 -1.55264e+09
-173450 472053 2.36141e+09 173450 -472053 -1.55271e+09
-173494 472053 2.36174e+09 173494 -472053 -1.55279e+09
-173538 472053 2.36206e+09 173538 -472053 -1.55287e+09
-173582 472053 2.36239e+09 173582 -472053 -1.55294e+09
-173625 472053 2.36271e+09 173625 -472053 -1.55302e+09
-173669 472053 2.36304e+09 173669 -472053 -1.55309e+09
-173713 472053 2.36336e+09 173713 -472053 -1.55317e+09
-173757 472053 2.36369e+09 173757 -472053 -1.55325e+09
-173801 472053 2.36402e+09 173801 -472053 -1.55332e+09
-173844 472053 2.36434e+09 173844 -472053 -1.5534e+09
-173888 472053 2.36467e+09 173888 -472053 -1.55347e+09
-173932 472053 2.36499e+09 173932 -472053 -1.55355e+09
-173976 472053 2.36532e+09 173976 -472053 -1.55363e+09
-174020 472053 2.36564e+09 174020 -472053 -1.5537e+09
-174064 472053 2.36597e+09 174064 -472053 -1.55378e+09
-174107 472053 2.36629e+09 174107 -472053 -1.55386e+09
-174151 472053 2.36662e+09 174151 -472053 -1.55393e+09
-174195 472053 2.36695e+09 174195 -472053 -1.55401e+09
-174239 472053 2.36727e+09 174239 -472053 -1.55408e+09
-174283 472053 2.3676e+09 174283 -472053 -1.55416e+09
-174327 472053 2.36792e+09 174327 -472053 -1.55424e+09
-174370 472053 2.36825e+09 174370 -472053 -1.55431e+09
-174414 472053 2.36857e+09 174414 -472053 -1.55439e+09
-174458 472053 2.3689e+09 174458 -472053 -1.55446e+09
-174502 472053 2.36923e+09 174502 -472053 -1.55454e+09
-174546 472053 2.36955e+09 174546 -472053 -1.55462e+09
-174590 472053 2.36988e+09 174590 -472053 -1.55469e+09
-174633 472053 2.3702e+09 174633 -472053 -1.55477e+09
-174677 472053 2.37053e+09 174677 -472053 -1.55485e+09
-174721 472053 2.37085e+09 174721 -472053 -1.55492e+09
-174765 472053 2.37118e+09 174765 -472053 -1.555e+09
-174809 472053 2.3715e+09 174809 -472053 -1.55507e+09
-174853 472053 2.37183e+09 174853 -472053 -1.55515e+09
-174896 472053 2.37216e+09 174896 -472053 -1.55523e+09
-174940 472053 2.37248e+09 174940 -472053 -1.5553e+09
-174984 472053 2.37281e+09 174984 -472053 -1.55538e+09
-175028 472053 2.37313e+09 175028 -472053 -1.55545e+09
-175072 472053 2.37346e+09 175072 -472053 -1.55553e+09
-175116 472053 2.37378e+09 175116 -472053 -1.55561e+09
-175159 472053 2.37411e+09 175159 -472053 -1.55568e+09
-175203 472053 2.37444e+09 175203 -472053 -1.55576e+09
-175247 472053 2.37476e+09 175247 -472053 -1.55584e+09
-175291 472053 2.37509e+09 175291 -472053 -1.55591e+09
-175335 472053 2.37541e+09 175335 -472053 -1.55599e+09
-175379 472053 2.37574e+09 175379 -472053 -1.55606e+09
-175422 472053 2.37606e+09 175422 -472053 -1.55614e+09
-175466 472053 2.37639e+09 175466 -472053 -1.55622e+09
-175510 472053 2.37671e+09 175510 -472053 -1.55629e+09
-175554 472053 2.37704e+09 175554 -472053 -1.55637e+09
-175598 472053 2.37737e+09 175598 -472053 -1.55644e+09
-175642 472053 2.37769e+09 175642 -472053 -1.55652e+09
-175685 472053 2.37802e+09 175685 -472053 -1.5566e+09
-175729 472053 2.37834e+09 175729 -472053 -1.55667e+09
-175773 472053 2.37867e+09 175773 -472053 -1.55675e+09
-175817 472053 2.37899e+09 175817 -472053 -1.55682e+09
-175861 472053 2.37932e+09 175861 -472053 -1.5569e+09
-175905 472053 2.37965e+09 175905 -472053 -1.55698e+09
-175948 472053 2.37997e+09 175948 -472053 -1.55705e+09
-175992 472053 2.3803e+09 175992 -472053 -1.55713e+09
-176036 472053 2.38062e+09 176036 -472053 -1.55721e+09
-176080 472053 2.38095e+09 176080 -472053 -1.55728e+09
-176124 472053 2.38127e+09 176124 -472053 -1.55736e+09
-176168 472053 2.3816e+09 176168 -472053 -1.55743e+09
-176211 472053 2.38192e+09 176211 -472053 -1.55751e+09
-176255 472053 2.38225e+09 176255 -472053 -1.55759e+09
-176299 472053 2.38258e+09 176299 -472053 -1.55766e+09
-176343 472053 2.3829e+09 176343 -472053 -1.55774e+09
-176387 472053 2.38323e+09 176387 -472053 -1.55781e+09
-176431 472053 2.38355e+09 176431 -472053 -1.55789e+09
-176474 472053 2.38388e+09 176474 -472053 -1.55797e+09
-176518 472053 2.3842e+09 176518 -472053 -1.55804e+09
-176562 472053 2.38453e+09 176562 -472053 -1.55812e+09
-176606 472053 2.38486e+09 176606 -472053 -1.5582e+09
-176650 472053 2.38518e+09 176650 -472053 -1.55827e+09
-176694 472053 2.38551e+09 176694 -472053 -1.55835e+09
-176737 472053 2.38583e+09 176737 -472053 -1.55842e+09
-176781 472053 2.38616e+09 176781 -472053 -1.5585e+09
-176825 472053 2.38648e+09 176825 -472053 -1.55858e+09
-176869 472053 2.38681e+09 176869 -472053 -1.55865e+09
-176913 472053 2.38713e+09 176913 -472053 -1.55873e+09
-176957 472053 2.38746e+09 176957 -472053 -1.5588e+09
-177000 472053 2.38779e+09 177000 -472053 -1.55888e+09
-177044 472053 2.38811e+09 177044 -472053 -1.55896e+09
-177088 472053 2.38844e+09 177088 -472053 -1.55903e+09
-177132 472053 2.38876e+09 177132 -472053 -1.55911e+09
-177176 472053 2.38909e+09 177176 -472053 -1.55918e+09
-177220 472053 2.38941e+09 177220 -472053 -1.55926e+09
-177263 472053 2.38974e+09 177263 -472053 -1.55934e+09
-177307 472053 2.39007e+09 177307 -472053 -1.55941e+09
-177351 472053 2.39039e+09 177351 -472053 -1.55949e+09
-177395 472053 2.39072e+09 177395 -472053 -1.55957e+09
-177439 472053 2.39104e+09 177439 -472053 -1.55964e+09
-177483 472053 2.39137e+09 177483 -472053 -1.55972e+09
-177526 472053 2.39169e+09 177526 -472053 -1.55979e+09
-177570 472053 2.39202e+09 177570 -472053 -1.55987e+09
-177614 472053 2.39234e+09 177614 -472053 -1.55995e+09
-177658 472053 2.39267e+09 177658 -472053 -1.56002e+09
-177702 472053 2.393e+09 177702 -472053 -1.5601e+09
-177746 472053 2.39332e+09 177746 -472053 -1.56017e+09
-177789 472053 2.39365e+09 177789 -472053 -1.56025e+09
-177833 472053 2.39397e+09 177833 -472053 -1.56033e+09
-177877 472053 2.3943e+09 177877 -472053 -1.5604e+09
-177921 472053 2.39462e+09 177921 -472053 -1.56048e+09
-177965 472053 2.39495e+09 177965 -472053 -1.56056e+09
-178009 472053 2.39528e+09 178009 -472053 -1.56063e+09
-178052 472053 2.3956e+09 178052 -472053 -1.56071e+09
-178096 472053 2.39593e+09 178096 -472053 -1.56078e+09
-178140 472053 2.39625e+09 178140 -472053 -1.56086e+09
-178184 472053 2.39658e+09 178184 -472053 -1.56094e+09
-178228 472053 2.3969e+09 178228 -472053 -1.56101e+09
-178272 472053 2.39723e+09 178272 -472053 -1.56109e+09
-178315 472053 2.39755e+09 178315 -472053 -1.56116e+09
-178359 472053 2.39788e+09 178359 -472053 -1.56124e+09
-178403 472053 2.39821e+09 178403 -472053 -1.56132e+09
-178447 472053 2.39853e+09 178447 -472053 -1.56139e+09
-178491 472053 2.39886e+09 178491 -472053 -1.56147e+09
-178535 472053 2.39918e+09 178535 -472053 -1.56154e+09
-178578 472053 2.39951e+09 178578 -472053 -1.56162e+09
-178622 472053 2.39983e+09 178622 -472053 -1.5617e+09
-178666 472053 2.40016e+09 178666 -472053 -1.56177e+09
-178710 472053 2.40049e+09 178710 -472053 -1.56185e+09
-178754 472053 2.40081e+09 178754 -472053 -1.56193e+09
-178798 472053 2.40114e+09 178798 -472053 -1.562e+09
-178841 472053 2.40146e+09 178841 -472053 -1.56208e+09
-178885 472053 2.40179e+09 178885 -472053 -1.56215e+09
-178929 472053 2.40211e+09 178929 -472053 -1.56223e+09
-178973 472053 2.40244e+09 178973 -472053 -1.56231e+09
-179017 472053 2.40276e+09 179017 -472053 -1.56238e+09
-179061 472053 2.40309e+09 179061 -472053 -1.56246e+09
-179104 472053 2.40342e+09 179104 -472053 -1.56253e+09
-179148 472053 2.40374e+09 179148 -472053 -1.56261e+09
-179192 472053 2.40407e+09 179192 -472053 -1.56269e+09
-179236 472053 2.40439e+09 179236 -472053 -1.56276e+09
-179280 472053 2.40472e+09 179280 -472053 -1.56284e+09
-179324 472053 2.40504e+09 179324 -472053 -1.56291e+09
-179367 472053 2.40537e+09 179367 -472053 -1.56299e+09
-179411 472053 2.40569e+09 179411 -472053 -1.56307e+09
-179455 472053 2.40602e+09 179455 -472053 -1.56314e+09
-179499 472053 2.40635e+09 179499 -472053 -1.56322e+09
-179543 472053 2.40667e+09 179543 -472053 -1.5633e+09
-179587 472053 2.407e+09 179587 -472053 -1.56337e+09
-179631 472053 2.40732e+09 179631 -472053 -1.56345e+09
-179674 472053 2.40765e+09 179674 -472053 -1.56352e+09
-179718 472053 2.40797e+09 179718 -472053 -1.5636e+09
-179762 472053 2.4083e+09 179762 -472053 -1.56368e+09
-179806 472053 2.40863e+09 179806 -472053 -1.56375e+09
-179850 472053 2.40895e+09 179850 -472053 -1.56383e+09
-179894 472053 2.40928e+09 179894 -472053 -1.5639e+09
-179937 472053 2.4096e+09 179937 -472053 -1.56398e+09
-179981 472053 2.40993e+09 179981 -472053 -1.56406e+09
-180025 472053 2.41025e+09 180025 -472053 -1.56413e+09
-180069 472053 2.41058e+09 180069 -472053 -1.56421e+09
-180113 472053 2.4109e+09 180113 -472053 -1.56428e+09
-180157 472053 2.41123e+09 180157 -472053 -1.56436e+09
-180200 472053 2.41156e+09 180200 -472053 -1.56444e+09
-180244 472053 2.41188e+09 180244 -472053 -1.56451e+09
-180288 472053 2.41221e+09 180288 -472053 -1.56459e+09
-180332 472053 2.41253e+09 180332 -472053 -1.56467e+09
-180376 472053 2.41286e+09 180376 -472053 -1.56474e+09
-180420 472053 2.41318e+09 180420 -472053 -1.56482e+09
-180463 472053 2.41351e+09 180463 -472053 -1.56489e+09
-180507 472053 2.41384e+09 180507 -472053 -1.56497e+09
-180551 472053 2.41416e+09 180551 -472053 -1.56505e+09
-180595 472053 2.41449e+09 180595 -472053 -1.56512e+09
-180639 472053 2.41481e+09 180639 -472053 -1.5652e+09
-180683 472053 2.41514e+09 180683 -472053 -1.56527e+09
-180726 472053 2.41546e+09 180726 -472053 -1.56535e+09
-180770 472053 2.41579e+09 180770 -472053 -1.56543e+09
-180814 472053 2.41611e+09 180814 -472053 -1.5655e+09
-180858 472053 2.41644e+09 180858 -472053 -1.56558e+09
-180902 472053 2.41677e+09 180902 -472053 -1.56565e+09
-180946 472053 2.41709e+09 180946 -472053 -1.56573e+09
-180990 472053 2.41742e+09 180990 -472053 -1.56581e+09
-181033 472053 2.41774e+09 181033 -472053 -1.56588e+09
-181077 472053 2.41807e+09 181077 -472053 -1.56596e+09
-181121 472053 2.41839e+09 181121 -472053 -1.56604e+09
-181165 472053 2.41872e+09 181165 -472053 -1.56611e+09
-181209 472053 2.41905e+09 181209 -472053 -1.56619e+09
-181253 472053 2.41937e+09 181253 -472053 -1.56626e+09
-181296 472053 2.4197e+09 181296 -472053 -1.56634e+09
-181340 472053 2.42002e+09 181340 -472053 -1.56642e+09
-181384 472053 2.42035e+09 181384 -472053 -1.56649e+09
-181428 472053 2.42067e+09 181428 -472053 -1.56657e+09
-181472 472053 2.421e+09 181472 -472053 -1.56664e+09
-181516 472053 2.42132e+09 181516 -472053 -1.56672e+09
-181559 472053 2.42165e+09 181559 -472053 -1.5668e+09
-181603 472053 2.42198e+09 181603 -472053 -1.56687e+09
-181647 472053 2.4223e+09 181647 -472053 -1.56695e+09
-181691 472053 2.42263e+09 181691 -472053 -1.56702e+09
-181735 472053 2.42295e+09 181735 -472053 -1.5671e+09
-181779 472053 2.42328e+09 181779 -472053 -1.56718e+09
-181822 472053 2.4236e+09 181822 -472053 -1.56725e+09
-181866 472053 2.42393e+09 181866 -472053 -1.56733e+09
-181910 472053 2.42426e+09 181910 -472053 -1.5674e+09
-181954 472053 2.42458e+09 181954 -472053 -1.56748e+09
-181998 472053 2.42491e+09 181998 -472053 -1.56756e+09
-182042 472053 2.42523e+09 182042 -472053 -1.56763e+09
-182086 472053 2.42556e+09 182086 -472053 -1.56771e+09
-182129 472053 2.42588e+09 182129 -472053 -1.56779e+09
-182173 472053 2.42621e+09 182173 -472053 -1.56786e+09
-182217 472053 2.42653e+09 182217 -472053 -1.56794e+09
-182261 472053 2.42686e+09 182261 -472053 -1.56801e+09
-182305 472053 2.42719e+09 182305 -472053 -1.56809e+09
-182349 472053 2.42751e+09 182349 -472053 -1.56817e+09
-182392 472053 2.42784e+09 182392 -472053 -1.56824e+09
-182436 472053 2.42816e+09 182436 -472053 -1.56832e+09
-182480 472053 2.42849e+09 182480 -472053 -1.56839e+09
-182524 472053 2.42881e+09 182524 -472053 -1.56847e+09
-182568 472053 2.42914e+09 182568 -472053 -1.56855e+09
-182612 472053 2.42947e+09 182612 -472053 -1.56862e+09
-182655 472053 2.42979e+09 182655 -472053 -1.5687e+09
-182699 472053 2.43012e+09 182699 -472053 -1.56877e+09
-182743 472053 2.43044e+09 182743 -472053 -1.56885e+09
-182787 472053 2.43077e+09 182787 -472053 -1.56893e+09
-182831 472053 2.43109e+09 182831 -472053 -1.569e+09
-182875 472053 2.43142e+09 182875 -472053 -1.56908e+09
-182918 472053 2.43174e+09 182918 -472053 -1.56916e+09
-182962 472053 2.43207e+09 182962 -472053 -1.56923e+09
-183006 472053 2.4324e+09 183006 -472053 -1.56931e+09
-183050 472053 2.43272e+09 183050 -472053 -1.56938e+09
-183094 472053 2.43305e+09 183094 -472053 -1.56946e+09
-183138 472053 2.43337e+09 183138 -472053 -1.56954e+09
-183182 472053 2.4337e+09 183182 -472053 -1.56961e+09
-183225 472053 2.43402e+09 183225 -472053 -1.56969e+09
-183269 472053 2.43435e+09 183269 -472053 -1.56976e+09
-183313 472053 2.43467e+09 183313 -472053 -1.56984e+09
-183357 472053 2.435e+09 183357 -472053 -1.56992e+09
-183401 472053 2.43533e+09 183401 -472053 -1.56999e+09
-183445 472053 2.43565e+09 183445 -472053 -1.57007e+09
-183488 472053 2.43598e+09 183488 -472053 -1.57014e+09
-183532 472053 2.4363e+09 183532 -472053 -1.57022e+09
-183576 472053 2.43663e+09 183576 -472053 -1.5703e+09
-183620 472053 2.43695e+09 183620 -472053 -1.57037e+09
-183664 472053 2.43728e+09 183664 -472053 -1.57045e+09
-183708 472053 2.43761e+09 183708 -472053 -1.57052e+09
-183751 472053 2.43793e+09 183751 -472053 -1.5706e+09
-183795 472053 2.43826e+09 183795 -472053 -1.57068e+09
-183839 472053 2.43858e+09 183839 -472053 -1.57075e+09
-183883 472053 2.43891e+09 183883 -472053 -1.57083e+09
-183927 472053 2.43923e+09 183927 -472053 -1.57091e+09
-183971 472053 2.43956e+09 183971 -472053 -1.57098e+09
-184015 472053 2.43988e+09 184015 -472053 -1.57106e+09
-184058 472053 2.44021e+09 184058 -472053 -1.57113e+09
-184102 472053 2.44054e+09 184102 -472053 -1.57121e+09
-184146 472053 2.44086e+09 184146 -472053 -1.57129e+09
-184190 472053 2.44119e+09 184190 -472053 -1.57136e+09
-184234 472053 2.44151e+09 184234 -472053 -1.57144e+09
-184278 472053 2.44184e+09 184278 -472053 -1.57151e+09
-184321 472053 2.44216e+09 184321 -472053 -1.57159e+09
-184365 472053 2.44249e+09 184365 -472053 -1.57167e+09
-184409 472053 2.44282e+09 184409 -472053 -1.57174e+09
-184453 472053 2.44314e+09 184453 -472053 -1.57182e+09
-184497 472053 2.44347e+09 184497 -472053 -1.57189e+09
-184541 472053 2.44379e+09 184541 -472053 -1.57197e+09
-184585 472053 2.44412e+09 184585 -472053 -1.57205e+09
-184628 472053 2.44444e+09 184628 -472053 -1.57212e+09
-184672 472053 2.44477e+09 184672 -472053 -1.5722e+09
-184716 472053 2.44509e+09 184716 -472053 -1.57227e+09
-184760 472053 2.44542e+09 184760 -472053 -1.57235e+09
-184804 472053 2.44575e+09 184804 -472053 -1.57243e+09
-184848 472053 2.44607e+09 184848 -472053 -1.5725e+09
-184891 472053 2.4464e+09 184891 -472053 -1.57258e+09
-184935 472053 2.44672e+09 184935 -472053 -1.57265e+09
-184979 472053 2.44705e+09 184979 -472053 -1.57273e+09
-185023 472053 2.44737e+09 185023 -472053 -1.57281e+09
-185067 472053 2.4477e+09 185067 -472053 -1.57288e+09
-185111 472053 2.44803e+09 185111 -472053 -1.57296e+09
-185155 472053 2.44835e+09 185155 -472053 -1.57304e+09
-185198 472053 2.44868e+09 185198 -472053 -1.57311e+09
-185242 472053 2.449e+09 185242 -472053 -1.57319e+09
-185286 472053 2.44933e+09 185286 -472053 -1.57326e+09
-185330 472053 2.44965e+09 185330 -472053 -1.57334e+09
-185374 472053 2.44998e+09 185374 -472053 -1.57342e+09
-185418 472053 2.4503e+09 185418 -472053 -1.57349e+09
-185461 472053 2.45063e+09 185461 -472053 -1.57357e+09
-185505 472053 2.45096e+09 185505 -472053 -1.57364e+09
-185549 472053 2.45128e+09 185549 -472053 -1.57372e+09
-185593 472053 2.45161e+09 185593 -472053 -1.5738e+09
-185637 472053 2.45193e+09 185637 -472053 -1.57387e+09
-185681 472053 2.45226e+09 185681 -472053 -1.57395e+09
-185725 472053 2.45258e+09 185725 -472053 -1.57402e+09
-185768 472053 2.45291e+09 185768 -472053 -1.5741e+09
-185812 472053 2.45324e+09 185812 -472053 -1.57418e+09
-185856 472053 2.45356e+09 185856 -472053 -1.57425e+09
-185900 472053 2.45389e+09 185900 -472053 -1.57433e+09
-185944 472053 2.45421e+09 185944 -472053 -1.5744e+09
-185988 472053 2.45454e+09 185988 -472053 -1.57448e+09
-186031 472053 2.45486e+09 186031 -472053 -1.57456e+09
-186075 472053 2.45519e+09 186075 -472053 -1.57463e+09
-186119 472053 2.45551e+09 186119 -472053 -1.57471e+09
-186163 472053 2.45584e+09 186163 -472053 -1.57479e+09
-186207 472053 2.45617e+09 186207 -472053 -1.57486e+09
-186251 472053 2.45649e+09 186251 -472053 -1.57494e+09
-186295 472053 2.45682e+09 186295 -472053 -1.57501e+09
-186338 472053 2.45714e+09 186338 -472053 -1.57509e+09
-186382 472053 2.45747e+09 186382 -472053 -1.57517e+09
-186426 472053 2.45779e+09 186426 -472053 -1.57524e+09
-186470 472053 2.45812e+09 186470 -472053 -1.57532e+09
-186514 472053 2.45844e+09 186514 -472053 -1.57539e+09
-186558 472053 2.45877e+09 186558 -472053 -1.57547e+09
-186601 472053 2.4591e+09 186601 -472053 -1.57555e+09
-186645 472053 2.45942e+09 186645 -472053 -1.57562e+09
-186689 472053 2.45975e+09 186689 -472053 -1.5757e+09
-186733 472053 2.46007e+09 186733 -472053 -1.57577e+09
-186777 472053 2.4604e+09 186777 -472053 -1.57585e+09
-186821 472053 2.46072e+09 186821 -472053 -1.57593e+09
-186865 472053 2.46105e+09 186865 -472053 -1.576e+09
-186908 472053 2.46138e+09 186908 -472053 -1.57608e+09
-186952 472053 2.4617e+09 186952 -472053 -1.57615e+09
-186996 472053 2.46203e+09 186996 -472053 -1.57623e+09
-187040 472053 2.46235e+09 187040 -472053 -1.57631e+09
-187084 472053 2.46268e+09 187084 -472053 -1.57638e+09
-187128 472053 2.463e+09 187128 -472053 -1.57646e+09
-187171 472053 2.46333e+09 187171 -472053 -1.57653e+09
-187215 472053 2.46365e+09 187215 -472053 -1.57661e+09
-187259 472053 2.46398e+09 187259 -472053 -1.57669e+09
-187303 472053 2.46431e+09 187303 -472053 -1.57676e+09
-187347 472053 2.46463e+09 187347 -472053 -1.57684e+09
-187391 472053 2.46496e+09 187391 -472053 -1.57691e+09
-187435 472053 2.46528e+09 187435 -472053 -1.57699e+09
-187478 472053 2.46561e+09 187478 -472053 -1.57707e+09
-187522 472053 2.46593e+09 187522 -472053 -1.57714e+09
-187566 472053 2.46626e+09 187566 -472053 -1.57722e+09
-187610 472053 2.46659e+09 187610 -472053 -1.5773e+09
-187654 472053 2.46691e+09 187654 -472053 -1.57737e+09
-187698 472053 2.46724e+09 187698 -472053 -1.57745e+09
-187741 472053 2.46756e+09 187741 -472053 -1.57752e+09
-187785 472053 2.46789e+09 187785 -472053 -1.5776e+09
-187829 472053 2.46821e+09 187829 -472053 -1.57768e+09
-187873 472053 2.46854e+09 187873 -472053 -1.57775e+09
-187917 472053 2.46886e+09 187917 -472053 -1.57783e+09
-187961 472053 2.46919e+09 187961 -472053 -1.5779e+09
-188005 472053 2.46952e+09 188005 -472053 -1.57798e+09
-188048 472053 2.46984e+09 188048 -472053 -1.57806e+09
-188092 472053 2.47017e+09 188092 -472053 -1.57813e+09
-188136 472053 2.47049e+09 188136 -472053 -1.57821e+09
-188180 472053 2.47082e+09 188180 -472053 -1.57828e+09
-188224 472053 2.47114e+09 188224 -472053 -1.57836e+09
-188268 472053 2.47147e+09 188268 -472053 -1.57844e+09
-188312 472053 2.4718e+09 188312 -472053 -1.57851e+09
-188355 472053 2.47212e+09 188355 -472053 -1.57859e+09
-188399 472053 2.47245e+09 188399 -472053 -1.57866e+09
-188443 472053 2.47277e+09 188443 -472053 -1.57874e+09
-188487 472053 2.4731e+09 188487 -472053 -1.57882e+09
-188531 472053 2.47342e+09 188531 -472053 -1.57889e+09
-188575 472053 2.47375e+09 188575 -472053 -1.57897e+09
-188618 472053 2.47407e+09 188618 -472053 -1.57904e+09
-188662 472053 2.4744e+09 188662 -472053 -1.57912e+09
-188706 472053 2.47473e+09 188706 -472053 -1.5792e+09
-188750 472053 2.47505e+09 188750 -472053 -1.57927e+09
-188794 472053 2.47538e+09 188794 -472053 -1.57935e+09
-188838 472053 2.4757e+09 188838 -472053 -1.57942e+09
-188927 472053 2.47605e+09 188927 -472053 -1.57932e+09
-189134 472053 2.47644e+09 189134 -472053 -1.57876e+09
-189341 472053 2.47683e+09 189341 -472053 -1.5782e+09
-189547 472053 2.47722e+09 189547 -472053 -1.57764e+09
-189754 472053 2.47761e+09 189754 -472053 -1.57708e+09
-189961 472053 2.478e+09 189961 -472053 -1.57651e+09
-190168 472053 2.4784e+09 190168 -472053 -1.57595e+09
-190375 472053 2.47879e+09 190375 -472053 -1.57539e+09
-190582 472053 2.47918e+09 190582 -472053 -1.57483e+09
-190789 472053 2.47957e+09 190789 -472053 -1.57427e+09
-190996 472053 2.47996e+09 190996 -472053 -1.5737e+09
-191202 472053 2.48035e+09 191202 -472053 -1.57314e+09
-191409 472053 2.48075e+09 191409 -472053 -1.57258e+09
-191616 472053 2.48114e+09 191616 -472053 -1.57202e+09
-191823 472053 2.48153e+09 191823 -472053 -1.57146e+09
-192030 472053 2.48192e+09 192030 -472053 -1.57089e+09
-192237 472053 2.48231e+09 192237 -472053 -1.57033e+09
-192444 472053 2.4827e+09 192444 -472053 -1.56977e+09
-192651 472053 2.4831e+09 192651 -472053 -1.56921e+09
-192857 472053 2.48349e+09 192857 -472053 -1.56864e+09
-193064 472053 2.48388e+09 193064 -472053 -1.56808e+09
-193271 472053 2.48427e+09 193271 -472053 -1.56752e+09
-193478 472053 2.48466e+09 193478 -472053 -1.56696e+09
-193685 472053 2.48505e+09 193685 -472053 -1.5664e+09
-193892 472053 2.48545e+09 193892 -472053 -1.56583e+09
-194099 472053 2.48584e+09 194099 -472053 -1.56527e+09
-194306 472053 2.48623e+09 194306 -472053 -1.56471e+09
-194513 472053 2.48662e+09 194513 -472053 -1.56415e+09
-194719 472053 2.48701e+09 194719 -472053 -1.56359e+09
-194926 472053 2.4874e+09 194926 -472053 -1.56302e+09
-195133 472053 2.4878e+09 195133 -472053 -1.56246e+09
-195340 472053 2.48819e+09 195340 -472053 -1.5619e+09
-195547 472053 2.48858e+09 195547 -472053 -1.56134e+09
-195754 472053 2.48897e+09 195754 -472053 -1.56078e+09
-195961 472053 2.48936e+09 195961 -472053 -1.56021e+09
-196168 472053 2.48975e+09 196168 -472053 -1.55965e+09
-196375 472053 2.49014e+09 196375 -472053 -1.55909e+09
-196581 472053 2.49054e+09 196581 -472053 -1.55853e+09
-196788 472053 2.49093e+09 196788 -472053 -1.55796e+09
-196995 472053 2.49132e+09 196995 -472053 -1.5574e+09
-197202 472053 2.49171e+09 197202 -472053 -1.55684e+09
-197409 472053 2.4921e+09 197409 -472053 -1.55628e+09
-197616 472053 2.49249e+09 197616 -472053 -1.55572e+09
-197823 472053 2.49289e+09 197823 -472053 -1.55515e+09
-198030 472053 2.49328e+09 198030 -472053 -1.55459e+09
-198237 472053 2.49367e+09 198237 -472053 -1.55403e+09
-198444 472053 2.49406e+09 198444 -472053 -1.55347e+09
-198650 472053 2.49445e+09 198650 -472053 -1.55291e+09
-198857 472053 2.49484e+09 198857 -472053 -1.55234e+09
-199064 472053 2.49524e+09 199064 -472053 -1.55178e+09
-199271 472053 2.49563e+09 199271 -472053 -1.55122e+09
-199478 472053 2.49602e+09 199478 -472053 -1.55066e+09
-199685 472053 2.49641e+09 199685 -472053 -1.55009e+09
-199892 472053 2.4968e+09 199892 -472053 -1.54953e+09
-200099 472053 2.49719e+09 200099 -472053 -1.54897e+09
-200306 472053 2.49759e+09 200306 -472053 -1.54841e+09
-200513 472053 2.49798e+09 200513 -472053 -1.54785e+09
-200719 472053 2.49837e+09 200719 -472053 -1.54728e+09
-200926 472053 2.49876e+09 200926 -472053 -1.54672e+09
-201133 472053 2.49915e+09 201133 -472053 -1.54616e+09
-201340 472053 2.49954e+09 201340 -472053 -1.5456e+09
-201547 472053 2.49994e+09 201547 -472053 -1.54504e+09
-201754 472053 2.50033e+09 201754 -472053 -1.54447e+09
-201961 472053 2.50072e+09 201961 -472053 -1.54391e+09
-201978 472053 2.50019e+09 201978 -472053 -1.54323e+09
-201974 472053 2.49955e+09 201974 -472053 -1.54253e+09
-201969 472053 2.49891e+09 201969 -472053 -1.54183e+09
-201965 472053 2.49828e+09 201965 -472053 -1.54113e+09
-201961 472053 2.49764e+09 201961 -472053 -1.54043e+09
-201957 472053 2.497e+09 201957 -472053 -1.53973e+09
-201952 472053 2.49637e+09 201952 -472053 -1.53904e+09
-201948 472053 2.49573e+09 201948 -472053 -1.53834e+09
-201944 472053 2.4951e+09 201944 -472053 -1.53764e+09
-201940 472053 2.49446e+09 201940 -472053 -1.53694e+09
-201936 472053 2.49382e+09 201936 -472053 -1.53624e+09
-201931 472053 2.49319e+09 201931 -472053 -1.53554e+09
-201927 472053 2.49255e+09 201927 -472053 -1.53485e+09
-201923 472053 2.49191e+09 201923 -472053 -1.53415e+09
-201919 472053 2.49128e+09 201919 -472053 -1.53345e+09
-201914 472053 2.49064e+09 201914 -472053 -1.53275e+09
-201910 472053 2.49001e+09 201910 -472053 -1.53205e+09
-201906 472053 2.48937e+09 201906 -472053 -1.53135e+09
-201902 472053 2.48873e+09 201902 -472053 -1.53065e+09
-201897 472053 2.4881e+09 201897 -472053 -1.52996e+09
-201893 472053 2.48746e+09 201893 -472053 -1.52926e+09
-201889 472053 2.48682e+09 201889 -472053 -1.52856e+09
-201885 472053 2.48619e+09 201885 -472053 -1.52786e+09
-201880 472053 2.48555e+09 201880 -472053 -1.52716e+09
-201876 472053 2.48492e+09 201876 -472053 -1.52646e+09
-201872 472053 2.48428e+09 201872 -472053 -1.52577e+09
-201868 472053 2.48364e+09 201868 -472053 -1.52507e+09
-201864 472053 2.48301e+09 201864 -472053 -1.52437e+09
-201859 472053 2.48237e+09 201859 -472053 -1.52367e+09
-201855 472053 2.48173e+09 201855 -472053 -1.52297e+09
-201851 472053 2.4811e+09 201851 -472053 -1.52227e+09
-201847 472053 2.48046e+09 201847 -472053 -1.52158e+09
-201842 472053 2.47983e+09 201842 -472053 -1.52088e+09
-201838 472053 2.47919e+09 201838 -472053 -1.52018e+09
-201834 472053 2.47855e+09 201834 -472053 -1.51948e+09
-201830 472053 2.47792e+09 201830 -472053 -1.51878e+09
-201825 472053 2.47728e+09 201825 -472053 -1.51808e+09
-201821 472053 2.47664e+09 201821 -472053 -1.51738e+09
-201817 472053 2.47601e+09 201817 -472053 -1.51669e+09
-201813 472053 2.47537e+09 201813 -472053 -1.51599e+09
-201809 472053 2.47474e+09 201809 -472053 -1.51529e+09
-201804 472053 2.4741e+09 201804 -472053 -1.51459e+09
-201800 472053 2.47346e+09 201800 -472053 -1.51389e+09
-201796 472053 2.47283e+09 201796 -472053 -1.51319e+09
-201792 472053 2.47219e+09 201792 -472053 -1.5125e+09
-201787 472053 2.47155e+09 201787 -472053 -1.5118e+09
-201783 472053 2.47092e+09 201783 -472053 -1.5111e+09
-201779 472053 2.47028e+09 201779 -472053 -1.5104e+09
-201775 472053 2.46965e+09 201775 -472053 -1.5097e+09
-201770 472053 2.46901e+09 201770 -472053 -1.509e+09
-201766 472053 2.46837e+09 201766 -472053 -1.50831e+09
-201762 472053 2.46774e+09 201762 -472053 -1.50761e+09
-201758 472053 2.4671e+09 201758 -472053 -1.50691e+09
-201754 472053 2.46646e+09 201754 -472053 -1.50621e+09
-201749 472053 2.46583e+09 201749 -472053 -1.50551e+09
-201745 472053 2.46519e+09 201745 -472053 -1.50481e+09
-201741 472053 2.46456e+09 201741 -472053 -1.50412e+09
-201737 472053 2.46392e+09 201737 -472053 -1.50342e+09
-201732 472053 2.46328e+09 201732 -472053 -1.50272e+09
-201728 472053 2.46265e+09 201728 -472053 -1.50202e+09
-201724 472053 2.46201e+09 201724 -472053 -1.50132e+09
-201720 472053 2.46137e+09 201720 -472053 -1.50062e+09
-201715 472053 2.46074e+09 201715 -472053 -1.49992e+09
-201711 472053 2.4601e+09 201711 -472053 -1.49923e+09
-201707 472053 2.45947e+09 201707 -472053 -1.49853e+09
-201703 472053 2.45883e+09 201703 -472053 -1.49783e+09
-201698 472053 2.45819e+09 201698 -472053 -1.49713e+09
-201694 472053 2.45756e+09 201694 -472053 -1.49643e+09
-201690 472053 2.45692e+09 201690 -472053 -1.49573e+09
-201686 472053 2.45628e+09 201686 -472053 -1.49504e+09
-201682 472053 2.45565e+09 201682 -472053 -1.49434e+09
-201677 472053 2.45501e+09 201677 -472053 -1.49364e+09
-201673 472053 2.45438e+09 201673 -472053 -1.49294e+09
-201669 472053 2.45374e+09 201669 -472053 -1.49224e+09
-201665 472053 2.4531e+09 201665 -472053 -1.49154e+09
-201660 472053 2.45247e+09 201660 -472053 -1.49085e+09
-201656 472053 2.45183e+09 201656 -472053 -1.49015e+09
-201652 472053 2.45119e+09 201652 -472053 -1.48945e+09
-201648 472053 2.45056e+09 201648 -472053 -1.48875e+09
-201643 472053 2.44992e+09 201643 -472053 -1.48805e+09
-201639 472053 2.44929e+09 201639 -472053 -1.48735e+09
-201635 472053 2.44865e+09 201635 -472053 -1.48666e+09
-201631 472053 2.44801e+09 201631 -472053 -1.48596e+09
-201627 472053 2.44738e+09 201627 -472053 -1.48526e+09
-201622 472053 2.44674e+09 201622 -472053 -1.48456e+09
-201618 472053 2.4461e+09 201618 -472053 -1.48386e+09
-201614 472053 2.44547e+09 201614 -472053 -1.48316e+09
-201610 472053 2.44483e+09 201610 -472053 -1.48246e+09
-201605 472053 2.4442e+09 201605 -472053 -1.48177e+09
-201601 472053 2.44356e+09 201601 -472053 -1.48107e+09
-201597 472053 2.44292e+09 201597 -472053 -1.48037e+09
-201593 472053 2.44229e+09 201593 -472053 -1.47967e+09
-201588 472053 2.44165e+09 201588 -472053 -1.47897e+09
-201584 472053 2.44101e+09 201584 -472053 -1.47827e+09
-201580 472053 2.44038e+09 201580 -472053 -1.47758e+09
-201576 472053 2.43974e+09 201576 -472053 -1.47688e+09
-201572 472053 2.43911e+09 201572 -472053 -1.47618e+09
-201567 472053 2.43847e+09 201567 -472053 -1.47548e+09
-201563 472053 2.43783e+09 201563 -472053 -1.47478e+09
-201559 472053 2.4372e+09 201559 -472053 -1.47408e+09
-201555 472053 2.43656e+09 201555 -472053 -1.47339e+09
-201550 472053 2.43592e+09 201550 -472053 -1.47269e+09
-201546 472053 2.43529e+09 201546 -472053 -1.47199e+09
-201542 472053 2.43465e+09 201542 -472053 -1.47129e+09
-201538 472053 2.43402e+09 201538 -472053 -1.47059e+09
-201533 472053 2.43338e+09 201533 -472053 -1.46989e+09
-201529 472053 2.43274e+09 201529 -472053 -1.4692e+09
-201525 472053 2.43211e+09 201525 -472053 -1.4685e+09
-201521 472053 2.43147e+09 201521 -472053 -1.4678e+09
-201517 472053 2.43083e+09 201517 -472053 -1.4671e+09
-201512 472053 2.4302e+09 201512 -472053 -1.4664e+09
-201508 472053 2.42956e+09 201508 -472053 -1.4657e+09
-201504 472053 2.42893e+09 201504 -472053 -1.465e+09
-201500 472053 2.42829e+09 201500 -472053 -1.46431e+09
-201495 472053 2.42765e+09 201495 -472053 -1.46361e+09
-201491 472053 2.42702e+09 201491 -472053 -1.46291e+09
-201487 472053 2.42638e+09 201487 -472053 -1.46221e+09
-201483 472053 2.42574e+09 201483 -472053 -1.46151e+09
-201478 472053 2.42511e+09 201478 -472053 -1.46081e+09
-201474 472053 2.42447e+09 201474 -472053 -1.46012e+09
-201470 472053 2.42384e+09 201470 -472053 -1.45942e+09
-201466 472053 2.4232e+09 201466 -472053 -1.45872e+09
-201462 472053 2.42256e+09 201462 -472053 -1.45802e+09
-201457 472053 2.42193e+09 201457 -472053 -1.45732e+09
-201453 472053 2.42129e+09 201453 -472053 -1.45662e+09
-201449 472053 2.42065e+09 201449 -472053 -1.45593e+09
-201445 472053 2.42002e+09 201445 -472053 -1.45523e+09
-201440 472053 2.41938e+09 201440 -472053 -1.45453e+09
-201436 472053 2.41875e+09 201436 -472053 -1.45383e+09
-201432 472053 2.41811e+09 201432 -472053 -1.45313e+09
-201428 472053 2.41747e+09 201428 -472053 -1.45243e+09
-201423 472053 2.41684e+09 201423 -472053 -1.45174e+09
-201419 472053 2.4162e+09 201419 -472053 -1.45104e+09
-201415 472053 2.41556e+09 201415 -472053 -1.45034e+09
-201411 472053 2.41493e+09 201411 -472053 -1.44964e+09
-201406 472053 2.41429e+09 201406 -472053 -1.44894e+09
-201402 472053 2.41366e+09 201402 -472053 -1.44824e+09
-201398 472053 2.41302e+09 201398 -472053 -1.44755e+09
-201394 472053 2.41238e+09 201394 -472053 -1.44685e+09
-201390 472053 2.41175e+09 201390 -472053 -1.44615e+09
-201385 472053 2.41111e+09 201385 -472053 -1.44545e+09
-201381 472053 2.41047e+09 201381 -472053 -1.44475e+09
-201377 472053 2.40984e+09 201377 -472053 -1.44405e+09
-201373 472053 2.4092e+09 201373 -472053 -1.44335e+09
-201368 472053 2.40857e+09 201368 -472053 -1.44266e+09
-201364 472053 2.40793e+09 201364 -472053 -1.44196e+09
-201360 472053 2.40729e+09 201360 -472053 -1.44126e+09
-201356 472053 2.40666e+09 201356 -472053 -1.44056e+09
-201351 472053 2.40602e+09 201351 -472053 -1.43986e+09
-201347 472053 2.40538e+09 201347 -472053 -1.43916e+09
-201343 472053 2.40475e+09 201343 -472053 -1.43847e+09
-201339 472053 2.40411e+09 201339 -472053 -1.43777e+09
-201335 472053 2.40348e+09 201335 -472053 -1.43707e+09
-201330 472053 2.40284e+09 201330 -472053 -1.43637e+09
-201326 472053 2.4022e+09 201326 -472053 -1.43567e+09
-201322 472053 2.40157e+09 201322 -472053 -1.43497e+09
-201318 472053 2.40093e+09 201318 -472053 -1.43428e+09
-201313 472053 2.4003e+09 201313 -472053 -1.43358e+09
-201309 472053 2.39966e+09 201309 -472053 -1.43288e+09
-201305 472053 2.39902e+09 201305 -472053 -1.43218e+09
-201301 472053 2.39839e+09 201301 -472053 -1.43148e+09
-201296 472053 2.39775e+09 201296 -472053 -1.43078e+09
-201292 472053 2.39711e+09 201292 -472053 -1.43009e+09
-201288 472053 2.39648e+09 201288 -472053 -1.42939e+09
-201284 472053 2.39584e+09 201284 -472053 -1.42869e+09
-201280 472053 2.39521e+09 201280 -472053 -1.42799e+09
-201275 472053 2.39457e+09 201275 -472053 -1.42729e+09
-201271 472053 2.39393e+09 201271 -472053 -1.42659e+09
-201267 472053 2.3933e+09 201267 -472053 -1.4259e+09
-201263 472053 2.39266e+09 201263 -472053 -1.4252e+09
-201258 472053 2.39202e+09 201258 -472053 -1.4245e+09
-201254 472053 2.39139e+09 201254 -472053 -1.4238e+09
-201250 472053 2.39075e+09 201250 -472053 -1.4231e+09
-201246 472053 2.39012e+09 201246 -472053 -1.4224e+09
-201241 472053 2.38948e+09 201241 -472053 -1.42171e+09
-201237 472053 2.38884e+09 201237 -472053 -1.42101e+09
-201233 472053 2.38821e+09 201233 -472053 -1.42031e+09
-201229 472053 2.38757e+09 201229 -472053 -1.41961e+09
-201225 472053 2.38693e+09 201225 -472053 -1.41891e+09
-201220 472053 2.3863e+09 201220 -472053 -1.41821e+09
-201216 472053 2.38566e+09 201216 -472053 -1.41752e+09
-201212 472053 2.38503e+09 201212 -472053 -1.41682e+09
-201208 472053 2.38439e+09 201208 -472053 -1.41612e+09
-201203 472053 2.38375e+09 201203 -472053 -1.41542e+09
-201199 472053 2.38312e+09 201199 -472053 -1.41472e+09
-201195 472053 2.38248e+09 201195 -472053 -1.41402e+09
-201191 472053 2.38184e+09 201191 -472053 -1.41332e+09
-201186 472053 2.38121e+09 201186 -472053 -1.41263e+09
-201182 472053 2.38057e+09 201182 -472053 -1.41193e+09
-201178 472053 2.37994e+09 201178 -472053 -1.41123e+09
-201174 472053 2.3793e+09 201174 -472053 -1.41053e+09
-201170 472053 2.37866e+09 201170 -472053 -1.40983e+09
-201165 472053 2.37803e+09 201165 -472053 -1.40913e+09
-201161 472053 2.37739e+09 201161 -472053 -1.40844e+09
-201157 472053 2.37676e+09 201157 -472053 -1.40774e+09
-201153 472053 2.37612e+09 201153 -472053 -1.40704e+09
-201148 472053 2.37548e+09 201148 -472053 -1.40634e+09
-201144 472053 2.37485e+09 201144 -472053 -1.40564e+09
-201140 472053 2.37421e+09 201140 -472053 -1.40494e+09
-201136 472053 2.37357e+09 201136 -472053 -1.40425e+09
-201131 472053 2.37294e+09 201131 -472053 -1.40355e+09
-201127 472053 2.3723e+09 201127 -472053 -1.40285e+09
-201123 472053 2.37167e+09 201123 -472053 -1.40215e+09
-201119 472053 2.37103e+09 201119 -472053 -1.40145e+09
-201115 472053 2.37039e+09 201115 -472053 -1.40075e+09
-201110 472053 2.36976e+09 201110 -472053 -1.40006e+09
-201106 472053 2.36912e+09 201106 -472053 -1.39936e+09
-201102 472053 2.36848e+09 201102 -472053 -1.39866e+09
-201098 472053 2.36785e+09 201098 -472053 -1.39796e+09
-201093 472053 2.36721e+09 201093 -472053 -1.39726e+09
-201089 472053 2.36658e+09 201089 -472053 -1.39656e+09
-201085 472053 2.36594e+09 201085 -472053 -1.39587e+09
-201081 472053 2.3653e+09 201081 -472053 -1.39517e+09
-201076 472053 2.36467e+09 201076 -472053 -1.39447e+09
-201072 472053 2.36403e+09 201072 -472053 -1.39377e+09
-201068 472053 2.36339e+09 201068 -472053 -1.39307e+09
-201064 472053 2.36276e+09 201064 -472053 -1.39237e+09
-201060 472053 2.36212e+09 201060 -472053 -1.39168e+09
-201055 472053 2.36149e+09 201055 -472053 -1.39098e+09
-201051 472053 2.36085e+09 201051 -472053 -1.39028e+09
-201047 472053 2.36021e+09 201047 -472053 -1.38958e+09
-201043 472053 2.35958e+09 201043 -472053 -1.38888e+09
-201038 472053 2.35894e+09 201038 -472053 -1.38818e+09
-201034 472053 2.35831e+09 201034 -472053 -1.38749e+09
-201030 472053 2.35767e+09 201030 -472053 -1.38679e+09
-201026 472053 2.35703e+09 201026 -472053 -1.38609e+09
-201021 472053 2.3564e+09 201021 -472053 -1.38539e+09
-201017 472053 2.35576e+09 201017 -472053 -1.38469e+09
-201013 472053 2.35512e+09 201013 -472053 -1.38399e+09
-201009 472053 2.35449e+09 201009 -472053 -1.3833e+09
-201005 472053 2.35385e+09 201005 -472053 -1.3826e+09
-201000 472053 2.35322e+09 201000 -472053 -1.3819e+09
-200996 472053 2.35258e+09 200996 -472053 -1.3812e+09
-200992 472053 2.35194e+09 200992 -472053 -1.3805e+09
-200988 472053 2.35131e+09 200988 -472053 -1.3798e+09
-200983 472053 2.35067e+09 200983 -472053 -1.37911e+09
-200979 472053 2.35003e+09 200979 -472053 -1.37841e+09
-200975 472053 2.3494e+09 200975 -472053 -1.37771e+09
-200971 472053 2.34876e+09 200971 -472053 -1.37701e+09
-200966 472053 2.34813e+09 200966 -472053 -1.37631e+09
-200962 472053 2.34749e+09 200962 -472053 -1.37561e+09
-200958 472053 2.34685e+09 200958 -472053 -1.37492e+09
-200954 472053 2.34622e+09 200954 -472053 -1.37422e+09
-200950 472053 2.34558e+09 200950 -472053 -1.37352e+09
-200945 472053 2.34494e+09 200945 -472053 -1.37282e+09
-200941 472053 2.34431e+09 200941 -472053 -1.37212e+09
-200937 472053 2.34367e+09 200937 -472053 -1.37142e+09
-200933 472053 2.34304e+09 200933 -472053 -1.37073e+09
-200928 472053 2.3424e+09 200928 -472053 -1.37003e+09
-200924 472053 2.34176e+09 200924 -472053 -1.36933e+09
-200920 472053 2.34113e+09 200920 -472053 -1.36863e+09
-200916 472053 2.34049e+09 200916 -472053 -1.36793e+09
-200912 472053 2.33986e+09 200912 -472053 -1.36723e+09
-200907 472053 2.33922e+09 200907 -472053 -1.36653e+09
-200903 472053 2.33858e+09 200903 -472053 -1.36584e+09
-200899 472053 2.33795e+09 200899 -472053 -1.36514e+09
-200895 472053 2.33731e+09 200895 -472053 -1.36444e+09
-200890 472053 2.33667e+09 200890 -472053 -1.36374e+09
-200886 472053 2.33604e+09 200886 -472053 -1.36304e+09
-200882 472053 2.3354e+09 200882 -472053 -1.36234e+09
-200878 472053 2.33477e+09 200878 -472053 -1.36165e+09
-200873 472053 2.33413e+09 200873 -472053 -1.36095e+09
-200869 472053 2.33349e+09 200869 -472053 -1.36025e+09
-200865 472053 2.33286e+09 200865 -472053 -1.35955e+09
-200861 472053 2.33222e+09 200861 -472053 -1.35885e+09
-200857 472053 2.33158e+09 200857 -472053 -1.35815e+09
-200852 472053 2.33095e+09 200852 -472053 -1.35746e+09
-200848 472053 2.33031e+09 200848 -472053 -1.35676e+09
-200844 472053 2.32968e+09 200844 -472053 -1.35606e+09
-200840 472053 2.32904e+09 200840 -472053 -1.35536e+09
-200835 472053 2.3284e+09 200835 -472053 -1.35466e+09
-200831 472053 2.32777e+09 200831 -472053 -1.35396e+09
-200827 472053 2.32713e+09 200827 -472053 -1.35327e+09
-200823 472053 2.3265e+09 200823 -472053 -1.35257e+09
-200818 472053 2.32586e+09 200818 -472053 -1.35187e+09
-200814 472053 2.32522e+09 200814 -472053 -1.35117e+09
-200810 472053 2.32459e+09 200810 -472053 -1.35047e+09
-200806 472053 2.32395e+09 200806 -472053 -1.34977e+09
-200802 472053 2.32331e+09 200802 -472053 -1.34908e+09
-200797 472053 2.32268e+09 200797 -472053 -1.34838e+09
-200793 472053 2.32204e+09 200793 -472053 -1.34768e+09
-200789 472053 2.32141e+09 200789 -472053 -1.34698e+09
-200785 472053 2.32077e+09 200785 -472053 -1.34628e+09
-200780 472053 2.32013e+09 200780 -472053 -1.34558e+09
-200776 472053 2.3195e+09 200776 -472053 -1.34489e+09
-200772 472053 2.31886e+09 200772 -472053 -1.34419e+09
-200768 472053 2.31823e+09 200768 -472053 -1.34349e+09
-200763 472053 2.31759e+09 200763 -472053 -1.34279e+09
-200759 472053 2.31695e+09 200759 -472053 -1.34209e+09
-200755 472053 2.31632e+09 200755 -472053 -1.34139e+09
-200751 472053 2.31568e+09 200751 -472053 -1.3407e+09
-200747 472053 2.31504e+09 200747 -472053 -1.34e+09
-200742 472053 2.31441e+09 200742 -472053 -1.3393e+09
-200738 472053 2.31377e+09 200738 -472053 -1.3386e+09
-200734 472053 2.31314e+09 200734 -472053 -1.3379e+09
-200730 472053 2.3125e+09 200730 -472053 -1.3372e+09
-200725 472053 2.31186e+09 200725 -472053 -1.33651e+09
-200721 472053 2.31123e+09 200721 -472053 -1.33581e+09
-200717 472053 2.31059e+09 200717 -472053 -1.33511e+09
-200713 472053 2.30995e+09 200713 -472053 -1.33441e+09
-200708 472053 2.30932e+09 200708 -472053 -1.33371e+09
-200704 472053 2.30868e+09 200704 -472053 -1.33301e+09
-200700 472053 2.30805e+09 200700 -472053 -1.33232e+09
-200696 472053 2.30741e+09 200696 -472053 -1.33162e+09
-200692 472053 2.30677e+09 200692 -472053 -1.33092e+09
-200687 472053 2.30614e+09 200687 -472053 -1.33022e+09
-200683 472053 2.3055e+09 200683 -472053 -1.32952e+09
-200679 472053 2.30487e+09 200679 -472053 -1.32882e+09
-200675 472053 2.30423e+09 200675 -472053 -1.32813e+09
-200670 472053 2.30359e+09 200670 -472053 -1.32743e+09
-200666 472053 2.30296e+09 200666 -472053 -1.32673e+09
-200662 472053 2.30232e+09 200662 -472053 -1.32603e+09
-200658 472053 2.30168e+09 200658 -472053 -1.32533e+09
-200653 472053 2.30105e+09 200653 -472053 -1.32463e+09
-200649 472053 2.30041e+09 200649 -472053 -1.32394e+09
-200645 472053 2.29978e+09 200645 -472053 -1.32324e+09
-200641 472053 2.29914e+09 200641 -472053 -1.32254e+09
-200637 472053 2.2985e+09 200637 -472053 -1.32184e+09
-200632 472053 2.29787e+09 200632 -472053 -1.32114e+09
-200628 472053 2.29723e+09 200628 -472053 -1.32044e+09
-200624 472053 2.2966e+09 200624 -472053 -1.31975e+09
-200620 472053 2.29596e+09 200620 -472053 -1.31905e+09
-200615 472053 2.29532e+09 200615 -472053 -1.31835e+09
-200611 472053 2.29469e+09 200611 -472053 -1.31765e+09
-200607 472053 2.29405e+09 200607 -472053 -1.31695e+09
-200603 472053 2.29341e+09 200603 -472053 -1.31625e+09
-200599 472053 2.29278e+09 200599 -472053 -1.31556e+09
-200594 472053 2.29214e+09 200594 -472053 -1.31486e+09
-200590 472053 2.29151e+09 200590 -472053 -1.31416e+09
-200586 472053 2.29087e+09 200586 -472053 -1.31346e+09
-200582 472053 2.29023e+09 200582 -472053 -1.31276e+09
-200577 472053 2.2896e+09 200577 -472053 -1.31206e+09
-200573 472053 2.28896e+09 200573 -472053 -1.31137e+09
-200569 472053 2.28832e+09 200569 -472053 -1.31067e+09
-200565 472053 2.28769e+09 200565 -472053 -1.30997e+09
-200560 472053 2.28705e+09 200560 -472053 -1.30927e+09
-200556 472053 2.28642e+09 200556 -472053 -1.30857e+09
-200552 472053 2.28578e+09 200552 -472053 -1.30788e+09
-200548 472053 2.28514e+09 200548 -472053 -1.30718e+09
-200544 472053 2.28451e+09 200544 -472053 -1.30648e+09
-200539 472053 2.28387e+09 200539 -472053 -1.30578e+09
-200535 472053 2.28324e+09 200535 -472053 -1.30508e+09
-200531 472053 2.2826e+09 200531 -472053 -1.30438e+09
-200527 472053 2.28196e+09 200527 -472053 -1.30369e+09
-200522 472053 2.28133e+09 200522 -472053 -1.30299e+09
-200518 472053 2.28069e+09 200518 -472053 -1.30229e+09
-200514 472053 2.28005e+09 200514 -472053 -1.30159e+09
-200510 472053 2.27942e+09 200510 -472053 -1.30089e+09
-200505 472053 2.27878e+09 200505 -472053 -1.30019e+09
-200501 472053 2.27815e+09 200501 -472053 -1.2995e+09
-200497 472053 2.27751e+09 200497 -472053 -1.2988e+09
-200493 472053 2.27687e+09 200493 -472053 -1.2981e+09
-200489 472053 2.27624e+09 200489 -472053 -1.2974e+09
-200484 472053 2.2756e+09 200484 -472053 -1.2967e+09
-200480 472053 2.27497e+09 200480 -472053 -1.296e+09
-200476 472053 2.27433e+09 200476 -472053 -1.29531e+09
-200472 472053 2.27369e+09 200472 -472053 -1.29461e+09
-200467 472053 2.27306e+09 200467 -472053 -1.29391e+09
-200463 472053 2.27242e+09 200463 -472053 -1.29321e+09
-200459 472053 2.27178e+09 200459 -472053 -1.29251e+09
-200455 472053 2.27115e+09 200455 -472053 -1.29181e+09
-200450 472053 2.27051e+09 200450 -472053 -1.29112e+09
-200446 472053 2.26988e+09 200446 -472053 -1.29042e+09
-200442 472053 2.26924e+09 200442 -472053 -1.28972e+09
-200438 472053 2.2686e+09 200438 -472053 -1.28902e+09
-200434 472053 2.26797e+09 200434 -472053 -1.28832e+09
-200429 472053 2.26733e+09 200429 -472053 -1.28762e+09
-200425 472053 2.2667e+09 200425 -472053 -1.28693e+09
-200421 472053 2.26606e+09 200421 -472053 -1.28623e+09
-200417 472053 2.26542e+09 200417 -472053 -1.28553e+09
-200412 472053 2.26479e+09 200412 -472053 -1.28483e+09
-200408 472053 2.26415e+09 200408 -472053 -1.28413e+09
-200404 472053 2.26351e+09 200404 -472053 -1.28343e+09
-200400 472053 2.26288e+09 200400 -472053 -1.28274e+09
-200396 472053 2.26224e+09 200396 -472053 -1.28204e+09
-200391 472053 2.26161e+09 200391 -472053 -1.28134e+09
-200387 472053 2.26097e+09 200387 -472053 -1.28064e+09
-200383 472053 2.26033e+09 200383 -472053 -1.27994e+09
-200379 472053 2.2597e+09 200379 -472053 -1.27924e+09
-200374 472053 2.25906e+09 200374 -472053 -1.27855e+09
-200370 472053 2.25843e+09 200370 -472053 -1.27785e+09
-200366 472053 2.25779e+09 200366 -472053 -1.27715e+09
-200362 472053 2.25715e+09 200362 -472053 -1.27645e+09
-200357 472053 2.25652e+09 200357 -472053 -1.27575e+09
-200353 472053 2.25588e+09 200353 -472053 -1.27505e+09
-200349 472053 2.25524e+09 200349 -472053 -1.27436e+09
-200345 472053 2.25461e+09 200345 -472053 -1.27366e+09
-200341 472053 2.25397e+09 200341 -472053 -1.27296e+09
-200336 472053 2.25334e+09 200336 -472053 -1.27226e+09
-200332 472053 2.2527e+09 200332 -472053 -1.27156e+09
-200328 472053 2.25206e+09 200328 -472053 -1.27086e+09
-200324 472053 2.25143e+09 200324 -472053 -1.27017e+09
-200319 472053 2.25079e+09 200319 -472053 -1.26947e+09
-200315 472053 2.25016e+09 200315 -472053 -1.26877e+09
-200311 472053 2.24952e+09 200311 -472053 -1.26807e+09
-200307 472053 2.24888e+09 200307 -472053 -1.26737e+09
-200302 472053 2.24825e+09 200302 -472053 -1.26667e+09
-200298 472053 2.24761e+09 200298 -472053 -1.26598e+09
-200294 472053 2.24697e+09 200294 -472053 -1.26528e+09
-200290 472053 2.24634e+09 200290 -472053 -1.26458e+09
-200286 472053 2.2457e+09 200286 -472053 -1.26388e+09
-200281 472053 2.24507e+09 200281 -472053 -1.26318e+09
-200277 472053 2.24443e+09 200277 -472053 -1.26248e+09
-200273 472053 2.24379e+09 200273 -472053 -1.26179e+09
-200269 472053 2.24316e+09 200269 -472053 -1.26109e+09
-200264 472053 2.24252e+09 200264 -472053 -1.26039e+09
-200260 472053 2.24189e+09 200260 -472053 -1.25969e+09
-200256 472053 2.24125e+09 200256 -472053 -1.25899e+09
-200252 472053 2.24061e+09 200252 -472053 -1.2583e+09
-200248 472053 2.23998e+09 200248 -472053 -1.2576e+09
-200243 472053 2.23934e+09 200243 -472053 -1.2569e+09
-200239 472053 2.2387e+09 200239 -472053 -1.2562e+09
-200235 472053 2.23807e+09 200235 -472053 -1.2555e+09
-200231 472053 2.23743e+09 200231 -472053 -1.2548e+09
-200226 472053 2.2368e+09 200226 -472053 -1.25411e+09
-200222 472053 2.23616e+09 200222 -472053 -1.25341e+09
-200218 472053 2.23552e+09 200218 -472053 -1.25271e+09
-200214 472053 2.23489e+09 200214 -472053 -1.25201e+09
-200209 472053 2.23425e+09 200209 -472053 -1.25131e+09
-200205 472053 2.23362e+09 200205 -472053 -1.25061e+09
-200201 472053 2.23298e+09 200201 -472053 -1.24992e+09
-200197 472053 2.23234e+09 200197 -472053 -1.24922e+09
-200193 472053 2.23171e+09 200193 -472053 -1.24852e+09
-200188 472053 2.23107e+09 200188 -472053 -1.24782e+09
-200184 472053 2.23044e+09 200184 -472053 -1.24712e+09
-200180 472053 2.2298e+09 200180 -472053 -1.24642e+09
-200176 472053 2.22916e+09 200176 -472053 -1.24573e+09
-200171 472053 2.22853e+09 200171 -472053 -1.24503e+09
-200167 472053 2.22789e+09 200167 -472053 -1.24433e+09
-200163 472053 2.22725e+09 200163 -472053 -1.24363e+09
-200159 472053 2.22662e+09 200159 -472053 -1.24293e+09
-200155 472053 2.22598e+09 200155 -472053 -1.24223e+09
-200150 472053 2.22535e+09 200150 -472053 -1.24154e+09
-200146 472053 2.22471e+09 200146 -472053 -1.24084e+09
-200142 472053 2.22407e+09 200142 -472053 -1.24014e+09
-200138 472053 2.22344e+09 200138 -472053 -1.23944e+09
-200133 472053 2.2228e+09 200133 -472053 -1.23874e+09
-200129 472053 2.22217e+09 200129 -472053 -1.23804e+09
-200125 472053 2.22153e+09 200125 -472053 -1.23735e+09
-200121 472053 2.22089e+09 200121 -472053 -1.23665e+09
-200116 472053 2.22026e+09 200116 -472053 -1.23595e+09
-200112 472053 2.21962e+09 200112 -472053 -1.23525e+09
-200108 472053 2.21898e+09 200108 -472053 -1.23455e+09
-200104 472053 2.21835e+09 200104 -472053 -1.23385e+09
-200100 472053 2.21771e+09 200100 -472053 -1.23316e+09
-200095 472053 2.21708e+09 200095 -472053 -1.23246e+09
-200091 472053 2.21644e+09 200091 -472053 -1.23176e+09
-200087 472053 2.2158e+09 200087 -472053 -1.23106e+09
-200083 472053 2.21517e+09 200083 -472053 -1.23036e+09
-200078 472053 2.21453e+09 200078 -472053 -1.22967e+09
-200074 472053 2.2139e+09 200074 -472053 -1.22897e+09
-200070 472053 2.21326e+09 200070 -472053 -1.22827e+09
-200066 472053 2.21262e+09 200066 -472053 -1.22757e+09
-200062 472053 2.21199e+09 200062 -472053 -1.22687e+09
-200057 472053 2.21135e+09 200057 -472053 -1.22617e+09
-200053 472053 2.21071e+09 200053 -472053 -1.22548e+09
-200049 472053 2.21008e+09 200049 -472053 -1.22478e+09
-200045 472053 2.20944e+09 200045 -472053 -1.22408e+09
-200040 472053 2.20881e+09 200040 -472053 -1.22338e+09
-200036 472053 2.20817e+09 200036 -472053 -1.22268e+09
-200032 472053 2.20753e+09 200032 -472053 -1.22198e+09
-200028 472053 2.2069e+09 200028 -472053 -1.22129e+09
-200023 472053 2.20626e+09 200023 -472053 -1.22059e+09
-200019 472053 2.20563e+09 200019 -472053 -1.21989e+09
-200015 472053 2.20499e+09 200015 -472053 -1.21919e+09
-200011 472053 2.20435e+09 200011 -472053 -1.21849e+09
-200007 472053 2.20372e+09 200007 -472053 -1.21779e+09
-200002 472053 2.20308e+09 200002 -472053 -1.2171e+09
-199998 472053 2.20245e+09 199998 -472053 -1.2164e+09
-199994 472053 2.20181e+09 199994 -472053 -1.2157e+09
-199990 472053 2.20117e+09 199990 -472053 -1.215e+09
-199985 472053 2.20054e+09 199985 -472053 -1.2143e+09
-199981 472053 2.1999e+09 199981 -472053 -1.2136e+09
-199977 472053 2.19926e+09 199977 -472053 -1.21291e+09
-199973 472053 2.19863e+09 199973 -472053 -1.21221e+09
-199968 472053 2.19799e+09 199968 -472053 -1.21151e+09
-199964 472053 2.19736e+09 199964 -472053 -1.21081e+09
-199960 472053 2.19672e+09 199960 -472053 -1.21011e+09
-199956 472053 2.19608e+09 199956 -472053 -1.20941e+09
-199952 472053 2.19545e+09 199952 -472053 -1.20872e+09
-199947 472053 2.19481e+09 199947 -472053 -1.20802e+09
-199943 472053 2.19418e+09 199943 -472053 -1.20732e+09
-199939 472053 2.19354e+09 199939 -472053 -1.20662e+09
-199935 472053 2.1929e+09 199935 -472053 -1.20592e+09
-199930 472053 2.19227e+09 199930 -472053 -1.20523e+09
-199926 472053 2.19163e+09 199926 -472053 -1.20453e+09
-199922 472053 2.191e+09 199922 -472053 -1.20383e+09
-199918 472053 2.19036e+09 199918 -472053 -1.20313e+09
-199914 472053 2.18972e+09 199914 -472053 -1.20243e+09
-199909 472053 2.18909e+09 199909 -472053 -1.20173e+09
-199905 472053 2.18845e+09 199905 -472053 -1.20104e+09
-199901 472053 2.18781e+09 199901 -472053 -1.20034e+09
-199897 472053 2.18718e+09 199897 -472053 -1.19964e+09
-199892 472053 2.18654e+09 199892 -472053 -1.19894e+09
-199888 472053 2.18591e+09 199888 -472053 -1.19824e+09
-199884 472053 2.18527e+09 199884 -472053 -1.19754e+09
-199880 472053 2.18463e+09 199880 -472053 -1.19685e+09
-199875 472053 2.184e+09 199875 -472053 -1.19615e+09
-199871 472053 2.18336e+09 199871 -472053 -1.19545e+09
-199867 472053 2.18273e+09 199867 -472053 -1.19475e+09
-199863 472053 2.18209e+09 199863 -472053 -1.19405e+09
-199859 472053 2.18145e+09 199859 -472053 -1.19335e+09
-199854 472053 2.18082e+09 199854 -472053 -1.19266e+09
-199850 472053 2.18018e+09 199850 -472053 -1.19196e+09
-199846 472053 2.17955e+09 199846 -472053 -1.19126e+09
-199842 472053 2.17891e+09 199842 -472053 -1.19056e+09
-199837 472053 2.17827e+09 199837 -472053 -1.18986e+09
-199833 472053 2.17764e+09 199833 -472053 -1.18917e+09
-199829 472053 2.177e+09 199829 -472053 -1.18847e+09
-199825 472053 2.17636e+09 199825 -472053 -1.18777e+09
-199821 472053 2.17573e+09 199821 -472053 -1.18707e+09
-199816 472053 2.17509e+09 199816 -472053 -1.18637e+09
-199812 472053 2.17446e+09 199812 -472053 -1.18567e+09
-199808 472053 2.17382e+09 199808 -472053 -1.18498e+09
-199804 472053 2.17318e+09 199804 -472053 -1.18428e+09
-199799 472053 2.17255e+09 199799 -472053 -1.18358e+09
-199795 472053 2.17191e+09 199795 -472053 -1.18288e+09
-199791 472053 2.17128e+09 199791 -472053 -1.18218e+09
-199787 472053 2.17064e+09 199787 -472053 -1.18148e+09
-199782 472053 2.17e+09 199782 -472053 -1.18079e+09
-199778 472053 2.16937e+09 199778 -472053 -1.18009e+09
-199774 472053 2.16873e+09 199774 -472053 -1.17939e+09
-199770 472053 2.1681e+09 199770 -472053 -1.17869e+09
-199766 472053 2.16746e+09 199766 -472053 -1.17799e+09
-199761 472053 2.16682e+09 199761 -472053 -1.17729e+09
-199757 472053 2.16619e+09 199757 -472053 -1.1766e+09
-199753 472053 2.16555e+09 199753 -472053 -1.1759e+09
-199749 472053 2.16491e+09 199749 -472053 -1.1752e+09
-199744 472053 2.16428e+09 199744 -472053 -1.1745e+09
-199740 472053 2.16364e+09 199740 -472053 -1.1738e+09
-199736 472053 2.16301e+09 199736 -472053 -1.17311e+09
-199732 472053 2.16237e+09 199732 -472053 -1.17241e+09
-199728 472053 2.16173e+09 199728 -472053 -1.17171e+09
-199723 472053 2.1611e+09 199723 -472053 -1.17101e+09
-199719 472053 2.16046e+09 199719 -472053 -1.17031e+09
-199715 472053 2.15983e+09 199715 -472053 -1.16961e+09
-199711 472053 2.15919e+09 199711 -472053 -1.16892e+09
-199706 472053 2.15855e+09 199706 -472053 -1.16822e+09
-199702 472053 2.15792e+09 199702 -472053 -1.16752e+09
-199698 472053 2.15728e+09 199698 -472053 -1.16682e+09
-199694 472053 2.15665e+09 199694 -472053 -1.16612e+09
-199690 472053 2.15601e+09 199690 -472053 -1.16542e+09
-199685 472053 2.15537e+09 199685 -472053 -1.16473e+09
-199681 472053 2.15474e+09 199681 -472053 -1.16403e+09
-199677 472053 2.1541e+09 199677 -472053 -1.16333e+09
-199673 472053 2.15346e+09 199673 -472053 -1.16263e+09
-199668 472053 2.15283e+09 199668 -472053 -1.16193e+09
-199664 472053 2.15219e+09 199664 -472053 -1.16123e+09
-199660 472053 2.15156e+09 199660 -472053 -1.16054e+09
-199656 472053 2.15092e+09 199656 -472053 -1.15984e+09
-199651 472053 2.15028e+09 199651 -472053 -1.15914e+09
-199647 472053 2.14965e+09 199647 -472053 -1.15844e+09
-199643 472053 2.14901e+09 199643 -472053 -1.15774e+09
-199639 472053 2.14838e+09 199639 -472053 -1.15705e+09
-199635 472053 2.14774e+09 199635 -472053 -1.15635e+09
-199630 472053 2.1471e+09 199630 -472053 -1.15565e+09
-199626 472053 2.14647e+09 199626 -472053 -1.15495e+09
-199622 472053 2.14583e+09 199622 -472053 -1.15425e+09
-199618 472053 2.1452e+09 199618 -472053 -1.15355e+09
-199613 472053 2.14456e+09 199613 -472053 -1.15286e+09
-199609 472053 2.14392e+09 199609 -472053 -1.15216e+09
-199605 472053 2.14329e+09 199605 -472053 -1.15146e+09
-199601 472053 2.14265e+09 199601 -472053 -1.15076e+09
-199597 472053 2.14202e+09 199597 -472053 -1.15006e+09
-199592 472053 2.14138e+09 199592 -472053 -1.14936e+09
-199588 472053 2.14074e+09 199588 -472053 -1.14867e+09
-199584 472053 2.14011e+09 199584 -472053 -1.14797e+09
-199580 472053 2.13947e+09 199580 -472053 -1.14727e+09
-199575 472053 2.13883e+09 199575 -472053 -1.14657e+09
-199571 472053 2.1382e+09 199571 -472053 -1.14587e+09
-199567 472053 2.13756e+09 199567 -472053 -1.14517e+09
-199563 472053 2.13693e+09 199563 -472053 -1.14448e+09
-199558 472053 2.13629e+09 199558 -472053 -1.14378e+09
-199554 472053 2.13565e+09 199554 -472053 -1.14308e+09
-199550 472053 2.13502e+09 199550 -472053 -1.14238e+09
-199546 472053 2.13438e+09 199546 -472053 -1.14168e+09
-199542 472053 2.13375e+09 199542 -472053 -1.14099e+09
-199537 472053 2.13311e+09 199537 -472053 -1.14029e+09
-199533 472053 2.13247e+09 199533 -472053 -1.13959e+09
-199529 472053 2.13184e+09 199529 -472053 -1.13889e+09
-199525 472053 2.1312e+09 199525 -472053 -1.13819e+09
-199520 472053 2.13057e+09 199520 -472053 -1.13749e+09
-199516 472053 2.12993e+09 199516 -472053 -1.1368e+09
-199512 472053 2.12929e+09 199512 -472053 -1.1361e+09
-199508 472053 2.12866e+09 199508 -472053 -1.1354e+09
-199504 472053 2.12802e+09 199504 -472053 -1.1347e+09
-199499 472053 2.12738e+09 199499 -472053 -1.134e+09
-199495 472053 2.12675e+09 199495 -472053 -1.1333e+09
-199491 472053 2.12611e+09 199491 -472053 -1.13261e+09
-199487 472053 2.12548e+09 199487 -472053 -1.13191e+09
-199482 472053 2.12484e+09 199482 -472053 -1.13121e+09
-199478 472053 2.1242e+09 199478 -472053 -1.13051e+09
-199474 472053 2.12357e+09 199474 -472053 -1.12981e+09
-199470 472053 2.12293e+09 199470 -472053 -1.12912e+09
-199466 472053 2.1223e+09 199466 -472053 -1.12842e+09
-199461 472053 2.12166e+09 199461 -472053 -1.12772e+09
-199457 472053 2.12102e+09 199457 -472053 -1.12702e+09
-199453 472053 2.12039e+09 199453 -472053 -1.12632e+09
-199449 472053 2.11975e+09 199449 -472053 -1.12562e+09
-199444 472053 2.11912e+09 199444 -472053 -1.12493e+09
-199440 472053 2.11848e+09 199440 -472053 -1.12423e+09
-199436 472053 2.11784e+09 199436 -472053 -1.12353e+09
-199432 472053 2.11721e+09 199432 -472053 -1.12283e+09
-199427 472053 2.11657e+09 199427 -472053 -1.12213e+09
-199423 472053 2.11594e+09 199423 -472053 -1.12143e+09
-199419 472053 2.1153e+09 199419 -472053 -1.12074e+09
-199415 472053 2.11466e+09 199415 -472053 -1.12004e+09
-199411 472053 2.11403e+09 199411 -472053 -1.11934e+09
-199406 472053 2.11339e+09 199406 -472053 -1.11864e+09
-199402 472053 2.11276e+09 199402 -472053 -1.11794e+09
-199398 472053 2.11212e+09 199398 -472053 -1.11725e+09
-199394 472053 2.11148e+09 199394 -472053 -1.11655e+09
-199389 472053 2.11085e+09 199389 -472053 -1.11585e+09
-199385 472053 2.11021e+09 199385 -472053 -1.11515e+09
-199381 472053 2.10957e+09 199381 -472053 -1.11445e+09
-199377 472053 2.10894e+09 199377 -472053 -1.11375e+09
-199373 472053 2.1083e+09 199373 -472053 -1.11306e+09
-199368 472053 2.10767e+09 199368 -472053 -1.11236e+09
-199364 472053 2.10703e+09 199364 -472053 -1.11166e+09
-199360 472053 2.10639e+09 199360 -472053 -1.11096e+09
-199356 472053 2.10576e+09 199356 -472053 -1.11026e+09
-199351 472053 2.10512e+09 199351 -472053 -1.10956e+09
-199347 472053 2.10449e+09 199347 -472053 -1.10887e+09
-199343 472053 2.10385e+09 199343 -472053 -1.10817e+09
-199339 472053 2.10321e+09 199339 -472053 -1.10747e+09
-199335 472053 2.10258e+09 199335 -472053 -1.10677e+09
-199330 472053 2.10194e+09 199330 -472053 -1.10607e+09
-199326 472053 2.10131e+09 199326 -472053 -1.10538e+09
-199322 472053 2.10067e+09 199322 -472053 -1.10468e+09
-199318 472053 2.10003e+09 199318 -472053 -1.10398e+09
-199313 472053 2.0994e+09 199313 -472053 -1.10328e+09
-199309 472053 2.09876e+09 199309 -472053 -1.10258e+09
-199305 472053 2.09813e+09 199305 -472053 -1.10188e+09
-199301 472053 2.09749e+09 199301 -472053 -1.10119e+09
-199296 472053 2.09685e+09 199296 -472053 -1.10049e+09
-199292 472053 2.09622e+09 199292 -472053 -1.09979e+09
-199288 472053 2.09558e+09 199288 -472053 -1.09909e+09
-199284 472053 2.09495e+09 199284 -472053 -1.09839e+09
-199280 472053 2.09431e+09 199280 -472053 -1.09769e+09
-199275 472053 2.09367e+09 199275 -472053 -1.097e+09
-199271 472053 2.09304e+09 199271 -472053 -1.0963e+09
-199267 472053 2.0924e+09 199267 -472053 -1.0956e+09
-199263 472053 2.09176e+09 199263 -472053 -1.0949e+09
-199258 472053 2.09113e+09 199258 -472053 -1.0942e+09
-199254 472053 2.09049e+09 199254 -472053 -1.09351e+09
-199250 472053 2.08986e+09 199250 -472053 -1.09281e+09
-199246 472053 2.08922e+09 199246 -472053 -1.09211e+09
-199242 472053 2.08858e+09 199242 -472053 -1.09141e+09
-199237 472053 2.08795e+09 199237 -472053 -1.09071e+09
-199233 472053 2.08731e+09 199233 -472053 -1.09001e+09
-199229 472053 2.08668e+09 199229 -472053 -1.08932e+09
-199225 472053 2.08604e+09 199225 -472053 -1.08862e+09
-199220 472053 2.0854e+09 199220 -472053 -1.08792e+09
-199216 472053 2.08477e+09 199216 -472053 -1.08722e+09
-199212 472053 2.08413e+09 199212 -472053 -1.08652e+09
-199208 472053 2.0835e+09 199208 -472053 -1.08582e+09
-199204 472053 2.08286e+09 199204 -472053 -1.08513e+09
-199199 472053 2.08222e+09 199199 -472053 -1.08443e+09
-199195 472053 2.08159e+09 199195 -472053 -1.08373e+09
-199191 472053 2.08095e+09 199191 -472053 -1.08303e+09
-199187 472053 2.08032e+09 199187 -472053 -1.08233e+09
-199182 472053 2.07968e+09 199182 -472053 -1.08164e+09
-199178 472053 2.07904e+09 199178 -472053 -1.08094e+09
-199174 472053 2.07841e+09 199174 -472053 -1.08024e+09
-199170 472053 2.07777e+09 199170 -472053 -1.07954e+09
-199165 472053 2.07714e+09 199165 -472053 -1.07884e+09
-199161 472053 2.0765e+09 199161 -472053 -1.07814e+09
-199157 472053 2.07586e+09 199157 -472053 -1.07745e+09
-199153 472053 2.07523e+09 199153 -472053 -1.07675e+09
-199149 472053 2.07459e+09 199149 -472053 -1.07605e+09
-199144 472053 2.07395e+09 199144 -472053 -1.07535e+09
-199140 472053 2.07332e+09 199140 -472053 -1.07465e+09
-199136 472053 2.07268e+09 199136 -472053 -1.07396e+09
-199132 472053 2.07205e+09 199132 -472053 -1.07326e+09
-199127 472053 2.07141e+09 199127 -472053 -1.07256e+09
-199123 472053 2.07077e+09 199123 -472053 -1.07186e+09
-199119 472053 2.07014e+09 199119 -472053 -1.07116e+09
-199115 472053 2.0695e+09 199115 -472053 -1.07046e+09
-199111 472053 2.06887e+09 199111 -472053 -1.06977e+09
-199106 472053 2.06823e+09 199106 -472053 -1.06907e+09
-199102 472053 2.06759e+09 199102 -472053 -1.06837e+09
-199098 472053 2.06696e+09 199098 -472053 -1.06767e+09
-199094 472053 2.06632e+09 199094 -472053 -1.06697e+09
-199089 472053 2.06569e+09 199089 -472053 -1.06627e+09
-199085 472053 2.06505e+09 199085 -472053 -1.06558e+09
-199081 472053 2.06441e+09 199081 -472053 -1.06488e+09
-199077 472053 2.06378e+09 199077 -472053 -1.06418e+09
-199073 472053 2.06314e+09 199073 -472053 -1.06348e+09
-199068 472053 2.06251e+09 199068 -472053 -1.06278e+09
-199064 472053 2.06187e+09 199064 -472053 -1.06209e+09
-199060 472053 2.06123e+09 199060 -472053 -1.06139e+09
-199056 472053 2.0606e+09 199056 -472053 -1.06069e+09
-199051 472053 2.05996e+09 199051 -472053 -1.05999e+09
-199047 472053 2.05933e+09 199047 -472053 -1.05929e+09
-199043 472053 2.05869e+09 199043 -472053 -1.05859e+09
-199039 472053 2.05805e+09 199039 -472053 -1.0579e+09
-199035 472053 2.05742e+09 199035 -472053 -1.0572e+09
-199030 472053 2.05678e+09 199030 -472053 -1.0565e+09
-199026 472053 2.05615e+09 199026 -472053 -1.0558e+09
-199022 472053 2.05551e+09 199022 -472053 -1.0551e+09
-199018 472053 2.05487e+09 199018 -472053 -1.05441e+09
-199013 472053 2.05424e+09 199013 -472053 -1.05371e+09
-199009 472053 2.0536e+09 199009 -472053 -1.05301e+09
-199005 472053 2.05297e+09 199005 -472053 -1.05231e+09
-199001 472053 2.05233e+09 199001 -472053 -1.05161e+09
-198996 472053 2.05169e+09 198996 -472053 -1.05091e+09
-198992 472053 2.05106e+09 198992 -472053 -1.05022e+09
-198988 472053 2.05042e+09 198988 -472053 -1.04952e+09
-198984 472053 2.04978e+09 198984 -472053 -1.04882e+09
-198980 472053 2.04915e+09 198980 -472053 -1.04812e+09
-198975 472053 2.04851e+09 198975 -472053 -1.04742e+09
-198971 472053 2.04788e+09 198971 -472053 -1.04673e+09
-198967 472053 2.04724e+09 198967 -472053 -1.04603e+09
-198963 472053 2.0466e+09 198963 -472053 -1.04533e+09
-198958 472053 2.04597e+09 198958 -472053 -1.04463e+09
-198954 472053 2.04533e+09 198954 -472053 -1.04393e+09
-198950 472053 2.0447e+09 198950 -472053 -1.04323e+09
-198946 472053 2.04406e+09 198946 -472053 -1.04254e+09
-198942 472053 2.04342e+09 198942 -472053 -1.04184e+09
-198937 472053 2.04279e+09 198937 -472053 -1.04114e+09
-198933 472053 2.04215e+09 198933 -472053 -1.04044e+09
-198929 472053 2.04152e+09 198929 -472053 -1.03974e+09
-198925 472053 2.04088e+09 198925 -472053 -1.03904e+09
-198920 472053 2.04024e+09 198920 -472053 -1.03835e+09
-198916 472053 2.03961e+09 198916 -472053 -1.03765e+09
-198912 472053 2.03897e+09 198912 -472053 -1.03695e+09
-198908 472053 2.03834e+09 198908 -472053 -1.03625e+09
-198904 472053 2.0377e+09 198904 -472053 -1.03555e+09
-198899 472053 2.03706e+09 198899 -472053 -1.03486e+09
-198895 472053 2.03643e+09 198895 -472053 -1.03416e+09
-198891 472053 2.03579e+09 198891 -472053 -1.03346e+09
-198887 472053 2.03516e+09 198887 -472053 -1.03276e+09
-198882 472053 2.03452e+09 198882 -472053 -1.03206e+09
-198878 472053 2.03388e+09 198878 -472053 -1.03136e+09
-198874 472053 2.03325e+09 198874 -472053 -1.03067e+09
-198870 472053 2.03261e+09 198870 -472053 -1.02997e+09
-198866 472053 2.03198e+09 198866 -472053 -1.02927e+09
-198861 472053 2.03134e+09 198861 -472053 -1.02857e+09
-198857 472053 2.0307e+09 198857 -472053 -1.02787e+09
-198853 472053 2.03007e+09 198853 -472053 -1.02718e+09
-198849 472053 2.02943e+09 198849 -472053 -1.02648e+09
-198844 472053 2.0288e+09 198844 -472053 -1.02578e+09
-198840 472053 2.02816e+09 198840 -472053 -1.02508e+09
-198836 472053 2.02752e+09 198836 -472053 -1.02438e+09
-198832 472053 2.02689e+09 198832 -472053 -1.02368e+09
-198827 472053 2.02625e+09 198827 -472053 -1.02299e+09
-198823 472053 2.02562e+09 198823 -472053 -1.02229e+09
-198819 472053 2.02498e+09 198819 -472053 -1.02159e+09
-198815 472053 2.02434e+09 198815 -472053 -1.02089e+09
-198811 472053 2.02371e+09 198811 -472053 -1.02019e+09
-198806 472053 2.02307e+09 198806 -472053 -1.0195e+09
-198802 472053 2.02244e+09 198802 -472053 -1.0188e+09
-198798 472053 2.0218e+09 198798 -472053 -1.0181e+09
-198794 472053 2.02116e+09 198794 -472053 -1.0174e+09
-198789 472053 2.02053e+09 198789 -472053 -1.0167e+09
-198785 472053 2.01989e+09 198785 -472053 -1.016e+09
-198781 472053 2.01926e+09 198781 -472053 -1.01531e+09
-198777 472053 2.01862e+09 198777 -472053 -1.01461e+09
-198773 472053 2.01798e+09 198773 -472053 -1.01391e+09
-198768 472053 2.01735e+09 198768 -472053 -1.01321e+09
-198764 472053 2.01671e+09 198764 -472053 -1.01251e+09
-198760 472053 2.01607e+09 198760 -472053 -1.01182e+09
-198756 472053 2.01544e+09 198756 -472053 -1.01112e+09
-198751 472053 2.0148e+09 198751 -472053 -1.01042e+09
-198747 472053 2.01417e+09 198747 -472053 -1.00972e+09
-198743 472053 2.01353e+09 198743 -472053 -1.00902e+09
-198739 472053 2.01289e+09 198739 -472053 -1.00832e+09
-198735 472053 2.01226e+09 198735 -472053 -1.00763e+09
-198730 472053 2.01162e+09 198730 -472053 -1.00693e+09
-198726 472053 2.01099e+09 198726 -472053 -1.00623e+09
-198722 472053 2.01035e+09 198722 -472053 -1.00553e+09
-198718 472053 2.00971e+09 198718 -472053 -1.00483e+09
-198713 472053 2.00908e+09 198713 -472053 -1.00414e+09
-198709 472053 2.00844e+09 198709 -472053 -1.00344e+09
-198705 472053 2.00781e+09 198705 -472053 -1.00274e+09
-198701 472053 2.00717e+09 198701 -472053 -1.00204e+09
-198697 472053 2.00653e+09 198697 -472053 -1.00134e+09
-198692 472053 2.0059e+09 198692 -472053 -1.00064e+09
-198688 472053 2.00526e+09 198688 -472053 -9.99946e+08
-198684 472053 2.00463e+09 198684 -472053 -9.99248e+08
-198680 472053 2.00399e+09 198680 -472053 -9.9855e+08
-198675 472053 2.00335e+09 198675 -472053 -9.97852e+08
-198671 472053 2.00272e+09 198671 -472053 -9.97153e+08
-198667 472053 2.00208e+09 198667 -472053 -9.96455e+08
-198663 472053 2.00145e+09 198663 -472053 -9.95757e+08
-198659 472053 2.00081e+09 198659 -472053 -9.95059e+08
-198654 472053 2.00017e+09 198654 -472053 -9.94361e+08
-198650 472053 1.99954e+09 198650 -472053 -9.93662e+08
-198646 472053 1.9989e+09 198646 -472053 -9.92964e+08
-198642 472053 1.99827e+09 198642 -472053 -9.92266e+08
-198637 472053 1.99763e+09 198637 -472053 -9.91568e+08
-198633 472053 1.99699e+09 198633 -472053 -9.9087e+08
-198629 472053 1.99636e+09 198629 -472053 -9.90172e+08
-198625 472053 1.99572e+09 198625 -472053 -9.89473e+08
-198621 472053 1.99509e+09 198621 -472053 -9.88775e+08
-198616 472053 1.99445e+09 198616 -472053 -9.88077e+08
-198612 472053 1.99381e+09 198612 -472053 -9.87379e+08
-198608 472053 1.99318e+09 198608 -472053 -9.86681e+08
-198604 472053 1.99254e+09 198604 -472053 -9.85982e+08
-198599 472053 1.99191e+09 198599 -472053 -9.85284e+08
-198595 472053 1.99127e+09 198595 -472053 -9.84586e+08
-198591 472053 1.99063e+09 198591 -472053 -9.83888e+08
-198587 472053 1.99e+09 198587 -472053 -9.8319e+08
-198583 472053 1.98936e+09 198583 -472053 -9.82492e+08
-198578 472053 1.98873e+09 198578 -472053 -9.81793e+08
-198574 472053 1.98809e+09 198574 -472053 -9.81095e+08
-198570 472053 1.98745e+09 198570 -472053 -9.80397e+08
-198566 472053 1.98682e+09 198566 -472053 -9.79699e+08
-198561 472053 1.98618e+09 198561 -472053 -9.79001e+08
-198557 472053 1.98555e+09 198557 -472053 -9.78303e+08
-198553 472053 1.98491e+09 198553 -472053 -9.77604e+08
-198549 472053 1.98427e+09 198549 -472053 -9.76906e+08
-198544 472053 1.98364e+09 198544 -472053 -9.76208e+08
-198540 472053 1.983e+09 198540 -472053 -9.7551e+08
-198536 472053 1.98237e+09 198536 -472053 -9.74812e+08
-198532 472053 1.98173e+09 198532 -472053 -9.74114e+08
-198528 472053 1.98109e+09 198528 -472053 -9.73415e+08
-198523 472053 1.98046e+09 198523 -472053 -9.72717e+08
-198519 472053 1.97982e+09 198519 -472053 -9.72019e+08
-198515 472053 1.97919e+09 198515 -472053 -9.71321e+08
-198511 472053 1.97855e+09 198511 -472053 -9.70623e+08
-198506 472053 1.97791e+09 198506 -472053 -9.69924e+08
-198502 472053 1.97728e+09 198502 -472053 -9.69226e+08
-198498 472053 1.97664e+09 198498 -472053 -9.68528e+08
-198494 472053 1.97601e+09 198494 -472053 -9.6783e+08
-198490 472053 1.97537e+09 198490 -472053 -9.67132e+08
-198485 472053 1.97473e+09 198485 -472053 -9.66434e+08
-198481 472053 1.9741e+09 198481 -472053 -9.65735e+08
-198477 472053 1.97346e+09 198477 -472053 -9.65037e+08
-198473 472053 1.97283e+09 198473 -472053 -9.64339e+08
-198468 472053 1.97219e+09 198468 -472053 -9.63641e+08
-198464 472053 1.97155e+09 198464 -472053 -9.62943e+08
-198460 472053 1.97092e+09 198460 -472053 -9.62245e+08
-198456 472053 1.97028e+09 198456 -472053 -9.61546e+08
-198452 472053 1.96965e+09 198452 -472053 -9.60848e+08
-198447 472053 1.96901e+09 198447 -472053 -9.6015e+08
-198443 472053 1.96837e+09 198443 -472053 -9.59452e+08
-198439 472053 1.96774e+09 198439 -472053 -9.58754e+08
-198435 472053 1.9671e+09 198435 -472053 -9.58056e+08
-198430 472053 1.96647e+09 198430 -472053 -9.57357e+08
-198426 472053 1.96583e+09 198426 -472053 -9.56659e+08
-198422 472053 1.96519e+09 198422 -472053 -9.55961e+08
-198418 472053 1.96456e+09 198418 -472053 -9.55263e+08
-198414 472053 1.96392e+09 198414 -472053 -9.54565e+08
-198409 472053 1.96329e+09 198409 -472053 -9.53867e+08
-198405 472053 1.96265e+09 198405 -472053 -9.53168e+08
-198401 472053 1.96201e+09 198401 -472053 -9.5247e+08
-198397 472053 1.96138e+09 198397 -472053 -9.51772e+08
-198392 472053 1.96074e+09 198392 -472053 -9.51074e+08
-198388 472053 1.96011e+09 198388 -472053 -9.50376e+08
-198384 472053 1.95947e+09 198384 -472053 -9.49678e+08
-198380 472053 1.95883e+09 198380 -472053 -9.4898e+08
-198376 472053 1.9582e+09 198376 -472053 -9.48281e+08
-198371 472053 1.95756e+09 198371 -472053 -9.47583e+08
-198367 472053 1.95693e+09 198367 -472053 -9.46885e+08
-198363 472053 1.95629e+09 198363 -472053 -9.46187e+08
-198359 472053 1.95565e+09 198359 -472053 -9.45489e+08
-198354 472053 1.95502e+09 198354 -472053 -9.44791e+08
-198350 472053 1.95438e+09 198350 -472053 -9.44092e+08
-198346 472053 1.95375e+09 198346 -472053 -9.43394e+08
-198342 472053 1.95311e+09 198342 -472053 -9.42696e+08
-198338 472053 1.95247e+09 198338 -472053 -9.41998e+08
-198333 472053 1.95184e+09 198333 -472053 -9.413e+08
-198329 472053 1.9512e+09 198329 -472053 -9.40602e+08
-198325 472053 1.95057e+09 198325 -472053 -9.39903e+08
-198321 472053 1.94993e+09 198321 -472053 -9.39205e+08
-198316 472053 1.94929e+09 198316 -472053 -9.38507e+08
-198312 472053 1.94866e+09 198312 -472053 -9.37809e+08
-198308 472053 1.94802e+09 198308 -472053 -9.37111e+08
-198304 472053 1.94739e+09 198304 -472053 -9.36413e+08
-198300 472053 1.94675e+09 198300 -472053 -9.35715e+08
-198295 472053 1.94611e+09 198295 -472053 -9.35016e+08
-198291 472053 1.94548e+09 198291 -472053 -9.34318e+08
-198287 472053 1.94484e+09 198287 -472053 -9.3362e+08
-198283 472053 1.94421e+09 198283 -472053 -9.32922e+08
-198278 472053 1.94357e+09 198278 -472053 -9.32224e+08
-198274 472053 1.94293e+09 198274 -472053 -9.31526e+08
-198270 472053 1.9423e+09 198270 -472053 -9.30827e+08
-198266 472053 1.94166e+09 198266 -472053 -9.30129e+08
-198262 472053 1.94103e+09 198262 -472053 -9.29431e+08
-198257 472053 1.94039e+09 198257 -472053 -9.28733e+08
-198253 472053 1.93975e+09 198253 -472053 -9.28035e+08
-198249 472053 1.93912e+09 198249 -472053 -9.27337e+08
-198245 472053 1.93848e+09 198245 -472053 -9.26639e+08
-198240 472053 1.93785e+09 198240 -472053 -9.2594e+08
-198236 472053 1.93721e+09 198236 -472053 -9.25242e+08
-198232 472053 1.93657e+09 198232 -472053 -9.24544e+08
-198228 472053 1.93594e+09 198228 -472053 -9.23846e+08
-198224 472053 1.9353e+09 198224 -472053 -9.23148e+08
-198219 472053 1.93467e+09 198219 -472053 -9.2245e+08
-198215 472053 1.93403e+09 198215 -472053 -9.21751e+08
-198211 472053 1.93339e+09 198211 -472053 -9.21053e+08
-198207 472053 1.93276e+09 198207 -472053 -9.20355e+08
-198202 472053 1.93212e+09 198202 -472053 -9.19657e+08
-198198 472053 1.93149e+09 198198 -472053 -9.18959e+08
-198194 472053 1.93085e+09 198194 -472053 -9.18261e+08
-198190 472053 1.93021e+09 198190 -472053 -9.17563e+08
-198186 472053 1.92958e+09 198186 -472053 -9.16864e+08
-198181 472053 1.92894e+09 198181 -472053 -9.16166e+08
-198177 472053 1.92831e+09 198177 -472053 -9.15468e+08
-198173 472053 1.92767e+09 198173 -472053 -9.1477e+08
-198169 472053 1.92703e+09 198169 -472053 -9.14072e+08
-198164 472053 1.9264e+09 198164 -472053 -9.13374e+08
-198160 472053 1.92576e+09 198160 -472053 -9.12676e+08
-198156 472053 1.92513e+09 198156 -472053 -9.11977e+08
-198152 472053 1.92449e+09 198152 -472053 -9.11279e+08
-198148 472053 1.92385e+09 198148 -472053 -9.10581e+08
-198143 472053 1.92322e+09 198143 -472053 -9.09883e+08
-198139 472053 1.92258e+09 198139 -472053 -9.09185e+08
-198135 472053 1.92195e+09 198135 -472053 -9.08487e+08
-198131 472053 1.92131e+09 198131 -472053 -9.07789e+08
-198126 472053 1.92067e+09 198126 -472053 -9.0709e+08
-198122 472053 1.92004e+09 198122 -472053 -9.06392e+08
-198118 472053 1.9194e+09 198118 -472053 -9.05694e+08
-198114 472053 1.91877e+09 198114 -472053 -9.04996e+08
-198110 472053 1.91813e+09 198110 -472053 -9.04298e+08
-198105 472053 1.91749e+09 198105 -472053 -9.036e+08
-198101 472053 1.91686e+09 198101 -472053 -9.02902e+08
-198097 472053 1.91622e+09 198097 -472053 -9.02203e+08
-198093 472053 1.91559e+09 198093 -472053 -9.01505e+08
-198088 472053 1.91495e+09 198088 -472053 -9.00807e+08
-198084 472053 1.91431e+09 198084 -472053 -9.00109e+08
-198080 472053 1.91368e+09 198080 -472053 -8.99411e+08
-198076 472053 1.91304e+09 198076 -472053 -8.98713e+08
-198072 472053 1.91241e+09 198072 -472053 -8.98015e+08
-198067 472053 1.91177e+09 198067 -472053 -8.97316e+08
-198063 472053 1.91113e+09 198063 -472053 -8.96618e+08
-198059 472053 1.9105e+09 198059 -472053 -8.9592e+08
-198055 472053 1.90986e+09 198055 -472053 -8.95222e+08
-198050 472053 1.90923e+09 198050 -472053 -8.94524e+08
-198046 472053 1.90859e+09 198046 -472053 -8.93826e+08
-198042 472053 1.90795e+09 198042 -472053 -8.93128e+08
-198038 472053 1.90732e+09 198038 -472053 -8.9243e+08
-198034 472053 1.90668e+09 198034 -472053 -8.91731e+08
-198029 472053 1.90605e+09 198029 -472053 -8.91033e+08
-198025 472053 1.90541e+09 198025 -472053 -8.90335e+08
-198021 472053 1.90477e+09 198021 -472053 -8.89637e+08
-198017 472053 1.90414e+09 198017 -472053 -8.88939e+08
-198012 472053 1.9035e+09 198012 -472053 -8.88241e+08
-198008 472053 1.90287e+09 198008 -472053 -8.87543e+08
-198004 472053 1.90223e+09 198004 -472053 -8.86844e+08
-198000 472053 1.90159e+09 198000 -472053 -8.86146e+08
-197996 472053 1.90096e+09 197996 -472053 -8.85448e+08
-197991 472053 1.90032e+09 197991 -472053 -8.8475e+08
-197987 472053 1.89969e+09 197987 -472053 -8.84052e+08
-197983 472053 1.89905e+09 197983 -472053 -8.83354e+08
-197979 472053 1.89841e+09 197979 -472053 -8.82656e+08
-197974 472053 1.89778e+09 197974 -472053 -8.81958e+08
-197970 472053 1.89714e+09 197970 -472053 -8.81259e+08
-197966 472053 1.89651e+09 197966 -472053 -8.80561e+08
-197962 472053 1.89587e+09 197962 -472053 -8.79863e+08
-197958 472053 1.89523e+09 197958 -472053 -8.79165e+08
-197953 472053 1.8946e+09 197953 -472053 -8.78467e+08
-197949 472053 1.89396e+09 197949 -472053 -8.77769e+08
-197945 472053 1.89333e+09 197945 -472053 -8.77071e+08
-197941 472053 1.89269e+09 197941 -472053 -8.76373e+08
-197936 472053 1.89206e+09 197936 -472053 -8.75674e+08
-197932 472053 1.89142e+09 197932 -472053 -8.74976e+08
-197928 472053 1.89078e+09 197928 -472053 -8.74278e+08
-197924 472053 1.89015e+09 197924 -472053 -8.7358e+08
-197920 472053 1.88951e+09 197920 -472053 -8.72882e+08
-197915 472053 1.88888e+09 197915 -472053 -8.72184e+08
-197911 472053 1.88824e+09 197911 -472053 -8.71486e+08
-197907 472053 1.8876e+09 197907 -472053 -8.70787e+08
-197903 472053 1.88697e+09 197903 -472053 -8.70089e+08
-197898 472053 1.88633e+09 197898 -472053 -8.69391e+08
-197894 472053 1.8857e+09 197894 -472053 -8.68693e+08
-197890 472053 1.88506e+09 197890 -472053 -8.67995e+08
-197886 472053 1.88442e+09 197886 -472053 -8.67297e+08
-197882 472053 1.88379e+09 197882 -472053 -8.66599e+08
-197877 472053 1.88315e+09 197877 -472053 -8.65901e+08
-197873 472053 1.88252e+09 197873 -472053 -8.65203e+08
-197869 472053 1.88188e+09 197869 -472053 -8.64504e+08
-197865 472053 1.88124e+09 197865 -472053 -8.63806e+08
-197860 472053 1.88061e+09 197860 -472053 -8.63108e+08
-197856 472053 1.87997e+09 197856 -472053 -8.6241e+08
-197852 472053 1.87934e+09 197852 -472053 -8.61712e+08
-197848 472053 1.8787e+09 197848 -472053 -8.61014e+08
-197844 472053 1.87806e+09 197844 -472053 -8.60316e+08
-197839 472053 1.87743e+09 197839 -472053 -8.59618e+08
-197835 472053 1.87679e+09 197835 -472053 -8.58919e+08
-197831 472053 1.87616e+09 197831 -472053 -8.58221e+08
-197827 472053 1.87552e+09 197827 -472053 -8.57523e+08
-197822 472053 1.87488e+09 197822 -472053 -8.56825e+08
-197818 472053 1.87425e+09 197818 -472053 -8.56127e+08
-197814 472053 1.87361e+09 197814 -472053 -8.55429e+08
-197810 472053 1.87298e+09 197810 -472053 -8.54731e+08
-197806 472053 1.87234e+09 197806 -472053 -8.54033e+08
-197801 472053 1.8717e+09 197801 -472053 -8.53334e+08
-197797 472053 1.87107e+09 197797 -472053 -8.52636e+08
-197793 472053 1.87043e+09 197793 -472053 -8.51938e+08
-197789 472053 1.8698e+09 197789 -472053 -8.5124e+08
-197784 472053 1.86916e+09 197784 -472053 -8.50542e+08
-197780 472053 1.86852e+09 197780 -472053 -8.49844e+08
-197776 472053 1.86789e+09 197776 -472053 -8.49146e+08
-197772 472053 1.86725e+09 197772 -472053 -8.48448e+08
-197768 472053 1.86662e+09 197768 -472053 -8.4775e+08
-197763 472053 1.86598e+09 197763 -472053 -8.47051e+08
-197759 472053 1.86534e+09 197759 -472053 -8.46353e+08
-197755 472053 1.86471e+09 197755 -472053 -8.45655e+08
-197751 472053 1.86407e+09 197751 -472053 -8.44957e+08
-197746 472053 1.86344e+09 197746 -472053 -8.44259e+08
-197742 472053 1.8628e+09 197742 -472053 -8.43561e+08
-197738 472053 1.86216e+09 197738 -472053 -8.42863e+08
-197734 472053 1.86153e+09 197734 -472053 -8.42165e+08
-197730 472053 1.86089e+09 197730 -472053 -8.41466e+08
-197725 472053 1.86026e+09 197725 -472053 -8.40768e+08
-197721 472053 1.85962e+09 197721 -472053 -8.4007e+08
-197717 472053 1.85899e+09 197717 -472053 -8.39372e+08
-197713 472053 1.85835e+09 197713 -472053 -8.38674e+08
-197708 472053 1.85771e+09 197708 -472053 -8.37976e+08
-197704 472053 1.85708e+09 197704 -472053 -8.37278e+08
-197700 472053 1.85644e+09 197700 -472053 -8.3658e+08
-197696 472053 1.85581e+09 197696 -472053 -8.35882e+08
-197692 472053 1.85517e+09 197692 -472053 -8.35183e+08
-197687 472053 1.85453e+09 197687 -472053 -8.34485e+08
-197683 472053 1.8539e+09 197683 -472053 -8.33787e+08
-197679 472053 1.85326e+09 197679 -472053 -8.33089e+08
-197675 472053 1.85263e+09 197675 -472053 -8.32391e+08
-197670 472053 1.85199e+09 197670 -472053 -8.31693e+08
-197666 472053 1.85135e+09 197666 -472053 -8.30995e+08
-197662 472053 1.85072e+09 197662 -472053 -8.30297e+08
-197658 472053 1.85008e+09 197658 -472053 -8.29599e+08
-197654 472053 1.84945e+09 197654 -472053 -8.28901e+08
-197649 472053 1.84881e+09 197649 -472053 -8.28202e+08
-197645 472053 1.84817e+09 197645 -472053 -8.27504e+08
-197641 472053 1.84754e+09 197641 -472053 -8.26806e+08
-197637 472053 1.8469e+09 197637 -472053 -8.26108e+08
-197632 472053 1.84627e+09 197632 -472053 -8.2541e+08
-197628 472053 1.84563e+09 197628 -472053 -8.24712e+08
-197624 472053 1.84499e+09 197624 -472053 -8.24014e+08
-197620 472053 1.84436e+09 197620 -472053 -8.23316e+08
-197616 472053 1.84372e+09 197616 -472053 -8.22618e+08
-197611 472053 1.84309e+09 197611 -472053 -8.21919e+08
-197607 472053 1.84245e+09 197607 -472053 -8.21221e+08
-197603 472053 1.84181e+09 197603 -472053 -8.20523e+08
-197599 472053 1.84118e+09 197599 -472053 -8.19825e+08
-197594 472053 1.84054e+09 197594 -472053 -8.19127e+08
-197590 472053 1.83991e+09 197590 -472053 -8.18429e+08
-197586 472053 1.83927e+09 197586 -472053 -8.17731e+08
-197582 472053 1.83863e+09 197582 -472053 -8.17033e+08
-197578 472053 1.838e+09 197578 -472053 -8.16335e+08
-197573 472053 1.83736e+09 197573 -472053 -8.15637e+08
-197569 472053 1.83673e+09 197569 -472053 -8.14938e+08
-197565 472053 1.83609e+09 197565 -472053 -8.1424e+08
-197561 472053 1.83546e+09 197561 -472053 -8.13542e+08
-197556 472053 1.83482e+09 197556 -472053 -8.12844e+08
-197552 472053 1.83418e+09 197552 -472053 -8.12146e+08
-197548 472053 1.83355e+09 197548 -472053 -8.11448e+08
-197544 472053 1.83291e+09 197544 -472053 -8.1075e+08
-197540 472053 1.83228e+09 197540 -472053 -8.10052e+08
-197535 472053 1.83164e+09 197535 -472053 -8.09354e+08
-197531 472053 1.831e+09 197531 -472053 -8.08656e+08
-197527 472053 1.83037e+09 197527 -472053 -8.07957e+08
-197523 472053 1.82973e+09 197523 -472053 -8.07259e+08
-197518 472053 1.8291e+09 197518 -472053 -8.06561e+08
-197514 472053 1.82846e+09 197514 -472053 -8.05863e+08
-197510 472053 1.82782e+09 197510 -472053 -8.05165e+08
-197506 472053 1.82719e+09 197506 -472053 -8.04467e+08
-197502 472053 1.82655e+09 197502 -472053 -8.03769e+08
-197497 472053 1.82592e+09 197497 -472053 -8.03071e+08
-197493 472053 1.82528e+09 197493 -472053 -8.02373e+08
-197489 472053 1.82464e+09 197489 -472053 -8.01675e+08
-197485 472053 1.82401e+09 197485 -472053 -8.00976e+08
-197480 472053 1.82337e+09 197480 -472053 -8.00278e+08
-197476 472053 1.82274e+09 197476 -472053 -7.9958e+08
-197472 472053 1.8221e+09 197472 -472053 -7.98882e+08
-197468 472053 1.82146e+09 197468 -472053 -7.98184e+08
-197464 472053 1.82083e+09 197464 -472053 -7.97486e+08
-197459 472053 1.82019e+09 197459 -472053 -7.96788e+08
-197455 472053 1.81956e+09 197455 -472053 -7.9609e+08
-197451 472053 1.81892e+09 197451 -472053 -7.95392e+08
-197447 472053 1.81828e+09 197447 -472053 -7.94694e+08
-197442 472053 1.81765e+09 197442 -472053 -7.93996e+08
-197438 472053 1.81701e+09 197438 -472053 -7.93297e+08
-197434 472053 1.81638e+09 197434 -472053 -7.92599e+08
-197430 472053 1.81574e+09 197430 -472053 -7.91901e+08
-197426 472053 1.81511e+09 197426 -472053 -7.91203e+08
-197421 472053 1.81447e+09 197421 -472053 -7.90505e+08
-197417 472053 1.81383e+09 197417 -472053 -7.89807e+08
-197413 472053 1.8132e+09 197413 -472053 -7.89109e+08
-197409 472053 1.81256e+09 197409 -472053 -7.88411e+08
-197405 472053 1.81193e+09 197405 -472053 -7.87713e+08
-197400 472053 1.81129e+09 197400 -472053 -7.87015e+08
-197396 472053 1.81065e+09 197396 -472053 -7.86317e+08
-197392 472053 1.81002e+09 197392 -472053 -7.85618e+08
-197388 472053 1.80938e+09 197388 -472053 -7.8492e+08
-197383 472053 1.80875e+09 197383 -472053 -7.84222e+08
-197379 472053 1.80811e+09 197379 -472053 -7.83524e+08
-197375 472053 1.80747e+09 197375 -472053 -7.82826e+08
-197371 472053 1.80684e+09 197371 -472053 -7.82128e+08
-197367 472053 1.8062e+09 197367 -472053 -7.8143e+08
-197362 472053 1.80557e+09 197362 -472053 -7.80732e+08
-197358 472053 1.80493e+09 197358 -472053 -7.80034e+08
-197354 472053 1.80429e+09 197354 -472053 -7.79336e+08
-197350 472053 1.80366e+09 197350 -472053 -7.78638e+08
