-0.000312013 22425.9 1.37867 0.000312013 -22425.9 -0.418171
-0.000601914 44851.9 2.66092 0.000601914 -44851.9 -0.811076
-0.000864037 67277.8 3.81378 0.000864037 -67277.8 -1.16514
-0.00109083 89703.8 4.79384 0.00109083 -89703.8 -1.46267
-0.00127252 112130 5.5445 0.00127252 -112130 -1.68041
-0.00139701 134556 5.99385 0.00139701 -134556 -1.78794
-0.00144669 156982 6.04002 0.00144669 -156982 -1.74324
-0.00139826 179408 5.54556 0.00139826 -179408 -1.48858
-0.00121979 201833 4.32112 0.00121979 -201833 -0.943713
-0.000864174 224259 2.08785 0.000864174 -224259 0.00914291
-158.216 224259 909232 158.216 -224259 -393343
-316.433 224259 1.81845e+06 316.433 -224259 -786672
-474.649 224259 2.72767e+06 474.649 -224259 -1.18001e+06
-632.868 224259 3.63689e+06 632.868 -224259 -1.57333e+06
-791.084 224259 4.54612e+06 791.084 -224259 -1.96667e+06
-949.299 224259 5.45533e+06 949.299 -224259 -2.35999e+06
-1107.52 224259 6.36451e+06 1107.52 -224259 -2.75326e+06
-1265.74 224259 7.27376e+06 1265.74 -224259 -3.14662e+06
-1423.96 224259 8.18298e+06 1423.96 -224259 -3.53995e+06
-1582.18 224259 9.09218e+06 1582.18 -224259 -3.93324e+06
-1740.4 224259 1.00014e+07 1740.4 -224259 -4.32654e+06
-1898.62 224259 1.09106e+07 1898.62 -224259 -4.71984e+06
-2056.84 224259 1.18198e+07 2056.84 -224259 -5.11314e+06
-2215.06 224259 1.2729e+07 2215.06 -224259 -5.50643e+06
-2373.29 224259 1.36382e+07 2373.29 -224259 -5.89972e+06
-2531.51 224259 1.45474e+07 2531.51 -224259 -6.29303e+06
-2689.73 224259 1.54566e+07 2689.73 -224259 -6.6863e+06
-2847.96 224259 1.63658e+07 2847.96 -224259 -7.07958e+06
-3006.18 224259 1.7275e+07 3006.18 -224259 -7.47284e+06
-3164.41 224259 1.81842e+07 3164.41 -224259 -7.86612e+06
-3322.63 224259 1.90933e+07 3322.63 -224259 -8.2594e+06
-3480.86 224259 2.00025e+07 3480.86 -224259 -8.65267e+06
-3639.09 224259 2.09117e+07 3639.09 -224259 -9.04592e+06
-3797.31 224259 2.18209e+07 3797.31 -224259 -9.43921e+06
-3955.54 224259 2.27301e+07 3955.54 -224259 -9.83243e+06
-4113.77 224259 2.36393e+07 4113.77 -224259 -1.02257e+07
-4272 224259 2.45484e+07 4272 -224259 -1.0619e+07
-4430.22 224259 2.54576e+07 4430.22 -224259 -1.10122e+07
-4588.45 224259 2.63668e+07 4588.45 -224259 -1.14054e+07
-4746.68 224259 2.7276e+07 4746.68 -224259 -1.17987e+07
-4904.91 224259 2.81851e+07 4904.91 -224259 -1.21919e+07
-5063.14 224259 2.90943e+07 5063.14 -224259 -1.25851e+07
-5221.37 224259 3.00034e+07 5221.37 -224259 -1.29784e+07
-5379.61 224259 3.09126e+07 5379.61 -224259 -1.33716e+07
-5537.84 224259 3.18218e+07 5537.84 -224259 -1.37648e+07
-5696.07 224259 3.27309e+07 5696.07 -224259 -1.4158e+07
-5854.3 224259 3.36401e+07 5854.3 -224259 -1.45513e+07
-6012.54 224259 3.45492e+07 6012.54 -224259 -1.49445e+07
-6170.77 224259 3.54584e+07 6170.77 -224259 -1.53377e+07
-6329.01 224259 3.63675e+07 6329.01 -224259 -1.57309e+07
-6487.24 224259 3.72767e+07 6487.24 -224259 -1.61241e+07
-6645.48 224259 3.81858e+07 6645.48 -224259 -1.65173e+07
-6803.71 224259 3.9095e+07 6803.71 -224259 -1.69105e+07
-6961.95 224259 4.00041e+07 6961.95 -224259 -1.73037e+07
-7120.19 224259 4.09133e+07 7120.19 -224259 -1.76969e+07
-7278.42 224259 4.18224e+07 7278.42 -224259 -1.809e+07
-7436.66 224259 4.27315e+07 7436.66 -224259 -1.84832e+07
-7594.9 224259 4.36407e+07 7594.9 -224259 -1.88764e+07
-7753.14 224259 4.45498e+07 7753.14 -224259 -1.92696e+07
-7911.38 224259 4.54589e+07 7911.38 -224259 -1.96627e+07
-8069.62 224259 4.63681e+07 8069.62 -224259 -2.00559e+07
-8227.86 224259 4.72772e+07 8227.86 -224259 -2.04491e+07
-8386.1 224259 4.81863e+07 8386.1 -224259 -2.08422e+07
-8544.34 224259 4.90954e+07 8544.34 -224259 -2.12354e+07
-8702.58 224259 5.00046e+07 8702.58 -224259 -2.16285e+07
-8860.83 224259 5.09137e+07 8860.83 -224259 -2.20217e+07
-9019.07 224259 5.18228e+07 9019.07 -224259 -2.24148e+07
-9177.31 224259 5.27319e+07 9177.31 -224259 -2.2808e+07
-9335.56 224259 5.3641e+07 9335.56 -224259 -2.32011e+07
-9493.8 224259 5.45501e+07 9493.8 -224259 -2.35943e+07
-9652.04 224259 5.54592e+07 9652.04 -224259 -2.39874e+07
-9810.29 224259 5.63683e+07 9810.29 -224259 -2.43805e+07
-9968.53 224259 5.72774e+07 9968.53 -224259 -2.47736e+07
-10126.8 224259 5.81866e+07 10126.8 -224259 -2.51668e+07
-10285 224259 5.90956e+07 10285 -224259 -2.55599e+07
-10443.3 224259 6.00047e+07 10443.3 -224259 -2.5953e+07
-10601.5 224259 6.09139e+07 10601.5 -224259 -2.63461e+07
-10759.8 224259 6.18229e+07 10759.8 -224259 -2.67392e+07
-10918 224259 6.2732e+07 10918 -224259 -2.71323e+07
-11076.3 224259 6.36411e+07 11076.3 -224259 -2.75254e+07
-11234.5 224259 6.45502e+07 11234.5 -224259 -2.79185e+07
-11392.8 224259 6.54593e+07 11392.8 -224259 -2.83116e+07
-11551 224259 6.63684e+07 11551 -224259 -2.87047e+07
-11709.3 224259 6.72775e+07 11709.3 -224259 -2.90978e+07
-11867.5 224259 6.81866e+07 11867.5 -224259 -2.94909e+07
-12025.8 224259 6.90956e+07 12025.8 -224259 -2.9884e+07
-12184 224259 7.00047e+07 12184 -224259 -3.0277e+07
-12342.3 224259 7.09138e+07 12342.3 -224259 -3.06701e+07
-12500.5 224259 7.18229e+07 12500.5 -224259 -3.10632e+07
-12658.8 224259 7.27319e+07 12658.8 -224259 -3.14562e+07
-12817 224259 7.3641e+07 12817 -224259 -3.18493e+07
-12975.3 224259 7.45501e+07 12975.3 -224259 -3.22424e+07
-13133.5 224259 7.54591e+07 13133.5 -224259 -3.26354e+07
-13291.8 224259 7.63682e+07 13291.8 -224259 -3.30285e+07
-13450.1 224259 7.72773e+07 13450.1 -224259 -3.34215e+07
-13608.3 224259 7.81863e+07 13608.3 -224259 -3.38146e+07
-13766.6 224259 7.90954e+07 13766.6 -224259 -3.42076e+07
-13924.8 224259 8.00044e+07 13924.8 -224259 -3.46007e+07
-14083.1 224259 8.09134e+07 14083.1 -224259 -3.49936e+07
-14241.3 224259 8.18225e+07 14241.3 -224259 -3.53867e+07
-14399.6 224259 8.27316e+07 14399.6 -224259 -3.57798e+07
-14557.9 224259 8.36406e+07 14557.9 -224259 -3.61728e+07
-14716.1 224259 8.45497e+07 14716.1 -224259 -3.65658e+07
-14874.4 224259 8.54587e+07 14874.4 -224259 -3.69588e+07
-15032.6 224259 8.63678e+07 15032.6 -224259 -3.73518e+07
-15190.9 224259 8.72768e+07 15190.9 -224259 -3.77449e+07
-15349.2 224259 8.81859e+07 15349.2 -224259 -3.81379e+07
-15507.4 224259 8.90949e+07 15507.4 -224259 -3.85309e+07
-15665.7 224259 9.0004e+07 15665.7 -224259 -3.89239e+07
-15824 224259 9.0913e+07 15824 -224259 -3.93169e+07
-15982.2 224259 9.1822e+07 15982.2 -224259 -3.97099e+07
-16140.5 224259 9.2731e+07 16140.5 -224259 -4.01028e+07
-16298.8 224259 9.36401e+07 16298.8 -224259 -4.04959e+07
-16457 224259 9.45491e+07 16457 -224259 -4.08888e+07
-16615.3 224259 9.54581e+07 16615.3 -224259 -4.12818e+07
-16773.6 224259 9.63671e+07 16773.6 -224259 -4.16748e+07
-16931.8 224259 9.72761e+07 16931.8 -224259 -4.20678e+07
-17090.1 224259 9.81852e+07 17090.1 -224259 -4.24608e+07
-17248.4 224259 9.90942e+07 17248.4 -224259 -4.28537e+07
-17406.6 224259 1.00003e+08 17406.6 -224259 -4.32467e+07
-17564.9 224259 1.00912e+08 17564.9 -224259 -4.36396e+07
-17723.2 224259 1.01821e+08 17723.2 -224259 -4.40326e+07
-17881.4 224259 1.0273e+08 17881.4 -224259 -4.44255e+07
-18039.7 224259 1.03639e+08 18039.7 -224259 -4.48185e+07
-18198 224259 1.04548e+08 18198 -224259 -4.52114e+07
-18356.2 224259 1.05457e+08 18356.2 -224259 -4.56044e+07
-18514.5 224259 1.06366e+08 18514.5 -224259 -4.59973e+07
-18672.8 224259 1.07275e+08 18672.8 -224259 -4.63903e+07
-18831.1 224259 1.08184e+08 18831.1 -224259 -4.67832e+07
-18989.3 224259 1.09093e+08 18989.3 -224259 -4.71761e+07
-19147.6 224259 1.10002e+08 19147.6 -224259 -4.7569e+07
-19305.9 224259 1.10911e+08 19305.9 -224259 -4.7962e+07
-19464.2 224259 1.1182e+08 19464.2 -224259 -4.83549e+07
-19622.4 224259 1.12729e+08 19622.4 -224259 -4.87478e+07
-19780.7 224259 1.13638e+08 19780.7 -224259 -4.91407e+07
-19939 224259 1.14547e+08 19939 -224259 -4.95336e+07
-20097.3 224259 1.15456e+08 20097.3 -224259 -4.99265e+07
-20255.5 224259 1.16365e+08 20255.5 -224259 -5.03194e+07
-20413.8 224259 1.17274e+08 20413.8 -224259 -5.07123e+07
-20572.1 224259 1.18183e+08 20572.1 -224259 -5.11052e+07
-20730.4 224259 1.19092e+08 20730.4 -224259 -5.14981e+07
-20888.6 224259 1.20001e+08 20888.6 -224259 -5.1891e+07
-21046.9 224259 1.2091e+08 21046.9 -224259 -5.22839e+07
-21205.2 224259 1.21819e+08 21205.2 -224259 -5.26768e+07
-21363.5 224259 1.22728e+08 21363.5 -224259 -5.30696e+07
-21521.8 224259 1.23637e+08 21521.8 -224259 -5.34625e+07
-21680 224259 1.24546e+08 21680 -224259 -5.38554e+07
-21838.3 224259 1.25455e+08 21838.3 -224259 -5.42483e+07
-21996.6 224259 1.26364e+08 21996.6 -224259 -5.46411e+07
-22154.9 224259 1.27273e+08 22154.9 -224259 -5.5034e+07
-22313.2 224259 1.28182e+08 22313.2 -224259 -5.54268e+07
-22471.5 224259 1.29091e+08 22471.5 -224259 -5.58197e+07
-22629.7 224259 1.3e+08 22629.7 -224259 -5.62125e+07
-22788 224259 1.30908e+08 22788 -224259 -5.66054e+07
-22946.3 224259 1.31817e+08 22946.3 -224259 -5.69982e+07
-23104.6 224259 1.32726e+08 23104.6 -224259 -5.73911e+07
-23262.9 224259 1.33635e+08 23262.9 -224259 -5.77839e+07
-23421.2 224259 1.34544e+08 23421.2 -224259 -5.81767e+07
-23579.5 224259 1.35453e+08 23579.5 -224259 -5.85696e+07
-23737.7 224259 1.36362e+08 23737.7 -224259 -5.89624e+07
-23896 224259 1.37271e+08 23896 -224259 -5.93552e+07
-24054.3 224259 1.3818e+08 24054.3 -224259 -5.9748e+07
-24212.6 224259 1.39089e+08 24212.6 -224259 -6.01409e+07
-24370.9 224259 1.39998e+08 24370.9 -224259 -6.05337e+07
-24529.2 224259 1.40907e+08 24529.2 -224259 -6.09265e+07
-24687.5 224259 1.41816e+08 24687.5 -224259 -6.13193e+07
-24845.8 224259 1.42725e+08 24845.8 -224259 -6.17121e+07
-25004.1 224259 1.43633e+08 25004.1 -224259 -6.21049e+07
-25162.4 224259 1.44542e+08 25162.4 -224259 -6.24977e+07
-25320.7 224259 1.45451e+08 25320.7 -224259 -6.28905e+07
-25478.9 224259 1.4636e+08 25478.9 -224259 -6.32833e+07
-25637.2 224259 1.47269e+08 25637.2 -224259 -6.3676e+07
-25795.5 224259 1.48178e+08 25795.5 -224259 -6.40688e+07
-25953.8 224259 1.49087e+08 25953.8 -224259 -6.44616e+07
-26112.1 224259 1.49996e+08 26112.1 -224259 -6.48544e+07
-26270.4 224259 1.50905e+08 26270.4 -224259 -6.52471e+07
-26428.7 224259 1.51814e+08 26428.7 -224259 -6.56399e+07
-26587 224259 1.52723e+08 26587 -224259 -6.60327e+07
-26745.3 224259 1.53631e+08 26745.3 -224259 -6.64254e+07
-26903.6 224259 1.5454e+08 26903.6 -224259 -6.68182e+07
-27061.9 224259 1.55449e+08 27061.9 -224259 -6.7211e+07
-27220.2 224259 1.56358e+08 27220.2 -224259 -6.76037e+07
-27378.5 224259 1.57267e+08 27378.5 -224259 -6.79965e+07
-27536.8 224259 1.58176e+08 27536.8 -224259 -6.83892e+07
-27695.1 224259 1.59085e+08 27695.1 -224259 -6.87819e+07
-27853.4 224259 1.59994e+08 27853.4 -224259 -6.91747e+07
-28011.7 224259 1.60903e+08 28011.7 -224259 -6.95674e+07
-28170 224259 1.61811e+08 28170 -224259 -6.99601e+07
-28328.3 224259 1.6272e+08 28328.3 -224259 -7.03529e+07
-28486.6 224259 1.63629e+08 28486.6 -224259 -7.07456e+07
-28644.9 224259 1.64538e+08 28644.9 -224259 -7.11383e+07
-28803.2 224259 1.65447e+08 28803.2 -224259 -7.1531e+07
-28961.5 224259 1.66356e+08 28961.5 -224259 -7.19237e+07
-29119.8 224259 1.67265e+08 29119.8 -224259 -7.23164e+07
-29278.1 224259 1.68174e+08 29278.1 -224259 -7.27091e+07
-29436.4 224259 1.69082e+08 29436.4 -224259 -7.31018e+07
-29594.7 224259 1.69991e+08 29594.7 -224259 -7.34946e+07
-29753 224259 1.709e+08 29753 -224259 -7.38872e+07
-29911.3 224259 1.71809e+08 29911.3 -224259 -7.42799e+07
-30069.6 224259 1.72718e+08 30069.6 -224259 -7.46726e+07
-30228 224259 1.73627e+08 30228 -224259 -7.50653e+07
-30386.3 224259 1.74536e+08 30386.3 -224259 -7.5458e+07
-30544.6 224259 1.75444e+08 30544.6 -224259 -7.58507e+07
-30702.9 224259 1.76353e+08 30702.9 -224259 -7.62433e+07
-30861.2 224259 1.77262e+08 30861.2 -224259 -7.6636e+07
-31019.5 224259 1.78171e+08 31019.5 -224259 -7.70287e+07
-31177.8 224259 1.7908e+08 31177.8 -224259 -7.74213e+07
-31336.1 224259 1.79989e+08 31336.1 -224259 -7.7814e+07
-31494.4 224259 1.80897e+08 31494.4 -224259 -7.82067e+07
-31652.7 224259 1.81806e+08 31652.7 -224259 -7.85993e+07
-31811.1 224259 1.82715e+08 31811.1 -224259 -7.8992e+07
-31969.4 224259 1.83624e+08 31969.4 -224259 -7.93846e+07
-32127.7 224259 1.84533e+08 32127.7 -224259 -7.97773e+07
-32286 224259 1.85442e+08 32286 -224259 -8.01699e+07
-32444.3 224259 1.8635e+08 32444.3 -224259 -8.05625e+07
-32602.6 224259 1.87259e+08 32602.6 -224259 -8.09552e+07
-32760.9 224259 1.88168e+08 32760.9 -224259 -8.13478e+07
-32919.3 224259 1.89077e+08 32919.3 -224259 -8.17404e+07
-33077.6 224259 1.89986e+08 33077.6 -224259 -8.2133e+07
-33235.9 224259 1.90895e+08 33235.9 -224259 -8.25257e+07
-33394.2 224259 1.91803e+08 33394.2 -224259 -8.29183e+07
-33552.5 224259 1.92712e+08 33552.5 -224259 -8.33109e+07
-33710.8 224259 1.93621e+08 33710.8 -224259 -8.37035e+07
-33869.2 224259 1.9453e+08 33869.2 -224259 -8.40961e+07
-34027.5 224259 1.95439e+08 34027.5 -224259 -8.44887e+07
-34185.8 224259 1.96347e+08 34185.8 -224259 -8.48813e+07
-34344.1 224259 1.97256e+08 34344.1 -224259 -8.52739e+07
-34502.4 224259 1.98165e+08 34502.4 -224259 -8.56665e+07
-34660.8 224259 1.99074e+08 34660.8 -224259 -8.60591e+07
-34819.1 224259 1.99983e+08 34819.1 -224259 -8.64517e+07
-34977.4 224259 2.00891e+08 34977.4 -224259 -8.68443e+07
-35135.7 224259 2.018e+08 35135.7 -224259 -8.72368e+07
-35294 224259 2.02709e+08 35294 -224259 -8.76294e+07
-35452.4 224259 2.03618e+08 35452.4 -224259 -8.8022e+07
-35610.7 224259 2.04527e+08 35610.7 -224259 -8.84145e+07
-35769 224259 2.05435e+08 35769 -224259 -8.88071e+07
-35927.3 224259 2.06344e+08 35927.3 -224259 -8.91997e+07
-36085.7 224259 2.07253e+08 36085.7 -224259 -8.95922e+07
-36244 224259 2.08162e+08 36244 -224259 -8.99848e+07
-36402.3 224259 2.09071e+08 36402.3 -224259 -9.03773e+07
-36560.6 224259 2.09979e+08 36560.6 -224259 -9.07699e+07
-36719 224259 2.10888e+08 36719 -224259 -9.11624e+07
-36877.3 224259 2.11797e+08 36877.3 -224259 -9.1555e+07
-37035.6 224259 2.12706e+08 37035.6 -224259 -9.19475e+07
-37194 224259 2.13614e+08 37194 -224259 -9.234e+07
-37352.3 224259 2.14523e+08 37352.3 -224259 -9.27326e+07
-37510.6 224259 2.15432e+08 37510.6 -224259 -9.31251e+07
-37668.9 224259 2.16341e+08 37668.9 -224259 -9.35176e+07
-37827.3 224259 2.17249e+08 37827.3 -224259 -9.39101e+07
-37985.6 224259 2.18158e+08 37985.6 -224259 -9.43027e+07
-38143.9 224259 2.19067e+08 38143.9 -224259 -9.46952e+07
-38302.3 224259 2.19976e+08 38302.3 -224259 -9.50877e+07
-38460.6 224259 2.20884e+08 38460.6 -224259 -9.54802e+07
-38618.9 224259 2.21793e+08 38618.9 -224259 -9.58727e+07
-38777.3 224259 2.22702e+08 38777.3 -224259 -9.62652e+07
-38935.6 224259 2.23611e+08 38935.6 -224259 -9.66577e+07
-39093.9 224259 2.24519e+08 39093.9 -224259 -9.70502e+07
-39252.3 224259 2.25428e+08 39252.3 -224259 -9.74427e+07
-39410.6 224259 2.26337e+08 39410.6 -224259 -9.78352e+07
-39568.9 224259 2.27246e+08 39568.9 -224259 -9.82276e+07
-39727.3 224259 2.28154e+08 39727.3 -224259 -9.86201e+07
-39885.6 224259 2.29063e+08 39885.6 -224259 -9.90126e+07
-40044 224259 2.29972e+08 40044 -224259 -9.9405e+07
-40202.3 224259 2.30881e+08 40202.3 -224259 -9.97975e+07
-40360.6 224259 2.31789e+08 40360.6 -224259 -1.0019e+08
-40519 224259 2.32698e+08 40519 -224259 -1.00582e+08
-40677.3 224259 2.33607e+08 40677.3 -224259 -1.00975e+08
-40835.6 224259 2.34515e+08 40835.6 -224259 -1.01367e+08
-40994 224259 2.35424e+08 40994 -224259 -1.0176e+08
-41152.3 224259 2.36333e+08 41152.3 -224259 -1.02152e+08
-41310.7 224259 2.37242e+08 41310.7 -224259 -1.02545e+08
-41469 224259 2.3815e+08 41469 -224259 -1.02937e+08
-41627.3 224259 2.39059e+08 41627.3 -224259 -1.0333e+08
-41785.7 224259 2.39968e+08 41785.7 -224259 -1.03722e+08
-41944 224259 2.40877e+08 41944 -224259 -1.04114e+08
-42102.4 224259 2.41785e+08 42102.4 -224259 -1.04507e+08
-42260.7 224259 2.42694e+08 42260.7 -224259 -1.04899e+08
-42419.1 224259 2.43603e+08 42419.1 -224259 -1.05292e+08
-42577.4 224259 2.44511e+08 42577.4 -224259 -1.05684e+08
-42735.8 224259 2.4542e+08 42735.8 -224259 -1.06077e+08
-42894.1 224259 2.46329e+08 42894.1 -224259 -1.06469e+08
-43052.5 224259 2.47237e+08 43052.5 -224259 -1.06861e+08
-43210.8 224259 2.48146e+08 43210.8 -224259 -1.07254e+08
-43369.1 224259 2.49055e+08 43369.1 -224259 -1.07646e+08
-43527.5 224259 2.49963e+08 43527.5 -224259 -1.08039e+08
-43685.8 224259 2.50872e+08 43685.8 -224259 -1.08431e+08
-43844.2 224259 2.51781e+08 43844.2 -224259 -1.08823e+08
-44002.5 224259 2.5269e+08 44002.5 -224259 -1.09216e+08
-44160.9 224259 2.53598e+08 44160.9 -224259 -1.09608e+08
-44319.2 224259 2.54507e+08 44319.2 -224259 -1.1e+08
-44477.6 224259 2.55416e+08 44477.6 -224259 -1.10393e+08
-44635.9 224259 2.56324e+08 44635.9 -224259 -1.10785e+08
-44794.3 224259 2.57233e+08 44794.3 -224259 -1.11178e+08
-44952.6 224259 2.58142e+08 44952.6 -224259 -1.1157e+08
-45111 224259 2.5905e+08 45111 -224259 -1.11962e+08
-45269.4 224259 2.59959e+08 45269.4 -224259 -1.12355e+08
-45427.7 224259 2.60868e+08 45427.7 -224259 -1.12747e+08
-45586.1 224259 2.61776e+08 45586.1 -224259 -1.13139e+08
-45744.4 224259 2.62685e+08 45744.4 -224259 -1.13532e+08
-45902.8 224259 2.63594e+08 45902.8 -224259 -1.13924e+08
-46061.1 224259 2.64502e+08 46061.1 -224259 -1.14316e+08
-46219.5 224259 2.65411e+08 46219.5 -224259 -1.14709e+08
-46377.8 224259 2.6632e+08 46377.8 -224259 -1.15101e+08
-46536.2 224259 2.67228e+08 46536.2 -224259 -1.15493e+08
-46694.6 224259 2.68137e+08 46694.6 -224259 -1.15886e+08
-46852.9 224259 2.69046e+08 46852.9 -224259 -1.16278e+08
-47011.3 224259 2.69954e+08 47011.3 -224259 -1.1667e+08
-47169.6 224259 2.70863e+08 47169.6 -224259 -1.17063e+08
-47328 224259 2.71771e+08 47328 -224259 -1.17455e+08
-47486.3 224259 2.7268e+08 47486.3 -224259 -1.17847e+08
-47644.7 224259 2.73589e+08 47644.7 -224259 -1.1824e+08
-47803.1 224259 2.74497e+08 47803.1 -224259 -1.18632e+08
-47961.4 224259 2.75406e+08 47961.4 -224259 -1.19024e+08
-48119.8 224259 2.76315e+08 48119.8 -224259 -1.19417e+08
-48278.2 224259 2.77223e+08 48278.2 -224259 -1.19809e+08
-48436.5 224259 2.78132e+08 48436.5 -224259 -1.20201e+08
-48594.9 224259 2.79041e+08 48594.9 -224259 -1.20593e+08
-48753.2 224259 2.79949e+08 48753.2 -224259 -1.20986e+08
-48911.6 224259 2.80858e+08 48911.6 -224259 -1.21378e+08
-49070 224259 2.81766e+08 49070 -224259 -1.2177e+08
-49228.3 224259 2.82675e+08 49228.3 -224259 -1.22163e+08
-49386.7 224259 2.83584e+08 49386.7 -224259 -1.22555e+08
-49545.1 224259 2.84492e+08 49545.1 -224259 -1.22947e+08
-49703.4 224259 2.85401e+08 49703.4 -224259 -1.23339e+08
-49861.8 224259 2.86309e+08 49861.8 -224259 -1.23732e+08
-50020.2 224259 2.87218e+08 50020.2 -224259 -1.24124e+08
-50178.5 224259 2.88127e+08 50178.5 -224259 -1.24516e+08
-50336.9 224259 2.89035e+08 50336.9 -224259 -1.24908e+08
-50495.3 224259 2.89944e+08 50495.3 -224259 -1.25301e+08
-50653.6 224259 2.90853e+08 50653.6 -224259 -1.25693e+08
-50812 224259 2.91761e+08 50812 -224259 -1.26085e+08
-50970.4 224259 2.9267e+08 50970.4 -224259 -1.26477e+08
-51128.8 224259 2.93578e+08 51128.8 -224259 -1.2687e+08
-51287.1 224259 2.94487e+08 51287.1 -224259 -1.27262e+08
-51445.5 224259 2.95395e+08 51445.5 -224259 -1.27654e+08
-51603.9 224259 2.96304e+08 51603.9 -224259 -1.28046e+08
-51762.2 224259 2.97213e+08 51762.2 -224259 -1.28438e+08
-51920.6 224259 2.98121e+08 51920.6 -224259 -1.28831e+08
-52079 224259 2.9903e+08 52079 -224259 -1.29223e+08
-52237.4 224259 2.99938e+08 52237.4 -224259 -1.29615e+08
-52395.7 224259 3.00847e+08 52395.7 -224259 -1.30007e+08
-52554.1 224259 3.01756e+08 52554.1 -224259 -1.30399e+08
-52712.5 224259 3.02664e+08 52712.5 -224259 -1.30792e+08
-52870.9 224259 3.03573e+08 52870.9 -224259 -1.31184e+08
-53029.2 224259 3.04481e+08 53029.2 -224259 -1.31576e+08
-53187.6 224259 3.0539e+08 53187.6 -224259 -1.31968e+08
-53346 224259 3.06298e+08 53346 -224259 -1.3236e+08
-53504.4 224259 3.07207e+08 53504.4 -224259 -1.32753e+08
-53662.8 224259 3.08116e+08 53662.8 -224259 -1.33145e+08
-53821.1 224259 3.09024e+08 53821.1 -224259 -1.33537e+08
-53979.5 224259 3.09933e+08 53979.5 -224259 -1.33929e+08
-54137.9 224259 3.10841e+08 54137.9 -224259 -1.34321e+08
-54296.3 224259 3.1175e+08 54296.3 -224259 -1.34713e+08
-54454.7 224259 3.12658e+08 54454.7 -224259 -1.35106e+08
-54613 224259 3.13567e+08 54613 -224259 -1.35498e+08
-54771.4 224259 3.14475e+08 54771.4 -224259 -1.3589e+08
-54929.8 224259 3.15384e+08 54929.8 -224259 -1.36282e+08
-55088.2 224259 3.16293e+08 55088.2 -224259 -1.36674e+08
-55246.6 224259 3.17201e+08 55246.6 -224259 -1.37066e+08
-55405 224259 3.1811e+08 55405 -224259 -1.37458e+08
-55563.3 224259 3.19018e+08 55563.3 -224259 -1.37851e+08
-55721.7 224259 3.19927e+08 55721.7 -224259 -1.38243e+08
-55880.1 224259 3.20835e+08 55880.1 -224259 -1.38635e+08
-56038.5 224259 3.21744e+08 56038.5 -224259 -1.39027e+08
-56196.9 224259 3.22652e+08 56196.9 -224259 -1.39419e+08
-56355.3 224259 3.23561e+08 56355.3 -224259 -1.39811e+08
-56513.7 224259 3.24469e+08 56513.7 -224259 -1.40203e+08
-56672 224259 3.25378e+08 56672 -224259 -1.40595e+08
-56830.4 224259 3.26286e+08 56830.4 -224259 -1.40988e+08
-56988.8 224259 3.27195e+08 56988.8 -224259 -1.4138e+08
-57147.2 224259 3.28103e+08 57147.2 -224259 -1.41772e+08
-57305.6 224259 3.29012e+08 57305.6 -224259 -1.42164e+08
-57464 224259 3.29921e+08 57464 -224259 -1.42556e+08
-57622.4 224259 3.30829e+08 57622.4 -224259 -1.42948e+08
-57780.8 224259 3.31738e+08 57780.8 -224259 -1.4334e+08
-57939.2 224259 3.32646e+08 57939.2 -224259 -1.43732e+08
-58097.6 224259 3.33555e+08 58097.6 -224259 -1.44124e+08
-58255.9 224259 3.34463e+08 58255.9 -224259 -1.44516e+08
-58414.3 224259 3.35372e+08 58414.3 -224259 -1.44908e+08
-58572.7 224259 3.3628e+08 58572.7 -224259 -1.453e+08
-58731.1 224259 3.37189e+08 58731.1 -224259 -1.45693e+08
-58889.5 224259 3.38097e+08 58889.5 -224259 -1.46085e+08
-59047.9 224259 3.39006e+08 59047.9 -224259 -1.46477e+08
-59206.3 224259 3.39914e+08 59206.3 -224259 -1.46869e+08
-59364.7 224259 3.40823e+08 59364.7 -224259 -1.47261e+08
-59523.1 224259 3.41731e+08 59523.1 -224259 -1.47653e+08
-59681.5 224259 3.4264e+08 59681.5 -224259 -1.48045e+08
-59839.9 224259 3.43548e+08 59839.9 -224259 -1.48437e+08
-59998.3 224259 3.44457e+08 59998.3 -224259 -1.48829e+08
-60156.7 224259 3.45365e+08 60156.7 -224259 -1.49221e+08
-60315.1 224259 3.46273e+08 60315.1 -224259 -1.49613e+08
-60473.5 224259 3.47182e+08 60473.5 -224259 -1.50005e+08
-60631.9 224259 3.4809e+08 60631.9 -224259 -1.50397e+08
-60790.3 224259 3.48999e+08 60790.3 -224259 -1.50789e+08
-60948.7 224259 3.49907e+08 60948.7 -224259 -1.51181e+08
-61107.1 224259 3.50816e+08 61107.1 -224259 -1.51573e+08
-61265.5 224259 3.51724e+08 61265.5 -224259 -1.51965e+08
-61423.9 224259 3.52633e+08 61423.9 -224259 -1.52357e+08
-61582.3 224259 3.53541e+08 61582.3 -224259 -1.52749e+08
-61740.7 224259 3.5445e+08 61740.7 -224259 -1.53141e+08
-61899.1 224259 3.55358e+08 61899.1 -224259 -1.53533e+08
-62057.5 224259 3.56267e+08 62057.5 -224259 -1.53925e+08
-62215.9 224259 3.57175e+08 62215.9 -224259 -1.54317e+08
-62374.3 224259 3.58084e+08 62374.3 -224259 -1.54709e+08
-62532.7 224259 3.58992e+08 62532.7 -224259 -1.55101e+08
-62691.1 224259 3.59901e+08 62691.1 -224259 -1.55493e+08
-62849.5 224259 3.60809e+08 62849.5 -224259 -1.55885e+08
-63008 224259 3.61717e+08 63008 -224259 -1.56277e+08
-63166.4 224259 3.62626e+08 63166.4 -224259 -1.56669e+08
-63324.8 224259 3.63534e+08 63324.8 -224259 -1.57061e+08
-63483.2 224259 3.64443e+08 63483.2 -224259 -1.57453e+08
-63641.6 224259 3.65351e+08 63641.6 -224259 -1.57845e+08
-63800 224259 3.6626e+08 63800 -224259 -1.58237e+08
-63958.4 224259 3.67168e+08 63958.4 -224259 -1.58629e+08
-64116.8 224259 3.68076e+08 64116.8 -224259 -1.59021e+08
-64275.2 224259 3.68985e+08 64275.2 -224259 -1.59413e+08
-64433.6 224259 3.69893e+08 64433.6 -224259 -1.59805e+08
-64592.1 224259 3.70802e+08 64592.1 -224259 -1.60197e+08
-64750.5 224259 3.7171e+08 64750.5 -224259 -1.60588e+08
-64908.9 224259 3.72619e+08 64908.9 -224259 -1.6098e+08
-65067.3 224259 3.73527e+08 65067.3 -224259 -1.61372e+08
-65225.7 224259 3.74435e+08 65225.7 -224259 -1.61764e+08
-65384.1 224259 3.75344e+08 65384.1 -224259 -1.62156e+08
-65542.5 224259 3.76252e+08 65542.5 -224259 -1.62548e+08
-65700.9 224259 3.77161e+08 65700.9 -224259 -1.6294e+08
-65859.4 224259 3.78069e+08 65859.4 -224259 -1.63332e+08
-66017.8 224259 3.78978e+08 66017.8 -224259 -1.63724e+08
-66176.2 224259 3.79886e+08 66176.2 -224259 -1.64116e+08
-66334.6 224259 3.80794e+08 66334.6 -224259 -1.64508e+08
-66493 224259 3.81703e+08 66493 -224259 -1.64899e+08
-66651.5 224259 3.82611e+08 66651.5 -224259 -1.65291e+08
-66809.9 224259 3.8352e+08 66809.9 -224259 -1.65683e+08
-66968.3 224259 3.84428e+08 66968.3 -224259 -1.66075e+08
-67126.7 224259 3.85336e+08 67126.7 -224259 -1.66467e+08
-67285.1 224259 3.86245e+08 67285.1 -224259 -1.66859e+08
-67443.6 224259 3.87153e+08 67443.6 -224259 -1.67251e+08
-67602 224259 3.88062e+08 67602 -224259 -1.67643e+08
-67760.4 224259 3.8897e+08 67760.4 -224259 -1.68035e+08
-67918.8 224259 3.89878e+08 67918.8 -224259 -1.68426e+08
-68077.2 224259 3.90787e+08 68077.2 -224259 -1.68818e+08
-68235.7 224259 3.91695e+08 68235.7 -224259 -1.6921e+08
-68394.1 224259 3.92603e+08 68394.1 -224259 -1.69602e+08
-68552.5 224259 3.93512e+08 68552.5 -224259 -1.69994e+08
-68710.9 224259 3.9442e+08 68710.9 -224259 -1.70386e+08
-68869.4 224259 3.95329e+08 68869.4 -224259 -1.70778e+08
-69027.8 224259 3.96237e+08 69027.8 -224259 -1.71169e+08
-69186.2 224259 3.97145e+08 69186.2 -224259 -1.71561e+08
-69344.6 224259 3.98054e+08 69344.6 -224259 -1.71953e+08
-69503.1 224259 3.98962e+08 69503.1 -224259 -1.72345e+08
-69661.5 224259 3.9987e+08 69661.5 -224259 -1.72737e+08
-69819.9 224259 4.00779e+08 69819.9 -224259 -1.73129e+08
-69978.3 224259 4.01687e+08 69978.3 -224259 -1.7352e+08
-70136.8 224259 4.02596e+08 70136.8 -224259 -1.73912e+08
-70295.2 224259 4.03504e+08 70295.2 -224259 -1.74304e+08
-70453.6 224259 4.04412e+08 70453.6 -224259 -1.74696e+08
-70612.1 224259 4.05321e+08 70612.1 -224259 -1.75088e+08
-70770.5 224259 4.06229e+08 70770.5 -224259 -1.75479e+08
-70928.9 224259 4.07137e+08 70928.9 -224259 -1.75871e+08
-71087.4 224259 4.08046e+08 71087.4 -224259 -1.76263e+08
-71245.8 224259 4.08954e+08 71245.8 -224259 -1.76655e+08
-71404.2 224259 4.09862e+08 71404.2 -224259 -1.77047e+08
-71562.7 224259 4.10771e+08 71562.7 -224259 -1.77438e+08
-71721.1 224259 4.11679e+08 71721.1 -224259 -1.7783e+08
-71879.5 224259 4.12587e+08 71879.5 -224259 -1.78222e+08
-72038 224259 4.13496e+08 72038 -224259 -1.78614e+08
-72196.4 224259 4.14404e+08 72196.4 -224259 -1.79005e+08
-72354.8 224259 4.15312e+08 72354.8 -224259 -1.79397e+08
-72513.3 224259 4.16221e+08 72513.3 -224259 -1.79789e+08
-72671.7 224259 4.17129e+08 72671.7 -224259 -1.80181e+08
-72830.1 224259 4.18037e+08 72830.1 -224259 -1.80573e+08
-72988.6 224259 4.18946e+08 72988.6 -224259 -1.80964e+08
-73147 224259 4.19854e+08 73147 -224259 -1.81356e+08
-73305.5 224259 4.20762e+08 73305.5 -224259 -1.81748e+08
-73463.9 224259 4.21671e+08 73463.9 -224259 -1.8214e+08
-73622.3 224259 4.22579e+08 73622.3 -224259 -1.82531e+08
-73780.8 224259 4.23487e+08 73780.8 -224259 -1.82923e+08
-73939.2 224259 4.24396e+08 73939.2 -224259 -1.83315e+08
-74097.7 224259 4.25304e+08 74097.7 -224259 -1.83706e+08
-74256.1 224259 4.26212e+08 74256.1 -224259 -1.84098e+08
-74414.5 224259 4.27121e+08 74414.5 -224259 -1.8449e+08
-74573 224259 4.28029e+08 74573 -224259 -1.84882e+08
-74731.4 224259 4.28937e+08 74731.4 -224259 -1.85273e+08
-74889.9 224259 4.29845e+08 74889.9 -224259 -1.85665e+08
-75048.3 224259 4.30754e+08 75048.3 -224259 -1.86057e+08
-75206.8 224259 4.31662e+08 75206.8 -224259 -1.86448e+08
-75365.2 224259 4.3257e+08 75365.2 -224259 -1.8684e+08
-75523.6 224259 4.33479e+08 75523.6 -224259 -1.87232e+08
-75682.1 224259 4.34387e+08 75682.1 -224259 -1.87624e+08
-75840.5 224259 4.35295e+08 75840.5 -224259 -1.88015e+08
-75999 224259 4.36204e+08 75999 -224259 -1.88407e+08
-76157.4 224259 4.37112e+08 76157.4 -224259 -1.88799e+08
-76315.9 224259 4.3802e+08 76315.9 -224259 -1.8919e+08
-76474.3 224259 4.38928e+08 76474.3 -224259 -1.89582e+08
-76632.8 224259 4.39837e+08 76632.8 -224259 -1.89974e+08
-76791.2 224259 4.40745e+08 76791.2 -224259 -1.90365e+08
-76949.7 224259 4.41653e+08 76949.7 -224259 -1.90757e+08
-77108.1 224259 4.42561e+08 77108.1 -224259 -1.91149e+08
-77266.6 224259 4.4347e+08 77266.6 -224259 -1.9154e+08
-77425 224259 4.44378e+08 77425 -224259 -1.91932e+08
-77583.5 224259 4.45286e+08 77583.5 -224259 -1.92324e+08
-77741.9 224259 4.46195e+08 77741.9 -224259 -1.92715e+08
-77900.4 224259 4.47103e+08 77900.4 -224259 -1.93107e+08
-78058.8 224259 4.48011e+08 78058.8 -224259 -1.93499e+08
-78217.3 224259 4.48919e+08 78217.3 -224259 -1.9389e+08
-78375.7 224259 4.49828e+08 78375.7 -224259 -1.94282e+08
-78534.2 224259 4.50736e+08 78534.2 -224259 -1.94674e+08
-78692.7 224259 4.51644e+08 78692.7 -224259 -1.95065e+08
-78851.1 224259 4.52552e+08 78851.1 -224259 -1.95457e+08
-79009.6 224259 4.53461e+08 79009.6 -224259 -1.95848e+08
-79168 224259 4.54369e+08 79168 -224259 -1.9624e+08
-79326.5 224259 4.55277e+08 79326.5 -224259 -1.96632e+08
-79484.9 224259 4.56185e+08 79484.9 -224259 -1.97023e+08
-79643.4 224259 4.57094e+08 79643.4 -224259 -1.97415e+08
-79801.9 224259 4.58002e+08 79801.9 -224259 -1.97806e+08
-79960.3 224259 4.5891e+08 79960.3 -224259 -1.98198e+08
-80118.8 224259 4.59818e+08 80118.8 -224259 -1.9859e+08
-80277.2 224259 4.60727e+08 80277.2 -224259 -1.98981e+08
-80435.7 224259 4.61635e+08 80435.7 -224259 -1.99373e+08
-80594.1 224259 4.62543e+08 80594.1 -224259 -1.99764e+08
-80752.6 224259 4.63451e+08 80752.6 -224259 -2.00156e+08
-80911.1 224259 4.64359e+08 80911.1 -224259 -2.00548e+08
-81069.5 224259 4.65268e+08 81069.5 -224259 -2.00939e+08
-81228 224259 4.66176e+08 81228 -224259 -2.01331e+08
-81386.5 224259 4.67084e+08 81386.5 -224259 -2.01722e+08
-81544.9 224259 4.67992e+08 81544.9 -224259 -2.02114e+08
-81703.4 224259 4.68901e+08 81703.4 -224259 -2.02506e+08
-81861.9 224259 4.69809e+08 81861.9 -224259 -2.02897e+08
-82020.3 224259 4.70717e+08 82020.3 -224259 -2.03289e+08
-82178.8 224259 4.71625e+08 82178.8 -224259 -2.0368e+08
-82337.2 224259 4.72533e+08 82337.2 -224259 -2.04072e+08
-82495.7 224259 4.73442e+08 82495.7 -224259 -2.04463e+08
-82654.2 224259 4.7435e+08 82654.2 -224259 -2.04855e+08
-82812.7 224259 4.75258e+08 82812.7 -224259 -2.05246e+08
-82971.1 224259 4.76166e+08 82971.1 -224259 -2.05638e+08
-83129.6 224259 4.77074e+08 83129.6 -224259 -2.06029e+08
-83288.1 224259 4.77983e+08 83288.1 -224259 -2.06421e+08
-83446.5 224259 4.78891e+08 83446.5 -224259 -2.06812e+08
-83605 224259 4.79799e+08 83605 -224259 -2.07204e+08
-83763.5 224259 4.80707e+08 83763.5 -224259 -2.07596e+08
-83921.9 224259 4.81615e+08 83921.9 -224259 -2.07987e+08
-84080.4 224259 4.82524e+08 84080.4 -224259 -2.08379e+08
-84238.9 224259 4.83432e+08 84238.9 -224259 -2.0877e+08
-84397.3 224259 4.8434e+08 84397.3 -224259 -2.09162e+08
-84555.8 224259 4.85248e+08 84555.8 -224259 -2.09553e+08
-84714.3 224259 4.86156e+08 84714.3 -224259 -2.09945e+08
-84872.8 224259 4.87065e+08 84872.8 -224259 -2.10336e+08
-85031.2 224259 4.87973e+08 85031.2 -224259 -2.10728e+08
-85189.7 224259 4.88881e+08 85189.7 -224259 -2.11119e+08
-85348.2 224259 4.89789e+08 85348.2 -224259 -2.11511e+08
-85506.7 224259 4.90697e+08 85506.7 -224259 -2.11902e+08
-85665.1 224259 4.91605e+08 85665.1 -224259 -2.12294e+08
-85823.6 224259 4.92514e+08 85823.6 -224259 -2.12685e+08
-85982.1 224259 4.93422e+08 85982.1 -224259 -2.13076e+08
-86140.6 224259 4.9433e+08 86140.6 -224259 -2.13468e+08
-86299.1 224259 4.95238e+08 86299.1 -224259 -2.13859e+08
-86457.5 224259 4.96146e+08 86457.5 -224259 -2.14251e+08
-86616 224259 4.97054e+08 86616 -224259 -2.14642e+08
-86774.5 224259 4.97963e+08 86774.5 -224259 -2.15034e+08
-86933 224259 4.98871e+08 86933 -224259 -2.15425e+08
-87091.5 224259 4.99779e+08 87091.5 -224259 -2.15817e+08
-87249.9 224259 5.00687e+08 87249.9 -224259 -2.16208e+08
-87408.4 224259 5.01595e+08 87408.4 -224259 -2.166e+08
-87566.9 224259 5.02503e+08 87566.9 -224259 -2.16991e+08
-87725.4 224259 5.03411e+08 87725.4 -224259 -2.17382e+08
-87883.9 224259 5.0432e+08 87883.9 -224259 -2.17774e+08
-88042.3 224259 5.05228e+08 88042.3 -224259 -2.18165e+08
-88200.8 224259 5.06136e+08 88200.8 -224259 -2.18557e+08
-88359.3 224259 5.07044e+08 88359.3 -224259 -2.18948e+08
-88517.8 224259 5.07952e+08 88517.8 -224259 -2.1934e+08
-88676.3 224259 5.0886e+08 88676.3 -224259 -2.19731e+08
-88834.8 224259 5.09768e+08 88834.8 -224259 -2.20122e+08
-88993.3 224259 5.10676e+08 88993.3 -224259 -2.20514e+08
-89151.7 224259 5.11585e+08 89151.7 -224259 -2.20905e+08
-89310.2 224259 5.12493e+08 89310.2 -224259 -2.21297e+08
-89468.7 224259 5.13401e+08 89468.7 -224259 -2.21688e+08
-89627.2 224259 5.14309e+08 89627.2 -224259 -2.22079e+08
-89785.7 224259 5.15217e+08 89785.7 -224259 -2.22471e+08
-89944.2 224259 5.16125e+08 89944.2 -224259 -2.22862e+08
-90102.7 224259 5.17033e+08 90102.7 -224259 -2.23254e+08
-90261.2 224259 5.17941e+08 90261.2 -224259 -2.23645e+08
-90419.7 224259 5.1885e+08 90419.7 -224259 -2.24036e+08
-90578.1 224259 5.19758e+08 90578.1 -224259 -2.24428e+08
-90736.6 224259 5.20666e+08 90736.6 -224259 -2.24819e+08
-90895.1 224259 5.21574e+08 90895.1 -224259 -2.2521e+08
-91053.6 224259 5.22482e+08 91053.6 -224259 -2.25602e+08
-91212.1 224259 5.2339e+08 91212.1 -224259 -2.25993e+08
-91370.6 224259 5.24298e+08 91370.6 -224259 -2.26384e+08
-91529.1 224259 5.25206e+08 91529.1 -224259 -2.26776e+08
-91687.6 224259 5.26114e+08 91687.6 -224259 -2.27167e+08
-91846.1 224259 5.27022e+08 91846.1 -224259 -2.27559e+08
-92004.6 224259 5.27931e+08 92004.6 -224259 -2.2795e+08
-92163.1 224259 5.28839e+08 92163.1 -224259 -2.28341e+08
-92321.6 224259 5.29747e+08 92321.6 -224259 -2.28733e+08
-92480.1 224259 5.30655e+08 92480.1 -224259 -2.29124e+08
-92638.6 224259 5.31563e+08 92638.6 -224259 -2.29515e+08
-92797.1 224259 5.32471e+08 92797.1 -224259 -2.29907e+08
-92955.6 224259 5.33379e+08 92955.6 -224259 -2.30298e+08
-93114.1 224259 5.34287e+08 93114.1 -224259 -2.30689e+08
-93272.6 224259 5.35195e+08 93272.6 -224259 -2.3108e+08
-93431.1 224259 5.36103e+08 93431.1 -224259 -2.31472e+08
-93589.6 224259 5.37011e+08 93589.6 -224259 -2.31863e+08
-93748.1 224259 5.37919e+08 93748.1 -224259 -2.32254e+08
-93906.6 224259 5.38827e+08 93906.6 -224259 -2.32646e+08
-94065.1 224259 5.39736e+08 94065.1 -224259 -2.33037e+08
-94223.6 224259 5.40644e+08 94223.6 -224259 -2.33428e+08
-94382.1 224259 5.41552e+08 94382.1 -224259 -2.3382e+08
-94540.6 224259 5.4246e+08 94540.6 -224259 -2.34211e+08
-94699.1 224259 5.43368e+08 94699.1 -224259 -2.34602e+08
-94857.6 224259 5.44276e+08 94857.6 -224259 -2.34993e+08
-95016.1 224259 5.45184e+08 95016.1 -224259 -2.35385e+08
-95174.6 224259 5.46092e+08 95174.6 -224259 -2.35776e+08
-95333.1 224259 5.47e+08 95333.1 -224259 -2.36167e+08
-95491.6 224259 5.47908e+08 95491.6 -224259 -2.36559e+08
-95650.1 224259 5.48816e+08 95650.1 -224259 -2.3695e+08
-95808.6 224259 5.49724e+08 95808.6 -224259 -2.37341e+08
-95967.1 224259 5.50632e+08 95967.1 -224259 -2.37732e+08
-96125.6 224259 5.5154e+08 96125.6 -224259 -2.38124e+08
-96284.2 224259 5.52448e+08 96284.2 -224259 -2.38515e+08
-96442.7 224259 5.53356e+08 96442.7 -224259 -2.38906e+08
-96601.2 224259 5.54264e+08 96601.2 -224259 -2.39297e+08
-96759.7 224259 5.55172e+08 96759.7 -224259 -2.39688e+08
-96918.2 224259 5.5608e+08 96918.2 -224259 -2.4008e+08
-97076.7 224259 5.56988e+08 97076.7 -224259 -2.40471e+08
-97235.2 224259 5.57896e+08 97235.2 -224259 -2.40862e+08
-97393.7 224259 5.58804e+08 97393.7 -224259 -2.41253e+08
-97552.2 224259 5.59712e+08 97552.2 -224259 -2.41645e+08
-97710.7 224259 5.6062e+08 97710.7 -224259 -2.42036e+08
-97869.3 224259 5.61528e+08 97869.3 -224259 -2.42427e+08
-98027.8 224259 5.62436e+08 98027.8 -224259 -2.42818e+08
-98186.3 224259 5.63345e+08 98186.3 -224259 -2.4321e+08
-98344.8 224259 5.64253e+08 98344.8 -224259 -2.43601e+08
-98503.3 224259 5.65161e+08 98503.3 -224259 -2.43992e+08
-98661.8 224259 5.66069e+08 98661.8 -224259 -2.44383e+08
-98820.4 224259 5.66977e+08 98820.4 -224259 -2.44774e+08
-98978.9 224259 5.67885e+08 98978.9 -224259 -2.45165e+08
-99137.4 224259 5.68793e+08 99137.4 -224259 -2.45557e+08
-99295.9 224259 5.69701e+08 99295.9 -224259 -2.45948e+08
-99454.4 224259 5.70609e+08 99454.4 -224259 -2.46339e+08
-99612.9 224259 5.71517e+08 99612.9 -224259 -2.4673e+08
-99771.5 224259 5.72425e+08 99771.5 -224259 -2.47121e+08
-99930 224259 5.73333e+08 99930 -224259 -2.47513e+08
-100088 224259 5.74241e+08 100088 -224259 -2.47904e+08
-100247 224259 5.75149e+08 100247 -224259 -2.48295e+08
-100406 224259 5.76056e+08 100406 -224259 -2.48686e+08
-100564 224259 5.76964e+08 100564 -224259 -2.49077e+08
-100723 224259 5.77872e+08 100723 -224259 -2.49468e+08
-100881 224259 5.7878e+08 100881 -224259 -2.49859e+08
-101040 224259 5.79688e+08 101040 -224259 -2.50251e+08
-101198 224259 5.80596e+08 101198 -224259 -2.50642e+08
-101357 224259 5.81504e+08 101357 -224259 -2.51033e+08
-101515 224259 5.82412e+08 101515 -224259 -2.51424e+08
-101674 224259 5.8332e+08 101674 -224259 -2.51815e+08
-101832 224259 5.84228e+08 101832 -224259 -2.52206e+08
-101991 224259 5.85136e+08 101991 -224259 -2.52597e+08
-102149 224259 5.86044e+08 102149 -224259 -2.52989e+08
-102308 224259 5.86952e+08 102308 -224259 -2.5338e+08
-102466 224259 5.8786e+08 102466 -224259 -2.53771e+08
-102625 224259 5.88768e+08 102625 -224259 -2.54162e+08
-102783 224259 5.89676e+08 102783 -224259 -2.54553e+08
-102942 224259 5.90584e+08 102942 -224259 -2.54944e+08
-103100 224259 5.91492e+08 103100 -224259 -2.55335e+08
-103259 224259 5.924e+08 103259 -224259 -2.55726e+08
-103418 224259 5.93308e+08 103418 -224259 -2.56117e+08
-103576 224259 5.94216e+08 103576 -224259 -2.56508e+08
-103735 224259 5.95124e+08 103735 -224259 -2.569e+08
-103893 224259 5.96032e+08 103893 -224259 -2.57291e+08
-104052 224259 5.9694e+08 104052 -224259 -2.57682e+08
-104210 224259 5.97848e+08 104210 -224259 -2.58073e+08
-104369 224259 5.98756e+08 104369 -224259 -2.58464e+08
-104527 224259 5.99663e+08 104527 -224259 -2.58855e+08
-104686 224259 6.00571e+08 104686 -224259 -2.59246e+08
-104844 224259 6.01479e+08 104844 -224259 -2.59637e+08
-105003 224259 6.02387e+08 105003 -224259 -2.60028e+08
-105161 224259 6.03295e+08 105161 -224259 -2.60419e+08
-105320 224259 6.04203e+08 105320 -224259 -2.6081e+08
-105478 224259 6.05111e+08 105478 -224259 -2.61201e+08
-105637 224259 6.06019e+08 105637 -224259 -2.61592e+08
-105796 224259 6.06927e+08 105796 -224259 -2.61983e+08
-105954 224259 6.07835e+08 105954 -224259 -2.62374e+08
-106113 224259 6.08743e+08 106113 -224259 -2.62765e+08
-106271 224259 6.09651e+08 106271 -224259 -2.63156e+08
-106430 224259 6.10559e+08 106430 -224259 -2.63548e+08
-106588 224259 6.11466e+08 106588 -224259 -2.63939e+08
-106747 224259 6.12374e+08 106747 -224259 -2.6433e+08
-106905 224259 6.13282e+08 106905 -224259 -2.64721e+08
-107064 224259 6.1419e+08 107064 -224259 -2.65112e+08
-107222 224259 6.15098e+08 107222 -224259 -2.65503e+08
-107381 224259 6.16006e+08 107381 -224259 -2.65894e+08
-107539 224259 6.16914e+08 107539 -224259 -2.66285e+08
-107698 224259 6.17822e+08 107698 -224259 -2.66676e+08
-107857 224259 6.1873e+08 107857 -224259 -2.67067e+08
-108015 224259 6.19638e+08 108015 -224259 -2.67458e+08
-108174 224259 6.20545e+08 108174 -224259 -2.67849e+08
-108332 224259 6.21453e+08 108332 -224259 -2.6824e+08
-108491 224259 6.22361e+08 108491 -224259 -2.68631e+08
-108649 224259 6.23269e+08 108649 -224259 -2.69022e+08
-108808 224259 6.24177e+08 108808 -224259 -2.69413e+08
-108966 224259 6.25085e+08 108966 -224259 -2.69804e+08
-109125 224259 6.25993e+08 109125 -224259 -2.70194e+08
-109283 224259 6.26901e+08 109283 -224259 -2.70585e+08
-109442 224259 6.27808e+08 109442 -224259 -2.70976e+08
-109601 224259 6.28716e+08 109601 -224259 -2.71367e+08
-109759 224259 6.29624e+08 109759 -224259 -2.71758e+08
-109918 224259 6.30532e+08 109918 -224259 -2.72149e+08
-110076 224259 6.3144e+08 110076 -224259 -2.7254e+08
-110235 224259 6.32348e+08 110235 -224259 -2.72931e+08
-110393 224259 6.33256e+08 110393 -224259 -2.73322e+08
-110552 224259 6.34164e+08 110552 -224259 -2.73713e+08
-110710 224259 6.35071e+08 110710 -224259 -2.74104e+08
-110869 224259 6.35979e+08 110869 -224259 -2.74495e+08
-111028 224259 6.36887e+08 111028 -224259 -2.74886e+08
-111186 224259 6.37795e+08 111186 -224259 -2.75277e+08
-111345 224259 6.38703e+08 111345 -224259 -2.75668e+08
-111503 224259 6.39611e+08 111503 -224259 -2.76059e+08
-111662 224259 6.40519e+08 111662 -224259 -2.7645e+08
-111820 224259 6.41426e+08 111820 -224259 -2.7684e+08
-111979 224259 6.42334e+08 111979 -224259 -2.77231e+08
-112137 224259 6.43242e+08 112137 -224259 -2.77622e+08
-112296 224259 6.4415e+08 112296 -224259 -2.78013e+08
-112455 224259 6.45058e+08 112455 -224259 -2.78404e+08
-112613 224259 6.45966e+08 112613 -224259 -2.78795e+08
-112772 224259 6.46873e+08 112772 -224259 -2.79186e+08
-112930 224259 6.47781e+08 112930 -224259 -2.79577e+08
-113089 224259 6.48689e+08 113089 -224259 -2.79968e+08
-113247 224259 6.49597e+08 113247 -224259 -2.80358e+08
-113406 224259 6.50505e+08 113406 -224259 -2.80749e+08
-113564 224259 6.51413e+08 113564 -224259 -2.8114e+08
-113723 224259 6.5232e+08 113723 -224259 -2.81531e+08
-113882 224259 6.53228e+08 113882 -224259 -2.81922e+08
-114040 224259 6.54136e+08 114040 -224259 -2.82313e+08
-114199 224259 6.55044e+08 114199 -224259 -2.82704e+08
-114357 224259 6.55952e+08 114357 -224259 -2.83095e+08
-114516 224259 6.56859e+08 114516 -224259 -2.83485e+08
-114674 224259 6.57767e+08 114674 -224259 -2.83876e+08
-114833 224259 6.58675e+08 114833 -224259 -2.84267e+08
-114992 224259 6.59583e+08 114992 -224259 -2.84658e+08
-115150 224259 6.60491e+08 115150 -224259 -2.85049e+08
-115309 224259 6.61398e+08 115309 -224259 -2.8544e+08
-115467 224259 6.62306e+08 115467 -224259 -2.8583e+08
-115626 224259 6.63214e+08 115626 -224259 -2.86221e+08
-115784 224259 6.64122e+08 115784 -224259 -2.86612e+08
-115943 224259 6.6503e+08 115943 -224259 -2.87003e+08
-116102 224259 6.65937e+08 116102 -224259 -2.87394e+08
-116260 224259 6.66845e+08 116260 -224259 -2.87785e+08
-116419 224259 6.67753e+08 116419 -224259 -2.88175e+08
-116577 224259 6.68661e+08 116577 -224259 -2.88566e+08
-116736 224259 6.69569e+08 116736 -224259 -2.88957e+08
-116894 224259 6.70476e+08 116894 -224259 -2.89348e+08
-117053 224259 6.71384e+08 117053 -224259 -2.89739e+08
-117212 224259 6.72292e+08 117212 -224259 -2.90129e+08
-117370 224259 6.732e+08 117370 -224259 -2.9052e+08
-117529 224259 6.74107e+08 117529 -224259 -2.90911e+08
-117687 224259 6.75015e+08 117687 -224259 -2.91302e+08
-117846 224259 6.75923e+08 117846 -224259 -2.91692e+08
-118004 224259 6.76831e+08 118004 -224259 -2.92083e+08
-118163 224259 6.77739e+08 118163 -224259 -2.92474e+08
-118322 224259 6.78646e+08 118322 -224259 -2.92865e+08
-118480 224259 6.79554e+08 118480 -224259 -2.93256e+08
-118639 224259 6.80462e+08 118639 -224259 -2.93646e+08
-118797 224259 6.8137e+08 118797 -224259 -2.94037e+08
-118956 224259 6.82277e+08 118956 -224259 -2.94428e+08
-119114 224259 6.83185e+08 119114 -224259 -2.94819e+08
-119273 224259 6.84093e+08 119273 -224259 -2.95209e+08
-119432 224259 6.85001e+08 119432 -224259 -2.956e+08
-119590 224259 6.85908e+08 119590 -224259 -2.95991e+08
-119749 224259 6.86816e+08 119749 -224259 -2.96382e+08
-119907 224259 6.87724e+08 119907 -224259 -2.96772e+08
-120066 224259 6.88632e+08 120066 -224259 -2.97163e+08
-120224 224259 6.89539e+08 120224 -224259 -2.97554e+08
-120383 224259 6.90447e+08 120383 -224259 -2.97944e+08
-120542 224259 6.91355e+08 120542 -224259 -2.98335e+08
-120700 224259 6.92263e+08 120700 -224259 -2.98726e+08
-120859 224259 6.9317e+08 120859 -224259 -2.99117e+08
-121017 224259 6.94078e+08 121017 -224259 -2.99507e+08
-121176 224259 6.94986e+08 121176 -224259 -2.99898e+08
-121335 224259 6.95893e+08 121335 -224259 -3.00289e+08
-121493 224259 6.96801e+08 121493 -224259 -3.00679e+08
-121652 224259 6.97709e+08 121652 -224259 -3.0107e+08
-121810 224259 6.98617e+08 121810 -224259 -3.01461e+08
-121969 224259 6.99524e+08 121969 -224259 -3.01852e+08
-122127 224259 7.00432e+08 122127 -224259 -3.02242e+08
-122286 224259 7.0134e+08 122286 -224259 -3.02633e+08
-122445 224259 7.02247e+08 122445 -224259 -3.03024e+08
-122603 224259 7.03155e+08 122603 -224259 -3.03414e+08
-122762 224259 7.04063e+08 122762 -224259 -3.03805e+08
-122920 224259 7.04971e+08 122920 -224259 -3.04196e+08
-123079 224259 7.05878e+08 123079 -224259 -3.04586e+08
-123238 224259 7.06786e+08 123238 -224259 -3.04977e+08
-123396 224259 7.07694e+08 123396 -224259 -3.05368e+08
-123555 224259 7.08601e+08 123555 -224259 -3.05758e+08
-123713 224259 7.09509e+08 123713 -224259 -3.06149e+08
-123872 224259 7.10417e+08 123872 -224259 -3.0654e+08
-124031 224259 7.11325e+08 124031 -224259 -3.0693e+08
-124189 224259 7.12232e+08 124189 -224259 -3.07321e+08
-124348 224259 7.1314e+08 124348 -224259 -3.07711e+08
-124506 224259 7.14048e+08 124506 -224259 -3.08102e+08
-124665 224259 7.14955e+08 124665 -224259 -3.08493e+08
-124824 224259 7.15863e+08 124824 -224259 -3.08883e+08
-124982 224259 7.16771e+08 124982 -224259 -3.09274e+08
-125141 224259 7.17678e+08 125141 -224259 -3.09665e+08
-125299 224259 7.18586e+08 125299 -224259 -3.10055e+08
-125458 224259 7.19494e+08 125458 -224259 -3.10446e+08
-125617 224259 7.20401e+08 125617 -224259 -3.10836e+08
-125775 224259 7.21309e+08 125775 -224259 -3.11227e+08
-125934 224259 7.22217e+08 125934 -224259 -3.11618e+08
-126092 224259 7.23124e+08 126092 -224259 -3.12008e+08
-126251 224259 7.24032e+08 126251 -224259 -3.12399e+08
-126410 224259 7.2494e+08 126410 -224259 -3.12789e+08
-126568 224259 7.25847e+08 126568 -224259 -3.1318e+08
-126727 224259 7.26755e+08 126727 -224259 -3.13571e+08
-126885 224259 7.27663e+08 126885 -224259 -3.13961e+08
-127044 224259 7.2857e+08 127044 -224259 -3.14352e+08
-127203 224259 7.29478e+08 127203 -224259 -3.14742e+08
-127361 224259 7.30386e+08 127361 -224259 -3.15133e+08
-127520 224259 7.31293e+08 127520 -224259 -3.15524e+08
-127678 224259 7.32201e+08 127678 -224259 -3.15914e+08
-127837 224259 7.33109e+08 127837 -224259 -3.16305e+08
-127996 224259 7.34016e+08 127996 -224259 -3.16695e+08
-128154 224259 7.34924e+08 128154 -224259 -3.17086e+08
-128313 224259 7.35832e+08 128313 -224259 -3.17476e+08
-128471 224259 7.36739e+08 128471 -224259 -3.17867e+08
-128630 224259 7.37647e+08 128630 -224259 -3.18257e+08
-128789 224259 7.38554e+08 128789 -224259 -3.18648e+08
-128947 224259 7.39462e+08 128947 -224259 -3.19038e+08
-129106 224259 7.4037e+08 129106 -224259 -3.19429e+08
-129264 224259 7.41277e+08 129264 -224259 -3.1982e+08
-129423 224259 7.42185e+08 129423 -224259 -3.2021e+08
-129582 224259 7.43093e+08 129582 -224259 -3.20601e+08
-129740 224259 7.44e+08 129740 -224259 -3.20991e+08
-129899 224259 7.44908e+08 129899 -224259 -3.21382e+08
-130057 224259 7.45815e+08 130057 -224259 -3.21772e+08
-130216 224259 7.46723e+08 130216 -224259 -3.22163e+08
-130375 224259 7.47631e+08 130375 -224259 -3.22553e+08
-130533 224259 7.48538e+08 130533 -224259 -3.22944e+08
-130692 224259 7.49446e+08 130692 -224259 -3.23334e+08
-130851 224259 7.50354e+08 130851 -224259 -3.23725e+08
-131009 224259 7.51261e+08 131009 -224259 -3.24115e+08
-131168 224259 7.52169e+08 131168 -224259 -3.24506e+08
-131326 224259 7.53076e+08 131326 -224259 -3.24896e+08
-131485 224259 7.53984e+08 131485 -224259 -3.25287e+08
-131644 224259 7.54892e+08 131644 -224259 -3.25677e+08
-131802 224259 7.55799e+08 131802 -224259 -3.26068e+08
-131961 224259 7.56707e+08 131961 -224259 -3.26458e+08
-132119 224259 7.57614e+08 132119 -224259 -3.26849e+08
-132278 224259 7.58522e+08 132278 -224259 -3.27239e+08
-132437 224259 7.5943e+08 132437 -224259 -3.27629e+08
-132595 224259 7.60337e+08 132595 -224259 -3.2802e+08
-132754 224259 7.61245e+08 132754 -224259 -3.2841e+08
-132913 224259 7.62152e+08 132913 -224259 -3.28801e+08
-133071 224259 7.6306e+08 133071 -224259 -3.29191e+08
-133230 224259 7.63967e+08 133230 -224259 -3.29582e+08
-133388 224259 7.64875e+08 133388 -224259 -3.29972e+08
-133547 224259 7.65783e+08 133547 -224259 -3.30363e+08
-133706 224259 7.6669e+08 133706 -224259 -3.30753e+08
-133864 224259 7.67598e+08 133864 -224259 -3.31143e+08
-134023 224259 7.68505e+08 134023 -224259 -3.31534e+08
-134182 224259 7.69413e+08 134182 -224259 -3.31924e+08
-134340 224259 7.7032e+08 134340 -224259 -3.32315e+08
-134499 224259 7.71228e+08 134499 -224259 -3.32705e+08
-134657 224259 7.72136e+08 134657 -224259 -3.33096e+08
-134816 224259 7.73043e+08 134816 -224259 -3.33486e+08
-134975 224259 7.73951e+08 134975 -224259 -3.33876e+08
-135133 224259 7.74858e+08 135133 -224259 -3.34267e+08
-135292 224259 7.75766e+08 135292 -224259 -3.34657e+08
-135451 224259 7.76673e+08 135451 -224259 -3.35048e+08
-135622 224259 7.77546e+08 135622 -224259 -3.35364e+08
-135817 224259 7.78356e+08 135817 -224259 -3.35549e+08
-136011 224259 7.79166e+08 136011 -224259 -3.35733e+08
-136206 224259 7.79977e+08 136206 -224259 -3.35918e+08
-136400 224259 7.80787e+08 136400 -224259 -3.36102e+08
-136595 224259 7.81597e+08 136595 -224259 -3.36287e+08
-136789 224259 7.82407e+08 136789 -224259 -3.36471e+08
-136984 224259 7.83217e+08 136984 -224259 -3.36655e+08
-137102 224259 7.83708e+08 137102 -224259 -3.36756e+08
-137097 224259 7.83678e+08 137097 -224259 -3.36721e+08
-137091 224259 7.83648e+08 137091 -224259 -3.36686e+08
-137086 224259 7.83618e+08 137086 -224259 -3.3665e+08
-137081 224259 7.83588e+08 137081 -224259 -3.36615e+08
-137075 224259 7.83558e+08 137075 -224259 -3.36579e+08
-137070 224259 7.83528e+08 137070 -224259 -3.36544e+08
-137064 224259 7.83498e+08 137064 -224259 -3.36509e+08
-137059 224259 7.83469e+08 137059 -224259 -3.36473e+08
-137053 224259 7.83439e+08 137053 -224259 -3.36438e+08
-137048 224259 7.83409e+08 137048 -224259 -3.36403e+08
-137043 224259 7.83379e+08 137043 -224259 -3.36367e+08
-137037 224259 7.83349e+08 137037 -224259 -3.36332e+08
-137032 224259 7.83319e+08 137032 -224259 -3.36297e+08
-137026 224259 7.83289e+08 137026 -224259 -3.36261e+08
-137021 224259 7.83259e+08 137021 -224259 -3.36226e+08
-137015 224259 7.83229e+08 137015 -224259 -3.36191e+08
-137010 224259 7.83199e+08 137010 -224259 -3.36155e+08
-137005 224259 7.83169e+08 137005 -224259 -3.3612e+08
-136999 224259 7.83139e+08 136999 -224259 -3.36084e+08
-136994 224259 7.83109e+08 136994 -224259 -3.36049e+08
-136988 224259 7.8308e+08 136988 -224259 -3.36014e+08
-136983 224259 7.8305e+08 136983 -224259 -3.35978e+08
-136977 224259 7.8302e+08 136977 -224259 -3.35943e+08
-136972 224259 7.8299e+08 136972 -224259 -3.35908e+08
-136966 224259 7.8296e+08 136966 -224259 -3.35872e+08
-136961 224259 7.8293e+08 136961 -224259 -3.35837e+08
-136956 224259 7.829e+08 136956 -224259 -3.35802e+08
-136950 224259 7.8287e+08 136950 -224259 -3.35766e+08
-136945 224259 7.8284e+08 136945 -224259 -3.35731e+08
-136939 224259 7.8281e+08 136939 -224259 -3.35696e+08
-136934 224259 7.8278e+08 136934 -224259 -3.3566e+08
-136928 224259 7.8275e+08 136928 -224259 -3.35625e+08
-136923 224259 7.82721e+08 136923 -224259 -3.3559e+08
-136918 224259 7.82691e+08 136918 -224259 -3.35554e+08
-136912 224259 7.82661e+08 136912 -224259 -3.35519e+08
-136907 224259 7.82631e+08 136907 -224259 -3.35484e+08
-136901 224259 7.82601e+08 136901 -224259 -3.35448e+08
-136896 224259 7.82571e+08 136896 -224259 -3.35413e+08
-136890 224259 7.82541e+08 136890 -224259 -3.35377e+08
-136885 224259 7.82511e+08 136885 -224259 -3.35342e+08
-136880 224259 7.82481e+08 136880 -224259 -3.35307e+08
-136874 224259 7.82451e+08 136874 -224259 -3.35271e+08
-136869 224259 7.82421e+08 136869 -224259 -3.35236e+08
-136863 224259 7.82392e+08 136863 -224259 -3.35201e+08
-136858 224259 7.82362e+08 136858 -224259 -3.35165e+08
-136852 224259 7.82332e+08 136852 -224259 -3.3513e+08
-136847 224259 7.82302e+08 136847 -224259 -3.35095e+08
-136842 224259 7.82272e+08 136842 -224259 -3.35059e+08
-136836 224259 7.82242e+08 136836 -224259 -3.35024e+08
-136831 224259 7.82212e+08 136831 -224259 -3.34989e+08
-136825 224259 7.82182e+08 136825 -224259 -3.34953e+08
-136820 224259 7.82152e+08 136820 -224259 -3.34918e+08
-136814 224259 7.82122e+08 136814 -224259 -3.34883e+08
-136809 224259 7.82092e+08 136809 -224259 -3.34847e+08
-136803 224259 7.82063e+08 136803 -224259 -3.34812e+08
-136798 224259 7.82033e+08 136798 -224259 -3.34777e+08
-136793 224259 7.82003e+08 136793 -224259 -3.34741e+08
-136787 224259 7.81973e+08 136787 -224259 -3.34706e+08
-136782 224259 7.81943e+08 136782 -224259 -3.34671e+08
-136776 224259 7.81913e+08 136776 -224259 -3.34635e+08
-136771 224259 7.81883e+08 136771 -224259 -3.346e+08
-136765 224259 7.81853e+08 136765 -224259 -3.34565e+08
-136760 224259 7.81823e+08 136760 -224259 -3.34529e+08
-136755 224259 7.81793e+08 136755 -224259 -3.34494e+08
-136749 224259 7.81763e+08 136749 -224259 -3.34459e+08
-136744 224259 7.81734e+08 136744 -224259 -3.34423e+08
-136738 224259 7.81704e+08 136738 -224259 -3.34388e+08
-136733 224259 7.81674e+08 136733 -224259 -3.34353e+08
-136727 224259 7.81644e+08 136727 -224259 -3.34317e+08
-136722 224259 7.81614e+08 136722 -224259 -3.34282e+08
-136717 224259 7.81584e+08 136717 -224259 -3.34246e+08
-136711 224259 7.81554e+08 136711 -224259 -3.34211e+08
-136706 224259 7.81524e+08 136706 -224259 -3.34176e+08
-136700 224259 7.81494e+08 136700 -224259 -3.3414e+08
-136695 224259 7.81465e+08 136695 -224259 -3.34105e+08
-136689 224259 7.81435e+08 136689 -224259 -3.3407e+08
-136684 224259 7.81405e+08 136684 -224259 -3.34034e+08
-136679 224259 7.81375e+08 136679 -224259 -3.33999e+08
-136673 224259 7.81345e+08 136673 -224259 -3.33964e+08
-136668 224259 7.81315e+08 136668 -224259 -3.33928e+08
-136662 224259 7.81285e+08 136662 -224259 -3.33893e+08
-136657 224259 7.81255e+08 136657 -224259 -3.33858e+08
-136651 224259 7.81225e+08 136651 -224259 -3.33822e+08
-136646 224259 7.81195e+08 136646 -224259 -3.33787e+08
-136641 224259 7.81166e+08 136641 -224259 -3.33752e+08
-136635 224259 7.81136e+08 136635 -224259 -3.33716e+08
-136630 224259 7.81106e+08 136630 -224259 -3.33681e+08
-136624 224259 7.81076e+08 136624 -224259 -3.33646e+08
-136619 224259 7.81046e+08 136619 -224259 -3.3361e+08
-136613 224259 7.81016e+08 136613 -224259 -3.33575e+08
-136608 224259 7.80986e+08 136608 -224259 -3.3354e+08
-136602 224259 7.80956e+08 136602 -224259 -3.33504e+08
-136597 224259 7.80926e+08 136597 -224259 -3.33469e+08
-136592 224259 7.80897e+08 136592 -224259 -3.33434e+08
-136586 224259 7.80867e+08 136586 -224259 -3.33398e+08
-136581 224259 7.80837e+08 136581 -224259 -3.33363e+08
-136575 224259 7.80807e+08 136575 -224259 -3.33328e+08
-136570 224259 7.80777e+08 136570 -224259 -3.33292e+08
-136564 224259 7.80747e+08 136564 -224259 -3.33257e+08
-136559 224259 7.80717e+08 136559 -224259 -3.33222e+08
-136554 224259 7.80687e+08 136554 -224259 -3.33186e+08
-136548 224259 7.80657e+08 136548 -224259 -3.33151e+08
-136543 224259 7.80628e+08 136543 -224259 -3.33116e+08
-136537 224259 7.80598e+08 136537 -224259 -3.3308e+08
-136532 224259 7.80568e+08 136532 -224259 -3.33045e+08
-136526 224259 7.80538e+08 136526 -224259 -3.3301e+08
-136521 224259 7.80508e+08 136521 -224259 -3.32974e+08
-136516 224259 7.80478e+08 136516 -224259 -3.32939e+08
-136510 224259 7.80448e+08 136510 -224259 -3.32904e+08
-136505 224259 7.80418e+08 136505 -224259 -3.32868e+08
-136499 224259 7.80389e+08 136499 -224259 -3.32833e+08
-136494 224259 7.80359e+08 136494 -224259 -3.32798e+08
-136488 224259 7.80329e+08 136488 -224259 -3.32762e+08
-136483 224259 7.80299e+08 136483 -224259 -3.32727e+08
-136478 224259 7.80269e+08 136478 -224259 -3.32692e+08
-136472 224259 7.80239e+08 136472 -224259 -3.32657e+08
-136467 224259 7.80209e+08 136467 -224259 -3.32621e+08
-136461 224259 7.80179e+08 136461 -224259 -3.32586e+08
-136456 224259 7.80149e+08 136456 -224259 -3.32551e+08
-136450 224259 7.8012e+08 136450 -224259 -3.32515e+08
-136445 224259 7.8009e+08 136445 -224259 -3.3248e+08
-136440 224259 7.8006e+08 136440 -224259 -3.32445e+08
-136434 224259 7.8003e+08 136434 -224259 -3.32409e+08
-136429 224259 7.8e+08 136429 -224259 -3.32374e+08
-136423 224259 7.7997e+08 136423 -224259 -3.32339e+08
-136418 224259 7.7994e+08 136418 -224259 -3.32303e+08
-136412 224259 7.7991e+08 136412 -224259 -3.32268e+08
-136407 224259 7.79881e+08 136407 -224259 -3.32233e+08
-136402 224259 7.79851e+08 136402 -224259 -3.32197e+08
-136396 224259 7.79821e+08 136396 -224259 -3.32162e+08
-136391 224259 7.79791e+08 136391 -224259 -3.32127e+08
-136385 224259 7.79761e+08 136385 -224259 -3.32091e+08
-136380 224259 7.79731e+08 136380 -224259 -3.32056e+08
-136374 224259 7.79701e+08 136374 -224259 -3.32021e+08
-136369 224259 7.79671e+08 136369 -224259 -3.31985e+08
-136364 224259 7.79642e+08 136364 -224259 -3.3195e+08
-136358 224259 7.79612e+08 136358 -224259 -3.31915e+08
-136353 224259 7.79582e+08 136353 -224259 -3.31879e+08
-136347 224259 7.79552e+08 136347 -224259 -3.31844e+08
-136342 224259 7.79522e+08 136342 -224259 -3.31809e+08
-136336 224259 7.79492e+08 136336 -224259 -3.31773e+08
-136331 224259 7.79462e+08 136331 -224259 -3.31738e+08
-136326 224259 7.79433e+08 136326 -224259 -3.31703e+08
-136320 224259 7.79403e+08 136320 -224259 -3.31667e+08
-136315 224259 7.79373e+08 136315 -224259 -3.31632e+08
-136309 224259 7.79343e+08 136309 -224259 -3.31597e+08
-136304 224259 7.79313e+08 136304 -224259 -3.31562e+08
-136298 224259 7.79283e+08 136298 -224259 -3.31526e+08
-136293 224259 7.79253e+08 136293 -224259 -3.31491e+08
-136288 224259 7.79223e+08 136288 -224259 -3.31456e+08
-136282 224259 7.79194e+08 136282 -224259 -3.3142e+08
-136277 224259 7.79164e+08 136277 -224259 -3.31385e+08
-136271 224259 7.79134e+08 136271 -224259 -3.3135e+08
-136266 224259 7.79104e+08 136266 -224259 -3.31314e+08
-136260 224259 7.79074e+08 136260 -224259 -3.31279e+08
-136255 224259 7.79044e+08 136255 -224259 -3.31244e+08
-136250 224259 7.79014e+08 136250 -224259 -3.31208e+08
-136244 224259 7.78985e+08 136244 -224259 -3.31173e+08
-136239 224259 7.78955e+08 136239 -224259 -3.31138e+08
-136233 224259 7.78925e+08 136233 -224259 -3.31102e+08
-136228 224259 7.78895e+08 136228 -224259 -3.31067e+08
-136222 224259 7.78865e+08 136222 -224259 -3.31032e+08
-136217 224259 7.78835e+08 136217 -224259 -3.30996e+08
-136212 224259 7.78805e+08 136212 -224259 -3.30961e+08
-136206 224259 7.78776e+08 136206 -224259 -3.30926e+08
-136201 224259 7.78746e+08 136201 -224259 -3.30891e+08
-136195 224259 7.78716e+08 136195 -224259 -3.30855e+08
-136190 224259 7.78686e+08 136190 -224259 -3.3082e+08
-136184 224259 7.78656e+08 136184 -224259 -3.30785e+08
-136179 224259 7.78626e+08 136179 -224259 -3.30749e+08
-136174 224259 7.78596e+08 136174 -224259 -3.30714e+08
-136168 224259 7.78567e+08 136168 -224259 -3.30679e+08
-136163 224259 7.78537e+08 136163 -224259 -3.30643e+08
-136157 224259 7.78507e+08 136157 -224259 -3.30608e+08
-136152 224259 7.78477e+08 136152 -224259 -3.30573e+08
-136146 224259 7.78447e+08 136146 -224259 -3.30537e+08
-136141 224259 7.78417e+08 136141 -224259 -3.30502e+08
-136136 224259 7.78387e+08 136136 -224259 -3.30467e+08
-136130 224259 7.78358e+08 136130 -224259 -3.30432e+08
-136125 224259 7.78328e+08 136125 -224259 -3.30396e+08
-136119 224259 7.78298e+08 136119 -224259 -3.30361e+08
-136114 224259 7.78268e+08 136114 -224259 -3.30326e+08
-136108 224259 7.78238e+08 136108 -224259 -3.3029e+08
-136103 224259 7.78208e+08 136103 -224259 -3.30255e+08
-136098 224259 7.78179e+08 136098 -224259 -3.3022e+08
-136092 224259 7.78149e+08 136092 -224259 -3.30184e+08
-136087 224259 7.78119e+08 136087 -224259 -3.30149e+08
-136081 224259 7.78089e+08 136081 -224259 -3.30114e+08
-136076 224259 7.78059e+08 136076 -224259 -3.30078e+08
-136070 224259 7.78029e+08 136070 -224259 -3.30043e+08
-136065 224259 7.77999e+08 136065 -224259 -3.30008e+08
-136060 224259 7.7797e+08 136060 -224259 -3.29973e+08
-136054 224259 7.7794e+08 136054 -224259 -3.29937e+08
-136049 224259 7.7791e+08 136049 -224259 -3.29902e+08
-136043 224259 7.7788e+08 136043 -224259 -3.29867e+08
-136038 224259 7.7785e+08 136038 -224259 -3.29831e+08
-136032 224259 7.7782e+08 136032 -224259 -3.29796e+08
-136027 224259 7.7779e+08 136027 -224259 -3.29761e+08
-136022 224259 7.77761e+08 136022 -224259 -3.29725e+08
-136016 224259 7.77731e+08 136016 -224259 -3.2969e+08
-136011 224259 7.77701e+08 136011 -224259 -3.29655e+08
-136005 224259 7.77671e+08 136005 -224259 -3.2962e+08
-136000 224259 7.77641e+08 136000 -224259 -3.29584e+08
-135994 224259 7.77611e+08 135994 -224259 -3.29549e+08
-135989 224259 7.77582e+08 135989 -224259 -3.29514e+08
-135984 224259 7.77552e+08 135984 -224259 -3.29478e+08
-135978 224259 7.77522e+08 135978 -224259 -3.29443e+08
-135973 224259 7.77492e+08 135973 -224259 -3.29408e+08
-135967 224259 7.77462e+08 135967 -224259 -3.29372e+08
-135962 224259 7.77432e+08 135962 -224259 -3.29337e+08
-135956 224259 7.77403e+08 135956 -224259 -3.29302e+08
-135951 224259 7.77373e+08 135951 -224259 -3.29266e+08
-135946 224259 7.77343e+08 135946 -224259 -3.29231e+08
-135940 224259 7.77313e+08 135940 -224259 -3.29196e+08
-135935 224259 7.77283e+08 135935 -224259 -3.29161e+08
-135929 224259 7.77253e+08 135929 -224259 -3.29125e+08
-135924 224259 7.77223e+08 135924 -224259 -3.2909e+08
-135919 224259 7.77194e+08 135919 -224259 -3.29055e+08
-135913 224259 7.77164e+08 135913 -224259 -3.29019e+08
-135908 224259 7.77134e+08 135908 -224259 -3.28984e+08
-135902 224259 7.77104e+08 135902 -224259 -3.28949e+08
-135897 224259 7.77074e+08 135897 -224259 -3.28913e+08
-135891 224259 7.77045e+08 135891 -224259 -3.28878e+08
-135886 224259 7.77015e+08 135886 -224259 -3.28843e+08
-135881 224259 7.76985e+08 135881 -224259 -3.28808e+08
-135875 224259 7.76955e+08 135875 -224259 -3.28772e+08
-135870 224259 7.76925e+08 135870 -224259 -3.28737e+08
-135864 224259 7.76895e+08 135864 -224259 -3.28702e+08
-135859 224259 7.76866e+08 135859 -224259 -3.28666e+08
-135853 224259 7.76836e+08 135853 -224259 -3.28631e+08
-135848 224259 7.76806e+08 135848 -224259 -3.28596e+08
-135843 224259 7.76776e+08 135843 -224259 -3.28561e+08
-135837 224259 7.76746e+08 135837 -224259 -3.28525e+08
-135832 224259 7.76716e+08 135832 -224259 -3.2849e+08
-135826 224259 7.76687e+08 135826 -224259 -3.28455e+08
-135821 224259 7.76657e+08 135821 -224259 -3.28419e+08
-135815 224259 7.76627e+08 135815 -224259 -3.28384e+08
-135810 224259 7.76597e+08 135810 -224259 -3.28349e+08
-135805 224259 7.76567e+08 135805 -224259 -3.28314e+08
-135799 224259 7.76537e+08 135799 -224259 -3.28278e+08
-135794 224259 7.76508e+08 135794 -224259 -3.28243e+08
-135788 224259 7.76478e+08 135788 -224259 -3.28208e+08
-135783 224259 7.76448e+08 135783 -224259 -3.28172e+08
-135777 224259 7.76418e+08 135777 -224259 -3.28137e+08
-135772 224259 7.76388e+08 135772 -224259 -3.28102e+08
-135767 224259 7.76358e+08 135767 -224259 -3.28066e+08
-135761 224259 7.76329e+08 135761 -224259 -3.28031e+08
-135756 224259 7.76299e+08 135756 -224259 -3.27996e+08
-135750 224259 7.76269e+08 135750 -224259 -3.27961e+08
-135745 224259 7.76239e+08 135745 -224259 -3.27925e+08
-135739 224259 7.76209e+08 135739 -224259 -3.2789e+08
-135734 224259 7.7618e+08 135734 -224259 -3.27855e+08
-135729 224259 7.7615e+08 135729 -224259 -3.27819e+08
-135723 224259 7.7612e+08 135723 -224259 -3.27784e+08
-135718 224259 7.7609e+08 135718 -224259 -3.27749e+08
-135712 224259 7.7606e+08 135712 -224259 -3.27714e+08
-135707 224259 7.7603e+08 135707 -224259 -3.27678e+08
-135702 224259 7.76001e+08 135702 -224259 -3.27643e+08
-135696 224259 7.75971e+08 135696 -224259 -3.27608e+08
-135691 224259 7.75941e+08 135691 -224259 -3.27572e+08
-135685 224259 7.75911e+08 135685 -224259 -3.27537e+08
-135680 224259 7.75881e+08 135680 -224259 -3.27502e+08
-135674 224259 7.75852e+08 135674 -224259 -3.27467e+08
-135669 224259 7.75822e+08 135669 -224259 -3.27431e+08
-135664 224259 7.75792e+08 135664 -224259 -3.27396e+08
-135658 224259 7.75762e+08 135658 -224259 -3.27361e+08
-135653 224259 7.75732e+08 135653 -224259 -3.27325e+08
-135647 224259 7.75702e+08 135647 -224259 -3.2729e+08
-135642 224259 7.75673e+08 135642 -224259 -3.27255e+08
-135636 224259 7.75643e+08 135636 -224259 -3.2722e+08
-135631 224259 7.75613e+08 135631 -224259 -3.27184e+08
-135626 224259 7.75583e+08 135626 -224259 -3.27149e+08
-135620 224259 7.75553e+08 135620 -224259 -3.27114e+08
-135615 224259 7.75524e+08 135615 -224259 -3.27079e+08
-135609 224259 7.75494e+08 135609 -224259 -3.27043e+08
-135604 224259 7.75464e+08 135604 -224259 -3.27008e+08
-135598 224259 7.75434e+08 135598 -224259 -3.26973e+08
-135593 224259 7.75404e+08 135593 -224259 -3.26937e+08
-135588 224259 7.75375e+08 135588 -224259 -3.26902e+08
-135582 224259 7.75345e+08 135582 -224259 -3.26867e+08
-135577 224259 7.75315e+08 135577 -224259 -3.26832e+08
-135571 224259 7.75285e+08 135571 -224259 -3.26796e+08
-135566 224259 7.75255e+08 135566 -224259 -3.26761e+08
-135561 224259 7.75226e+08 135561 -224259 -3.26726e+08
-135555 224259 7.75196e+08 135555 -224259 -3.2669e+08
-135550 224259 7.75166e+08 135550 -224259 -3.26655e+08
-135544 224259 7.75136e+08 135544 -224259 -3.2662e+08
-135539 224259 7.75106e+08 135539 -224259 -3.26585e+08
-135533 224259 7.75076e+08 135533 -224259 -3.26549e+08
-135528 224259 7.75047e+08 135528 -224259 -3.26514e+08
-135523 224259 7.75017e+08 135523 -224259 -3.26479e+08
-135517 224259 7.74987e+08 135517 -224259 -3.26443e+08
-135512 224259 7.74957e+08 135512 -224259 -3.26408e+08
-135506 224259 7.74927e+08 135506 -224259 -3.26373e+08
-135501 224259 7.74898e+08 135501 -224259 -3.26338e+08
-135495 224259 7.74868e+08 135495 -224259 -3.26302e+08
-135490 224259 7.74838e+08 135490 -224259 -3.26267e+08
-135485 224259 7.74808e+08 135485 -224259 -3.26232e+08
-135479 224259 7.74778e+08 135479 -224259 -3.26197e+08
-135474 224259 7.74749e+08 135474 -224259 -3.26161e+08
-135468 224259 7.74719e+08 135468 -224259 -3.26126e+08
-135463 224259 7.74689e+08 135463 -224259 -3.26091e+08
-135458 224259 7.74659e+08 135458 -224259 -3.26055e+08
-135452 224259 7.74629e+08 135452 -224259 -3.2602e+08
-135447 224259 7.746e+08 135447 -224259 -3.25985e+08
-135441 224259 7.7457e+08 135441 -224259 -3.2595e+08
-135436 224259 7.7454e+08 135436 -224259 -3.25914e+08
-135430 224259 7.7451e+08 135430 -224259 -3.25879e+08
-135425 224259 7.7448e+08 135425 -224259 -3.25844e+08
-135420 224259 7.74451e+08 135420 -224259 -3.25809e+08
-135414 224259 7.74421e+08 135414 -224259 -3.25773e+08
-135409 224259 7.74391e+08 135409 -224259 -3.25738e+08
-135403 224259 7.74361e+08 135403 -224259 -3.25703e+08
-135398 224259 7.74331e+08 135398 -224259 -3.25667e+08
-135392 224259 7.74302e+08 135392 -224259 -3.25632e+08
-135387 224259 7.74272e+08 135387 -224259 -3.25597e+08
-135382 224259 7.74242e+08 135382 -224259 -3.25562e+08
-135376 224259 7.74212e+08 135376 -224259 -3.25526e+08
-135371 224259 7.74182e+08 135371 -224259 -3.25491e+08
-135365 224259 7.74153e+08 135365 -224259 -3.25456e+08
-135360 224259 7.74123e+08 135360 -224259 -3.25421e+08
-135355 224259 7.74093e+08 135355 -224259 -3.25385e+08
-135349 224259 7.74063e+08 135349 -224259 -3.2535e+08
-135344 224259 7.74034e+08 135344 -224259 -3.25315e+08
-135338 224259 7.74004e+08 135338 -224259 -3.2528e+08
-135333 224259 7.73974e+08 135333 -224259 -3.25244e+08
-135327 224259 7.73944e+08 135327 -224259 -3.25209e+08
-135322 224259 7.73914e+08 135322 -224259 -3.25174e+08
-135317 224259 7.73885e+08 135317 -224259 -3.25138e+08
-135311 224259 7.73855e+08 135311 -224259 -3.25103e+08
-135306 224259 7.73825e+08 135306 -224259 -3.25068e+08
-135300 224259 7.73795e+08 135300 -224259 -3.25033e+08
-135295 224259 7.73765e+08 135295 -224259 -3.24997e+08
-135289 224259 7.73736e+08 135289 -224259 -3.24962e+08
-135284 224259 7.73706e+08 135284 -224259 -3.24927e+08
-135279 224259 7.73676e+08 135279 -224259 -3.24892e+08
-135273 224259 7.73646e+08 135273 -224259 -3.24856e+08
-135268 224259 7.73617e+08 135268 -224259 -3.24821e+08
-135262 224259 7.73587e+08 135262 -224259 -3.24786e+08
-135257 224259 7.73557e+08 135257 -224259 -3.24751e+08
-135252 224259 7.73527e+08 135252 -224259 -3.24715e+08
-135246 224259 7.73497e+08 135246 -224259 -3.2468e+08
-135241 224259 7.73468e+08 135241 -224259 -3.24645e+08
-135235 224259 7.73438e+08 135235 -224259 -3.24609e+08
-135230 224259 7.73408e+08 135230 -224259 -3.24574e+08
-135224 224259 7.73378e+08 135224 -224259 -3.24539e+08
-135219 224259 7.73348e+08 135219 -224259 -3.24504e+08
-135214 224259 7.73319e+08 135214 -224259 -3.24468e+08
-135208 224259 7.73289e+08 135208 -224259 -3.24433e+08
-135203 224259 7.73259e+08 135203 -224259 -3.24398e+08
-135197 224259 7.73229e+08 135197 -224259 -3.24363e+08
-135192 224259 7.732e+08 135192 -224259 -3.24327e+08
-135186 224259 7.7317e+08 135186 -224259 -3.24292e+08
-135181 224259 7.7314e+08 135181 -224259 -3.24257e+08
-135176 224259 7.7311e+08 135176 -224259 -3.24222e+08
-135170 224259 7.7308e+08 135170 -224259 -3.24186e+08
-135165 224259 7.73051e+08 135165 -224259 -3.24151e+08
-135159 224259 7.73021e+08 135159 -224259 -3.24116e+08
-135154 224259 7.72991e+08 135154 -224259 -3.24081e+08
-135149 224259 7.72961e+08 135149 -224259 -3.24045e+08
-135143 224259 7.72932e+08 135143 -224259 -3.2401e+08
-135138 224259 7.72902e+08 135138 -224259 -3.23975e+08
-135132 224259 7.72872e+08 135132 -224259 -3.2394e+08
-135127 224259 7.72842e+08 135127 -224259 -3.23904e+08
-135121 224259 7.72813e+08 135121 -224259 -3.23869e+08
-135116 224259 7.72783e+08 135116 -224259 -3.23834e+08
-135111 224259 7.72753e+08 135111 -224259 -3.23799e+08
-135105 224259 7.72723e+08 135105 -224259 -3.23763e+08
-135100 224259 7.72693e+08 135100 -224259 -3.23728e+08
-135094 224259 7.72664e+08 135094 -224259 -3.23693e+08
-135089 224259 7.72634e+08 135089 -224259 -3.23658e+08
-135084 224259 7.72604e+08 135084 -224259 -3.23622e+08
-135078 224259 7.72574e+08 135078 -224259 -3.23587e+08
-135073 224259 7.72545e+08 135073 -224259 -3.23552e+08
-135067 224259 7.72515e+08 135067 -224259 -3.23517e+08
-135062 224259 7.72485e+08 135062 -224259 -3.23481e+08
-135056 224259 7.72455e+08 135056 -224259 -3.23446e+08
-135051 224259 7.72426e+08 135051 -224259 -3.23411e+08
-135046 224259 7.72396e+08 135046 -224259 -3.23376e+08
-135040 224259 7.72366e+08 135040 -224259 -3.2334e+08
-135035 224259 7.72336e+08 135035 -224259 -3.23305e+08
-135029 224259 7.72306e+08 135029 -224259 -3.2327e+08
-135024 224259 7.72277e+08 135024 -224259 -3.23235e+08
-135019 224259 7.72247e+08 135019 -224259 -3.23199e+08
-135013 224259 7.72217e+08 135013 -224259 -3.23164e+08
-135008 224259 7.72187e+08 135008 -224259 -3.23129e+08
-135002 224259 7.72158e+08 135002 -224259 -3.23094e+08
-134997 224259 7.72128e+08 134997 -224259 -3.23058e+08
-134991 224259 7.72098e+08 134991 -224259 -3.23023e+08
-134986 224259 7.72068e+08 134986 -224259 -3.22988e+08
-134981 224259 7.72039e+08 134981 -224259 -3.22953e+08
-134975 224259 7.72009e+08 134975 -224259 -3.22917e+08
-134970 224259 7.71979e+08 134970 -224259 -3.22882e+08
-134964 224259 7.71949e+08 134964 -224259 -3.22847e+08
-134959 224259 7.7192e+08 134959 -224259 -3.22812e+08
-134954 224259 7.7189e+08 134954 -224259 -3.22776e+08
-134948 224259 7.7186e+08 134948 -224259 -3.22741e+08
-134943 224259 7.7183e+08 134943 -224259 -3.22706e+08
-134937 224259 7.718e+08 134937 -224259 -3.22671e+08
-134932 224259 7.71771e+08 134932 -224259 -3.22635e+08
-134926 224259 7.71741e+08 134926 -224259 -3.226e+08
-134921 224259 7.71711e+08 134921 -224259 -3.22565e+08
-134916 224259 7.71681e+08 134916 -224259 -3.2253e+08
-134910 224259 7.71652e+08 134910 -224259 -3.22494e+08
-134905 224259 7.71622e+08 134905 -224259 -3.22459e+08
-134899 224259 7.71592e+08 134899 -224259 -3.22424e+08
-134894 224259 7.71562e+08 134894 -224259 -3.22389e+08
-134889 224259 7.71533e+08 134889 -224259 -3.22353e+08
-134883 224259 7.71503e+08 134883 -224259 -3.22318e+08
-134878 224259 7.71473e+08 134878 -224259 -3.22283e+08
-134872 224259 7.71443e+08 134872 -224259 -3.22248e+08
-134867 224259 7.71414e+08 134867 -224259 -3.22212e+08
-134861 224259 7.71384e+08 134861 -224259 -3.22177e+08
-134856 224259 7.71354e+08 134856 -224259 -3.22142e+08
-134851 224259 7.71324e+08 134851 -224259 -3.22107e+08
-134845 224259 7.71295e+08 134845 -224259 -3.22071e+08
-134840 224259 7.71265e+08 134840 -224259 -3.22036e+08
-134834 224259 7.71235e+08 134834 -224259 -3.22001e+08
-134829 224259 7.71205e+08 134829 -224259 -3.21966e+08
-134824 224259 7.71176e+08 134824 -224259 -3.2193e+08
-134818 224259 7.71146e+08 134818 -224259 -3.21895e+08
-134813 224259 7.71116e+08 134813 -224259 -3.2186e+08
-134807 224259 7.71086e+08 134807 -224259 -3.21825e+08
-134802 224259 7.71057e+08 134802 -224259 -3.2179e+08
-134796 224259 7.71027e+08 134796 -224259 -3.21754e+08
-134791 224259 7.70997e+08 134791 -224259 -3.21719e+08
-134786 224259 7.70967e+08 134786 -224259 -3.21684e+08
-134780 224259 7.70938e+08 134780 -224259 -3.21649e+08
-134775 224259 7.70908e+08 134775 -224259 -3.21613e+08
-134769 224259 7.70878e+08 134769 -224259 -3.21578e+08
-134764 224259 7.70848e+08 134764 -224259 -3.21543e+08
-134759 224259 7.70819e+08 134759 -224259 -3.21508e+08
-134753 224259 7.70789e+08 134753 -224259 -3.21472e+08
-134748 224259 7.70759e+08 134748 -224259 -3.21437e+08
-134742 224259 7.70729e+08 134742 -224259 -3.21402e+08
-134737 224259 7.707e+08 134737 -224259 -3.21367e+08
-134731 224259 7.7067e+08 134731 -224259 -3.21331e+08
-134726 224259 7.7064e+08 134726 -224259 -3.21296e+08
-134721 224259 7.70611e+08 134721 -224259 -3.21261e+08
-134715 224259 7.70581e+08 134715 -224259 -3.21226e+08
-134710 224259 7.70551e+08 134710 -224259 -3.21191e+08
-134704 224259 7.70521e+08 134704 -224259 -3.21155e+08
-134699 224259 7.70492e+08 134699 -224259 -3.2112e+08
-134694 224259 7.70462e+08 134694 -224259 -3.21085e+08
-134688 224259 7.70432e+08 134688 -224259 -3.2105e+08
-134683 224259 7.70402e+08 134683 -224259 -3.21014e+08
-134677 224259 7.70373e+08 134677 -224259 -3.20979e+08
-134672 224259 7.70343e+08 134672 -224259 -3.20944e+08
-134666 224259 7.70313e+08 134666 -224259 -3.20909e+08
-134661 224259 7.70283e+08 134661 -224259 -3.20873e+08
-134656 224259 7.70254e+08 134656 -224259 -3.20838e+08
-134650 224259 7.70224e+08 134650 -224259 -3.20803e+08
-134645 224259 7.70194e+08 134645 -224259 -3.20768e+08
-134639 224259 7.70164e+08 134639 -224259 -3.20732e+08
-134634 224259 7.70135e+08 134634 -224259 -3.20697e+08
-134629 224259 7.70105e+08 134629 -224259 -3.20662e+08
-134623 224259 7.70075e+08 134623 -224259 -3.20627e+08
-134618 224259 7.70046e+08 134618 -224259 -3.20592e+08
-134612 224259 7.70016e+08 134612 -224259 -3.20556e+08
-134607 224259 7.69986e+08 134607 -224259 -3.20521e+08
-134601 224259 7.69956e+08 134601 -224259 -3.20486e+08
-134596 224259 7.69927e+08 134596 -224259 -3.20451e+08
-134591 224259 7.69897e+08 134591 -224259 -3.20415e+08
-134585 224259 7.69867e+08 134585 -224259 -3.2038e+08
-134580 224259 7.69837e+08 134580 -224259 -3.20345e+08
-134574 224259 7.69808e+08 134574 -224259 -3.2031e+08
-134569 224259 7.69778e+08 134569 -224259 -3.20275e+08
-134564 224259 7.69748e+08 134564 -224259 -3.20239e+08
-134558 224259 7.69718e+08 134558 -224259 -3.20204e+08
-134553 224259 7.69689e+08 134553 -224259 -3.20169e+08
-134547 224259 7.69659e+08 134547 -224259 -3.20134e+08
-134542 224259 7.69629e+08 134542 -224259 -3.20098e+08
-134537 224259 7.696e+08 134537 -224259 -3.20063e+08
-134531 224259 7.6957e+08 134531 -224259 -3.20028e+08
-134526 224259 7.6954e+08 134526 -224259 -3.19993e+08
-134520 224259 7.6951e+08 134520 -224259 -3.19958e+08
-134515 224259 7.69481e+08 134515 -224259 -3.19922e+08
-134509 224259 7.69451e+08 134509 -224259 -3.19887e+08
-134504 224259 7.69421e+08 134504 -224259 -3.19852e+08
-134499 224259 7.69392e+08 134499 -224259 -3.19817e+08
-134493 224259 7.69362e+08 134493 -224259 -3.19781e+08
-134488 224259 7.69332e+08 134488 -224259 -3.19746e+08
-134482 224259 7.69302e+08 134482 -224259 -3.19711e+08
-134477 224259 7.69273e+08 134477 -224259 -3.19676e+08
-134472 224259 7.69243e+08 134472 -224259 -3.19641e+08
-134466 224259 7.69213e+08 134466 -224259 -3.19605e+08
-134461 224259 7.69183e+08 134461 -224259 -3.1957e+08
-134455 224259 7.69154e+08 134455 -224259 -3.19535e+08
-134450 224259 7.69124e+08 134450 -224259 -3.195e+08
-134444 224259 7.69094e+08 134444 -224259 -3.19464e+08
-134439 224259 7.69065e+08 134439 -224259 -3.19429e+08
-134434 224259 7.69035e+08 134434 -224259 -3.19394e+08
-134428 224259 7.69005e+08 134428 -224259 -3.19359e+08
-134423 224259 7.68975e+08 134423 -224259 -3.19324e+08
-134417 224259 7.68946e+08 134417 -224259 -3.19288e+08
-134412 224259 7.68916e+08 134412 -224259 -3.19253e+08
-134407 224259 7.68886e+08 134407 -224259 -3.19218e+08
-134401 224259 7.68857e+08 134401 -224259 -3.19183e+08
-134396 224259 7.68827e+08 134396 -224259 -3.19147e+08
-134390 224259 7.68797e+08 134390 -224259 -3.19112e+08
-134385 224259 7.68767e+08 134385 -224259 -3.19077e+08
-134380 224259 7.68738e+08 134380 -224259 -3.19042e+08
-134374 224259 7.68708e+08 134374 -224259 -3.19007e+08
-134369 224259 7.68678e+08 134369 -224259 -3.18971e+08
-134363 224259 7.68649e+08 134363 -224259 -3.18936e+08
-134358 224259 7.68619e+08 134358 -224259 -3.18901e+08
-134352 224259 7.68589e+08 134352 -224259 -3.18866e+08
-134347 224259 7.68559e+08 134347 -224259 -3.1883e+08
-134342 224259 7.6853e+08 134342 -224259 -3.18795e+08
-134336 224259 7.685e+08 134336 -224259 -3.1876e+08
-134331 224259 7.6847e+08 134331 -224259 -3.18725e+08
-134325 224259 7.68441e+08 134325 -224259 -3.1869e+08
-134320 224259 7.68411e+08 134320 -224259 -3.18654e+08
-134315 224259 7.68381e+08 134315 -224259 -3.18619e+08
-134309 224259 7.68351e+08 134309 -224259 -3.18584e+08
-134304 224259 7.68322e+08 134304 -224259 -3.18549e+08
-134298 224259 7.68292e+08 134298 -224259 -3.18514e+08
-134293 224259 7.68262e+08 134293 -224259 -3.18478e+08
-134288 224259 7.68233e+08 134288 -224259 -3.18443e+08
-134282 224259 7.68203e+08 134282 -224259 -3.18408e+08
-134277 224259 7.68173e+08 134277 -224259 -3.18373e+08
-134271 224259 7.68144e+08 134271 -224259 -3.18338e+08
-134266 224259 7.68114e+08 134266 -224259 -3.18302e+08
-134260 224259 7.68084e+08 134260 -224259 -3.18267e+08
-134255 224259 7.68054e+08 134255 -224259 -3.18232e+08
-134250 224259 7.68025e+08 134250 -224259 -3.18197e+08
-134244 224259 7.67995e+08 134244 -224259 -3.18161e+08
-134239 224259 7.67965e+08 134239 -224259 -3.18126e+08
-134233 224259 7.67936e+08 134233 -224259 -3.18091e+08
-134228 224259 7.67906e+08 134228 -224259 -3.18056e+08
-134223 224259 7.67876e+08 134223 -224259 -3.18021e+08
-134217 224259 7.67846e+08 134217 -224259 -3.17985e+08
-134212 224259 7.67817e+08 134212 -224259 -3.1795e+08
-134206 224259 7.67787e+08 134206 -224259 -3.17915e+08
-134201 224259 7.67757e+08 134201 -224259 -3.1788e+08
-134196 224259 7.67728e+08 134196 -224259 -3.17845e+08
-134190 224259 7.67698e+08 134190 -224259 -3.17809e+08
-134185 224259 7.67668e+08 134185 -224259 -3.17774e+08
-134179 224259 7.67639e+08 134179 -224259 -3.17739e+08
-134174 224259 7.67609e+08 134174 -224259 -3.17704e+08
-134168 224259 7.67579e+08 134168 -224259 -3.17669e+08
-134163 224259 7.67549e+08 134163 -224259 -3.17633e+08
-134158 224259 7.6752e+08 134158 -224259 -3.17598e+08
-134152 224259 7.6749e+08 134152 -224259 -3.17563e+08
-134147 224259 7.6746e+08 134147 -224259 -3.17528e+08
-134141 224259 7.67431e+08 134141 -224259 -3.17493e+08
-134136 224259 7.67401e+08 134136 -224259 -3.17457e+08
-134131 224259 7.67371e+08 134131 -224259 -3.17422e+08
-134125 224259 7.67342e+08 134125 -224259 -3.17387e+08
-134120 224259 7.67312e+08 134120 -224259 -3.17352e+08
-134114 224259 7.67282e+08 134114 -224259 -3.17317e+08
-134109 224259 7.67253e+08 134109 -224259 -3.17281e+08
-134104 224259 7.67223e+08 134104 -224259 -3.17246e+08
-134098 224259 7.67193e+08 134098 -224259 -3.17211e+08
-134093 224259 7.67163e+08 134093 -224259 -3.17176e+08
-134087 224259 7.67134e+08 134087 -224259 -3.17141e+08
-134082 224259 7.67104e+08 134082 -224259 -3.17105e+08
-134077 224259 7.67074e+08 134077 -224259 -3.1707e+08
-134071 224259 7.67045e+08 134071 -224259 -3.17035e+08
-134066 224259 7.67015e+08 134066 -224259 -3.17e+08
-134060 224259 7.66985e+08 134060 -224259 -3.16965e+08
-134055 224259 7.66956e+08 134055 -224259 -3.16929e+08
-134049 224259 7.66926e+08 134049 -224259 -3.16894e+08
-134044 224259 7.66896e+08 134044 -224259 -3.16859e+08
-134039 224259 7.66867e+08 134039 -224259 -3.16824e+08
-134033 224259 7.66837e+08 134033 -224259 -3.16789e+08
-134028 224259 7.66807e+08 134028 -224259 -3.16753e+08
-134022 224259 7.66778e+08 134022 -224259 -3.16718e+08
-134017 224259 7.66748e+08 134017 -224259 -3.16683e+08
-134012 224259 7.66718e+08 134012 -224259 -3.16648e+08
-134006 224259 7.66688e+08 134006 -224259 -3.16613e+08
-134001 224259 7.66659e+08 134001 -224259 -3.16577e+08
-133995 224259 7.66629e+08 133995 -224259 -3.16542e+08
-133990 224259 7.66599e+08 133990 -224259 -3.16507e+08
-133985 224259 7.6657e+08 133985 -224259 -3.16472e+08
-133979 224259 7.6654e+08 133979 -224259 -3.16437e+08
-133974 224259 7.6651e+08 133974 -224259 -3.16401e+08
-133968 224259 7.66481e+08 133968 -224259 -3.16366e+08
-133963 224259 7.66451e+08 133963 -224259 -3.16331e+08
-133958 224259 7.66421e+08 133958 -224259 -3.16296e+08
-133952 224259 7.66392e+08 133952 -224259 -3.16261e+08
-133947 224259 7.66362e+08 133947 -224259 -3.16225e+08
-133941 224259 7.66332e+08 133941 -224259 -3.1619e+08
-133936 224259 7.66303e+08 133936 -224259 -3.16155e+08
-133930 224259 7.66273e+08 133930 -224259 -3.1612e+08
-133925 224259 7.66243e+08 133925 -224259 -3.16085e+08
-133920 224259 7.66214e+08 133920 -224259 -3.16049e+08
-133914 224259 7.66184e+08 133914 -224259 -3.16014e+08
-133909 224259 7.66154e+08 133909 -224259 -3.15979e+08
-133903 224259 7.66125e+08 133903 -224259 -3.15944e+08
-133898 224259 7.66095e+08 133898 -224259 -3.15909e+08
-133893 224259 7.66065e+08 133893 -224259 -3.15873e+08
-133887 224259 7.66036e+08 133887 -224259 -3.15838e+08
-133882 224259 7.66006e+08 133882 -224259 -3.15803e+08
-133876 224259 7.65976e+08 133876 -224259 -3.15768e+08
-133871 224259 7.65946e+08 133871 -224259 -3.15733e+08
-133866 224259 7.65917e+08 133866 -224259 -3.15698e+08
-133860 224259 7.65887e+08 133860 -224259 -3.15662e+08
-133855 224259 7.65857e+08 133855 -224259 -3.15627e+08
-133849 224259 7.65828e+08 133849 -224259 -3.15592e+08
-133844 224259 7.65798e+08 133844 -224259 -3.15557e+08
-133839 224259 7.65768e+08 133839 -224259 -3.15522e+08
-133833 224259 7.65739e+08 133833 -224259 -3.15486e+08
-133828 224259 7.65709e+08 133828 -224259 -3.15451e+08
-133822 224259 7.65679e+08 133822 -224259 -3.15416e+08
-133817 224259 7.6565e+08 133817 -224259 -3.15381e+08
-133811 224259 7.6562e+08 133811 -224259 -3.15346e+08
-133806 224259 7.6559e+08 133806 -224259 -3.1531e+08
-133801 224259 7.65561e+08 133801 -224259 -3.15275e+08
-133795 224259 7.65531e+08 133795 -224259 -3.1524e+08
-133790 224259 7.65501e+08 133790 -224259 -3.15205e+08
-133784 224259 7.65472e+08 133784 -224259 -3.1517e+08
-133779 224259 7.65442e+08 133779 -224259 -3.15135e+08
-133774 224259 7.65412e+08 133774 -224259 -3.15099e+08
-133768 224259 7.65383e+08 133768 -224259 -3.15064e+08
-133763 224259 7.65353e+08 133763 -224259 -3.15029e+08
-133757 224259 7.65323e+08 133757 -224259 -3.14994e+08
-133752 224259 7.65294e+08 133752 -224259 -3.14959e+08
-133747 224259 7.65264e+08 133747 -224259 -3.14923e+08
-133741 224259 7.65234e+08 133741 -224259 -3.14888e+08
-133736 224259 7.65205e+08 133736 -224259 -3.14853e+08
-133730 224259 7.65175e+08 133730 -224259 -3.14818e+08
-133725 224259 7.65145e+08 133725 -224259 -3.14783e+08
-133720 224259 7.65116e+08 133720 -224259 -3.14748e+08
-133714 224259 7.65086e+08 133714 -224259 -3.14712e+08
-133709 224259 7.65056e+08 133709 -224259 -3.14677e+08
-133703 224259 7.65027e+08 133703 -224259 -3.14642e+08
-133698 224259 7.64997e+08 133698 -224259 -3.14607e+08
-133693 224259 7.64967e+08 133693 -224259 -3.14572e+08
-133687 224259 7.64938e+08 133687 -224259 -3.14536e+08
-133682 224259 7.64908e+08 133682 -224259 -3.14501e+08
-133676 224259 7.64879e+08 133676 -224259 -3.14466e+08
-133671 224259 7.64849e+08 133671 -224259 -3.14431e+08
-133665 224259 7.64819e+08 133665 -224259 -3.14396e+08
-133660 224259 7.6479e+08 133660 -224259 -3.14361e+08
-133655 224259 7.6476e+08 133655 -224259 -3.14325e+08
-133649 224259 7.6473e+08 133649 -224259 -3.1429e+08
-133644 224259 7.64701e+08 133644 -224259 -3.14255e+08
-133638 224259 7.64671e+08 133638 -224259 -3.1422e+08
-133633 224259 7.64641e+08 133633 -224259 -3.14185e+08
-133628 224259 7.64612e+08 133628 -224259 -3.1415e+08
-133622 224259 7.64582e+08 133622 -224259 -3.14114e+08
-133617 224259 7.64552e+08 133617 -224259 -3.14079e+08
-133611 224259 7.64523e+08 133611 -224259 -3.14044e+08
-133606 224259 7.64493e+08 133606 -224259 -3.14009e+08
-133601 224259 7.64463e+08 133601 -224259 -3.13974e+08
-133595 224259 7.64434e+08 133595 -224259 -3.13938e+08
-133590 224259 7.64404e+08 133590 -224259 -3.13903e+08
-133584 224259 7.64374e+08 133584 -224259 -3.13868e+08
-133579 224259 7.64345e+08 133579 -224259 -3.13833e+08
-133574 224259 7.64315e+08 133574 -224259 -3.13798e+08
-133568 224259 7.64285e+08 133568 -224259 -3.13763e+08
-133563 224259 7.64256e+08 133563 -224259 -3.13727e+08
-133557 224259 7.64226e+08 133557 -224259 -3.13692e+08
-133552 224259 7.64196e+08 133552 -224259 -3.13657e+08
-133547 224259 7.64167e+08 133547 -224259 -3.13622e+08
-133541 224259 7.64137e+08 133541 -224259 -3.13587e+08
-133536 224259 7.64108e+08 133536 -224259 -3.13552e+08
-133530 224259 7.64078e+08 133530 -224259 -3.13516e+08
-133525 224259 7.64048e+08 133525 -224259 -3.13481e+08
-133520 224259 7.64019e+08 133520 -224259 -3.13446e+08
-133514 224259 7.63989e+08 133514 -224259 -3.13411e+08
-133509 224259 7.63959e+08 133509 -224259 -3.13376e+08
-133503 224259 7.6393e+08 133503 -224259 -3.13341e+08
-133498 224259 7.639e+08 133498 -224259 -3.13305e+08
-133493 224259 7.6387e+08 133493 -224259 -3.1327e+08
-133487 224259 7.63841e+08 133487 -224259 -3.13235e+08
-133482 224259 7.63811e+08 133482 -224259 -3.132e+08
-133476 224259 7.63781e+08 133476 -224259 -3.13165e+08
-133471 224259 7.63752e+08 133471 -224259 -3.1313e+08
-133465 224259 7.63722e+08 133465 -224259 -3.13094e+08
-133460 224259 7.63693e+08 133460 -224259 -3.13059e+08
-133455 224259 7.63663e+08 133455 -224259 -3.13024e+08
-133449 224259 7.63633e+08 133449 -224259 -3.12989e+08
-133444 224259 7.63604e+08 133444 -224259 -3.12954e+08
-133438 224259 7.63574e+08 133438 -224259 -3.12919e+08
-133433 224259 7.63544e+08 133433 -224259 -3.12883e+08
-133428 224259 7.63515e+08 133428 -224259 -3.12848e+08
-133422 224259 7.63485e+08 133422 -224259 -3.12813e+08
-133417 224259 7.63455e+08 133417 -224259 -3.12778e+08
-133411 224259 7.63426e+08 133411 -224259 -3.12743e+08
-133406 224259 7.63396e+08 133406 -224259 -3.12708e+08
-133401 224259 7.63366e+08 133401 -224259 -3.12672e+08
-133395 224259 7.63337e+08 133395 -224259 -3.12637e+08
-133390 224259 7.63307e+08 133390 -224259 -3.12602e+08
-133384 224259 7.63278e+08 133384 -224259 -3.12567e+08
-133379 224259 7.63248e+08 133379 -224259 -3.12532e+08
-133374 224259 7.63218e+08 133374 -224259 -3.12497e+08
-133368 224259 7.63189e+08 133368 -224259 -3.12461e+08
-133363 224259 7.63159e+08 133363 -224259 -3.12426e+08
-133357 224259 7.63129e+08 133357 -224259 -3.12391e+08
-133352 224259 7.631e+08 133352 -224259 -3.12356e+08
-133347 224259 7.6307e+08 133347 -224259 -3.12321e+08
-133341 224259 7.63041e+08 133341 -224259 -3.12286e+08
-133336 224259 7.63011e+08 133336 -224259 -3.1225e+08
-133330 224259 7.62981e+08 133330 -224259 -3.12215e+08
-133325 224259 7.62952e+08 133325 -224259 -3.1218e+08
-133320 224259 7.62922e+08 133320 -224259 -3.12145e+08
-133314 224259 7.62892e+08 133314 -224259 -3.1211e+08
-133309 224259 7.62863e+08 133309 -224259 -3.12075e+08
-133303 224259 7.62833e+08 133303 -224259 -3.12039e+08
-133298 224259 7.62803e+08 133298 -224259 -3.12004e+08
-133293 224259 7.62774e+08 133293 -224259 -3.11969e+08
-133287 224259 7.62744e+08 133287 -224259 -3.11934e+08
-133282 224259 7.62715e+08 133282 -224259 -3.11899e+08
-133276 224259 7.62685e+08 133276 -224259 -3.11864e+08
-133271 224259 7.62655e+08 133271 -224259 -3.11828e+08
-133266 224259 7.62626e+08 133266 -224259 -3.11793e+08
-133260 224259 7.62596e+08 133260 -224259 -3.11758e+08
-133255 224259 7.62566e+08 133255 -224259 -3.11723e+08
-133249 224259 7.62537e+08 133249 -224259 -3.11688e+08
-133244 224259 7.62507e+08 133244 -224259 -3.11653e+08
-133239 224259 7.62478e+08 133239 -224259 -3.11618e+08
-133233 224259 7.62448e+08 133233 -224259 -3.11582e+08
-133228 224259 7.62418e+08 133228 -224259 -3.11547e+08
-133222 224259 7.62389e+08 133222 -224259 -3.11512e+08
-133217 224259 7.62359e+08 133217 -224259 -3.11477e+08
-133212 224259 7.62329e+08 133212 -224259 -3.11442e+08
-133206 224259 7.623e+08 133206 -224259 -3.11407e+08
-133201 224259 7.6227e+08 133201 -224259 -3.11371e+08
-133195 224259 7.62241e+08 133195 -224259 -3.11336e+08
-133190 224259 7.62211e+08 133190 -224259 -3.11301e+08
-133185 224259 7.62181e+08 133185 -224259 -3.11266e+08
-133179 224259 7.62152e+08 133179 -224259 -3.11231e+08
-133174 224259 7.62122e+08 133174 -224259 -3.11196e+08
-133168 224259 7.62093e+08 133168 -224259 -3.11161e+08
-133163 224259 7.62063e+08 133163 -224259 -3.11125e+08
-133158 224259 7.62033e+08 133158 -224259 -3.1109e+08
-133152 224259 7.62004e+08 133152 -224259 -3.11055e+08
-133147 224259 7.61974e+08 133147 -224259 -3.1102e+08
-133141 224259 7.61944e+08 133141 -224259 -3.10985e+08
-133136 224259 7.61915e+08 133136 -224259 -3.1095e+08
-133130 224259 7.61885e+08 133130 -224259 -3.10914e+08
-133125 224259 7.61856e+08 133125 -224259 -3.10879e+08
-133120 224259 7.61826e+08 133120 -224259 -3.10844e+08
-133114 224259 7.61796e+08 133114 -224259 -3.10809e+08
-133109 224259 7.61767e+08 133109 -224259 -3.10774e+08
-133103 224259 7.61737e+08 133103 -224259 -3.10739e+08
-133098 224259 7.61708e+08 133098 -224259 -3.10704e+08
-133093 224259 7.61678e+08 133093 -224259 -3.10668e+08
-133087 224259 7.61648e+08 133087 -224259 -3.10633e+08
-133082 224259 7.61619e+08 133082 -224259 -3.10598e+08
-133076 224259 7.61589e+08 133076 -224259 -3.10563e+08
-133071 224259 7.61559e+08 133071 -224259 -3.10528e+08
-133066 224259 7.6153e+08 133066 -224259 -3.10493e+08
-133060 224259 7.615e+08 133060 -224259 -3.10458e+08
-133055 224259 7.61471e+08 133055 -224259 -3.10422e+08
-133049 224259 7.61441e+08 133049 -224259 -3.10387e+08
-133044 224259 7.61411e+08 133044 -224259 -3.10352e+08
-133039 224259 7.61382e+08 133039 -224259 -3.10317e+08
-133033 224259 7.61352e+08 133033 -224259 -3.10282e+08
-133028 224259 7.61323e+08 133028 -224259 -3.10247e+08
-133022 224259 7.61293e+08 133022 -224259 -3.10212e+08
-133017 224259 7.61263e+08 133017 -224259 -3.10176e+08
-133012 224259 7.61234e+08 133012 -224259 -3.10141e+08
-133006 224259 7.61204e+08 133006 -224259 -3.10106e+08
-133001 224259 7.61175e+08 133001 -224259 -3.10071e+08
-132995 224259 7.61145e+08 132995 -224259 -3.10036e+08
-132990 224259 7.61115e+08 132990 -224259 -3.10001e+08
-132985 224259 7.61086e+08 132985 -224259 -3.09966e+08
-132979 224259 7.61056e+08 132979 -224259 -3.0993e+08
-132974 224259 7.61027e+08 132974 -224259 -3.09895e+08
-132968 224259 7.60997e+08 132968 -224259 -3.0986e+08
-132963 224259 7.60967e+08 132963 -224259 -3.09825e+08
-132958 224259 7.60938e+08 132958 -224259 -3.0979e+08
-132952 224259 7.60908e+08 132952 -224259 -3.09755e+08
-132947 224259 7.60879e+08 132947 -224259 -3.0972e+08
-132941 224259 7.60849e+08 132941 -224259 -3.09684e+08
-132936 224259 7.60819e+08 132936 -224259 -3.09649e+08
-132931 224259 7.6079e+08 132931 -224259 -3.09614e+08
-132925 224259 7.6076e+08 132925 -224259 -3.09579e+08
-132920 224259 7.60731e+08 132920 -224259 -3.09544e+08
-132914 224259 7.60701e+08 132914 -224259 -3.09509e+08
-132909 224259 7.60671e+08 132909 -224259 -3.09474e+08
-132904 224259 7.60642e+08 132904 -224259 -3.09438e+08
-132898 224259 7.60612e+08 132898 -224259 -3.09403e+08
-132893 224259 7.60583e+08 132893 -224259 -3.09368e+08
-132887 224259 7.60553e+08 132887 -224259 -3.09333e+08
-132882 224259 7.60523e+08 132882 -224259 -3.09298e+08
-132877 224259 7.60494e+08 132877 -224259 -3.09263e+08
-132871 224259 7.60464e+08 132871 -224259 -3.09228e+08
-132866 224259 7.60435e+08 132866 -224259 -3.09192e+08
-132860 224259 7.60405e+08 132860 -224259 -3.09157e+08
-132855 224259 7.60375e+08 132855 -224259 -3.09122e+08
-132850 224259 7.60346e+08 132850 -224259 -3.09087e+08
-132844 224259 7.60316e+08 132844 -224259 -3.09052e+08
-132839 224259 7.60287e+08 132839 -224259 -3.09017e+08
-132833 224259 7.60257e+08 132833 -224259 -3.08982e+08
-132828 224259 7.60227e+08 132828 -224259 -3.08947e+08
-132823 224259 7.60198e+08 132823 -224259 -3.08911e+08
-132817 224259 7.60168e+08 132817 -224259 -3.08876e+08
-132812 224259 7.60139e+08 132812 -224259 -3.08841e+08
-132806 224259 7.60109e+08 132806 -224259 -3.08806e+08
-132801 224259 7.60079e+08 132801 -224259 -3.08771e+08
-132796 224259 7.6005e+08 132796 -224259 -3.08736e+08
-132790 224259 7.6002e+08 132790 -224259 -3.08701e+08
-132785 224259 7.59991e+08 132785 -224259 -3.08665e+08
-132779 224259 7.59961e+08 132779 -224259 -3.0863e+08
-132774 224259 7.59932e+08 132774 -224259 -3.08595e+08
-132769 224259 7.59902e+08 132769 -224259 -3.0856e+08
-132763 224259 7.59872e+08 132763 -224259 -3.08525e+08
-132758 224259 7.59843e+08 132758 -224259 -3.0849e+08
-132752 224259 7.59813e+08 132752 -224259 -3.08455e+08
-132747 224259 7.59784e+08 132747 -224259 -3.0842e+08
-132742 224259 7.59754e+08 132742 -224259 -3.08384e+08
-132736 224259 7.59724e+08 132736 -224259 -3.08349e+08
-132731 224259 7.59695e+08 132731 -224259 -3.08314e+08
-132725 224259 7.59665e+08 132725 -224259 -3.08279e+08
-132720 224259 7.59636e+08 132720 -224259 -3.08244e+08
-132715 224259 7.59606e+08 132715 -224259 -3.08209e+08
-132709 224259 7.59577e+08 132709 -224259 -3.08174e+08
-132704 224259 7.59547e+08 132704 -224259 -3.08138e+08
-132698 224259 7.59517e+08 132698 -224259 -3.08103e+08
-132693 224259 7.59488e+08 132693 -224259 -3.08068e+08
-132688 224259 7.59458e+08 132688 -224259 -3.08033e+08
-132682 224259 7.59429e+08 132682 -224259 -3.07998e+08
-132677 224259 7.59399e+08 132677 -224259 -3.07963e+08
-132672 224259 7.5937e+08 132672 -224259 -3.07928e+08
-132666 224259 7.5934e+08 132666 -224259 -3.07893e+08
-132661 224259 7.5931e+08 132661 -224259 -3.07857e+08
-132655 224259 7.59281e+08 132655 -224259 -3.07822e+08
-132650 224259 7.59251e+08 132650 -224259 -3.07787e+08
-132645 224259 7.59222e+08 132645 -224259 -3.07752e+08
-132639 224259 7.59192e+08 132639 -224259 -3.07717e+08
-132634 224259 7.59162e+08 132634 -224259 -3.07682e+08
-132628 224259 7.59133e+08 132628 -224259 -3.07647e+08
-132623 224259 7.59103e+08 132623 -224259 -3.07612e+08
-132618 224259 7.59074e+08 132618 -224259 -3.07576e+08
-132612 224259 7.59044e+08 132612 -224259 -3.07541e+08
-132607 224259 7.59015e+08 132607 -224259 -3.07506e+08
-132601 224259 7.58985e+08 132601 -224259 -3.07471e+08
-132596 224259 7.58955e+08 132596 -224259 -3.07436e+08
-132591 224259 7.58926e+08 132591 -224259 -3.07401e+08
-132585 224259 7.58896e+08 132585 -224259 -3.07366e+08
-132580 224259 7.58867e+08 132580 -224259 -3.07331e+08
-132574 224259 7.58837e+08 132574 -224259 -3.07296e+08
-132569 224259 7.58808e+08 132569 -224259 -3.0726e+08
-132564 224259 7.58778e+08 132564 -224259 -3.07225e+08
-132558 224259 7.58748e+08 132558 -224259 -3.0719e+08
-132553 224259 7.58719e+08 132553 -224259 -3.07155e+08
-132547 224259 7.58689e+08 132547 -224259 -3.0712e+08
-132542 224259 7.5866e+08 132542 -224259 -3.07085e+08
-132537 224259 7.5863e+08 132537 -224259 -3.0705e+08
-132531 224259 7.58601e+08 132531 -224259 -3.07015e+08
-132526 224259 7.58571e+08 132526 -224259 -3.06979e+08
-132520 224259 7.58541e+08 132520 -224259 -3.06944e+08
-132515 224259 7.58512e+08 132515 -224259 -3.06909e+08
-132510 224259 7.58482e+08 132510 -224259 -3.06874e+08
-132504 224259 7.58453e+08 132504 -224259 -3.06839e+08
-132499 224259 7.58423e+08 132499 -224259 -3.06804e+08
-132493 224259 7.58394e+08 132493 -224259 -3.06769e+08
-132488 224259 7.58364e+08 132488 -224259 -3.06734e+08
-132483 224259 7.58334e+08 132483 -224259 -3.06699e+08
-132477 224259 7.58305e+08 132477 -224259 -3.06663e+08
-132472 224259 7.58275e+08 132472 -224259 -3.06628e+08
-132466 224259 7.58246e+08 132466 -224259 -3.06593e+08
-132461 224259 7.58216e+08 132461 -224259 -3.06558e+08
-132456 224259 7.58187e+08 132456 -224259 -3.06523e+08
-132450 224259 7.58157e+08 132450 -224259 -3.06488e+08
-132445 224259 7.58128e+08 132445 -224259 -3.06453e+08
-132439 224259 7.58098e+08 132439 -224259 -3.06418e+08
-132434 224259 7.58068e+08 132434 -224259 -3.06382e+08
-132429 224259 7.58039e+08 132429 -224259 -3.06347e+08
-132423 224259 7.58009e+08 132423 -224259 -3.06312e+08
-132418 224259 7.5798e+08 132418 -224259 -3.06277e+08
-132412 224259 7.5795e+08 132412 -224259 -3.06242e+08
-132407 224259 7.57921e+08 132407 -224259 -3.06207e+08
-132402 224259 7.57891e+08 132402 -224259 -3.06172e+08
-132396 224259 7.57862e+08 132396 -224259 -3.06137e+08
-132391 224259 7.57832e+08 132391 -224259 -3.06102e+08
-132385 224259 7.57802e+08 132385 -224259 -3.06066e+08
-132380 224259 7.57773e+08 132380 -224259 -3.06031e+08
-132375 224259 7.57743e+08 132375 -224259 -3.05996e+08
-132369 224259 7.57714e+08 132369 -224259 -3.05961e+08
-132364 224259 7.57684e+08 132364 -224259 -3.05926e+08
-132359 224259 7.57655e+08 132359 -224259 -3.05891e+08
-132353 224259 7.57625e+08 132353 -224259 -3.05856e+08
-132348 224259 7.57596e+08 132348 -224259 -3.05821e+08
-132342 224259 7.57566e+08 132342 -224259 -3.05786e+08
-132337 224259 7.57536e+08 132337 -224259 -3.0575e+08
-132332 224259 7.57507e+08 132332 -224259 -3.05715e+08
-132326 224259 7.57477e+08 132326 -224259 -3.0568e+08
-132321 224259 7.57448e+08 132321 -224259 -3.05645e+08
-132315 224259 7.57418e+08 132315 -224259 -3.0561e+08
-132310 224259 7.57389e+08 132310 -224259 -3.05575e+08
-132305 224259 7.57359e+08 132305 -224259 -3.0554e+08
-132299 224259 7.5733e+08 132299 -224259 -3.05505e+08
-132294 224259 7.573e+08 132294 -224259 -3.0547e+08
-132288 224259 7.5727e+08 132288 -224259 -3.05435e+08
-132283 224259 7.57241e+08 132283 -224259 -3.05399e+08
-132278 224259 7.57211e+08 132278 -224259 -3.05364e+08
-132272 224259 7.57182e+08 132272 -224259 -3.05329e+08
-132267 224259 7.57152e+08 132267 -224259 -3.05294e+08
-132261 224259 7.57123e+08 132261 -224259 -3.05259e+08
-132256 224259 7.57093e+08 132256 -224259 -3.05224e+08
-132251 224259 7.57064e+08 132251 -224259 -3.05189e+08
-132245 224259 7.57034e+08 132245 -224259 -3.05154e+08
-132240 224259 7.57005e+08 132240 -224259 -3.05119e+08
-132234 224259 7.56975e+08 132234 -224259 -3.05083e+08
-132229 224259 7.56945e+08 132229 -224259 -3.05048e+08
-132224 224259 7.56916e+08 132224 -224259 -3.05013e+08
-132218 224259 7.56886e+08 132218 -224259 -3.04978e+08
-132213 224259 7.56857e+08 132213 -224259 -3.04943e+08
-132207 224259 7.56827e+08 132207 -224259 -3.04908e+08
-132202 224259 7.56798e+08 132202 -224259 -3.04873e+08
-132197 224259 7.56768e+08 132197 -224259 -3.04838e+08
-132191 224259 7.56739e+08 132191 -224259 -3.04803e+08
-132186 224259 7.56709e+08 132186 -224259 -3.04768e+08
-132180 224259 7.5668e+08 132180 -224259 -3.04732e+08
-132175 224259 7.5665e+08 132175 -224259 -3.04697e+08
-132170 224259 7.56621e+08 132170 -224259 -3.04662e+08
-132164 224259 7.56591e+08 132164 -224259 -3.04627e+08
-132159 224259 7.56561e+08 132159 -224259 -3.04592e+08
-132154 224259 7.56532e+08 132154 -224259 -3.04557e+08
-132148 224259 7.56502e+08 132148 -224259 -3.04522e+08
-132143 224259 7.56473e+08 132143 -224259 -3.04487e+08
-132137 224259 7.56443e+08 132137 -224259 -3.04452e+08
-132132 224259 7.56414e+08 132132 -224259 -3.04417e+08
-132127 224259 7.56384e+08 132127 -224259 -3.04381e+08
-132121 224259 7.56355e+08 132121 -224259 -3.04346e+08
-132116 224259 7.56325e+08 132116 -224259 -3.04311e+08
-132110 224259 7.56296e+08 132110 -224259 -3.04276e+08
-132105 224259 7.56266e+08 132105 -224259 -3.04241e+08
-132100 224259 7.56237e+08 132100 -224259 -3.04206e+08
-132094 224259 7.56207e+08 132094 -224259 -3.04171e+08
-132089 224259 7.56177e+08 132089 -224259 -3.04136e+08
-132083 224259 7.56148e+08 132083 -224259 -3.04101e+08
-132078 224259 7.56118e+08 132078 -224259 -3.04066e+08
-132073 224259 7.56089e+08 132073 -224259 -3.04031e+08
-132067 224259 7.56059e+08 132067 -224259 -3.03995e+08
-132062 224259 7.5603e+08 132062 -224259 -3.0396e+08
-132056 224259 7.56e+08 132056 -224259 -3.03925e+08
-132051 224259 7.55971e+08 132051 -224259 -3.0389e+08
-132046 224259 7.55941e+08 132046 -224259 -3.03855e+08
-132040 224259 7.55912e+08 132040 -224259 -3.0382e+08
-132035 224259 7.55882e+08 132035 -224259 -3.03785e+08
-132029 224259 7.55853e+08 132029 -224259 -3.0375e+08
-132024 224259 7.55823e+08 132024 -224259 -3.03715e+08
-132019 224259 7.55794e+08 132019 -224259 -3.0368e+08
-132013 224259 7.55764e+08 132013 -224259 -3.03645e+08
-132008 224259 7.55735e+08 132008 -224259 -3.03609e+08
-132003 224259 7.55705e+08 132003 -224259 -3.03574e+08
-131997 224259 7.55675e+08 131997 -224259 -3.03539e+08
-131992 224259 7.55646e+08 131992 -224259 -3.03504e+08
-131986 224259 7.55616e+08 131986 -224259 -3.03469e+08
-131981 224259 7.55587e+08 131981 -224259 -3.03434e+08
-131976 224259 7.55557e+08 131976 -224259 -3.03399e+08
-131970 224259 7.55528e+08 131970 -224259 -3.03364e+08
-131965 224259 7.55498e+08 131965 -224259 -3.03329e+08
-131959 224259 7.55469e+08 131959 -224259 -3.03294e+08
-131954 224259 7.55439e+08 131954 -224259 -3.03259e+08
-131949 224259 7.5541e+08 131949 -224259 -3.03223e+08
-131943 224259 7.5538e+08 131943 -224259 -3.03188e+08
-131938 224259 7.55351e+08 131938 -224259 -3.03153e+08
-131932 224259 7.55321e+08 131932 -224259 -3.03118e+08
-131927 224259 7.55292e+08 131927 -224259 -3.03083e+08
-131922 224259 7.55262e+08 131922 -224259 -3.03048e+08
-131916 224259 7.55233e+08 131916 -224259 -3.03013e+08
-131911 224259 7.55203e+08 131911 -224259 -3.02978e+08
-131905 224259 7.55174e+08 131905 -224259 -3.02943e+08
-131900 224259 7.55144e+08 131900 -224259 -3.02908e+08
-131895 224259 7.55115e+08 131895 -224259 -3.02873e+08
-131889 224259 7.55085e+08 131889 -224259 -3.02837e+08
-131884 224259 7.55056e+08 131884 -224259 -3.02802e+08
-131879 224259 7.55026e+08 131879 -224259 -3.02767e+08
-131873 224259 7.54997e+08 131873 -224259 -3.02732e+08
-131868 224259 7.54967e+08 131868 -224259 -3.02697e+08
-131862 224259 7.54937e+08 131862 -224259 -3.02662e+08
-131857 224259 7.54908e+08 131857 -224259 -3.02627e+08
-131852 224259 7.54878e+08 131852 -224259 -3.02592e+08
-131846 224259 7.54849e+08 131846 -224259 -3.02557e+08
-131841 224259 7.54819e+08 131841 -224259 -3.02522e+08
-131835 224259 7.5479e+08 131835 -224259 -3.02487e+08
-131830 224259 7.5476e+08 131830 -224259 -3.02452e+08
-131825 224259 7.54731e+08 131825 -224259 -3.02416e+08
-131819 224259 7.54701e+08 131819 -224259 -3.02381e+08
-131814 224259 7.54672e+08 131814 -224259 -3.02346e+08
-131808 224259 7.54642e+08 131808 -224259 -3.02311e+08
-131803 224259 7.54613e+08 131803 -224259 -3.02276e+08
-131798 224259 7.54583e+08 131798 -224259 -3.02241e+08
-131792 224259 7.54554e+08 131792 -224259 -3.02206e+08
-131787 224259 7.54524e+08 131787 -224259 -3.02171e+08
-131781 224259 7.54495e+08 131781 -224259 -3.02136e+08
-131776 224259 7.54465e+08 131776 -224259 -3.02101e+08
-131771 224259 7.54436e+08 131771 -224259 -3.02066e+08
-131765 224259 7.54406e+08 131765 -224259 -3.02031e+08
-131760 224259 7.54377e+08 131760 -224259 -3.01996e+08
-131755 224259 7.54347e+08 131755 -224259 -3.0196e+08
-131749 224259 7.54318e+08 131749 -224259 -3.01925e+08
-131744 224259 7.54288e+08 131744 -224259 -3.0189e+08
-131738 224259 7.54259e+08 131738 -224259 -3.01855e+08
-131733 224259 7.54229e+08 131733 -224259 -3.0182e+08
-131728 224259 7.542e+08 131728 -224259 -3.01785e+08
-131722 224259 7.5417e+08 131722 -224259 -3.0175e+08
-131717 224259 7.54141e+08 131717 -224259 -3.01715e+08
-131711 224259 7.54111e+08 131711 -224259 -3.0168e+08
-131706 224259 7.54082e+08 131706 -224259 -3.01645e+08
-131701 224259 7.54052e+08 131701 -224259 -3.0161e+08
-131695 224259 7.54023e+08 131695 -224259 -3.01575e+08
-131690 224259 7.53993e+08 131690 -224259 -3.0154e+08
-131684 224259 7.53964e+08 131684 -224259 -3.01504e+08
-131679 224259 7.53934e+08 131679 -224259 -3.01469e+08
-131674 224259 7.53905e+08 131674 -224259 -3.01434e+08
-131668 224259 7.53875e+08 131668 -224259 -3.01399e+08
-131663 224259 7.53846e+08 131663 -224259 -3.01364e+08
-131658 224259 7.53816e+08 131658 -224259 -3.01329e+08
-131652 224259 7.53787e+08 131652 -224259 -3.01294e+08
-131647 224259 7.53757e+08 131647 -224259 -3.01259e+08
-131641 224259 7.53728e+08 131641 -224259 -3.01224e+08
-131636 224259 7.53698e+08 131636 -224259 -3.01189e+08
-131631 224259 7.53669e+08 131631 -224259 -3.01154e+08
-131625 224259 7.53639e+08 131625 -224259 -3.01119e+08
-131620 224259 7.5361e+08 131620 -224259 -3.01084e+08
-131614 224259 7.5358e+08 131614 -224259 -3.01049e+08
-131609 224259 7.53551e+08 131609 -224259 -3.01013e+08
-131604 224259 7.53521e+08 131604 -224259 -3.00978e+08
-131598 224259 7.53492e+08 131598 -224259 -3.00943e+08
-131593 224259 7.53462e+08 131593 -224259 -3.00908e+08
-131587 224259 7.53433e+08 131587 -224259 -3.00873e+08
-131582 224259 7.53403e+08 131582 -224259 -3.00838e+08
-131577 224259 7.53374e+08 131577 -224259 -3.00803e+08
-131571 224259 7.53344e+08 131571 -224259 -3.00768e+08
-131566 224259 7.53315e+08 131566 -224259 -3.00733e+08
-131561 224259 7.53285e+08 131561 -224259 -3.00698e+08
-131555 224259 7.53256e+08 131555 -224259 -3.00663e+08
-131550 224259 7.53226e+08 131550 -224259 -3.00628e+08
-131544 224259 7.53197e+08 131544 -224259 -3.00593e+08
-131539 224259 7.53167e+08 131539 -224259 -3.00558e+08
-131534 224259 7.53138e+08 131534 -224259 -3.00523e+08
-131528 224259 7.53108e+08 131528 -224259 -3.00487e+08
-131523 224259 7.53079e+08 131523 -224259 -3.00452e+08
-131517 224259 7.53049e+08 131517 -224259 -3.00417e+08
-131512 224259 7.5302e+08 131512 -224259 -3.00382e+08
-131507 224259 7.5299e+08 131507 -224259 -3.00347e+08
-131501 224259 7.52961e+08 131501 -224259 -3.00312e+08
-131496 224259 7.52931e+08 131496 -224259 -3.00277e+08
-131490 224259 7.52902e+08 131490 -224259 -3.00242e+08
-131485 224259 7.52873e+08 131485 -224259 -3.00207e+08
-131480 224259 7.52843e+08 131480 -224259 -3.00172e+08
-131474 224259 7.52814e+08 131474 -224259 -3.00137e+08
-131469 224259 7.52784e+08 131469 -224259 -3.00102e+08
-131464 224259 7.52755e+08 131464 -224259 -3.00067e+08
-131458 224259 7.52725e+08 131458 -224259 -3.00032e+08
-131453 224259 7.52696e+08 131453 -224259 -2.99997e+08
-131447 224259 7.52666e+08 131447 -224259 -2.99962e+08
-131442 224259 7.52637e+08 131442 -224259 -2.99926e+08
-131437 224259 7.52607e+08 131437 -224259 -2.99891e+08
-131431 224259 7.52578e+08 131431 -224259 -2.99856e+08
-131426 224259 7.52548e+08 131426 -224259 -2.99821e+08
-131420 224259 7.52519e+08 131420 -224259 -2.99786e+08
-131415 224259 7.52489e+08 131415 -224259 -2.99751e+08
-131410 224259 7.5246e+08 131410 -224259 -2.99716e+08
-131404 224259 7.5243e+08 131404 -224259 -2.99681e+08
-131399 224259 7.52401e+08 131399 -224259 -2.99646e+08
-131394 224259 7.52371e+08 131394 -224259 -2.99611e+08
-131388 224259 7.52342e+08 131388 -224259 -2.99576e+08
-131383 224259 7.52312e+08 131383 -224259 -2.99541e+08
-131377 224259 7.52283e+08 131377 -224259 -2.99506e+08
-131372 224259 7.52253e+08 131372 -224259 -2.99471e+08
-131367 224259 7.52224e+08 131367 -224259 -2.99436e+08
-131361 224259 7.52194e+08 131361 -224259 -2.99401e+08
-131356 224259 7.52165e+08 131356 -224259 -2.99365e+08
-131350 224259 7.52136e+08 131350 -224259 -2.9933e+08
-131345 224259 7.52106e+08 131345 -224259 -2.99295e+08
-131340 224259 7.52077e+08 131340 -224259 -2.9926e+08
-131334 224259 7.52047e+08 131334 -224259 -2.99225e+08
-131329 224259 7.52018e+08 131329 -224259 -2.9919e+08
-131323 224259 7.51988e+08 131323 -224259 -2.99155e+08
-131318 224259 7.51959e+08 131318 -224259 -2.9912e+08
-131313 224259 7.51929e+08 131313 -224259 -2.99085e+08
-131307 224259 7.519e+08 131307 -224259 -2.9905e+08
-131302 224259 7.5187e+08 131302 -224259 -2.99015e+08
-131297 224259 7.51841e+08 131297 -224259 -2.9898e+08
-131291 224259 7.51811e+08 131291 -224259 -2.98945e+08
-131286 224259 7.51782e+08 131286 -224259 -2.9891e+08
-131280 224259 7.51752e+08 131280 -224259 -2.98875e+08
-131275 224259 7.51723e+08 131275 -224259 -2.9884e+08
-131270 224259 7.51693e+08 131270 -224259 -2.98805e+08
-131264 224259 7.51664e+08 131264 -224259 -2.9877e+08
-131259 224259 7.51635e+08 131259 -224259 -2.98735e+08
-131253 224259 7.51605e+08 131253 -224259 -2.98699e+08
-131248 224259 7.51576e+08 131248 -224259 -2.98664e+08
-131243 224259 7.51546e+08 131243 -224259 -2.98629e+08
-131237 224259 7.51517e+08 131237 -224259 -2.98594e+08
-131232 224259 7.51487e+08 131232 -224259 -2.98559e+08
-131227 224259 7.51458e+08 131227 -224259 -2.98524e+08
-131221 224259 7.51428e+08 131221 -224259 -2.98489e+08
-131216 224259 7.51399e+08 131216 -224259 -2.98454e+08
-131210 224259 7.51369e+08 131210 -224259 -2.98419e+08
-131205 224259 7.5134e+08 131205 -224259 -2.98384e+08
-131200 224259 7.5131e+08 131200 -224259 -2.98349e+08
-131194 224259 7.51281e+08 131194 -224259 -2.98314e+08
-131189 224259 7.51252e+08 131189 -224259 -2.98279e+08
-131183 224259 7.51222e+08 131183 -224259 -2.98244e+08
-131178 224259 7.51193e+08 131178 -224259 -2.98209e+08
-131173 224259 7.51163e+08 131173 -224259 -2.98174e+08
-131167 224259 7.51134e+08 131167 -224259 -2.98139e+08
-131162 224259 7.51104e+08 131162 -224259 -2.98104e+08
-131157 224259 7.51075e+08 131157 -224259 -2.98069e+08
-131151 224259 7.51045e+08 131151 -224259 -2.98034e+08
-131146 224259 7.51016e+08 131146 -224259 -2.97999e+08
-131140 224259 7.50986e+08 131140 -224259 -2.97963e+08
-131135 224259 7.50957e+08 131135 -224259 -2.97928e+08
-131130 224259 7.50927e+08 131130 -224259 -2.97893e+08
-131124 224259 7.50898e+08 131124 -224259 -2.97858e+08
-131119 224259 7.50869e+08 131119 -224259 -2.97823e+08
-131113 224259 7.50839e+08 131113 -224259 -2.97788e+08
-131108 224259 7.5081e+08 131108 -224259 -2.97753e+08
-131103 224259 7.5078e+08 131103 -224259 -2.97718e+08
-131097 224259 7.50751e+08 131097 -224259 -2.97683e+08
-131092 224259 7.50721e+08 131092 -224259 -2.97648e+08
-131087 224259 7.50692e+08 131087 -224259 -2.97613e+08
-131081 224259 7.50662e+08 131081 -224259 -2.97578e+08
-131076 224259 7.50633e+08 131076 -224259 -2.97543e+08
-131070 224259 7.50603e+08 131070 -224259 -2.97508e+08
-131065 224259 7.50574e+08 131065 -224259 -2.97473e+08
-131060 224259 7.50545e+08 131060 -224259 -2.97438e+08
-131047 224259 7.50457e+08 131047 -224259 -2.97367e+08
-131016 224259 7.50216e+08 131016 -224259 -2.97201e+08
-130985 224259 7.49975e+08 130985 -224259 -2.97036e+08
-130954 224259 7.49734e+08 130954 -224259 -2.9687e+08
-130923 224259 7.49493e+08 130923 -224259 -2.96705e+08
-130891 224259 7.49252e+08 130891 -224259 -2.9654e+08
-130860 224259 7.49011e+08 130860 -224259 -2.96374e+08
-130829 224259 7.4877e+08 130829 -224259 -2.96209e+08
-130798 224259 7.48529e+08 130798 -224259 -2.96043e+08
-130767 224259 7.48289e+08 130767 -224259 -2.95878e+08
-130736 224259 7.48048e+08 130736 -224259 -2.95713e+08
-130705 224259 7.47807e+08 130705 -224259 -2.95547e+08
-130673 224259 7.47566e+08 130673 -224259 -2.95382e+08
-130642 224259 7.47325e+08 130642 -224259 -2.95217e+08
-130611 224259 7.47084e+08 130611 -224259 -2.95051e+08
-130580 224259 7.46843e+08 130580 -224259 -2.94886e+08
-130549 224259 7.46602e+08 130549 -224259 -2.9472e+08
-130518 224259 7.46362e+08 130518 -224259 -2.94555e+08
-130487 224259 7.46121e+08 130487 -224259 -2.9439e+08
-130455 224259 7.4588e+08 130455 -224259 -2.94224e+08
-130424 224259 7.45639e+08 130424 -224259 -2.94059e+08
-130393 224259 7.45398e+08 130393 -224259 -2.93893e+08
-130362 224259 7.45157e+08 130362 -224259 -2.93728e+08
-130331 224259 7.44916e+08 130331 -224259 -2.93563e+08
-130300 224259 7.44676e+08 130300 -224259 -2.93397e+08
-130269 224259 7.44435e+08 130269 -224259 -2.93232e+08
-130237 224259 7.44194e+08 130237 -224259 -2.93067e+08
-130206 224259 7.43953e+08 130206 -224259 -2.92901e+08
-130175 224259 7.43712e+08 130175 -224259 -2.92736e+08
-130144 224259 7.43471e+08 130144 -224259 -2.9257e+08
-130113 224259 7.4323e+08 130113 -224259 -2.92405e+08
-130082 224259 7.42989e+08 130082 -224259 -2.9224e+08
-130051 224259 7.42749e+08 130051 -224259 -2.92074e+08
-130019 224259 7.42508e+08 130019 -224259 -2.91909e+08
-129988 224259 7.42267e+08 129988 -224259 -2.91744e+08
-129957 224259 7.42026e+08 129957 -224259 -2.91578e+08
-129926 224259 7.41785e+08 129926 -224259 -2.91413e+08
-129895 224259 7.41544e+08 129895 -224259 -2.91248e+08
-129864 224259 7.41303e+08 129864 -224259 -2.91082e+08
-129832 224259 7.41062e+08 129832 -224259 -2.90917e+08
-129801 224259 7.40822e+08 129801 -224259 -2.90752e+08
-129770 224259 7.40581e+08 129770 -224259 -2.90586e+08
-129739 224259 7.4034e+08 129739 -224259 -2.90421e+08
-129708 224259 7.40099e+08 129708 -224259 -2.90256e+08
-129677 224259 7.39858e+08 129677 -224259 -2.9009e+08
-129646 224259 7.39617e+08 129646 -224259 -2.89925e+08
-129614 224259 7.39376e+08 129614 -224259 -2.89759e+08
-129583 224259 7.39135e+08 129583 -224259 -2.89594e+08
-129552 224259 7.38895e+08 129552 -224259 -2.89429e+08
-129521 224259 7.38654e+08 129521 -224259 -2.89263e+08
-129490 224259 7.38413e+08 129490 -224259 -2.89098e+08
-129459 224259 7.38172e+08 129459 -224259 -2.88933e+08
-129427 224259 7.37931e+08 129427 -224259 -2.88767e+08
-129396 224259 7.3769e+08 129396 -224259 -2.88602e+08
-129365 224259 7.37449e+08 129365 -224259 -2.88437e+08
-129334 224259 7.37208e+08 129334 -224259 -2.88271e+08
-129303 224259 7.36968e+08 129303 -224259 -2.88106e+08
-129272 224259 7.36727e+08 129272 -224259 -2.87941e+08
-129241 224259 7.36486e+08 129241 -224259 -2.87775e+08
-129209 224259 7.36245e+08 129209 -224259 -2.8761e+08
-129178 224259 7.36004e+08 129178 -224259 -2.87445e+08
-129147 224259 7.35763e+08 129147 -224259 -2.87279e+08
-129116 224259 7.35522e+08 129116 -224259 -2.87114e+08
-129085 224259 7.35281e+08 129085 -224259 -2.86949e+08
-129009 224259 7.34842e+08 129009 -224259 -2.86724e+08
-128928 224259 7.3438e+08 128928 -224259 -2.86492e+08
-128847 224259 7.33918e+08 128847 -224259 -2.86261e+08
-128766 224259 7.33456e+08 128766 -224259 -2.86029e+08
-128684 224259 7.32994e+08 128684 -224259 -2.85798e+08
-128603 224259 7.32532e+08 128603 -224259 -2.85566e+08
-128522 224259 7.3207e+08 128522 -224259 -2.85335e+08
-128441 224259 7.31608e+08 128441 -224259 -2.85104e+08
-128360 224259 7.31146e+08 128360 -224259 -2.84872e+08
-128279 224259 7.30685e+08 128279 -224259 -2.84641e+08
-128198 224259 7.30223e+08 128198 -224259 -2.84409e+08
-128117 224259 7.29761e+08 128117 -224259 -2.84178e+08
-128036 224259 7.29299e+08 128036 -224259 -2.83946e+08
-127955 224259 7.28837e+08 127955 -224259 -2.83715e+08
-127874 224259 7.28375e+08 127874 -224259 -2.83483e+08
-127793 224259 7.27913e+08 127793 -224259 -2.83252e+08
-127712 224259 7.27451e+08 127712 -224259 -2.8302e+08
-127631 224259 7.26989e+08 127631 -224259 -2.82789e+08
-127550 224259 7.26528e+08 127550 -224259 -2.82557e+08
-127469 224259 7.26066e+08 127469 -224259 -2.82326e+08
-127388 224259 7.25604e+08 127388 -224259 -2.82095e+08
-127307 224259 7.25142e+08 127307 -224259 -2.81863e+08
-127226 224259 7.2468e+08 127226 -224259 -2.81632e+08
-127145 224259 7.24218e+08 127145 -224259 -2.814e+08
-127063 224259 7.23756e+08 127063 -224259 -2.81169e+08
-126982 224259 7.23295e+08 126982 -224259 -2.80937e+08
-126901 224259 7.22833e+08 126901 -224259 -2.80706e+08
-126820 224259 7.22371e+08 126820 -224259 -2.80474e+08
-126739 224259 7.21909e+08 126739 -224259 -2.80243e+08
-126658 224259 7.21447e+08 126658 -224259 -2.80012e+08
-126577 224259 7.20985e+08 126577 -224259 -2.7978e+08
-126496 224259 7.20523e+08 126496 -224259 -2.79549e+08
-126415 224259 7.20061e+08 126415 -224259 -2.79317e+08
-126334 224259 7.196e+08 126334 -224259 -2.79086e+08
-126253 224259 7.19138e+08 126253 -224259 -2.78854e+08
-126172 224259 7.18676e+08 126172 -224259 -2.78623e+08
-126091 224259 7.18214e+08 126091 -224259 -2.78392e+08
-126010 224259 7.17752e+08 126010 -224259 -2.7816e+08
-125929 224259 7.1729e+08 125929 -224259 -2.77929e+08
-125848 224259 7.16829e+08 125848 -224259 -2.77697e+08
-125767 224259 7.16367e+08 125767 -224259 -2.77466e+08
-125686 224259 7.15905e+08 125686 -224259 -2.77234e+08
-125605 224259 7.15443e+08 125605 -224259 -2.77003e+08
-125524 224259 7.14981e+08 125524 -224259 -2.76772e+08
-125442 224259 7.14519e+08 125442 -224259 -2.7654e+08
-125361 224259 7.14057e+08 125361 -224259 -2.76309e+08
-125280 224259 7.13596e+08 125280 -224259 -2.76077e+08
-125199 224259 7.13134e+08 125199 -224259 -2.75846e+08
-125118 224259 7.12672e+08 125118 -224259 -2.75615e+08
-125037 224259 7.1221e+08 125037 -224259 -2.75383e+08
-124956 224259 7.11748e+08 124956 -224259 -2.75152e+08
-124875 224259 7.11287e+08 124875 -224259 -2.7492e+08
-124794 224259 7.10825e+08 124794 -224259 -2.74689e+08
-124713 224259 7.10363e+08 124713 -224259 -2.74458e+08
-124632 224259 7.09901e+08 124632 -224259 -2.74226e+08
-124551 224259 7.09439e+08 124551 -224259 -2.73995e+08
-124470 224259 7.08977e+08 124470 -224259 -2.73763e+08
-124389 224259 7.08516e+08 124389 -224259 -2.73532e+08
-124308 224259 7.08054e+08 124308 -224259 -2.73301e+08
-124227 224259 7.07592e+08 124227 -224259 -2.73069e+08
-124146 224259 7.0713e+08 124146 -224259 -2.72838e+08
-124065 224259 7.06668e+08 124065 -224259 -2.72606e+08
-123984 224259 7.06207e+08 123984 -224259 -2.72375e+08
-123903 224259 7.05745e+08 123903 -224259 -2.72144e+08
-123822 224259 7.05283e+08 123822 -224259 -2.71912e+08
-123740 224259 7.04821e+08 123740 -224259 -2.71681e+08
-123659 224259 7.04359e+08 123659 -224259 -2.71449e+08
-123578 224259 7.03898e+08 123578 -224259 -2.71218e+08
-123497 224259 7.03436e+08 123497 -224259 -2.70987e+08
-123416 224259 7.02974e+08 123416 -224259 -2.70755e+08
-123335 224259 7.02512e+08 123335 -224259 -2.70524e+08
-123254 224259 7.0205e+08 123254 -224259 -2.70293e+08
-123173 224259 7.01589e+08 123173 -224259 -2.70061e+08
-123092 224259 7.01127e+08 123092 -224259 -2.6983e+08
-123011 224259 7.00665e+08 123011 -224259 -2.69598e+08
-122930 224259 7.00203e+08 122930 -224259 -2.69367e+08
-122849 224259 6.99741e+08 122849 -224259 -2.69136e+08
-122768 224259 6.9928e+08 122768 -224259 -2.68904e+08
-122687 224259 6.98818e+08 122687 -224259 -2.68673e+08
-122606 224259 6.98356e+08 122606 -224259 -2.68442e+08
-122525 224259 6.97894e+08 122525 -224259 -2.6821e+08
-122444 224259 6.97433e+08 122444 -224259 -2.67979e+08
-122363 224259 6.96971e+08 122363 -224259 -2.67748e+08
-122282 224259 6.96509e+08 122282 -224259 -2.67516e+08
-122201 224259 6.96047e+08 122201 -224259 -2.67285e+08
-122120 224259 6.95586e+08 122120 -224259 -2.67053e+08
-122039 224259 6.95124e+08 122039 -224259 -2.66822e+08
-121957 224259 6.94662e+08 121957 -224259 -2.66591e+08
-121876 224259 6.942e+08 121876 -224259 -2.66359e+08
-121795 224259 6.93738e+08 121795 -224259 -2.66128e+08
-121714 224259 6.93277e+08 121714 -224259 -2.65897e+08
-121633 224259 6.92815e+08 121633 -224259 -2.65665e+08
-121552 224259 6.92353e+08 121552 -224259 -2.65434e+08
-121471 224259 6.91891e+08 121471 -224259 -2.65203e+08
-121390 224259 6.9143e+08 121390 -224259 -2.64971e+08
-121309 224259 6.90968e+08 121309 -224259 -2.6474e+08
-121228 224259 6.90506e+08 121228 -224259 -2.64509e+08
-121147 224259 6.90044e+08 121147 -224259 -2.64277e+08
-121066 224259 6.89583e+08 121066 -224259 -2.64046e+08
-120985 224259 6.89121e+08 120985 -224259 -2.63815e+08
-120904 224259 6.88659e+08 120904 -224259 -2.63583e+08
-120823 224259 6.88197e+08 120823 -224259 -2.63352e+08
-120742 224259 6.87736e+08 120742 -224259 -2.63121e+08
-120661 224259 6.87274e+08 120661 -224259 -2.62889e+08
-120580 224259 6.86812e+08 120580 -224259 -2.62658e+08
-120499 224259 6.86351e+08 120499 -224259 -2.62427e+08
-120418 224259 6.85889e+08 120418 -224259 -2.62195e+08
-120337 224259 6.85427e+08 120337 -224259 -2.61964e+08
-120255 224259 6.84965e+08 120255 -224259 -2.61733e+08
-120174 224259 6.84504e+08 120174 -224259 -2.61501e+08
-120093 224259 6.84042e+08 120093 -224259 -2.6127e+08
-120012 224259 6.8358e+08 120012 -224259 -2.61039e+08
-119931 224259 6.83118e+08 119931 -224259 -2.60807e+08
-119850 224259 6.82657e+08 119850 -224259 -2.60576e+08
-119769 224259 6.82195e+08 119769 -224259 -2.60345e+08
-119688 224259 6.81733e+08 119688 -224259 -2.60114e+08
-119607 224259 6.81272e+08 119607 -224259 -2.59882e+08
-119526 224259 6.8081e+08 119526 -224259 -2.59651e+08
-119445 224259 6.80348e+08 119445 -224259 -2.5942e+08
-119364 224259 6.79886e+08 119364 -224259 -2.59188e+08
-119283 224259 6.79425e+08 119283 -224259 -2.58957e+08
-119202 224259 6.78963e+08 119202 -224259 -2.58726e+08
-119121 224259 6.78501e+08 119121 -224259 -2.58494e+08
-119040 224259 6.7804e+08 119040 -224259 -2.58263e+08
-118959 224259 6.77578e+08 118959 -224259 -2.58032e+08
-118878 224259 6.77116e+08 118878 -224259 -2.57801e+08
-118797 224259 6.76654e+08 118797 -224259 -2.57569e+08
-118716 224259 6.76193e+08 118716 -224259 -2.57338e+08
-118635 224259 6.75731e+08 118635 -224259 -2.57107e+08
-118554 224259 6.75269e+08 118554 -224259 -2.56875e+08
-118473 224259 6.74808e+08 118473 -224259 -2.56644e+08
-118391 224259 6.74346e+08 118391 -224259 -2.56413e+08
-118310 224259 6.73884e+08 118310 -224259 -2.56182e+08
-118229 224259 6.73423e+08 118229 -224259 -2.5595e+08
-118148 224259 6.72961e+08 118148 -224259 -2.55719e+08
-118067 224259 6.72499e+08 118067 -224259 -2.55488e+08
-117986 224259 6.72038e+08 117986 -224259 -2.55256e+08
-117905 224259 6.71576e+08 117905 -224259 -2.55025e+08
-117824 224259 6.71114e+08 117824 -224259 -2.54794e+08
-117743 224259 6.70653e+08 117743 -224259 -2.54563e+08
-117662 224259 6.70191e+08 117662 -224259 -2.54331e+08
-117581 224259 6.69729e+08 117581 -224259 -2.541e+08
-117500 224259 6.69268e+08 117500 -224259 -2.53869e+08
-117419 224259 6.68806e+08 117419 -224259 -2.53637e+08
-117338 224259 6.68344e+08 117338 -224259 -2.53406e+08
-117257 224259 6.67883e+08 117257 -224259 -2.53175e+08
-117176 224259 6.67421e+08 117176 -224259 -2.52944e+08
-117095 224259 6.66959e+08 117095 -224259 -2.52712e+08
-117014 224259 6.66498e+08 117014 -224259 -2.52481e+08
-116933 224259 6.66036e+08 116933 -224259 -2.5225e+08
-116852 224259 6.65574e+08 116852 -224259 -2.52019e+08
-116771 224259 6.65113e+08 116771 -224259 -2.51787e+08
-116690 224259 6.64651e+08 116690 -224259 -2.51556e+08
-116609 224259 6.64189e+08 116609 -224259 -2.51325e+08
-116527 224259 6.63728e+08 116527 -224259 -2.51094e+08
-116446 224259 6.63266e+08 116446 -224259 -2.50862e+08
-116365 224259 6.62804e+08 116365 -224259 -2.50631e+08
-116284 224259 6.62343e+08 116284 -224259 -2.504e+08
-116203 224259 6.61881e+08 116203 -224259 -2.50169e+08
-116122 224259 6.61419e+08 116122 -224259 -2.49937e+08
-116041 224259 6.60958e+08 116041 -224259 -2.49706e+08
-115960 224259 6.60496e+08 115960 -224259 -2.49475e+08
-115879 224259 6.60034e+08 115879 -224259 -2.49244e+08
-115798 224259 6.59573e+08 115798 -224259 -2.49012e+08
-115717 224259 6.59111e+08 115717 -224259 -2.48781e+08
-115636 224259 6.5865e+08 115636 -224259 -2.4855e+08
-115555 224259 6.58188e+08 115555 -224259 -2.48319e+08
-115474 224259 6.57726e+08 115474 -224259 -2.48088e+08
-115393 224259 6.57265e+08 115393 -224259 -2.47856e+08
-115312 224259 6.56803e+08 115312 -224259 -2.47625e+08
-115231 224259 6.56341e+08 115231 -224259 -2.47394e+08
-115150 224259 6.5588e+08 115150 -224259 -2.47163e+08
-115069 224259 6.55418e+08 115069 -224259 -2.46931e+08
-114988 224259 6.54956e+08 114988 -224259 -2.467e+08
-114907 224259 6.54495e+08 114907 -224259 -2.46469e+08
-114826 224259 6.54033e+08 114826 -224259 -2.46238e+08
-114745 224259 6.53572e+08 114745 -224259 -2.46006e+08
-114664 224259 6.5311e+08 114664 -224259 -2.45775e+08
-114582 224259 6.52648e+08 114582 -224259 -2.45544e+08
-114501 224259 6.52187e+08 114501 -224259 -2.45313e+08
-114420 224259 6.51725e+08 114420 -224259 -2.45082e+08
-114339 224259 6.51264e+08 114339 -224259 -2.4485e+08
-114258 224259 6.50802e+08 114258 -224259 -2.44619e+08
-114177 224259 6.5034e+08 114177 -224259 -2.44388e+08
-114096 224259 6.49879e+08 114096 -224259 -2.44157e+08
-114015 224259 6.49417e+08 114015 -224259 -2.43926e+08
-113934 224259 6.48956e+08 113934 -224259 -2.43694e+08
-113853 224259 6.48494e+08 113853 -224259 -2.43463e+08
-113772 224259 6.48032e+08 113772 -224259 -2.43232e+08
-113691 224259 6.47571e+08 113691 -224259 -2.43001e+08
-113610 224259 6.47109e+08 113610 -224259 -2.4277e+08
-113529 224259 6.46648e+08 113529 -224259 -2.42538e+08
-113448 224259 6.46186e+08 113448 -224259 -2.42307e+08
-113367 224259 6.45724e+08 113367 -224259 -2.42076e+08
-113286 224259 6.45263e+08 113286 -224259 -2.41845e+08
-113205 224259 6.44801e+08 113205 -224259 -2.41614e+08
-113124 224259 6.4434e+08 113124 -224259 -2.41382e+08
-113043 224259 6.43878e+08 113043 -224259 -2.41151e+08
-112962 224259 6.43417e+08 112962 -224259 -2.4092e+08
-112881 224259 6.42955e+08 112881 -224259 -2.40689e+08
-112800 224259 6.42493e+08 112800 -224259 -2.40458e+08
-112719 224259 6.42032e+08 112719 -224259 -2.40227e+08
-112638 224259 6.4157e+08 112638 -224259 -2.39995e+08
-112556 224259 6.41109e+08 112556 -224259 -2.39764e+08
-112475 224259 6.40647e+08 112475 -224259 -2.39533e+08
-112394 224259 6.40186e+08 112394 -224259 -2.39302e+08
-112313 224259 6.39724e+08 112313 -224259 -2.39071e+08
-112232 224259 6.39262e+08 112232 -224259 -2.38839e+08
-112151 224259 6.38801e+08 112151 -224259 -2.38608e+08
-112070 224259 6.38339e+08 112070 -224259 -2.38377e+08
-111989 224259 6.37878e+08 111989 -224259 -2.38146e+08
-111908 224259 6.37416e+08 111908 -224259 -2.37915e+08
-111827 224259 6.36955e+08 111827 -224259 -2.37684e+08
-111746 224259 6.36493e+08 111746 -224259 -2.37452e+08
-111665 224259 6.36031e+08 111665 -224259 -2.37221e+08
-111584 224259 6.3557e+08 111584 -224259 -2.3699e+08
-111503 224259 6.35108e+08 111503 -224259 -2.36759e+08
-111422 224259 6.34647e+08 111422 -224259 -2.36528e+08
-111341 224259 6.34185e+08 111341 -224259 -2.36297e+08
-111260 224259 6.33724e+08 111260 -224259 -2.36065e+08
-111179 224259 6.33262e+08 111179 -224259 -2.35834e+08
-111098 224259 6.32801e+08 111098 -224259 -2.35603e+08
-111017 224259 6.32339e+08 111017 -224259 -2.35372e+08
-110936 224259 6.31878e+08 110936 -224259 -2.35141e+08
-110855 224259 6.31416e+08 110855 -224259 -2.3491e+08
-110774 224259 6.30955e+08 110774 -224259 -2.34679e+08
-110693 224259 6.30493e+08 110693 -224259 -2.34447e+08
-110612 224259 6.30031e+08 110612 -224259 -2.34216e+08
-110531 224259 6.2957e+08 110531 -224259 -2.33985e+08
-110449 224259 6.29108e+08 110449 -224259 -2.33754e+08
-110368 224259 6.28647e+08 110368 -224259 -2.33523e+08
-110287 224259 6.28185e+08 110287 -224259 -2.33292e+08
-110206 224259 6.27724e+08 110206 -224259 -2.33061e+08
-110125 224259 6.27262e+08 110125 -224259 -2.3283e+08
-110044 224259 6.26801e+08 110044 -224259 -2.32598e+08
-109963 224259 6.26339e+08 109963 -224259 -2.32367e+08
-109882 224259 6.25878e+08 109882 -224259 -2.32136e+08
-109801 224259 6.25416e+08 109801 -224259 -2.31905e+08
-109720 224259 6.24955e+08 109720 -224259 -2.31674e+08
-109639 224259 6.24493e+08 109639 -224259 -2.31443e+08
-109558 224259 6.24032e+08 109558 -224259 -2.31212e+08
-109477 224259 6.2357e+08 109477 -224259 -2.30981e+08
-109396 224259 6.23109e+08 109396 -224259 -2.30749e+08
-109315 224259 6.22647e+08 109315 -224259 -2.30518e+08
-109234 224259 6.22186e+08 109234 -224259 -2.30287e+08
-109153 224259 6.21724e+08 109153 -224259 -2.30056e+08
-109072 224259 6.21263e+08 109072 -224259 -2.29825e+08
-108991 224259 6.20801e+08 108991 -224259 -2.29594e+08
-108910 224259 6.2034e+08 108910 -224259 -2.29363e+08
-108829 224259 6.19878e+08 108829 -224259 -2.29132e+08
-108748 224259 6.19417e+08 108748 -224259 -2.289e+08
-108667 224259 6.18955e+08 108667 -224259 -2.28669e+08
-108586 224259 6.18494e+08 108586 -224259 -2.28438e+08
-108505 224259 6.18032e+08 108505 -224259 -2.28207e+08
-108424 224259 6.17571e+08 108424 -224259 -2.27976e+08
-108343 224259 6.17109e+08 108343 -224259 -2.27745e+08
-108261 224259 6.16648e+08 108261 -224259 -2.27514e+08
-108180 224259 6.16186e+08 108180 -224259 -2.27283e+08
-108099 224259 6.15725e+08 108099 -224259 -2.27052e+08
-108018 224259 6.15263e+08 108018 -224259 -2.26821e+08
-107937 224259 6.14802e+08 107937 -224259 -2.26589e+08
-107856 224259 6.1434e+08 107856 -224259 -2.26358e+08
-107775 224259 6.13879e+08 107775 -224259 -2.26127e+08
-107694 224259 6.13417e+08 107694 -224259 -2.25896e+08
-107613 224259 6.12956e+08 107613 -224259 -2.25665e+08
-107532 224259 6.12495e+08 107532 -224259 -2.25434e+08
-107451 224259 6.12033e+08 107451 -224259 -2.25203e+08
-107370 224259 6.11572e+08 107370 -224259 -2.24972e+08
-107289 224259 6.1111e+08 107289 -224259 -2.24741e+08
-107208 224259 6.10649e+08 107208 -224259 -2.2451e+08
-107127 224259 6.10187e+08 107127 -224259 -2.24279e+08
-107046 224259 6.09726e+08 107046 -224259 -2.24048e+08
-106965 224259 6.09264e+08 106965 -224259 -2.23816e+08
-106884 224259 6.08803e+08 106884 -224259 -2.23585e+08
-106803 224259 6.08341e+08 106803 -224259 -2.23354e+08
-106722 224259 6.0788e+08 106722 -224259 -2.23123e+08
-106641 224259 6.07418e+08 106641 -224259 -2.22892e+08
-106560 224259 6.06957e+08 106560 -224259 -2.22661e+08
-106479 224259 6.06496e+08 106479 -224259 -2.2243e+08
-106398 224259 6.06034e+08 106398 -224259 -2.22199e+08
-106317 224259 6.05573e+08 106317 -224259 -2.21968e+08
-106236 224259 6.05111e+08 106236 -224259 -2.21737e+08
-106155 224259 6.0465e+08 106155 -224259 -2.21506e+08
-106073 224259 6.04188e+08 106073 -224259 -2.21275e+08
-105992 224259 6.03727e+08 105992 -224259 -2.21044e+08
-105911 224259 6.03266e+08 105911 -224259 -2.20813e+08
-105830 224259 6.02804e+08 105830 -224259 -2.20582e+08
-105749 224259 6.02343e+08 105749 -224259 -2.2035e+08
-105668 224259 6.01881e+08 105668 -224259 -2.20119e+08
-105587 224259 6.0142e+08 105587 -224259 -2.19888e+08
-105506 224259 6.00958e+08 105506 -224259 -2.19657e+08
-105425 224259 6.00497e+08 105425 -224259 -2.19426e+08
-105344 224259 6.00036e+08 105344 -224259 -2.19195e+08
-105263 224259 5.99574e+08 105263 -224259 -2.18964e+08
-105182 224259 5.99113e+08 105182 -224259 -2.18733e+08
-105101 224259 5.98651e+08 105101 -224259 -2.18502e+08
-105020 224259 5.9819e+08 105020 -224259 -2.18271e+08
-104939 224259 5.97728e+08 104939 -224259 -2.1804e+08
-104858 224259 5.97267e+08 104858 -224259 -2.17809e+08
-104777 224259 5.96806e+08 104777 -224259 -2.17578e+08
-104696 224259 5.96344e+08 104696 -224259 -2.17347e+08
-104615 224259 5.95883e+08 104615 -224259 -2.17116e+08
-104534 224259 5.95421e+08 104534 -224259 -2.16885e+08
-104453 224259 5.9496e+08 104453 -224259 -2.16654e+08
-104372 224259 5.94499e+08 104372 -224259 -2.16423e+08
-104291 224259 5.94037e+08 104291 -224259 -2.16192e+08
-104210 224259 5.93576e+08 104210 -224259 -2.15961e+08
-104129 224259 5.93114e+08 104129 -224259 -2.1573e+08
-104048 224259 5.92653e+08 104048 -224259 -2.15499e+08
-103967 224259 5.92192e+08 103967 -224259 -2.15268e+08
-103886 224259 5.9173e+08 103886 -224259 -2.15037e+08
-103805 224259 5.91269e+08 103805 -224259 -2.14806e+08
-103724 224259 5.90807e+08 103724 -224259 -2.14575e+08
-103642 224259 5.90346e+08 103642 -224259 -2.14344e+08
-103561 224259 5.89885e+08 103561 -224259 -2.14113e+08
-103480 224259 5.89423e+08 103480 -224259 -2.13882e+08
-103399 224259 5.88962e+08 103399 -224259 -2.13651e+08
-103318 224259 5.88501e+08 103318 -224259 -2.1342e+08
-103237 224259 5.88039e+08 103237 -224259 -2.13189e+08
-103156 224259 5.87578e+08 103156 -224259 -2.12958e+08
-103075 224259 5.87116e+08 103075 -224259 -2.12727e+08
-102994 224259 5.86655e+08 102994 -224259 -2.12496e+08
-102913 224259 5.86194e+08 102913 -224259 -2.12265e+08
-102832 224259 5.85732e+08 102832 -224259 -2.12034e+08
-102751 224259 5.85271e+08 102751 -224259 -2.11803e+08
-102670 224259 5.8481e+08 102670 -224259 -2.11572e+08
-102589 224259 5.84348e+08 102589 -224259 -2.11341e+08
-102508 224259 5.83887e+08 102508 -224259 -2.1111e+08
-102427 224259 5.83425e+08 102427 -224259 -2.10879e+08
-102346 224259 5.82964e+08 102346 -224259 -2.10648e+08
-102265 224259 5.82503e+08 102265 -224259 -2.10417e+08
-102184 224259 5.82041e+08 102184 -224259 -2.10186e+08
-102103 224259 5.8158e+08 102103 -224259 -2.09955e+08
-102022 224259 5.81119e+08 102022 -224259 -2.09724e+08
-101941 224259 5.80657e+08 101941 -224259 -2.09493e+08
-101860 224259 5.80196e+08 101860 -224259 -2.09262e+08
-101779 224259 5.79735e+08 101779 -224259 -2.09031e+08
-101698 224259 5.79273e+08 101698 -224259 -2.088e+08
-101617 224259 5.78812e+08 101617 -224259 -2.08569e+08
-101536 224259 5.78351e+08 101536 -224259 -2.08338e+08
-101455 224259 5.77889e+08 101455 -224259 -2.08107e+08
-101374 224259 5.77428e+08 101374 -224259 -2.07876e+08
-101293 224259 5.76967e+08 101293 -224259 -2.07645e+08
-101211 224259 5.76505e+08 101211 -224259 -2.07414e+08
-101130 224259 5.76044e+08 101130 -224259 -2.07183e+08
-101049 224259 5.75583e+08 101049 -224259 -2.06952e+08
-100968 224259 5.75121e+08 100968 -224259 -2.06721e+08
-100887 224259 5.7466e+08 100887 -224259 -2.0649e+08
-100806 224259 5.74199e+08 100806 -224259 -2.06259e+08
-100725 224259 5.73737e+08 100725 -224259 -2.06028e+08
-100644 224259 5.73276e+08 100644 -224259 -2.05797e+08
-100563 224259 5.72815e+08 100563 -224259 -2.05566e+08
-100482 224259 5.72353e+08 100482 -224259 -2.05335e+08
-100401 224259 5.71892e+08 100401 -224259 -2.05104e+08
-100320 224259 5.71431e+08 100320 -224259 -2.04873e+08
-100239 224259 5.70969e+08 100239 -224259 -2.04642e+08
-100158 224259 5.70508e+08 100158 -224259 -2.04411e+08
-100077 224259 5.70047e+08 100077 -224259 -2.0418e+08
-99996 224259 5.69585e+08 99996 -224259 -2.0395e+08
-99915 224259 5.69124e+08 99915 -224259 -2.03719e+08
-99834 224259 5.68663e+08 99834 -224259 -2.03488e+08
-99752.9 224259 5.68201e+08 99752.9 -224259 -2.03257e+08
-99671.9 224259 5.6774e+08 99671.9 -224259 -2.03026e+08
-99590.9 224259 5.67279e+08 99590.9 -224259 -2.02795e+08
-99509.8 224259 5.66817e+08 99509.8 -224259 -2.02564e+08
-99428.8 224259 5.66356e+08 99428.8 -224259 -2.02333e+08
-99347.8 224259 5.65895e+08 99347.8 -224259 -2.02102e+08
-99266.7 224259 5.65434e+08 99266.7 -224259 -2.01871e+08
-99185.7 224259 5.64972e+08 99185.7 -224259 -2.0164e+08
-99104.7 224259 5.64511e+08 99104.7 -224259 -2.01409e+08
-99023.6 224259 5.6405e+08 99023.6 -224259 -2.01178e+08
-98942.6 224259 5.63588e+08 98942.6 -224259 -2.00947e+08
-98861.6 224259 5.63127e+08 98861.6 -224259 -2.00716e+08
-98780.6 224259 5.62666e+08 98780.6 -224259 -2.00486e+08
-98699.5 224259 5.62205e+08 98699.5 -224259 -2.00255e+08
-98618.5 224259 5.61743e+08 98618.5 -224259 -2.00024e+08
-98537.5 224259 5.61282e+08 98537.5 -224259 -1.99793e+08
-98456.4 224259 5.60821e+08 98456.4 -224259 -1.99562e+08
-98375.4 224259 5.60359e+08 98375.4 -224259 -1.99331e+08
-98294.4 224259 5.59898e+08 98294.4 -224259 -1.991e+08
-98213.3 224259 5.59437e+08 98213.3 -224259 -1.98869e+08
-98132.3 224259 5.58976e+08 98132.3 -224259 -1.98638e+08
-98051.3 224259 5.58514e+08 98051.3 -224259 -1.98407e+08
-97970.3 224259 5.58053e+08 97970.3 -224259 -1.98176e+08
-97889.2 224259 5.57592e+08 97889.2 -224259 -1.97945e+08
-97808.2 224259 5.57131e+08 97808.2 -224259 -1.97715e+08
-97727.2 224259 5.56669e+08 97727.2 -224259 -1.97484e+08
-97646.1 224259 5.56208e+08 97646.1 -224259 -1.97253e+08
-97565.1 224259 5.55747e+08 97565.1 -224259 -1.97022e+08
-97484.1 224259 5.55285e+08 97484.1 -224259 -1.96791e+08
-97403.1 224259 5.54824e+08 97403.1 -224259 -1.9656e+08
-97322 224259 5.54363e+08 97322 -224259 -1.96329e+08
-97241 224259 5.53902e+08 97241 -224259 -1.96098e+08
-97160 224259 5.5344e+08 97160 -224259 -1.95867e+08
-97078.9 224259 5.52979e+08 97078.9 -224259 -1.95636e+08
-96997.9 224259 5.52518e+08 96997.9 -224259 -1.95406e+08
-96916.9 224259 5.52057e+08 96916.9 -224259 -1.95175e+08
-96835.9 224259 5.51595e+08 96835.9 -224259 -1.94944e+08
-96754.8 224259 5.51134e+08 96754.8 -224259 -1.94713e+08
-96673.8 224259 5.50673e+08 96673.8 -224259 -1.94482e+08
-96592.8 224259 5.50212e+08 96592.8 -224259 -1.94251e+08
-96511.7 224259 5.4975e+08 96511.7 -224259 -1.9402e+08
-96430.7 224259 5.49289e+08 96430.7 -224259 -1.93789e+08
-96349.7 224259 5.48828e+08 96349.7 -224259 -1.93558e+08
-96268.7 224259 5.48367e+08 96268.7 -224259 -1.93328e+08
-96187.6 224259 5.47906e+08 96187.6 -224259 -1.93097e+08
-96106.6 224259 5.47444e+08 96106.6 -224259 -1.92866e+08
-96025.6 224259 5.46983e+08 96025.6 -224259 -1.92635e+08
-95944.5 224259 5.46522e+08 95944.5 -224259 -1.92404e+08
-95863.5 224259 5.46061e+08 95863.5 -224259 -1.92173e+08
-95782.5 224259 5.45599e+08 95782.5 -224259 -1.91942e+08
-95701.5 224259 5.45138e+08 95701.5 -224259 -1.91711e+08
-95620.4 224259 5.44677e+08 95620.4 -224259 -1.91481e+08
-95539.4 224259 5.44216e+08 95539.4 -224259 -1.9125e+08
-95458.4 224259 5.43754e+08 95458.4 -224259 -1.91019e+08
-95377.3 224259 5.43293e+08 95377.3 -224259 -1.90788e+08
-95296.3 224259 5.42832e+08 95296.3 -224259 -1.90557e+08
-95215.3 224259 5.42371e+08 95215.3 -224259 -1.90326e+08
-95134.3 224259 5.4191e+08 95134.3 -224259 -1.90095e+08
-95053.2 224259 5.41448e+08 95053.2 -224259 -1.89865e+08
-94972.2 224259 5.40987e+08 94972.2 -224259 -1.89634e+08
-94891.2 224259 5.40526e+08 94891.2 -224259 -1.89403e+08
-94810.1 224259 5.40065e+08 94810.1 -224259 -1.89172e+08
-94729.1 224259 5.39604e+08 94729.1 -224259 -1.88941e+08
-94648.1 224259 5.39142e+08 94648.1 -224259 -1.8871e+08
-94567.1 224259 5.38681e+08 94567.1 -224259 -1.88479e+08
-94486 224259 5.3822e+08 94486 -224259 -1.88249e+08
-94405 224259 5.37759e+08 94405 -224259 -1.88018e+08
-94324 224259 5.37298e+08 94324 -224259 -1.87787e+08
-94243 224259 5.36836e+08 94243 -224259 -1.87556e+08
-94161.9 224259 5.36375e+08 94161.9 -224259 -1.87325e+08
-94080.9 224259 5.35914e+08 94080.9 -224259 -1.87094e+08
-93999.9 224259 5.35453e+08 93999.9 -224259 -1.86864e+08
-93918.9 224259 5.34992e+08 93918.9 -224259 -1.86633e+08
-93837.8 224259 5.3453e+08 93837.8 -224259 -1.86402e+08
-93756.8 224259 5.34069e+08 93756.8 -224259 -1.86171e+08
-93675.8 224259 5.33608e+08 93675.8 -224259 -1.8594e+08
-93594.7 224259 5.33147e+08 93594.7 -224259 -1.85709e+08
-93513.7 224259 5.32686e+08 93513.7 -224259 -1.85479e+08
-93432.7 224259 5.32225e+08 93432.7 -224259 -1.85248e+08
-93351.7 224259 5.31763e+08 93351.7 -224259 -1.85017e+08
-93270.6 224259 5.31302e+08 93270.6 -224259 -1.84786e+08
-93189.6 224259 5.30841e+08 93189.6 -224259 -1.84555e+08
-93108.6 224259 5.3038e+08 93108.6 -224259 -1.84324e+08
-93027.6 224259 5.29919e+08 93027.6 -224259 -1.84094e+08
-92946.5 224259 5.29457e+08 92946.5 -224259 -1.83863e+08
-92865.5 224259 5.28996e+08 92865.5 -224259 -1.83632e+08
-92784.5 224259 5.28535e+08 92784.5 -224259 -1.83401e+08
-92703.5 224259 5.28074e+08 92703.5 -224259 -1.8317e+08
-92622.4 224259 5.27613e+08 92622.4 -224259 -1.8294e+08
-92541.4 224259 5.27152e+08 92541.4 -224259 -1.82709e+08
-92460.4 224259 5.26691e+08 92460.4 -224259 -1.82478e+08
-92379.4 224259 5.26229e+08 92379.4 -224259 -1.82247e+08
-92298.3 224259 5.25768e+08 92298.3 -224259 -1.82016e+08
-92217.3 224259 5.25307e+08 92217.3 -224259 -1.81786e+08
-92136.3 224259 5.24846e+08 92136.3 -224259 -1.81555e+08
-92055.3 224259 5.24385e+08 92055.3 -224259 -1.81324e+08
-91974.2 224259 5.23924e+08 91974.2 -224259 -1.81093e+08
-91893.2 224259 5.23462e+08 91893.2 -224259 -1.80862e+08
-91812.2 224259 5.23001e+08 91812.2 -224259 -1.80632e+08
-91731.2 224259 5.2254e+08 91731.2 -224259 -1.80401e+08
-91650.1 224259 5.22079e+08 91650.1 -224259 -1.8017e+08
-91569.1 224259 5.21618e+08 91569.1 -224259 -1.79939e+08
-91488.1 224259 5.21157e+08 91488.1 -224259 -1.79708e+08
-91407 224259 5.20696e+08 91407 -224259 -1.79478e+08
-91326 224259 5.20235e+08 91326 -224259 -1.79247e+08
-91245 224259 5.19773e+08 91245 -224259 -1.79016e+08
-91164 224259 5.19312e+08 91164 -224259 -1.78785e+08
-91082.9 224259 5.18851e+08 91082.9 -224259 -1.78554e+08
-91001.9 224259 5.1839e+08 91001.9 -224259 -1.78324e+08
-90920.9 224259 5.17929e+08 90920.9 -224259 -1.78093e+08
-90839.9 224259 5.17468e+08 90839.9 -224259 -1.77862e+08
-90758.8 224259 5.17007e+08 90758.8 -224259 -1.77631e+08
-90677.8 224259 5.16545e+08 90677.8 -224259 -1.77401e+08
-90596.8 224259 5.16084e+08 90596.8 -224259 -1.7717e+08
-90515.8 224259 5.15623e+08 90515.8 -224259 -1.76939e+08
-90434.8 224259 5.15162e+08 90434.8 -224259 -1.76708e+08
-90353.7 224259 5.14701e+08 90353.7 -224259 -1.76477e+08
-90272.7 224259 5.1424e+08 90272.7 -224259 -1.76247e+08
-90191.7 224259 5.13779e+08 90191.7 -224259 -1.76016e+08
-90110.7 224259 5.13318e+08 90110.7 -224259 -1.75785e+08
-90029.6 224259 5.12857e+08 90029.6 -224259 -1.75554e+08
-89948.6 224259 5.12395e+08 89948.6 -224259 -1.75324e+08
-89867.6 224259 5.11934e+08 89867.6 -224259 -1.75093e+08
-89786.6 224259 5.11473e+08 89786.6 -224259 -1.74862e+08
-89705.5 224259 5.11012e+08 89705.5 -224259 -1.74631e+08
-89624.5 224259 5.10551e+08 89624.5 -224259 -1.74401e+08
-89543.5 224259 5.1009e+08 89543.5 -224259 -1.7417e+08
-89462.5 224259 5.09629e+08 89462.5 -224259 -1.73939e+08
-89381.4 224259 5.09168e+08 89381.4 -224259 -1.73708e+08
-89300.4 224259 5.08707e+08 89300.4 -224259 -1.73478e+08
-89219.4 224259 5.08246e+08 89219.4 -224259 -1.73247e+08
-89138.4 224259 5.07785e+08 89138.4 -224259 -1.73016e+08
-89057.3 224259 5.07323e+08 89057.3 -224259 -1.72785e+08
-88976.3 224259 5.06862e+08 88976.3 -224259 -1.72555e+08
-88895.3 224259 5.06401e+08 88895.3 -224259 -1.72324e+08
-88814.3 224259 5.0594e+08 88814.3 -224259 -1.72093e+08
-88733.3 224259 5.05479e+08 88733.3 -224259 -1.71862e+08
-88652.2 224259 5.05018e+08 88652.2 -224259 -1.71632e+08
-88571.2 224259 5.04557e+08 88571.2 -224259 -1.71401e+08
-88490.2 224259 5.04096e+08 88490.2 -224259 -1.7117e+08
-88409.2 224259 5.03635e+08 88409.2 -224259 -1.70939e+08
-88328.1 224259 5.03174e+08 88328.1 -224259 -1.70709e+08
-88247.1 224259 5.02713e+08 88247.1 -224259 -1.70478e+08
-88166.1 224259 5.02252e+08 88166.1 -224259 -1.70247e+08
-88085.1 224259 5.01791e+08 88085.1 -224259 -1.70016e+08
-88004 224259 5.01329e+08 88004 -224259 -1.69786e+08
-87923 224259 5.00868e+08 87923 -224259 -1.69555e+08
-87842 224259 5.00407e+08 87842 -224259 -1.69324e+08
-87761 224259 4.99946e+08 87761 -224259 -1.69094e+08
-87680 224259 4.99485e+08 87680 -224259 -1.68863e+08
-87598.9 224259 4.99024e+08 87598.9 -224259 -1.68632e+08
-87517.9 224259 4.98563e+08 87517.9 -224259 -1.68401e+08
-87436.9 224259 4.98102e+08 87436.9 -224259 -1.68171e+08
-87355.9 224259 4.97641e+08 87355.9 -224259 -1.6794e+08
-87274.8 224259 4.9718e+08 87274.8 -224259 -1.67709e+08
-87193.8 224259 4.96719e+08 87193.8 -224259 -1.67479e+08
-87112.8 224259 4.96258e+08 87112.8 -224259 -1.67248e+08
-87031.8 224259 4.95797e+08 87031.8 -224259 -1.67017e+08
-86950.8 224259 4.95336e+08 86950.8 -224259 -1.66786e+08
-86869.7 224259 4.94875e+08 86869.7 -224259 -1.66556e+08
-86788.7 224259 4.94414e+08 86788.7 -224259 -1.66325e+08
-86707.7 224259 4.93953e+08 86707.7 -224259 -1.66094e+08
-86626.7 224259 4.93492e+08 86626.7 -224259 -1.65864e+08
-86545.6 224259 4.93031e+08 86545.6 -224259 -1.65633e+08
-86464.6 224259 4.9257e+08 86464.6 -224259 -1.65402e+08
-86383.6 224259 4.92108e+08 86383.6 -224259 -1.65172e+08
-86302.6 224259 4.91647e+08 86302.6 -224259 -1.64941e+08
-86221.6 224259 4.91186e+08 86221.6 -224259 -1.6471e+08
-86140.5 224259 4.90725e+08 86140.5 -224259 -1.64479e+08
-86059.5 224259 4.90264e+08 86059.5 -224259 -1.64249e+08
-85978.5 224259 4.89803e+08 85978.5 -224259 -1.64018e+08
-85897.5 224259 4.89342e+08 85897.5 -224259 -1.63787e+08
-85816.5 224259 4.88881e+08 85816.5 -224259 -1.63557e+08
-85735.4 224259 4.8842e+08 85735.4 -224259 -1.63326e+08
-85654.4 224259 4.87959e+08 85654.4 -224259 -1.63095e+08
-85573.4 224259 4.87498e+08 85573.4 -224259 -1.62865e+08
-85492.4 224259 4.87037e+08 85492.4 -224259 -1.62634e+08
-85411.3 224259 4.86576e+08 85411.3 -224259 -1.62403e+08
-85330.3 224259 4.86115e+08 85330.3 -224259 -1.62173e+08
-85249.3 224259 4.85654e+08 85249.3 -224259 -1.61942e+08
-85168.3 224259 4.85193e+08 85168.3 -224259 -1.61711e+08
-85087.3 224259 4.84732e+08 85087.3 -224259 -1.61481e+08
-85006.2 224259 4.84271e+08 85006.2 -224259 -1.6125e+08
-84925.2 224259 4.8381e+08 84925.2 -224259 -1.61019e+08
-84844.2 224259 4.83349e+08 84844.2 -224259 -1.60789e+08
-84763.2 224259 4.82888e+08 84763.2 -224259 -1.60558e+08
-84682.2 224259 4.82427e+08 84682.2 -224259 -1.60327e+08
-84601.1 224259 4.81966e+08 84601.1 -224259 -1.60097e+08
-84520.1 224259 4.81505e+08 84520.1 -224259 -1.59866e+08
-84439.1 224259 4.81044e+08 84439.1 -224259 -1.59635e+08
-84358.1 224259 4.80583e+08 84358.1 -224259 -1.59405e+08
-84277.1 224259 4.80122e+08 84277.1 -224259 -1.59174e+08
-84196 224259 4.79661e+08 84196 -224259 -1.58943e+08
-84115 224259 4.792e+08 84115 -224259 -1.58713e+08
-84034 224259 4.78739e+08 84034 -224259 -1.58482e+08
-83953 224259 4.78278e+08 83953 -224259 -1.58251e+08
-83872 224259 4.77817e+08 83872 -224259 -1.58021e+08
-83790.9 224259 4.77356e+08 83790.9 -224259 -1.5779e+08
-83709.9 224259 4.76895e+08 83709.9 -224259 -1.57559e+08
-83628.9 224259 4.76434e+08 83628.9 -224259 -1.57329e+08
-83547.9 224259 4.75973e+08 83547.9 -224259 -1.57098e+08
-83466.9 224259 4.75512e+08 83466.9 -224259 -1.56867e+08
-83385.8 224259 4.75051e+08 83385.8 -224259 -1.56637e+08
-83304.8 224259 4.7459e+08 83304.8 -224259 -1.56406e+08
-83223.8 224259 4.74129e+08 83223.8 -224259 -1.56175e+08
-83142.8 224259 4.73669e+08 83142.8 -224259 -1.55945e+08
-83061.8 224259 4.73208e+08 83061.8 -224259 -1.55714e+08
-82980.7 224259 4.72747e+08 82980.7 -224259 -1.55484e+08
-82899.7 224259 4.72286e+08 82899.7 -224259 -1.55253e+08
-82818.7 224259 4.71825e+08 82818.7 -224259 -1.55022e+08
-82737.7 224259 4.71364e+08 82737.7 -224259 -1.54792e+08
-82656.7 224259 4.70903e+08 82656.7 -224259 -1.54561e+08
-82575.6 224259 4.70442e+08 82575.6 -224259 -1.5433e+08
-82494.6 224259 4.69981e+08 82494.6 -224259 -1.541e+08
-82413.6 224259 4.6952e+08 82413.6 -224259 -1.53869e+08
-82332.6 224259 4.69059e+08 82332.6 -224259 -1.53639e+08
-82251.6 224259 4.68598e+08 82251.6 -224259 -1.53408e+08
-82170.6 224259 4.68137e+08 82170.6 -224259 -1.53177e+08
-82089.5 224259 4.67676e+08 82089.5 -224259 -1.52947e+08
-82008.5 224259 4.67215e+08 82008.5 -224259 -1.52716e+08
-81927.5 224259 4.66754e+08 81927.5 -224259 -1.52485e+08
-81846.5 224259 4.66293e+08 81846.5 -224259 -1.52255e+08
-81765.5 224259 4.65832e+08 81765.5 -224259 -1.52024e+08
-81684.4 224259 4.65371e+08 81684.4 -224259 -1.51794e+08
-81603.4 224259 4.6491e+08 81603.4 -224259 -1.51563e+08
-81522.4 224259 4.6445e+08 81522.4 -224259 -1.51332e+08
-81441.4 224259 4.63989e+08 81441.4 -224259 -1.51102e+08
-81360.4 224259 4.63528e+08 81360.4 -224259 -1.50871e+08
-81279.4 224259 4.63067e+08 81279.4 -224259 -1.50641e+08
-81198.3 224259 4.62606e+08 81198.3 -224259 -1.5041e+08
-81117.3 224259 4.62145e+08 81117.3 -224259 -1.50179e+08
-81036.3 224259 4.61684e+08 81036.3 -224259 -1.49949e+08
-80955.3 224259 4.61223e+08 80955.3 -224259 -1.49718e+08
-80874.3 224259 4.60762e+08 80874.3 -224259 -1.49488e+08
-80793.2 224259 4.60301e+08 80793.2 -224259 -1.49257e+08
-80712.2 224259 4.5984e+08 80712.2 -224259 -1.49026e+08
-80631.2 224259 4.59379e+08 80631.2 -224259 -1.48796e+08
-80550.2 224259 4.58918e+08 80550.2 -224259 -1.48565e+08
-80469.2 224259 4.58458e+08 80469.2 -224259 -1.48335e+08
-80388.2 224259 4.57997e+08 80388.2 -224259 -1.48104e+08
-80307.1 224259 4.57536e+08 80307.1 -224259 -1.47873e+08
-80226.1 224259 4.57075e+08 80226.1 -224259 -1.47643e+08
-80145.1 224259 4.56614e+08 80145.1 -224259 -1.47412e+08
-80064.1 224259 4.56153e+08 80064.1 -224259 -1.47182e+08
-79983.1 224259 4.55692e+08 79983.1 -224259 -1.46951e+08
-79902.1 224259 4.55231e+08 79902.1 -224259 -1.46721e+08
-79821 224259 4.5477e+08 79821 -224259 -1.4649e+08
-79740 224259 4.54309e+08 79740 -224259 -1.46259e+08
-79659 224259 4.53849e+08 79659 -224259 -1.46029e+08
-79578 224259 4.53388e+08 79578 -224259 -1.45798e+08
-79497 224259 4.52927e+08 79497 -224259 -1.45568e+08
-79416 224259 4.52466e+08 79416 -224259 -1.45337e+08
-79334.9 224259 4.52005e+08 79334.9 -224259 -1.45107e+08
-79253.9 224259 4.51544e+08 79253.9 -224259 -1.44876e+08
-79172.9 224259 4.51083e+08 79172.9 -224259 -1.44645e+08
-79091.9 224259 4.50622e+08 79091.9 -224259 -1.44415e+08
-79010.9 224259 4.50161e+08 79010.9 -224259 -1.44184e+08
-78929.9 224259 4.49701e+08 78929.9 -224259 -1.43954e+08
-78848.8 224259 4.4924e+08 78848.8 -224259 -1.43723e+08
-78767.8 224259 4.48779e+08 78767.8 -224259 -1.43493e+08
-78686.8 224259 4.48318e+08 78686.8 -224259 -1.43262e+08
-78605.8 224259 4.47857e+08 78605.8 -224259 -1.43032e+08
-78524.8 224259 4.47396e+08 78524.8 -224259 -1.42801e+08
-78443.8 224259 4.46935e+08 78443.8 -224259 -1.4257e+08
-78362.7 224259 4.46474e+08 78362.7 -224259 -1.4234e+08
-78281.7 224259 4.46014e+08 78281.7 -224259 -1.42109e+08
-78200.7 224259 4.45553e+08 78200.7 -224259 -1.41879e+08
-78119.7 224259 4.45092e+08 78119.7 -224259 -1.41648e+08
-78038.7 224259 4.44631e+08 78038.7 -224259 -1.41418e+08
-77957.7 224259 4.4417e+08 77957.7 -224259 -1.41187e+08
-77876.6 224259 4.43709e+08 77876.6 -224259 -1.40957e+08
-77795.6 224259 4.43248e+08 77795.6 -224259 -1.40726e+08
-77714.6 224259 4.42788e+08 77714.6 -224259 -1.40496e+08
-77633.6 224259 4.42327e+08 77633.6 -224259 -1.40265e+08
-77552.6 224259 4.41866e+08 77552.6 -224259 -1.40034e+08
-77471.6 224259 4.41405e+08 77471.6 -224259 -1.39804e+08
-77390.5 224259 4.40944e+08 77390.5 -224259 -1.39573e+08
-77309.5 224259 4.40483e+08 77309.5 -224259 -1.39343e+08
-77228.5 224259 4.40023e+08 77228.5 -224259 -1.39112e+08
-77147.5 224259 4.39562e+08 77147.5 -224259 -1.38882e+08
-77066.5 224259 4.39101e+08 77066.5 -224259 -1.38651e+08
-76985.5 224259 4.3864e+08 76985.5 -224259 -1.38421e+08
-76904.5 224259 4.38179e+08 76904.5 -224259 -1.3819e+08
-76823.4 224259 4.37718e+08 76823.4 -224259 -1.3796e+08
-76742.4 224259 4.37257e+08 76742.4 -224259 -1.37729e+08
-76661.4 224259 4.36797e+08 76661.4 -224259 -1.37499e+08
-76580.4 224259 4.36336e+08 76580.4 -224259 -1.37268e+08
-76499.4 224259 4.35875e+08 76499.4 -224259 -1.37038e+08
-76418.4 224259 4.35414e+08 76418.4 -224259 -1.36807e+08
-76337.4 224259 4.34953e+08 76337.4 -224259 -1.36577e+08
-76256.3 224259 4.34493e+08 76256.3 -224259 -1.36346e+08
-76175.3 224259 4.34032e+08 76175.3 -224259 -1.36116e+08
-76094.3 224259 4.33571e+08 76094.3 -224259 -1.35885e+08
-76013.3 224259 4.3311e+08 76013.3 -224259 -1.35655e+08
-75932.3 224259 4.32649e+08 75932.3 -224259 -1.35424e+08
-75851.3 224259 4.32188e+08 75851.3 -224259 -1.35194e+08
-75770.3 224259 4.31728e+08 75770.3 -224259 -1.34963e+08
-75689.2 224259 4.31267e+08 75689.2 -224259 -1.34733e+08
-75608.2 224259 4.30806e+08 75608.2 -224259 -1.34502e+08
-75527.2 224259 4.30345e+08 75527.2 -224259 -1.34272e+08
-75446.2 224259 4.29884e+08 75446.2 -224259 -1.34041e+08
-75365.2 224259 4.29424e+08 75365.2 -224259 -1.33811e+08
-75284.2 224259 4.28963e+08 75284.2 -224259 -1.3358e+08
-75203.2 224259 4.28502e+08 75203.2 -224259 -1.3335e+08
-75122.1 224259 4.28041e+08 75122.1 -224259 -1.33119e+08
-75041.1 224259 4.2758e+08 75041.1 -224259 -1.32889e+08
-74960.1 224259 4.2712e+08 74960.1 -224259 -1.32658e+08
-74879.1 224259 4.26659e+08 74879.1 -224259 -1.32428e+08
-74798.1 224259 4.26198e+08 74798.1 -224259 -1.32197e+08
-74717.1 224259 4.25737e+08 74717.1 -224259 -1.31967e+08
-74636.1 224259 4.25276e+08 74636.1 -224259 -1.31736e+08
-74555 224259 4.24816e+08 74555 -224259 -1.31506e+08
-74474 224259 4.24355e+08 74474 -224259 -1.31275e+08
-74393 224259 4.23894e+08 74393 -224259 -1.31045e+08
-74312 224259 4.23433e+08 74312 -224259 -1.30814e+08
-74231 224259 4.22972e+08 74231 -224259 -1.30584e+08
-74150 224259 4.22512e+08 74150 -224259 -1.30353e+08
-74069 224259 4.22051e+08 74069 -224259 -1.30123e+08
-73988 224259 4.2159e+08 73988 -224259 -1.29892e+08
-73906.9 224259 4.21129e+08 73906.9 -224259 -1.29662e+08
-73825.9 224259 4.20669e+08 73825.9 -224259 -1.29431e+08
-73744.9 224259 4.20208e+08 73744.9 -224259 -1.29201e+08
-73663.9 224259 4.19747e+08 73663.9 -224259 -1.28971e+08
-73582.9 224259 4.19286e+08 73582.9 -224259 -1.2874e+08
-73501.9 224259 4.18825e+08 73501.9 -224259 -1.2851e+08
-73420.9 224259 4.18365e+08 73420.9 -224259 -1.28279e+08
-73339.8 224259 4.17904e+08 73339.8 -224259 -1.28049e+08
-73258.8 224259 4.17443e+08 73258.8 -224259 -1.27818e+08
-73177.8 224259 4.16982e+08 73177.8 -224259 -1.27588e+08
-73096.8 224259 4.16522e+08 73096.8 -224259 -1.27357e+08
-73015.8 224259 4.16061e+08 73015.8 -224259 -1.27127e+08
-72934.8 224259 4.156e+08 72934.8 -224259 -1.26896e+08
-72853.8 224259 4.15139e+08 72853.8 -224259 -1.26666e+08
-72772.8 224259 4.14679e+08 72772.8 -224259 -1.26436e+08
-72691.7 224259 4.14218e+08 72691.7 -224259 -1.26205e+08
-72610.7 224259 4.13757e+08 72610.7 -224259 -1.25975e+08
-72529.7 224259 4.13296e+08 72529.7 -224259 -1.25744e+08
-72448.7 224259 4.12836e+08 72448.7 -224259 -1.25514e+08
-72367.7 224259 4.12375e+08 72367.7 -224259 -1.25283e+08
-72286.7 224259 4.11914e+08 72286.7 -224259 -1.25053e+08
-72205.7 224259 4.11453e+08 72205.7 -224259 -1.24822e+08
-72124.7 224259 4.10993e+08 72124.7 -224259 -1.24592e+08
-72043.7 224259 4.10532e+08 72043.7 -224259 -1.24362e+08
-71962.6 224259 4.10071e+08 71962.6 -224259 -1.24131e+08
-71881.6 224259 4.0961e+08 71881.6 -224259 -1.23901e+08
-71800.6 224259 4.0915e+08 71800.6 -224259 -1.2367e+08
-71719.6 224259 4.08689e+08 71719.6 -224259 -1.2344e+08
-71638.6 224259 4.08228e+08 71638.6 -224259 -1.23209e+08
-71557.6 224259 4.07768e+08 71557.6 -224259 -1.22979e+08
-71476.6 224259 4.07307e+08 71476.6 -224259 -1.22749e+08
-71395.6 224259 4.06846e+08 71395.6 -224259 -1.22518e+08
-71314.5 224259 4.06385e+08 71314.5 -224259 -1.22288e+08
-71233.5 224259 4.05925e+08 71233.5 -224259 -1.22057e+08
-71152.5 224259 4.05464e+08 71152.5 -224259 -1.21827e+08
-71071.5 224259 4.05003e+08 71071.5 -224259 -1.21596e+08
-70990.5 224259 4.04543e+08 70990.5 -224259 -1.21366e+08
-70909.5 224259 4.04082e+08 70909.5 -224259 -1.21136e+08
-70828.5 224259 4.03621e+08 70828.5 -224259 -1.20905e+08
-70747.5 224259 4.0316e+08 70747.5 -224259 -1.20675e+08
-70666.5 224259 4.027e+08 70666.5 -224259 -1.20444e+08
-70585.5 224259 4.02239e+08 70585.5 -224259 -1.20214e+08
-70504.4 224259 4.01778e+08 70504.4 -224259 -1.19984e+08
-70423.4 224259 4.01318e+08 70423.4 -224259 -1.19753e+08
-70342.4 224259 4.00857e+08 70342.4 -224259 -1.19523e+08
-70261.4 224259 4.00396e+08 70261.4 -224259 -1.19292e+08
-70180.4 224259 3.99935e+08 70180.4 -224259 -1.19062e+08
-70099.4 224259 3.99475e+08 70099.4 -224259 -1.18832e+08
-70018.4 224259 3.99014e+08 70018.4 -224259 -1.18601e+08
-69937.4 224259 3.98553e+08 69937.4 -224259 -1.18371e+08
-69856.4 224259 3.98093e+08 69856.4 -224259 -1.1814e+08
-69775.3 224259 3.97632e+08 69775.3 -224259 -1.1791e+08
-69694.3 224259 3.97171e+08 69694.3 -224259 -1.1768e+08
-69613.3 224259 3.96711e+08 69613.3 -224259 -1.17449e+08
-69532.3 224259 3.9625e+08 69532.3 -224259 -1.17219e+08
-69451.3 224259 3.95789e+08 69451.3 -224259 -1.16988e+08
-69370.3 224259 3.95329e+08 69370.3 -224259 -1.16758e+08
-69289.3 224259 3.94868e+08 69289.3 -224259 -1.16528e+08
-69208.3 224259 3.94407e+08 69208.3 -224259 -1.16297e+08
-69127.3 224259 3.93946e+08 69127.3 -224259 -1.16067e+08
-69046.3 224259 3.93486e+08 69046.3 -224259 -1.15837e+08
-68965.2 224259 3.93025e+08 68965.2 -224259 -1.15606e+08
-68884.2 224259 3.92564e+08 68884.2 -224259 -1.15376e+08
-68803.2 224259 3.92104e+08 68803.2 -224259 -1.15145e+08
-68722.2 224259 3.91643e+08 68722.2 -224259 -1.14915e+08
-68641.2 224259 3.91182e+08 68641.2 -224259 -1.14685e+08
-68560.2 224259 3.90722e+08 68560.2 -224259 -1.14454e+08
-68479.2 224259 3.90261e+08 68479.2 -224259 -1.14224e+08
-68398.2 224259 3.898e+08 68398.2 -224259 -1.13994e+08
-68317.2 224259 3.8934e+08 68317.2 -224259 -1.13763e+08
-68236.2 224259 3.88879e+08 68236.2 -224259 -1.13533e+08
-68155.2 224259 3.88418e+08 68155.2 -224259 -1.13303e+08
-68074.1 224259 3.87958e+08 68074.1 -224259 -1.13072e+08
-67993.1 224259 3.87497e+08 67993.1 -224259 -1.12842e+08
-67912.1 224259 3.87037e+08 67912.1 -224259 -1.12611e+08
-67831.1 224259 3.86576e+08 67831.1 -224259 -1.12381e+08
-67750.1 224259 3.86115e+08 67750.1 -224259 -1.12151e+08
-67669.1 224259 3.85655e+08 67669.1 -224259 -1.1192e+08
-67588.1 224259 3.85194e+08 67588.1 -224259 -1.1169e+08
-67507.1 224259 3.84733e+08 67507.1 -224259 -1.1146e+08
-67426.1 224259 3.84273e+08 67426.1 -224259 -1.11229e+08
-67345.1 224259 3.83812e+08 67345.1 -224259 -1.10999e+08
-67264.1 224259 3.83351e+08 67264.1 -224259 -1.10769e+08
-67183 224259 3.82891e+08 67183 -224259 -1.10538e+08
-67102 224259 3.8243e+08 67102 -224259 -1.10308e+08
-67021 224259 3.81969e+08 67021 -224259 -1.10078e+08
-66940 224259 3.81509e+08 66940 -224259 -1.09847e+08
-66859 224259 3.81048e+08 66859 -224259 -1.09617e+08
-66778 224259 3.80588e+08 66778 -224259 -1.09387e+08
-66697 224259 3.80127e+08 66697 -224259 -1.09156e+08
-66616 224259 3.79666e+08 66616 -224259 -1.08926e+08
-66535 224259 3.79206e+08 66535 -224259 -1.08696e+08
-66454 224259 3.78745e+08 66454 -224259 -1.08465e+08
-66373 224259 3.78284e+08 66373 -224259 -1.08235e+08
-66292 224259 3.77824e+08 66292 -224259 -1.08005e+08
-66211 224259 3.77363e+08 66211 -224259 -1.07774e+08
-66129.9 224259 3.76903e+08 66129.9 -224259 -1.07544e+08
-66048.9 224259 3.76442e+08 66048.9 -224259 -1.07314e+08
-65967.9 224259 3.75981e+08 65967.9 -224259 -1.07083e+08
-65886.9 224259 3.75521e+08 65886.9 -224259 -1.06853e+08
-65805.9 224259 3.7506e+08 65805.9 -224259 -1.06623e+08
-65724.9 224259 3.746e+08 65724.9 -224259 -1.06392e+08
-65643.9 224259 3.74139e+08 65643.9 -224259 -1.06162e+08
-65562.9 224259 3.73678e+08 65562.9 -224259 -1.05932e+08
-65481.9 224259 3.73218e+08 65481.9 -224259 -1.05701e+08
-65400.9 224259 3.72757e+08 65400.9 -224259 -1.05471e+08
-65319.9 224259 3.72297e+08 65319.9 -224259 -1.05241e+08
-65238.9 224259 3.71836e+08 65238.9 -224259 -1.0501e+08
-65157.9 224259 3.71375e+08 65157.9 -224259 -1.0478e+08
-65076.8 224259 3.70915e+08 65076.8 -224259 -1.0455e+08
-64995.8 224259 3.70454e+08 64995.8 -224259 -1.0432e+08
-64914.8 224259 3.69994e+08 64914.8 -224259 -1.04089e+08
-64833.8 224259 3.69533e+08 64833.8 -224259 -1.03859e+08
-64752.8 224259 3.69072e+08 64752.8 -224259 -1.03629e+08
-64671.8 224259 3.68612e+08 64671.8 -224259 -1.03398e+08
-64590.8 224259 3.68151e+08 64590.8 -224259 -1.03168e+08
-64509.8 224259 3.67691e+08 64509.8 -224259 -1.02938e+08
-64428.8 224259 3.6723e+08 64428.8 -224259 -1.02707e+08
-64347.8 224259 3.66769e+08 64347.8 -224259 -1.02477e+08
-64266.8 224259 3.66309e+08 64266.8 -224259 -1.02247e+08
-64185.8 224259 3.65848e+08 64185.8 -224259 -1.02017e+08
-64104.8 224259 3.65388e+08 64104.8 -224259 -1.01786e+08
-64023.8 224259 3.64927e+08 64023.8 -224259 -1.01556e+08
-63942.8 224259 3.64467e+08 63942.8 -224259 -1.01326e+08
-63861.8 224259 3.64006e+08 63861.8 -224259 -1.01095e+08
-63780.7 224259 3.63545e+08 63780.7 -224259 -1.00865e+08
-63699.7 224259 3.63085e+08 63699.7 -224259 -1.00635e+08
-63618.7 224259 3.62624e+08 63618.7 -224259 -1.00405e+08
-63537.7 224259 3.62164e+08 63537.7 -224259 -1.00174e+08
-63456.7 224259 3.61703e+08 63456.7 -224259 -9.9944e+07
-63375.7 224259 3.61243e+08 63375.7 -224259 -9.97138e+07
-63294.7 224259 3.60782e+08 63294.7 -224259 -9.94835e+07
-63213.7 224259 3.60322e+08 63213.7 -224259 -9.92532e+07
-63132.7 224259 3.59861e+08 63132.7 -224259 -9.9023e+07
-63051.7 224259 3.594e+08 63051.7 -224259 -9.87927e+07
-62970.7 224259 3.5894e+08 62970.7 -224259 -9.85624e+07
-62889.7 224259 3.58479e+08 62889.7 -224259 -9.83322e+07
-62808.7 224259 3.58019e+08 62808.7 -224259 -9.81019e+07
-62727.7 224259 3.57558e+08 62727.7 -224259 -9.78716e+07
-62646.7 224259 3.57098e+08 62646.7 -224259 -9.76414e+07
-62565.7 224259 3.56637e+08 62565.7 -224259 -9.74111e+07
-62484.7 224259 3.56177e+08 62484.7 -224259 -9.71808e+07
-62403.6 224259 3.55716e+08 62403.6 -224259 -9.69506e+07
-62322.6 224259 3.55256e+08 62322.6 -224259 -9.67203e+07
-62241.6 224259 3.54795e+08 62241.6 -224259 -9.64901e+07
-62160.6 224259 3.54334e+08 62160.6 -224259 -9.62598e+07
-62079.6 224259 3.53874e+08 62079.6 -224259 -9.60296e+07
-61998.6 224259 3.53413e+08 61998.6 -224259 -9.57993e+07
-61917.6 224259 3.52953e+08 61917.6 -224259 -9.55691e+07
-61836.6 224259 3.52492e+08 61836.6 -224259 -9.53389e+07
-61755.6 224259 3.52032e+08 61755.6 -224259 -9.51086e+07
-61674.6 224259 3.51571e+08 61674.6 -224259 -9.48784e+07
-61593.6 224259 3.51111e+08 61593.6 -224259 -9.46481e+07
-61512.6 224259 3.5065e+08 61512.6 -224259 -9.44179e+07
-61431.6 224259 3.5019e+08 61431.6 -224259 -9.41876e+07
-61350.6 224259 3.49729e+08 61350.6 -224259 -9.39574e+07
-61269.6 224259 3.49269e+08 61269.6 -224259 -9.37272e+07
-61188.6 224259 3.48808e+08 61188.6 -224259 -9.34969e+07
-61107.6 224259 3.48348e+08 61107.6 -224259 -9.32667e+07
-61026.6 224259 3.47887e+08 61026.6 -224259 -9.30365e+07
-60945.6 224259 3.47427e+08 60945.6 -224259 -9.28062e+07
-60864.6 224259 3.46966e+08 60864.6 -224259 -9.2576e+07
-60783.6 224259 3.46506e+08 60783.6 -224259 -9.23458e+07
-60702.6 224259 3.46045e+08 60702.6 -224259 -9.21155e+07
-60621.6 224259 3.45585e+08 60621.6 -224259 -9.18853e+07
-60540.5 224259 3.45124e+08 60540.5 -224259 -9.16551e+07
-60459.5 224259 3.44664e+08 60459.5 -224259 -9.14249e+07
-60378.5 224259 3.44203e+08 60378.5 -224259 -9.11947e+07
-60297.5 224259 3.43743e+08 60297.5 -224259 -9.09644e+07
-60216.5 224259 3.43282e+08 60216.5 -224259 -9.07342e+07
-60135.5 224259 3.42822e+08 60135.5 -224259 -9.0504e+07
-60054.5 224259 3.42361e+08 60054.5 -224259 -9.02738e+07
-59973.5 224259 3.41901e+08 59973.5 -224259 -9.00436e+07
-59892.5 224259 3.4144e+08 59892.5 -224259 -8.98134e+07
-59811.5 224259 3.4098e+08 59811.5 -224259 -8.95832e+07
-59730.5 224259 3.40519e+08 59730.5 -224259 -8.9353e+07
-59649.5 224259 3.40059e+08 59649.5 -224259 -8.91227e+07
-59568.5 224259 3.39598e+08 59568.5 -224259 -8.88926e+07
-59487.5 224259 3.39138e+08 59487.5 -224259 -8.86624e+07
-59406.5 224259 3.38677e+08 59406.5 -224259 -8.84321e+07
-59325.5 224259 3.38217e+08 59325.5 -224259 -8.82019e+07
-59244.5 224259 3.37756e+08 59244.5 -224259 -8.79718e+07
-59163.5 224259 3.37296e+08 59163.5 -224259 -8.77416e+07
-59082.5 224259 3.36835e+08 59082.5 -224259 -8.75114e+07
-59001.5 224259 3.36375e+08 59001.5 -224259 -8.72812e+07
-58920.5 224259 3.35914e+08 58920.5 -224259 -8.7051e+07
-58839.5 224259 3.35454e+08 58839.5 -224259 -8.68208e+07
-58758.5 224259 3.34994e+08 58758.5 -224259 -8.65906e+07
-58677.5 224259 3.34533e+08 58677.5 -224259 -8.63604e+07
-58596.5 224259 3.34073e+08 58596.5 -224259 -8.61302e+07
-58515.5 224259 3.33612e+08 58515.5 -224259 -8.59e+07
-58434.5 224259 3.33152e+08 58434.5 -224259 -8.56699e+07
-58353.5 224259 3.32691e+08 58353.5 -224259 -8.54397e+07
-58272.5 224259 3.32231e+08 58272.5 -224259 -8.52095e+07
-58191.5 224259 3.3177e+08 58191.5 -224259 -8.49793e+07
-58110.5 224259 3.3131e+08 58110.5 -224259 -8.47491e+07
-58029.5 224259 3.30849e+08 58029.5 -224259 -8.4519e+07
-57948.5 224259 3.30389e+08 57948.5 -224259 -8.42888e+07
-57867.5 224259 3.29928e+08 57867.5 -224259 -8.40586e+07
-57786.4 224259 3.29468e+08 57786.4 -224259 -8.38284e+07
-57705.4 224259 3.29008e+08 57705.4 -224259 -8.35983e+07
-57624.4 224259 3.28547e+08 57624.4 -224259 -8.33681e+07
-57543.4 224259 3.28087e+08 57543.4 -224259 -8.31379e+07
-57462.4 224259 3.27626e+08 57462.4 -224259 -8.29078e+07
-57381.4 224259 3.27166e+08 57381.4 -224259 -8.26776e+07
-57300.4 224259 3.26705e+08 57300.4 -224259 -8.24474e+07
-57219.4 224259 3.26245e+08 57219.4 -224259 -8.22173e+07
-57138.4 224259 3.25785e+08 57138.4 -224259 -8.19871e+07
-57057.4 224259 3.25324e+08 57057.4 -224259 -8.1757e+07
-56976.4 224259 3.24864e+08 56976.4 -224259 -8.15268e+07
-56895.4 224259 3.24403e+08 56895.4 -224259 -8.12967e+07
-56814.4 224259 3.23943e+08 56814.4 -224259 -8.10665e+07
-56733.4 224259 3.23482e+08 56733.4 -224259 -8.08363e+07
-56652.4 224259 3.23022e+08 56652.4 -224259 -8.06062e+07
-56571.4 224259 3.22562e+08 56571.4 -224259 -8.0376e+07
-56490.4 224259 3.22101e+08 56490.4 -224259 -8.01459e+07
-56409.4 224259 3.21641e+08 56409.4 -224259 -7.99157e+07
-56328.4 224259 3.2118e+08 56328.4 -224259 -7.96856e+07
-56247.4 224259 3.2072e+08 56247.4 -224259 -7.94555e+07
-56166.4 224259 3.2026e+08 56166.4 -224259 -7.92253e+07
-56085.4 224259 3.19799e+08 56085.4 -224259 -7.89952e+07
-56004.4 224259 3.19339e+08 56004.4 -224259 -7.8765e+07
-55923.4 224259 3.18878e+08 55923.4 -224259 -7.85349e+07
-55842.4 224259 3.18418e+08 55842.4 -224259 -7.83048e+07
-55761.4 224259 3.17957e+08 55761.4 -224259 -7.80746e+07
-55680.4 224259 3.17497e+08 55680.4 -224259 -7.78445e+07
-55599.4 224259 3.17037e+08 55599.4 -224259 -7.76144e+07
-55518.4 224259 3.16576e+08 55518.4 -224259 -7.73842e+07
-55437.4 224259 3.16116e+08 55437.4 -224259 -7.71541e+07
-55356.4 224259 3.15655e+08 55356.4 -224259 -7.6924e+07
-55275.4 224259 3.15195e+08 55275.4 -224259 -7.66939e+07
-55194.4 224259 3.14735e+08 55194.4 -224259 -7.64637e+07
-55113.4 224259 3.14274e+08 55113.4 -224259 -7.62336e+07
-55032.4 224259 3.13814e+08 55032.4 -224259 -7.60035e+07
-54951.4 224259 3.13354e+08 54951.4 -224259 -7.57734e+07
-54870.4 224259 3.12893e+08 54870.4 -224259 -7.55433e+07
-54789.4 224259 3.12433e+08 54789.4 -224259 -7.53131e+07
-54708.4 224259 3.11972e+08 54708.4 -224259 -7.5083e+07
-54627.4 224259 3.11512e+08 54627.4 -224259 -7.48529e+07
-54546.4 224259 3.11052e+08 54546.4 -224259 -7.46228e+07
-54465.4 224259 3.10591e+08 54465.4 -224259 -7.43927e+07
-54384.4 224259 3.10131e+08 54384.4 -224259 -7.41626e+07
-54303.4 224259 3.09671e+08 54303.4 -224259 -7.39325e+07
-54222.4 224259 3.0921e+08 54222.4 -224259 -7.37024e+07
-54141.4 224259 3.0875e+08 54141.4 -224259 -7.34723e+07
-54060.4 224259 3.08289e+08 54060.4 -224259 -7.32422e+07
-53979.4 224259 3.07829e+08 53979.4 -224259 -7.30121e+07
-53898.4 224259 3.07369e+08 53898.4 -224259 -7.2782e+07
-53817.4 224259 3.06908e+08 53817.4 -224259 -7.25519e+07
-53736.4 224259 3.06448e+08 53736.4 -224259 -7.23217e+07
-53655.4 224259 3.05988e+08 53655.4 -224259 -7.20917e+07
-53574.4 224259 3.05527e+08 53574.4 -224259 -7.18616e+07
-53493.4 224259 3.05067e+08 53493.4 -224259 -7.16315e+07
-53412.4 224259 3.04607e+08 53412.4 -224259 -7.14014e+07
-53331.4 224259 3.04146e+08 53331.4 -224259 -7.11713e+07
-53250.4 224259 3.03686e+08 53250.4 -224259 -7.09412e+07
-53169.4 224259 3.03225e+08 53169.4 -224259 -7.07111e+07
-53088.4 224259 3.02765e+08 53088.4 -224259 -7.0481e+07
-53007.4 224259 3.02305e+08 53007.4 -224259 -7.0251e+07
-52926.4 224259 3.01844e+08 52926.4 -224259 -7.00209e+07
-52845.4 224259 3.01384e+08 52845.4 -224259 -6.97908e+07
-52764.4 224259 3.00924e+08 52764.4 -224259 -6.95607e+07
-52683.4 224259 3.00463e+08 52683.4 -224259 -6.93306e+07
-52602.4 224259 3.00003e+08 52602.4 -224259 -6.91006e+07
-52521.4 224259 2.99543e+08 52521.4 -224259 -6.88705e+07
-52440.4 224259 2.99082e+08 52440.4 -224259 -6.86404e+07
-52359.4 224259 2.98622e+08 52359.4 -224259 -6.84103e+07
-52278.4 224259 2.98162e+08 52278.4 -224259 -6.81803e+07
-52197.4 224259 2.97701e+08 52197.4 -224259 -6.79502e+07
-52116.4 224259 2.97241e+08 52116.4 -224259 -6.77201e+07
-52035.5 224259 2.96781e+08 52035.5 -224259 -6.74901e+07
-51954.5 224259 2.9632e+08 51954.5 -224259 -6.726e+07
-51873.5 224259 2.9586e+08 51873.5 -224259 -6.70299e+07
-51792.5 224259 2.954e+08 51792.5 -224259 -6.67999e+07
-51711.5 224259 2.94939e+08 51711.5 -224259 -6.65698e+07
-51630.5 224259 2.94479e+08 51630.5 -224259 -6.63398e+07
-51549.5 224259 2.94019e+08 51549.5 -224259 -6.61097e+07
-51468.5 224259 2.93559e+08 51468.5 -224259 -6.58796e+07
-51387.5 224259 2.93098e+08 51387.5 -224259 -6.56496e+07
-51306.5 224259 2.92638e+08 51306.5 -224259 -6.54195e+07
-51225.5 224259 2.92178e+08 51225.5 -224259 -6.51895e+07
-51144.5 224259 2.91717e+08 51144.5 -224259 -6.49594e+07
-51063.5 224259 2.91257e+08 51063.5 -224259 -6.47294e+07
-50982.5 224259 2.90797e+08 50982.5 -224259 -6.44993e+07
-50901.5 224259 2.90336e+08 50901.5 -224259 -6.42693e+07
-50820.5 224259 2.89876e+08 50820.5 -224259 -6.40393e+07
-50739.5 224259 2.89416e+08 50739.5 -224259 -6.38092e+07
-50658.5 224259 2.88955e+08 50658.5 -224259 -6.35792e+07
-50577.5 224259 2.88495e+08 50577.5 -224259 -6.33492e+07
-50496.5 224259 2.88035e+08 50496.5 -224259 -6.31191e+07
-50415.5 224259 2.87575e+08 50415.5 -224259 -6.28891e+07
-50334.5 224259 2.87114e+08 50334.5 -224259 -6.2659e+07
-50253.5 224259 2.86654e+08 50253.5 -224259 -6.2429e+07
-50172.5 224259 2.86194e+08 50172.5 -224259 -6.2199e+07
-50091.5 224259 2.85733e+08 50091.5 -224259 -6.19689e+07
-50010.5 224259 2.85273e+08 50010.5 -224259 -6.17389e+07
-49929.5 224259 2.84813e+08 49929.5 -224259 -6.15089e+07
-49848.5 224259 2.84353e+08 49848.5 -224259 -6.12788e+07
-49767.5 224259 2.83892e+08 49767.5 -224259 -6.10488e+07
-49686.5 224259 2.83432e+08 49686.5 -224259 -6.08188e+07
-49605.5 224259 2.82972e+08 49605.5 -224259 -6.05888e+07
-49524.5 224259 2.82511e+08 49524.5 -224259 -6.03588e+07
-49443.5 224259 2.82051e+08 49443.5 -224259 -6.01287e+07
-49362.5 224259 2.81591e+08 49362.5 -224259 -5.98987e+07
-49281.6 224259 2.81131e+08 49281.6 -224259 -5.96687e+07
-49200.6 224259 2.8067e+08 49200.6 -224259 -5.94387e+07
-49119.6 224259 2.8021e+08 49119.6 -224259 -5.92087e+07
-49038.6 224259 2.7975e+08 49038.6 -224259 -5.89787e+07
-48957.6 224259 2.7929e+08 48957.6 -224259 -5.87487e+07
-48876.6 224259 2.78829e+08 48876.6 -224259 -5.85187e+07
-48795.6 224259 2.78369e+08 48795.6 -224259 -5.82887e+07
-48714.6 224259 2.77909e+08 48714.6 -224259 -5.80587e+07
-48633.6 224259 2.77449e+08 48633.6 -224259 -5.78287e+07
-48552.6 224259 2.76988e+08 48552.6 -224259 -5.75987e+07
-48471.6 224259 2.76528e+08 48471.6 -224259 -5.73686e+07
-48390.6 224259 2.76068e+08 48390.6 -224259 -5.71387e+07
-48309.6 224259 2.75608e+08 48309.6 -224259 -5.69086e+07
-48228.6 224259 2.75147e+08 48228.6 -224259 -5.66786e+07
-48147.6 224259 2.74687e+08 48147.6 -224259 -5.64487e+07
-48066.6 224259 2.74227e+08 48066.6 -224259 -5.62187e+07
-47985.6 224259 2.73767e+08 47985.6 -224259 -5.59887e+07
-47904.6 224259 2.73306e+08 47904.6 -224259 -5.57587e+07
-47823.6 224259 2.72846e+08 47823.6 -224259 -5.55287e+07
-47742.6 224259 2.72386e+08 47742.6 -224259 -5.52987e+07
-47661.6 224259 2.71926e+08 47661.6 -224259 -5.50687e+07
-47580.6 224259 2.71465e+08 47580.6 -224259 -5.48387e+07
-47499.7 224259 2.71005e+08 47499.7 -224259 -5.46088e+07
-47418.7 224259 2.70545e+08 47418.7 -224259 -5.43788e+07
-47337.7 224259 2.70085e+08 47337.7 -224259 -5.41488e+07
-47256.7 224259 2.69624e+08 47256.7 -224259 -5.39188e+07
-47175.7 224259 2.69164e+08 47175.7 -224259 -5.36888e+07
-47094.7 224259 2.68704e+08 47094.7 -224259 -5.34589e+07
-47013.7 224259 2.68244e+08 47013.7 -224259 -5.32289e+07
-46932.7 224259 2.67784e+08 46932.7 -224259 -5.29989e+07
-46851.7 224259 2.67323e+08 46851.7 -224259 -5.27689e+07
-46770.7 224259 2.66863e+08 46770.7 -224259 -5.2539e+07
-46689.7 224259 2.66403e+08 46689.7 -224259 -5.2309e+07
-46608.7 224259 2.65943e+08 46608.7 -224259 -5.2079e+07
-46527.7 224259 2.65482e+08 46527.7 -224259 -5.18491e+07
-46446.7 224259 2.65022e+08 46446.7 -224259 -5.16191e+07
-46365.7 224259 2.64562e+08 46365.7 -224259 -5.13892e+07
-46284.7 224259 2.64102e+08 46284.7 -224259 -5.11592e+07
-46203.7 224259 2.63642e+08 46203.7 -224259 -5.09292e+07
-46122.7 224259 2.63181e+08 46122.7 -224259 -5.06993e+07
-46041.8 224259 2.62721e+08 46041.8 -224259 -5.04693e+07
-45960.8 224259 2.62261e+08 45960.8 -224259 -5.02394e+07
-45879.8 224259 2.61801e+08 45879.8 -224259 -5.00094e+07
-45798.8 224259 2.61341e+08 45798.8 -224259 -4.97795e+07
-45717.8 224259 2.6088e+08 45717.8 -224259 -4.95495e+07
-45636.8 224259 2.6042e+08 45636.8 -224259 -4.93196e+07
-45555.8 224259 2.5996e+08 45555.8 -224259 -4.90896e+07
-45474.8 224259 2.595e+08 45474.8 -224259 -4.88597e+07
-45393.8 224259 2.5904e+08 45393.8 -224259 -4.86297e+07
-45312.8 224259 2.58579e+08 45312.8 -224259 -4.83998e+07
-45231.8 224259 2.58119e+08 45231.8 -224259 -4.81699e+07
-45150.8 224259 2.57659e+08 45150.8 -224259 -4.79399e+07
-45069.8 224259 2.57199e+08 45069.8 -224259 -4.771e+07
-44988.8 224259 2.56739e+08 44988.8 -224259 -4.748e+07
-44907.8 224259 2.56279e+08 44907.8 -224259 -4.72501e+07
-44826.9 224259 2.55818e+08 44826.9 -224259 -4.70202e+07
-44745.9 224259 2.55358e+08 44745.9 -224259 -4.67902e+07
-44664.9 224259 2.54898e+08 44664.9 -224259 -4.65603e+07
-44583.9 224259 2.54438e+08 44583.9 -224259 -4.63304e+07
-44502.9 224259 2.53978e+08 44502.9 -224259 -4.61004e+07
-44421.9 224259 2.53518e+08 44421.9 -224259 -4.58705e+07
-44340.9 224259 2.53057e+08 44340.9 -224259 -4.56406e+07
-44259.9 224259 2.52597e+08 44259.9 -224259 -4.54107e+07
-44178.9 224259 2.52137e+08 44178.9 -224259 -4.51808e+07
-44097.9 224259 2.51677e+08 44097.9 -224259 -4.49509e+07
-44016.9 224259 2.51217e+08 44016.9 -224259 -4.47209e+07
-43935.9 224259 2.50757e+08 43935.9 -224259 -4.4491e+07
-43854.9 224259 2.50296e+08 43854.9 -224259 -4.42611e+07
-43773.9 224259 2.49836e+08 43773.9 -224259 -4.40312e+07
-43693 224259 2.49376e+08 43693 -224259 -4.38013e+07
-43612 224259 2.48916e+08 43612 -224259 -4.35714e+07
-43531 224259 2.48456e+08 43531 -224259 -4.33414e+07
-43450 224259 2.47996e+08 43450 -224259 -4.31115e+07
-43369 224259 2.47535e+08 43369 -224259 -4.28816e+07
-43288 224259 2.47075e+08 43288 -224259 -4.26517e+07
-43207 224259 2.46615e+08 43207 -224259 -4.24218e+07
-43126 224259 2.46155e+08 43126 -224259 -4.21919e+07
-43045 224259 2.45695e+08 43045 -224259 -4.1962e+07
-42964 224259 2.45235e+08 42964 -224259 -4.17321e+07
-42883 224259 2.44775e+08 42883 -224259 -4.15022e+07
-42802 224259 2.44315e+08 42802 -224259 -4.12723e+07
-42721.1 224259 2.43854e+08 42721.1 -224259 -4.10424e+07
-42640.1 224259 2.43394e+08 42640.1 -224259 -4.08125e+07
-42559.1 224259 2.42934e+08 42559.1 -224259 -4.05826e+07
-42478.1 224259 2.42474e+08 42478.1 -224259 -4.03528e+07
-42397.1 224259 2.42014e+08 42397.1 -224259 -4.01229e+07
-42316.1 224259 2.41554e+08 42316.1 -224259 -3.9893e+07
-42235.1 224259 2.41094e+08 42235.1 -224259 -3.96631e+07
-42154.1 224259 2.40633e+08 42154.1 -224259 -3.94332e+07
-42073.1 224259 2.40173e+08 42073.1 -224259 -3.92033e+07
-41992.1 224259 2.39713e+08 41992.1 -224259 -3.89734e+07
-41911.1 224259 2.39253e+08 41911.1 -224259 -3.87436e+07
-41830.1 224259 2.38793e+08 41830.1 -224259 -3.85137e+07
-41749.2 224259 2.38333e+08 41749.2 -224259 -3.82838e+07
-41668.2 224259 2.37873e+08 41668.2 -224259 -3.80539e+07
-41587.2 224259 2.37413e+08 41587.2 -224259 -3.78241e+07
-41506.2 224259 2.36953e+08 41506.2 -224259 -3.75942e+07
-41425.2 224259 2.36492e+08 41425.2 -224259 -3.73643e+07
-41344.2 224259 2.36032e+08 41344.2 -224259 -3.71344e+07
-41263.2 224259 2.35572e+08 41263.2 -224259 -3.69046e+07
-41182.2 224259 2.35112e+08 41182.2 -224259 -3.66747e+07
-41101.2 224259 2.34652e+08 41101.2 -224259 -3.64449e+07
-41020.2 224259 2.34192e+08 41020.2 -224259 -3.6215e+07
-40939.3 224259 2.33732e+08 40939.3 -224259 -3.59851e+07
-40858.3 224259 2.33272e+08 40858.3 -224259 -3.57553e+07
-40777.3 224259 2.32812e+08 40777.3 -224259 -3.55254e+07
-40696.3 224259 2.32352e+08 40696.3 -224259 -3.52955e+07
-40615.3 224259 2.31891e+08 40615.3 -224259 -3.50657e+07
-40534.3 224259 2.31431e+08 40534.3 -224259 -3.48358e+07
-40453.3 224259 2.30971e+08 40453.3 -224259 -3.4606e+07
-40372.3 224259 2.30511e+08 40372.3 -224259 -3.43761e+07
-40291.3 224259 2.30051e+08 40291.3 -224259 -3.41463e+07
