0.000888997 34650.9 -1.50419 -0.000888997 -34650.9 -1.17567
0.00183779 69301.8 -3.32848 -0.00183779 -69301.8 -2.21765
0.00285353 103953 -5.53451 -0.00285353 -103953 -3.08818
0.00394511 138604 -8.20162 -0.00394511 -138604 -3.73767
0.00512429 173255 -11.4336 -0.00512429 -173255 -4.10148
0.00640538 207905 -15.3603 -0.00640538 -207905 -4.09778
0.00780844 242556 -20.1644 -0.00780844 -242556 -3.61061
0.00936068 277207 -26.0931 -0.00936068 -277207 -2.48361
0.0110972 311858 -33.4788 -0.0110972 -311858 -0.502272
0.0130727 346509 -42.8205 -0.0130727 -346509 2.65034
-184.708 346509 1.62032e+06 184.708 -346509 -1.0327e+06
-369.431 346509 3.24067e+06 369.431 -346509 -2.0654e+06
-554.154 346509 4.86103e+06 554.154 -346509 -3.0981e+06
-738.879 346509 6.48139e+06 738.879 -346509 -4.13079e+06
-923.6 346509 8.10175e+06 923.6 -346509 -5.1635e+06
-1108.33 346509 9.72211e+06 1108.33 -346509 -6.19618e+06
-1293.06 346509 1.13425e+07 1293.06 -346509 -7.22884e+06
-1477.78 346509 1.29628e+07 1477.78 -346509 -8.26156e+06
-1662.5 346509 1.45832e+07 1662.5 -346509 -9.29426e+06
-1847.23 346509 1.62035e+07 1847.23 -346509 -1.03269e+07
-2031.96 346509 1.78239e+07 2031.96 -346509 -1.13596e+07
-2216.69 346509 1.94443e+07 2216.69 -346509 -1.23923e+07
-2401.42 346509 2.10646e+07 2401.42 -346509 -1.3425e+07
-2586.15 346509 2.2685e+07 2586.15 -346509 -1.44576e+07
-2770.88 346509 2.43053e+07 2770.88 -346509 -1.54903e+07
-2955.61 346509 2.59257e+07 2955.61 -346509 -1.6523e+07
-3140.35 346509 2.7546e+07 3140.35 -346509 -1.75557e+07
-3325.08 346509 2.91664e+07 3325.08 -346509 -1.85883e+07
-3509.82 346509 3.07867e+07 3509.82 -346509 -1.9621e+07
-3694.55 346509 3.24071e+07 3694.55 -346509 -2.06536e+07
-3879.28 346509 3.40275e+07 3879.28 -346509 -2.16863e+07
-4064.02 346509 3.56478e+07 4064.02 -346509 -2.2719e+07
-4248.76 346509 3.72682e+07 4248.76 -346509 -2.37516e+07
-4433.49 346509 3.88885e+07 4433.49 -346509 -2.47843e+07
-4618.23 346509 4.05089e+07 4618.23 -346509 -2.58169e+07
-4802.97 346509 4.21292e+07 4802.97 -346509 -2.68496e+07
-4987.7 346509 4.37496e+07 4987.7 -346509 -2.78822e+07
-5172.45 346509 4.53699e+07 5172.45 -346509 -2.89149e+07
-5357.19 346509 4.69903e+07 5357.19 -346509 -2.99475e+07
-5541.92 346509 4.86107e+07 5541.92 -346509 -3.09802e+07
-5726.67 346509 5.0231e+07 5726.67 -346509 -3.20128e+07
-5911.41 346509 5.18514e+07 5911.41 -346509 -3.30454e+07
-6096.15 346509 5.34717e+07 6096.15 -346509 -3.40781e+07
-6280.89 346509 5.50921e+07 6280.89 -346509 -3.51107e+07
-6465.64 346509 5.67124e+07 6465.64 -346509 -3.61433e+07
-6650.39 346509 5.83328e+07 6650.39 -346509 -3.7176e+07
-6835.13 346509 5.99531e+07 6835.13 -346509 -3.82086e+07
-7019.88 346509 6.15735e+07 7019.88 -346509 -3.92412e+07
-7204.62 346509 6.31938e+07 7204.62 -346509 -4.02738e+07
-7389.37 346509 6.48142e+07 7389.37 -346509 -4.13064e+07
-7574.11 346509 6.64345e+07 7574.11 -346509 -4.23391e+07
-7758.87 346509 6.80549e+07 7758.87 -346509 -4.33717e+07
-7943.62 346509 6.96753e+07 7943.62 -346509 -4.44043e+07
-8128.37 346509 7.12956e+07 8128.37 -346509 -4.54369e+07
-8313.12 346509 7.2916e+07 8313.12 -346509 -4.64695e+07
-8497.87 346509 7.45363e+07 8497.87 -346509 -4.75021e+07
-8682.62 346509 7.61567e+07 8682.62 -346509 -4.85347e+07
-8867.37 346509 7.7777e+07 8867.37 -346509 -4.95673e+07
-9052.13 346509 7.93974e+07 9052.13 -346509 -5.05999e+07
-9236.88 346509 8.10177e+07 9236.88 -346509 -5.16325e+07
-9421.64 346509 8.26381e+07 9421.64 -346509 -5.26651e+07
-9606.39 346509 8.42584e+07 9606.39 -346509 -5.36977e+07
-9791.15 346509 8.58788e+07 9791.15 -346509 -5.47303e+07
-9975.9 346509 8.74991e+07 9975.9 -346509 -5.57629e+07
-10160.7 346509 8.91195e+07 10160.7 -346509 -5.67955e+07
-10345.4 346509 9.07398e+07 10345.4 -346509 -5.78281e+07
-10530.2 346509 9.23602e+07 10530.2 -346509 -5.88606e+07
-10714.9 346509 9.39805e+07 10714.9 -346509 -5.98932e+07
-10899.7 346509 9.56009e+07 10899.7 -346509 -6.09258e+07
-11084.5 346509 9.72212e+07 11084.5 -346509 -6.19584e+07
-11269.2 346509 9.88416e+07 11269.2 -346509 -6.2991e+07
-11454 346509 1.00462e+08 11454 -346509 -6.40235e+07
-11638.7 346509 1.02082e+08 11638.7 -346509 -6.50561e+07
-11823.5 346509 1.03703e+08 11823.5 -346509 -6.60887e+07
-12008.3 346509 1.05323e+08 12008.3 -346509 -6.71212e+07
-12193 346509 1.06943e+08 12193 -346509 -6.81538e+07
-12377.8 346509 1.08564e+08 12377.8 -346509 -6.91864e+07
-12562.6 346509 1.10184e+08 12562.6 -346509 -7.02189e+07
-12747.3 346509 1.11804e+08 12747.3 -346509 -7.12515e+07
-12932.1 346509 1.13425e+08 12932.1 -346509 -7.2284e+07
-13116.9 346509 1.15045e+08 13116.9 -346509 -7.33166e+07
-13301.6 346509 1.16665e+08 13301.6 -346509 -7.43491e+07
-13486.4 346509 1.18286e+08 13486.4 -346509 -7.53817e+07
-13671.2 346509 1.19906e+08 13671.2 -346509 -7.64142e+07
-13855.9 346509 1.21526e+08 13855.9 -346509 -7.74468e+07
-14040.7 346509 1.23147e+08 14040.7 -346509 -7.84793e+07
-14225.5 346509 1.24767e+08 14225.5 -346509 -7.95119e+07
-14410.3 346509 1.26388e+08 14410.3 -346509 -8.05444e+07
-14595 346509 1.28008e+08 14595 -346509 -8.15769e+07
-14779.8 346509 1.29628e+08 14779.8 -346509 -8.26095e+07
-14964.6 346509 1.31249e+08 14964.6 -346509 -8.3642e+07
-15149.4 346509 1.32869e+08 15149.4 -346509 -8.46745e+07
-15334.1 346509 1.34489e+08 15334.1 -346509 -8.57071e+07
-15518.9 346509 1.3611e+08 15518.9 -346509 -8.67396e+07
-15703.7 346509 1.3773e+08 15703.7 -346509 -8.77721e+07
-15888.5 346509 1.3935e+08 15888.5 -346509 -8.88047e+07
-16073.2 346509 1.40971e+08 16073.2 -346509 -8.98372e+07
-16258 346509 1.42591e+08 16258 -346509 -9.08697e+07
-16442.8 346509 1.44211e+08 16442.8 -346509 -9.19021e+07
-16627.6 346509 1.45832e+08 16627.6 -346509 -9.29347e+07
-16812.4 346509 1.47452e+08 16812.4 -346509 -9.39672e+07
-16997.1 346509 1.49072e+08 16997.1 -346509 -9.49997e+07
-17181.9 346509 1.50693e+08 17181.9 -346509 -9.60322e+07
-17366.7 346509 1.52313e+08 17366.7 -346509 -9.70647e+07
-17551.5 346509 1.53933e+08 17551.5 -346509 -9.80972e+07
-17736.3 346509 1.55554e+08 17736.3 -346509 -9.91297e+07
-17921.1 346509 1.57174e+08 17921.1 -346509 -1.00162e+08
-18105.8 346509 1.58794e+08 18105.8 -346509 -1.01195e+08
-18290.6 346509 1.60415e+08 18290.6 -346509 -1.02227e+08
-18475.4 346509 1.62035e+08 18475.4 -346509 -1.0326e+08
-18660.2 346509 1.63655e+08 18660.2 -346509 -1.04292e+08
-18845 346509 1.65276e+08 18845 -346509 -1.05325e+08
-19029.8 346509 1.66896e+08 19029.8 -346509 -1.06357e+08
-19214.6 346509 1.68517e+08 19214.6 -346509 -1.0739e+08
-19399.4 346509 1.70137e+08 19399.4 -346509 -1.08422e+08
-19584.2 346509 1.71757e+08 19584.2 -346509 -1.09455e+08
-19768.9 346509 1.73378e+08 19768.9 -346509 -1.10487e+08
-19953.7 346509 1.74998e+08 19953.7 -346509 -1.1152e+08
-20138.5 346509 1.76618e+08 20138.5 -346509 -1.12552e+08
-20323.3 346509 1.78239e+08 20323.3 -346509 -1.13584e+08
-20508.1 346509 1.79859e+08 20508.1 -346509 -1.14617e+08
-20692.9 346509 1.81479e+08 20692.9 -346509 -1.15649e+08
-20877.7 346509 1.831e+08 20877.7 -346509 -1.16682e+08
-21062.5 346509 1.8472e+08 21062.5 -346509 -1.17714e+08
-21247.3 346509 1.8634e+08 21247.3 -346509 -1.18747e+08
-21432.1 346509 1.87961e+08 21432.1 -346509 -1.19779e+08
-21616.9 346509 1.89581e+08 21616.9 -346509 -1.20812e+08
-21801.7 346509 1.91201e+08 21801.7 -346509 -1.21844e+08
-21986.5 346509 1.92822e+08 21986.5 -346509 -1.22877e+08
-22171.3 346509 1.94442e+08 22171.3 -346509 -1.23909e+08
-22356.1 346509 1.96062e+08 22356.1 -346509 -1.24942e+08
-22540.9 346509 1.97683e+08 22540.9 -346509 -1.25974e+08
-22725.7 346509 1.99303e+08 22725.7 -346509 -1.27006e+08
-22910.5 346509 2.00923e+08 22910.5 -346509 -1.28039e+08
-23095.3 346509 2.02544e+08 23095.3 -346509 -1.29071e+08
-23280.1 346509 2.04164e+08 23280.1 -346509 -1.30104e+08
-23464.9 346509 2.05784e+08 23464.9 -346509 -1.31136e+08
-23649.7 346509 2.07405e+08 23649.7 -346509 -1.32169e+08
-23834.5 346509 2.09025e+08 23834.5 -346509 -1.33201e+08
-24019.3 346509 2.10645e+08 24019.3 -346509 -1.34233e+08
-24204.1 346509 2.12266e+08 24204.1 -346509 -1.35266e+08
-24388.9 346509 2.13886e+08 24388.9 -346509 -1.36298e+08
-24573.8 346509 2.15506e+08 24573.8 -346509 -1.37331e+08
-24758.6 346509 2.17127e+08 24758.6 -346509 -1.38363e+08
-24943.4 346509 2.18747e+08 24943.4 -346509 -1.39396e+08
-25128.2 346509 2.20367e+08 25128.2 -346509 -1.40428e+08
-25313 346509 2.21988e+08 25313 -346509 -1.4146e+08
-25497.8 346509 2.23608e+08 25497.8 -346509 -1.42493e+08
-25682.6 346509 2.25229e+08 25682.6 -346509 -1.43525e+08
-25867.4 346509 2.26849e+08 25867.4 -346509 -1.44558e+08
-26052.2 346509 2.28469e+08 26052.2 -346509 -1.4559e+08
-26237.1 346509 2.3009e+08 26237.1 -346509 -1.46622e+08
-26421.9 346509 2.3171e+08 26421.9 -346509 -1.47655e+08
-26606.7 346509 2.3333e+08 26606.7 -346509 -1.48687e+08
-26791.5 346509 2.34951e+08 26791.5 -346509 -1.4972e+08
-26976.3 346509 2.36571e+08 26976.3 -346509 -1.50752e+08
-27161.1 346509 2.38191e+08 27161.1 -346509 -1.51784e+08
-27346 346509 2.39812e+08 27346 -346509 -1.52817e+08
-27530.8 346509 2.41432e+08 27530.8 -346509 -1.53849e+08
-27715.6 346509 2.43052e+08 27715.6 -346509 -1.54882e+08
-27900.4 346509 2.44673e+08 27900.4 -346509 -1.55914e+08
-28085.2 346509 2.46293e+08 28085.2 -346509 -1.56946e+08
-28270.1 346509 2.47913e+08 28270.1 -346509 -1.57979e+08
-28454.9 346509 2.49534e+08 28454.9 -346509 -1.59011e+08
-28639.7 346509 2.51154e+08 28639.7 -346509 -1.60043e+08
-28824.5 346509 2.52774e+08 28824.5 -346509 -1.61076e+08
-29009.4 346509 2.54395e+08 29009.4 -346509 -1.62108e+08
-29194.2 346509 2.56015e+08 29194.2 -346509 -1.63141e+08
-29379 346509 2.57635e+08 29379 -346509 -1.64173e+08
-29563.8 346509 2.59256e+08 29563.8 -346509 -1.65205e+08
-29748.7 346509 2.60876e+08 29748.7 -346509 -1.66238e+08
-29933.5 346509 2.62496e+08 29933.5 -346509 -1.6727e+08
-30118.3 346509 2.64117e+08 30118.3 -346509 -1.68302e+08
-30303.2 346509 2.65737e+08 30303.2 -346509 -1.69335e+08
-30488 346509 2.67357e+08 30488 -346509 -1.70367e+08
-30672.8 346509 2.68978e+08 30672.8 -346509 -1.71399e+08
-30857.6 346509 2.70598e+08 30857.6 -346509 -1.72432e+08
-31042.5 346509 2.72218e+08 31042.5 -346509 -1.73464e+08
-31227.3 346509 2.73839e+08 31227.3 -346509 -1.74496e+08
-31412.1 346509 2.75459e+08 31412.1 -346509 -1.75529e+08
-31597 346509 2.77079e+08 31597 -346509 -1.76561e+08
-31781.8 346509 2.787e+08 31781.8 -346509 -1.77593e+08
-31966.6 346509 2.8032e+08 31966.6 -346509 -1.78626e+08
-32151.5 346509 2.8194e+08 32151.5 -346509 -1.79658e+08
-32336.3 346509 2.83561e+08 32336.3 -346509 -1.8069e+08
-32521.1 346509 2.85181e+08 32521.1 -346509 -1.81723e+08
-32706 346509 2.86801e+08 32706 -346509 -1.82755e+08
-32890.8 346509 2.88422e+08 32890.8 -346509 -1.83787e+08
-33075.7 346509 2.90042e+08 33075.7 -346509 -1.8482e+08
-33260.5 346509 2.91662e+08 33260.5 -346509 -1.85852e+08
-33445.3 346509 2.93283e+08 33445.3 -346509 -1.86884e+08
-33630.2 346509 2.94903e+08 33630.2 -346509 -1.87917e+08
-33815 346509 2.96523e+08 33815 -346509 -1.88949e+08
-33999.9 346509 2.98144e+08 33999.9 -346509 -1.89981e+08
-34184.7 346509 2.99764e+08 34184.7 -346509 -1.91014e+08
-34369.6 346509 3.01384e+08 34369.6 -346509 -1.92046e+08
-34554.4 346509 3.03005e+08 34554.4 -346509 -1.93078e+08
-34739.2 346509 3.04625e+08 34739.2 -346509 -1.94111e+08
-34924.1 346509 3.06245e+08 34924.1 -346509 -1.95143e+08
-35108.9 346509 3.07866e+08 35108.9 -346509 -1.96175e+08
-35293.8 346509 3.09486e+08 35293.8 -346509 -1.97207e+08
-35478.6 346509 3.11106e+08 35478.6 -346509 -1.9824e+08
-35663.5 346509 3.12727e+08 35663.5 -346509 -1.99272e+08
-35848.3 346509 3.14347e+08 35848.3 -346509 -2.00304e+08
-36033.2 346509 3.15967e+08 36033.2 -346509 -2.01337e+08
-36218 346509 3.17588e+08 36218 -346509 -2.02369e+08
-36402.9 346509 3.19208e+08 36402.9 -346509 -2.03401e+08
-36587.7 346509 3.20828e+08 36587.7 -346509 -2.04433e+08
-36772.6 346509 3.22449e+08 36772.6 -346509 -2.05466e+08
-36957.4 346509 3.24069e+08 36957.4 -346509 -2.06498e+08
-37142.3 346509 3.25689e+08 37142.3 -346509 -2.0753e+08
-37327.1 346509 3.2731e+08 37327.1 -346509 -2.08563e+08
-37512 346509 3.2893e+08 37512 -346509 -2.09595e+08
-37696.8 346509 3.3055e+08 37696.8 -346509 -2.10627e+08
-37881.7 346509 3.32171e+08 37881.7 -346509 -2.11659e+08
-38066.6 346509 3.33791e+08 38066.6 -346509 -2.12692e+08
-38251.4 346509 3.35411e+08 38251.4 -346509 -2.13724e+08
-38436.3 346509 3.37032e+08 38436.3 -346509 -2.14756e+08
-38621.1 346509 3.38652e+08 38621.1 -346509 -2.15788e+08
-38806 346509 3.40272e+08 38806 -346509 -2.16821e+08
-38990.9 346509 3.41893e+08 38990.9 -346509 -2.17853e+08
-39175.7 346509 3.43513e+08 39175.7 -346509 -2.18885e+08
-39360.6 346509 3.45133e+08 39360.6 -346509 -2.19917e+08
-39545.4 346509 3.46754e+08 39545.4 -346509 -2.2095e+08
-39730.3 346509 3.48374e+08 39730.3 -346509 -2.21982e+08
-39915.2 346509 3.49994e+08 39915.2 -346509 -2.23014e+08
-40100 346509 3.51615e+08 40100 -346509 -2.24046e+08
-40284.9 346509 3.53235e+08 40284.9 -346509 -2.25079e+08
-40469.8 346509 3.54855e+08 40469.8 -346509 -2.26111e+08
-40654.6 346509 3.56476e+08 40654.6 -346509 -2.27143e+08
-40839.5 346509 3.58096e+08 40839.5 -346509 -2.28175e+08
-41024.4 346509 3.59716e+08 41024.4 -346509 -2.29208e+08
-41209.2 346509 3.61337e+08 41209.2 -346509 -2.3024e+08
-41394.1 346509 3.62957e+08 41394.1 -346509 -2.31272e+08
-41579 346509 3.64577e+08 41579 -346509 -2.32304e+08
-41763.8 346509 3.66198e+08 41763.8 -346509 -2.33336e+08
-41948.7 346509 3.67818e+08 41948.7 -346509 -2.34369e+08
-42133.6 346509 3.69438e+08 42133.6 -346509 -2.35401e+08
-42318.4 346509 3.71059e+08 42318.4 -346509 -2.36433e+08
-42503.3 346509 3.72679e+08 42503.3 -346509 -2.37465e+08
-42688.2 346509 3.74299e+08 42688.2 -346509 -2.38497e+08
-42873.1 346509 3.7592e+08 42873.1 -346509 -2.3953e+08
-43057.9 346509 3.7754e+08 43057.9 -346509 -2.40562e+08
-43242.8 346509 3.7916e+08 43242.8 -346509 -2.41594e+08
-43427.7 346509 3.80781e+08 43427.7 -346509 -2.42626e+08
-43612.6 346509 3.82401e+08 43612.6 -346509 -2.43659e+08
-43797.4 346509 3.84021e+08 43797.4 -346509 -2.44691e+08
-43982.3 346509 3.85641e+08 43982.3 -346509 -2.45723e+08
-44167.2 346509 3.87262e+08 44167.2 -346509 -2.46755e+08
-44352.1 346509 3.88882e+08 44352.1 -346509 -2.47787e+08
-44537 346509 3.90502e+08 44537 -346509 -2.48819e+08
-44721.8 346509 3.92123e+08 44721.8 -346509 -2.49852e+08
-44906.7 346509 3.93743e+08 44906.7 -346509 -2.50884e+08
-45091.6 346509 3.95363e+08 45091.6 -346509 -2.51916e+08
-45276.5 346509 3.96984e+08 45276.5 -346509 -2.52948e+08
-45461.4 346509 3.98604e+08 45461.4 -346509 -2.5398e+08
-45646.3 346509 4.00224e+08 45646.3 -346509 -2.55013e+08
-45831.1 346509 4.01845e+08 45831.1 -346509 -2.56045e+08
-46016 346509 4.03465e+08 46016 -346509 -2.57077e+08
-46200.9 346509 4.05085e+08 46200.9 -346509 -2.58109e+08
-46385.8 346509 4.06706e+08 46385.8 -346509 -2.59141e+08
-46570.7 346509 4.08326e+08 46570.7 -346509 -2.60173e+08
-46755.6 346509 4.09946e+08 46755.6 -346509 -2.61206e+08
-46940.5 346509 4.11567e+08 46940.5 -346509 -2.62238e+08
-47125.3 346509 4.13187e+08 47125.3 -346509 -2.6327e+08
-47310.2 346509 4.14807e+08 47310.2 -346509 -2.64302e+08
-47495.1 346509 4.16428e+08 47495.1 -346509 -2.65334e+08
-47680 346509 4.18048e+08 47680 -346509 -2.66366e+08
-47864.9 346509 4.19668e+08 47864.9 -346509 -2.67399e+08
-48049.8 346509 4.21289e+08 48049.8 -346509 -2.68431e+08
-48234.7 346509 4.22909e+08 48234.7 -346509 -2.69463e+08
-48419.6 346509 4.24529e+08 48419.6 -346509 -2.70495e+08
-48604.5 346509 4.2615e+08 48604.5 -346509 -2.71527e+08
-48789.4 346509 4.2777e+08 48789.4 -346509 -2.72559e+08
-48974.3 346509 4.2939e+08 48974.3 -346509 -2.73591e+08
-49159.2 346509 4.31011e+08 49159.2 -346509 -2.74624e+08
-49344.1 346509 4.32631e+08 49344.1 -346509 -2.75656e+08
-49529 346509 4.34251e+08 49529 -346509 -2.76688e+08
-49713.9 346509 4.35872e+08 49713.9 -346509 -2.7772e+08
-49898.8 346509 4.37492e+08 49898.8 -346509 -2.78752e+08
-50083.7 346509 4.39112e+08 50083.7 -346509 -2.79784e+08
-50268.6 346509 4.40732e+08 50268.6 -346509 -2.80816e+08
-50453.5 346509 4.42353e+08 50453.5 -346509 -2.81848e+08
-50638.4 346509 4.43973e+08 50638.4 -346509 -2.82881e+08
-50823.3 346509 4.45593e+08 50823.3 -346509 -2.83913e+08
-51008.2 346509 4.47214e+08 51008.2 -346509 -2.84945e+08
-51193.1 346509 4.48834e+08 51193.1 -346509 -2.85977e+08
-51378 346509 4.50454e+08 51378 -346509 -2.87009e+08
-51562.9 346509 4.52075e+08 51562.9 -346509 -2.88041e+08
-51747.8 346509 4.53695e+08 51747.8 -346509 -2.89073e+08
-51932.7 346509 4.55315e+08 51932.7 -346509 -2.90105e+08
-52117.6 346509 4.56936e+08 52117.6 -346509 -2.91137e+08
-52302.5 346509 4.58556e+08 52302.5 -346509 -2.92169e+08
-52487.4 346509 4.60176e+08 52487.4 -346509 -2.93202e+08
-52672.3 346509 4.61797e+08 52672.3 -346509 -2.94234e+08
-52857.2 346509 4.63417e+08 52857.2 -346509 -2.95266e+08
-53042.1 346509 4.65037e+08 53042.1 -346509 -2.96298e+08
-53227 346509 4.66658e+08 53227 -346509 -2.9733e+08
-53412 346509 4.68278e+08 53412 -346509 -2.98362e+08
-53596.9 346509 4.69898e+08 53596.9 -346509 -2.99394e+08
-53781.8 346509 4.71519e+08 53781.8 -346509 -3.00426e+08
-53966.7 346509 4.73139e+08 53966.7 -346509 -3.01458e+08
-54151.6 346509 4.74759e+08 54151.6 -346509 -3.0249e+08
-54336.5 346509 4.7638e+08 54336.5 -346509 -3.03522e+08
-54521.4 346509 4.78e+08 54521.4 -346509 -3.04555e+08
-54706.4 346509 4.7962e+08 54706.4 -346509 -3.05587e+08
-54891.3 346509 4.8124e+08 54891.3 -346509 -3.06619e+08
-55076.2 346509 4.82861e+08 55076.2 -346509 -3.07651e+08
-55261.1 346509 4.84481e+08 55261.1 -346509 -3.08683e+08
-55446 346509 4.86101e+08 55446 -346509 -3.09715e+08
-55630.9 346509 4.87722e+08 55630.9 -346509 -3.10747e+08
-55815.9 346509 4.89342e+08 55815.9 -346509 -3.11779e+08
-56000.8 346509 4.90962e+08 56000.8 -346509 -3.12811e+08
-56185.7 346509 4.92583e+08 56185.7 -346509 -3.13843e+08
-56370.6 346509 4.94203e+08 56370.6 -346509 -3.14875e+08
-56555.5 346509 4.95823e+08 56555.5 -346509 -3.15907e+08
-56740.5 346509 4.97444e+08 56740.5 -346509 -3.16939e+08
-56925.4 346509 4.99064e+08 56925.4 -346509 -3.17971e+08
-57110.3 346509 5.00684e+08 57110.3 -346509 -3.19003e+08
-57295.2 346509 5.02305e+08 57295.2 -346509 -3.20035e+08
-57480.2 346509 5.03925e+08 57480.2 -346509 -3.21067e+08
-57665.1 346509 5.05545e+08 57665.1 -346509 -3.22099e+08
-57850 346509 5.07166e+08 57850 -346509 -3.23131e+08
-58035 346509 5.08786e+08 58035 -346509 -3.24163e+08
-58219.9 346509 5.10406e+08 58219.9 -346509 -3.25196e+08
-58404.8 346509 5.12027e+08 58404.8 -346509 -3.26228e+08
-58589.7 346509 5.13647e+08 58589.7 -346509 -3.2726e+08
-58774.7 346509 5.15267e+08 58774.7 -346509 -3.28292e+08
-58959.6 346509 5.16887e+08 58959.6 -346509 -3.29324e+08
-59144.5 346509 5.18508e+08 59144.5 -346509 -3.30356e+08
-59329.5 346509 5.20128e+08 59329.5 -346509 -3.31388e+08
-59514.4 346509 5.21748e+08 59514.4 -346509 -3.3242e+08
-59699.3 346509 5.23369e+08 59699.3 -346509 -3.33452e+08
-59884.3 346509 5.24989e+08 59884.3 -346509 -3.34484e+08
-60069.2 346509 5.26609e+08 60069.2 -346509 -3.35516e+08
-60254.1 346509 5.2823e+08 60254.1 -346509 -3.36548e+08
-60439.1 346509 5.2985e+08 60439.1 -346509 -3.3758e+08
-60624 346509 5.3147e+08 60624 -346509 -3.38612e+08
-60808.9 346509 5.33091e+08 60808.9 -346509 -3.39644e+08
-60993.9 346509 5.34711e+08 60993.9 -346509 -3.40676e+08
-61178.8 346509 5.36331e+08 61178.8 -346509 -3.41708e+08
-61363.8 346509 5.37952e+08 61363.8 -346509 -3.4274e+08
-61548.7 346509 5.39572e+08 61548.7 -346509 -3.43772e+08
-61733.6 346509 5.41192e+08 61733.6 -346509 -3.44804e+08
-61918.6 346509 5.42812e+08 61918.6 -346509 -3.45836e+08
-62103.5 346509 5.44433e+08 62103.5 -346509 -3.46868e+08
-62288.5 346509 5.46053e+08 62288.5 -346509 -3.479e+08
-62473.4 346509 5.47673e+08 62473.4 -346509 -3.48932e+08
-62658.4 346509 5.49294e+08 62658.4 -346509 -3.49964e+08
-62843.3 346509 5.50914e+08 62843.3 -346509 -3.50996e+08
-63028.2 346509 5.52534e+08 63028.2 -346509 -3.52028e+08
-63213.2 346509 5.54155e+08 63213.2 -346509 -3.5306e+08
-63398.1 346509 5.55775e+08 63398.1 -346509 -3.54092e+08
-63583.1 346509 5.57395e+08 63583.1 -346509 -3.55123e+08
-63768 346509 5.59016e+08 63768 -346509 -3.56155e+08
-63953 346509 5.60636e+08 63953 -346509 -3.57187e+08
-64137.9 346509 5.62256e+08 64137.9 -346509 -3.58219e+08
-64322.9 346509 5.63877e+08 64322.9 -346509 -3.59251e+08
-64507.8 346509 5.65497e+08 64507.8 -346509 -3.60283e+08
-64692.8 346509 5.67117e+08 64692.8 -346509 -3.61315e+08
-64877.7 346509 5.68737e+08 64877.7 -346509 -3.62347e+08
-65062.7 346509 5.70358e+08 65062.7 -346509 -3.63379e+08
-65247.6 346509 5.71978e+08 65247.6 -346509 -3.64411e+08
-65432.6 346509 5.73598e+08 65432.6 -346509 -3.65443e+08
-65617.6 346509 5.75219e+08 65617.6 -346509 -3.66475e+08
-65802.5 346509 5.76839e+08 65802.5 -346509 -3.67507e+08
-65987.5 346509 5.78459e+08 65987.5 -346509 -3.68539e+08
-66172.4 346509 5.8008e+08 66172.4 -346509 -3.69571e+08
-66357.4 346509 5.817e+08 66357.4 -346509 -3.70603e+08
-66542.3 346509 5.8332e+08 66542.3 -346509 -3.71635e+08
-66727.3 346509 5.84941e+08 66727.3 -346509 -3.72667e+08
-66912.3 346509 5.86561e+08 66912.3 -346509 -3.73699e+08
-67097.2 346509 5.88181e+08 67097.2 -346509 -3.7473e+08
-67282.2 346509 5.89802e+08 67282.2 -346509 -3.75762e+08
-67467.1 346509 5.91422e+08 67467.1 -346509 -3.76794e+08
-67652.1 346509 5.93042e+08 67652.1 -346509 -3.77826e+08
-67837.1 346509 5.94662e+08 67837.1 -346509 -3.78858e+08
-68022 346509 5.96283e+08 68022 -346509 -3.7989e+08
-68207 346509 5.97903e+08 68207 -346509 -3.80922e+08
-68392 346509 5.99523e+08 68392 -346509 -3.81954e+08
-68576.9 346509 6.01144e+08 68576.9 -346509 -3.82986e+08
-68761.9 346509 6.02764e+08 68761.9 -346509 -3.84018e+08
-68946.9 346509 6.04384e+08 68946.9 -346509 -3.8505e+08
-69131.8 346509 6.06005e+08 69131.8 -346509 -3.86082e+08
-69316.8 346509 6.07625e+08 69316.8 -346509 -3.87113e+08
-69501.8 346509 6.09245e+08 69501.8 -346509 -3.88145e+08
-69686.7 346509 6.10866e+08 69686.7 -346509 -3.89177e+08
-69871.7 346509 6.12486e+08 69871.7 -346509 -3.90209e+08
-70056.7 346509 6.14106e+08 70056.7 -346509 -3.91241e+08
-70241.6 346509 6.15726e+08 70241.6 -346509 -3.92273e+08
-70426.6 346509 6.17347e+08 70426.6 -346509 -3.93305e+08
-70611.6 346509 6.18967e+08 70611.6 -346509 -3.94337e+08
-70796.6 346509 6.20587e+08 70796.6 -346509 -3.95369e+08
-70981.5 346509 6.22208e+08 70981.5 -346509 -3.964e+08
-71166.5 346509 6.23828e+08 71166.5 -346509 -3.97432e+08
-71351.5 346509 6.25448e+08 71351.5 -346509 -3.98464e+08
-71536.5 346509 6.27069e+08 71536.5 -346509 -3.99496e+08
-71721.4 346509 6.28689e+08 71721.4 -346509 -4.00528e+08
-71906.4 346509 6.30309e+08 71906.4 -346509 -4.0156e+08
-72091.4 346509 6.3193e+08 72091.4 -346509 -4.02592e+08
-72276.4 346509 6.3355e+08 72276.4 -346509 -4.03624e+08
-72461.3 346509 6.3517e+08 72461.3 -346509 -4.04655e+08
-72646.3 346509 6.3679e+08 72646.3 -346509 -4.05687e+08
-72831.3 346509 6.38411e+08 72831.3 -346509 -4.06719e+08
-73016.3 346509 6.40031e+08 73016.3 -346509 -4.07751e+08
-73201.3 346509 6.41651e+08 73201.3 -346509 -4.08783e+08
-73386.2 346509 6.43272e+08 73386.2 -346509 -4.09815e+08
-73571.2 346509 6.44892e+08 73571.2 -346509 -4.10847e+08
-73756.2 346509 6.46512e+08 73756.2 -346509 -4.11878e+08
-73941.2 346509 6.48133e+08 73941.2 -346509 -4.1291e+08
-74126.2 346509 6.49753e+08 74126.2 -346509 -4.13942e+08
-74311.2 346509 6.51373e+08 74311.2 -346509 -4.14974e+08
-74496.2 346509 6.52993e+08 74496.2 -346509 -4.16006e+08
-74681.1 346509 6.54614e+08 74681.1 -346509 -4.17038e+08
-74866.1 346509 6.56234e+08 74866.1 -346509 -4.18069e+08
-75051.1 346509 6.57854e+08 75051.1 -346509 -4.19101e+08
-75236.1 346509 6.59475e+08 75236.1 -346509 -4.20133e+08
-75421.1 346509 6.61095e+08 75421.1 -346509 -4.21165e+08
-75606.1 346509 6.62715e+08 75606.1 -346509 -4.22197e+08
-75791.1 346509 6.64336e+08 75791.1 -346509 -4.23229e+08
-75976.1 346509 6.65956e+08 75976.1 -346509 -4.2426e+08
-76161.1 346509 6.67576e+08 76161.1 -346509 -4.25292e+08
-76346.1 346509 6.69196e+08 76346.1 -346509 -4.26324e+08
-76531.1 346509 6.70817e+08 76531.1 -346509 -4.27356e+08
-76716 346509 6.72437e+08 76716 -346509 -4.28388e+08
-76901 346509 6.74057e+08 76901 -346509 -4.2942e+08
-77086 346509 6.75678e+08 77086 -346509 -4.30451e+08
-77271 346509 6.77298e+08 77271 -346509 -4.31483e+08
-77456 346509 6.78918e+08 77456 -346509 -4.32515e+08
-77641 346509 6.80539e+08 77641 -346509 -4.33547e+08
-77826 346509 6.82159e+08 77826 -346509 -4.34579e+08
-78011 346509 6.83779e+08 78011 -346509 -4.3561e+08
-78196 346509 6.854e+08 78196 -346509 -4.36642e+08
-78381 346509 6.8702e+08 78381 -346509 -4.37674e+08
-78566 346509 6.8864e+08 78566 -346509 -4.38706e+08
-78751 346509 6.9026e+08 78751 -346509 -4.39738e+08
-78936 346509 6.91881e+08 78936 -346509 -4.40769e+08
-79121 346509 6.93501e+08 79121 -346509 -4.41801e+08
-79306 346509 6.95121e+08 79306 -346509 -4.42833e+08
-79491 346509 6.96742e+08 79491 -346509 -4.43865e+08
-79676 346509 6.98362e+08 79676 -346509 -4.44896e+08
-79861 346509 6.99982e+08 79861 -346509 -4.45928e+08
-80046.1 346509 7.01603e+08 80046.1 -346509 -4.4696e+08
-80231.1 346509 7.03223e+08 80231.1 -346509 -4.47992e+08
-80416.1 346509 7.04843e+08 80416.1 -346509 -4.49024e+08
-80601.1 346509 7.06463e+08 80601.1 -346509 -4.50055e+08
-80786.1 346509 7.08084e+08 80786.1 -346509 -4.51087e+08
-80971.1 346509 7.09704e+08 80971.1 -346509 -4.52119e+08
-81156.1 346509 7.11324e+08 81156.1 -346509 -4.53151e+08
-81341.1 346509 7.12945e+08 81341.1 -346509 -4.54182e+08
-81526.1 346509 7.14565e+08 81526.1 -346509 -4.55214e+08
-81711.1 346509 7.16185e+08 81711.1 -346509 -4.56246e+08
-81896.1 346509 7.17806e+08 81896.1 -346509 -4.57278e+08
-82081.2 346509 7.19426e+08 82081.2 -346509 -4.58309e+08
-82266.2 346509 7.21046e+08 82266.2 -346509 -4.59341e+08
-82451.2 346509 7.22666e+08 82451.2 -346509 -4.60373e+08
-82636.2 346509 7.24287e+08 82636.2 -346509 -4.61405e+08
-82821.2 346509 7.25907e+08 82821.2 -346509 -4.62436e+08
-83006.2 346509 7.27527e+08 83006.2 -346509 -4.63468e+08
-83191.3 346509 7.29148e+08 83191.3 -346509 -4.645e+08
-83376.3 346509 7.30768e+08 83376.3 -346509 -4.65532e+08
-83561.3 346509 7.32388e+08 83561.3 -346509 -4.66563e+08
-83746.3 346509 7.34008e+08 83746.3 -346509 -4.67595e+08
-83931.3 346509 7.35629e+08 83931.3 -346509 -4.68627e+08
-84116.4 346509 7.37249e+08 84116.4 -346509 -4.69659e+08
-84301.4 346509 7.38869e+08 84301.4 -346509 -4.7069e+08
-84486.4 346509 7.4049e+08 84486.4 -346509 -4.71722e+08
-84671.4 346509 7.4211e+08 84671.4 -346509 -4.72754e+08
-84856.4 346509 7.4373e+08 84856.4 -346509 -4.73785e+08
-85041.5 346509 7.45351e+08 85041.5 -346509 -4.74817e+08
-85226.5 346509 7.46971e+08 85226.5 -346509 -4.75849e+08
-85411.5 346509 7.48591e+08 85411.5 -346509 -4.76881e+08
-85596.5 346509 7.50211e+08 85596.5 -346509 -4.77912e+08
-85781.6 346509 7.51832e+08 85781.6 -346509 -4.78944e+08
-85966.6 346509 7.53452e+08 85966.6 -346509 -4.79976e+08
-86151.6 346509 7.55072e+08 86151.6 -346509 -4.81007e+08
-86336.7 346509 7.56693e+08 86336.7 -346509 -4.82039e+08
-86521.7 346509 7.58313e+08 86521.7 -346509 -4.83071e+08
-86706.7 346509 7.59933e+08 86706.7 -346509 -4.84103e+08
-86891.7 346509 7.61554e+08 86891.7 -346509 -4.85134e+08
-87076.8 346509 7.63174e+08 87076.8 -346509 -4.86166e+08
-87261.8 346509 7.64794e+08 87261.8 -346509 -4.87198e+08
-87446.8 346509 7.66414e+08 87446.8 -346509 -4.88229e+08
-87631.9 346509 7.68035e+08 87631.9 -346509 -4.89261e+08
-87816.9 346509 7.69655e+08 87816.9 -346509 -4.90293e+08
-88001.9 346509 7.71275e+08 88001.9 -346509 -4.91324e+08
-88187 346509 7.72896e+08 88187 -346509 -4.92356e+08
-88372 346509 7.74516e+08 88372 -346509 -4.93388e+08
-88557 346509 7.76136e+08 88557 -346509 -4.9442e+08
-88742.1 346509 7.77756e+08 88742.1 -346509 -4.95451e+08
-88927.1 346509 7.79377e+08 88927.1 -346509 -4.96483e+08
-89112.2 346509 7.80997e+08 89112.2 -346509 -4.97515e+08
-89297.2 346509 7.82617e+08 89297.2 -346509 -4.98546e+08
-89482.2 346509 7.84238e+08 89482.2 -346509 -4.99578e+08
-89667.3 346509 7.85858e+08 89667.3 -346509 -5.00609e+08
-89852.3 346509 7.87478e+08 89852.3 -346509 -5.01641e+08
-90037.4 346509 7.89098e+08 90037.4 -346509 -5.02673e+08
-90222.4 346509 7.90719e+08 90222.4 -346509 -5.03704e+08
-90407.4 346509 7.92339e+08 90407.4 -346509 -5.04736e+08
-90592.5 346509 7.93959e+08 90592.5 -346509 -5.05768e+08
-90777.5 346509 7.9558e+08 90777.5 -346509 -5.06799e+08
-90962.6 346509 7.972e+08 90962.6 -346509 -5.07831e+08
-91147.6 346509 7.9882e+08 91147.6 -346509 -5.08863e+08
-91332.7 346509 8.00441e+08 91332.7 -346509 -5.09894e+08
-91517.7 346509 8.02061e+08 91517.7 -346509 -5.10926e+08
-91702.8 346509 8.03681e+08 91702.8 -346509 -5.11958e+08
-91887.8 346509 8.05301e+08 91887.8 -346509 -5.12989e+08
-92072.9 346509 8.06922e+08 92072.9 -346509 -5.14021e+08
-92257.9 346509 8.08542e+08 92257.9 -346509 -5.15053e+08
-92443 346509 8.10162e+08 92443 -346509 -5.16084e+08
-92628 346509 8.11783e+08 92628 -346509 -5.17116e+08
-92813.1 346509 8.13403e+08 92813.1 -346509 -5.18147e+08
-92998.1 346509 8.15023e+08 92998.1 -346509 -5.19179e+08
-93183.2 346509 8.16643e+08 93183.2 -346509 -5.20211e+08
-93368.2 346509 8.18264e+08 93368.2 -346509 -5.21242e+08
-93553.3 346509 8.19884e+08 93553.3 -346509 -5.22274e+08
-93738.3 346509 8.21504e+08 93738.3 -346509 -5.23306e+08
-93923.4 346509 8.23125e+08 93923.4 -346509 -5.24337e+08
-94108.4 346509 8.24745e+08 94108.4 -346509 -5.25369e+08
-94293.5 346509 8.26365e+08 94293.5 -346509 -5.264e+08
-94478.6 346509 8.27985e+08 94478.6 -346509 -5.27432e+08
-94663.6 346509 8.29606e+08 94663.6 -346509 -5.28464e+08
-94848.7 346509 8.31226e+08 94848.7 -346509 -5.29495e+08
-95033.7 346509 8.32846e+08 95033.7 -346509 -5.30527e+08
-95218.8 346509 8.34467e+08 95218.8 -346509 -5.31558e+08
-95403.9 346509 8.36087e+08 95403.9 -346509 -5.3259e+08
-95588.9 346509 8.37707e+08 95588.9 -346509 -5.33622e+08
-95774 346509 8.39327e+08 95774 -346509 -5.34653e+08
-95959 346509 8.40948e+08 95959 -346509 -5.35685e+08
-96144.1 346509 8.42568e+08 96144.1 -346509 -5.36716e+08
-96329.2 346509 8.44188e+08 96329.2 -346509 -5.37748e+08
-96514.2 346509 8.45809e+08 96514.2 -346509 -5.3878e+08
-96699.3 346509 8.47429e+08 96699.3 -346509 -5.39811e+08
-96884.4 346509 8.49049e+08 96884.4 -346509 -5.40843e+08
-97069.4 346509 8.5067e+08 97069.4 -346509 -5.41874e+08
-97254.5 346509 8.5229e+08 97254.5 -346509 -5.42906e+08
-97439.6 346509 8.5391e+08 97439.6 -346509 -5.43938e+08
-97624.6 346509 8.5553e+08 97624.6 -346509 -5.44969e+08
-97809.7 346509 8.57151e+08 97809.7 -346509 -5.46001e+08
-97994.8 346509 8.58771e+08 97994.8 -346509 -5.47032e+08
-98179.8 346509 8.60391e+08 98179.8 -346509 -5.48064e+08
-98364.9 346509 8.62012e+08 98364.9 -346509 -5.49095e+08
-98550 346509 8.63632e+08 98550 -346509 -5.50127e+08
-98735.1 346509 8.65252e+08 98735.1 -346509 -5.51158e+08
-98920.1 346509 8.66872e+08 98920.1 -346509 -5.5219e+08
-99105.2 346509 8.68493e+08 99105.2 -346509 -5.53222e+08
-99290.3 346509 8.70113e+08 99290.3 -346509 -5.54253e+08
-99475.4 346509 8.71733e+08 99475.4 -346509 -5.55285e+08
-99660.4 346509 8.73354e+08 99660.4 -346509 -5.56316e+08
-99845.5 346509 8.74974e+08 99845.5 -346509 -5.57348e+08
-100031 346509 8.76594e+08 100031 -346509 -5.58379e+08
-100216 346509 8.78214e+08 100216 -346509 -5.59411e+08
-100401 346509 8.79835e+08 100401 -346509 -5.60442e+08
-100586 346509 8.81455e+08 100586 -346509 -5.61474e+08
-100771 346509 8.83075e+08 100771 -346509 -5.62506e+08
-100956 346509 8.84696e+08 100956 -346509 -5.63537e+08
-101141 346509 8.86316e+08 101141 -346509 -5.64569e+08
-101326 346509 8.87936e+08 101326 -346509 -5.656e+08
-101511 346509 8.89556e+08 101511 -346509 -5.66632e+08
-101696 346509 8.91177e+08 101696 -346509 -5.67663e+08
-101881 346509 8.92797e+08 101881 -346509 -5.68695e+08
-102066 346509 8.94417e+08 102066 -346509 -5.69726e+08
-102252 346509 8.96037e+08 102252 -346509 -5.70758e+08
-102437 346509 8.97658e+08 102437 -346509 -5.71789e+08
-102622 346509 8.99278e+08 102622 -346509 -5.72821e+08
-102807 346509 9.00898e+08 102807 -346509 -5.73852e+08
-102992 346509 9.02519e+08 102992 -346509 -5.74884e+08
-103177 346509 9.04139e+08 103177 -346509 -5.75915e+08
-103362 346509 9.05759e+08 103362 -346509 -5.76947e+08
-103547 346509 9.07379e+08 103547 -346509 -5.77978e+08
-103732 346509 9.09e+08 103732 -346509 -5.7901e+08
-103917 346509 9.1062e+08 103917 -346509 -5.80041e+08
-104102 346509 9.1224e+08 104102 -346509 -5.81073e+08
-104288 346509 9.13861e+08 104288 -346509 -5.82104e+08
-104473 346509 9.15481e+08 104473 -346509 -5.83136e+08
-104658 346509 9.17101e+08 104658 -346509 -5.84167e+08
-104843 346509 9.18721e+08 104843 -346509 -5.85199e+08
-105028 346509 9.20342e+08 105028 -346509 -5.8623e+08
-105213 346509 9.21962e+08 105213 -346509 -5.87262e+08
-105398 346509 9.23582e+08 105398 -346509 -5.88293e+08
-105583 346509 9.25203e+08 105583 -346509 -5.89325e+08
-105768 346509 9.26823e+08 105768 -346509 -5.90356e+08
-105953 346509 9.28443e+08 105953 -346509 -5.91388e+08
-106139 346509 9.30063e+08 106139 -346509 -5.92419e+08
-106324 346509 9.31684e+08 106324 -346509 -5.93451e+08
-106509 346509 9.33304e+08 106509 -346509 -5.94482e+08
-106694 346509 9.34924e+08 106694 -346509 -5.95514e+08
-106879 346509 9.36545e+08 106879 -346509 -5.96545e+08
-107064 346509 9.38165e+08 107064 -346509 -5.97576e+08
-107249 346509 9.39785e+08 107249 -346509 -5.98608e+08
-107434 346509 9.41405e+08 107434 -346509 -5.99639e+08
-107619 346509 9.43026e+08 107619 -346509 -6.00671e+08
-107804 346509 9.44646e+08 107804 -346509 -6.01702e+08
-107990 346509 9.46266e+08 107990 -346509 -6.02734e+08
-108175 346509 9.47886e+08 108175 -346509 -6.03765e+08
-108360 346509 9.49507e+08 108360 -346509 -6.04797e+08
-108545 346509 9.51127e+08 108545 -346509 -6.05828e+08
-108730 346509 9.52747e+08 108730 -346509 -6.0686e+08
-108915 346509 9.54368e+08 108915 -346509 -6.07891e+08
-109100 346509 9.55988e+08 109100 -346509 -6.08922e+08
-109285 346509 9.57608e+08 109285 -346509 -6.09954e+08
-109470 346509 9.59228e+08 109470 -346509 -6.10985e+08
-109656 346509 9.60849e+08 109656 -346509 -6.12017e+08
-109841 346509 9.62469e+08 109841 -346509 -6.13048e+08
-110026 346509 9.64089e+08 110026 -346509 -6.1408e+08
-110211 346509 9.6571e+08 110211 -346509 -6.15111e+08
-110396 346509 9.6733e+08 110396 -346509 -6.16142e+08
-110581 346509 9.6895e+08 110581 -346509 -6.17174e+08
-110766 346509 9.7057e+08 110766 -346509 -6.18205e+08
-110951 346509 9.72191e+08 110951 -346509 -6.19237e+08
-111136 346509 9.73811e+08 111136 -346509 -6.20268e+08
-111322 346509 9.75431e+08 111322 -346509 -6.213e+08
-111507 346509 9.77051e+08 111507 -346509 -6.22331e+08
-111692 346509 9.78672e+08 111692 -346509 -6.23362e+08
-111877 346509 9.80292e+08 111877 -346509 -6.24394e+08
-112062 346509 9.81912e+08 112062 -346509 -6.25425e+08
-112247 346509 9.83533e+08 112247 -346509 -6.26457e+08
-112432 346509 9.85153e+08 112432 -346509 -6.27488e+08
-112617 346509 9.86773e+08 112617 -346509 -6.28519e+08
-112803 346509 9.88393e+08 112803 -346509 -6.29551e+08
-112988 346509 9.90014e+08 112988 -346509 -6.30582e+08
-113173 346509 9.91634e+08 113173 -346509 -6.31614e+08
-113358 346509 9.93254e+08 113358 -346509 -6.32645e+08
-113543 346509 9.94875e+08 113543 -346509 -6.33676e+08
-113728 346509 9.96495e+08 113728 -346509 -6.34708e+08
-113913 346509 9.98115e+08 113913 -346509 -6.35739e+08
-114098 346509 9.99735e+08 114098 -346509 -6.36771e+08
-114284 346509 1.00136e+09 114284 -346509 -6.37802e+08
-114469 346509 1.00298e+09 114469 -346509 -6.38833e+08
-114654 346509 1.0046e+09 114654 -346509 -6.39865e+08
-114839 346509 1.00622e+09 114839 -346509 -6.40896e+08
-115024 346509 1.00784e+09 115024 -346509 -6.41927e+08
-115209 346509 1.00946e+09 115209 -346509 -6.42959e+08
-115394 346509 1.01108e+09 115394 -346509 -6.4399e+08
-115579 346509 1.0127e+09 115579 -346509 -6.45022e+08
-115765 346509 1.01432e+09 115765 -346509 -6.46053e+08
-115950 346509 1.01594e+09 115950 -346509 -6.47084e+08
-116135 346509 1.01756e+09 116135 -346509 -6.48116e+08
-116320 346509 1.01918e+09 116320 -346509 -6.49147e+08
-116505 346509 1.0208e+09 116505 -346509 -6.50178e+08
-116690 346509 1.02242e+09 116690 -346509 -6.5121e+08
-116875 346509 1.02404e+09 116875 -346509 -6.52241e+08
-117061 346509 1.02566e+09 117061 -346509 -6.53272e+08
-117246 346509 1.02728e+09 117246 -346509 -6.54304e+08
-117431 346509 1.0289e+09 117431 -346509 -6.55335e+08
-117616 346509 1.03052e+09 117616 -346509 -6.56366e+08
-117801 346509 1.03214e+09 117801 -346509 -6.57398e+08
-117986 346509 1.03376e+09 117986 -346509 -6.58429e+08
-118171 346509 1.03538e+09 118171 -346509 -6.5946e+08
-118356 346509 1.037e+09 118356 -346509 -6.60492e+08
-118542 346509 1.03862e+09 118542 -346509 -6.61523e+08
-118727 346509 1.04024e+09 118727 -346509 -6.62554e+08
-118912 346509 1.04186e+09 118912 -346509 -6.63586e+08
-119097 346509 1.04348e+09 119097 -346509 -6.64617e+08
-119282 346509 1.0451e+09 119282 -346509 -6.65648e+08
-119467 346509 1.04672e+09 119467 -346509 -6.6668e+08
-119653 346509 1.04834e+09 119653 -346509 -6.67711e+08
-119838 346509 1.04996e+09 119838 -346509 -6.68742e+08
-120023 346509 1.05158e+09 120023 -346509 -6.69774e+08
-120208 346509 1.0532e+09 120208 -346509 -6.70805e+08
-120393 346509 1.05482e+09 120393 -346509 -6.71836e+08
-120578 346509 1.05644e+09 120578 -346509 -6.72868e+08
-120763 346509 1.05807e+09 120763 -346509 -6.73899e+08
-120949 346509 1.05969e+09 120949 -346509 -6.7493e+08
-121134 346509 1.06131e+09 121134 -346509 -6.75961e+08
-121319 346509 1.06293e+09 121319 -346509 -6.76993e+08
-121504 346509 1.06455e+09 121504 -346509 -6.78024e+08
-121689 346509 1.06617e+09 121689 -346509 -6.79055e+08
-121874 346509 1.06779e+09 121874 -346509 -6.80087e+08
-122059 346509 1.06941e+09 122059 -346509 -6.81118e+08
-122245 346509 1.07103e+09 122245 -346509 -6.82149e+08
-122430 346509 1.07265e+09 122430 -346509 -6.83181e+08
-122615 346509 1.07427e+09 122615 -346509 -6.84212e+08
-122800 346509 1.07589e+09 122800 -346509 -6.85243e+08
-122985 346509 1.07751e+09 122985 -346509 -6.86274e+08
-123170 346509 1.07913e+09 123170 -346509 -6.87306e+08
-123356 346509 1.08075e+09 123356 -346509 -6.88337e+08
-123541 346509 1.08237e+09 123541 -346509 -6.89368e+08
-123726 346509 1.08399e+09 123726 -346509 -6.90399e+08
-123911 346509 1.08561e+09 123911 -346509 -6.91431e+08
-124096 346509 1.08723e+09 124096 -346509 -6.92462e+08
-124281 346509 1.08885e+09 124281 -346509 -6.93493e+08
-124467 346509 1.09047e+09 124467 -346509 -6.94525e+08
-124652 346509 1.09209e+09 124652 -346509 -6.95556e+08
-124837 346509 1.09371e+09 124837 -346509 -6.96587e+08
-125022 346509 1.09533e+09 125022 -346509 -6.97618e+08
-125207 346509 1.09695e+09 125207 -346509 -6.9865e+08
-125392 346509 1.09857e+09 125392 -346509 -6.99681e+08
-125578 346509 1.10019e+09 125578 -346509 -7.00712e+08
-125763 346509 1.10181e+09 125763 -346509 -7.01743e+08
-125948 346509 1.10343e+09 125948 -346509 -7.02775e+08
-126133 346509 1.10505e+09 126133 -346509 -7.03806e+08
-126318 346509 1.10667e+09 126318 -346509 -7.04837e+08
-126503 346509 1.10829e+09 126503 -346509 -7.05868e+08
-126689 346509 1.10991e+09 126689 -346509 -7.069e+08
-126874 346509 1.11153e+09 126874 -346509 -7.07931e+08
-127059 346509 1.11315e+09 127059 -346509 -7.08962e+08
-127244 346509 1.11477e+09 127244 -346509 -7.09993e+08
-127429 346509 1.11639e+09 127429 -346509 -7.11024e+08
-127614 346509 1.11802e+09 127614 -346509 -7.12056e+08
-127800 346509 1.11964e+09 127800 -346509 -7.13087e+08
-127985 346509 1.12126e+09 127985 -346509 -7.14118e+08
-128170 346509 1.12288e+09 128170 -346509 -7.15149e+08
-128355 346509 1.1245e+09 128355 -346509 -7.16181e+08
-128540 346509 1.12612e+09 128540 -346509 -7.17212e+08
-128726 346509 1.12774e+09 128726 -346509 -7.18243e+08
-128911 346509 1.12936e+09 128911 -346509 -7.19274e+08
-129096 346509 1.13098e+09 129096 -346509 -7.20305e+08
-129281 346509 1.1326e+09 129281 -346509 -7.21337e+08
-129466 346509 1.13422e+09 129466 -346509 -7.22368e+08
-129651 346509 1.13584e+09 129651 -346509 -7.23399e+08
-129837 346509 1.13746e+09 129837 -346509 -7.2443e+08
-130022 346509 1.13908e+09 130022 -346509 -7.25461e+08
-130207 346509 1.1407e+09 130207 -346509 -7.26493e+08
-130392 346509 1.14232e+09 130392 -346509 -7.27524e+08
-130577 346509 1.14394e+09 130577 -346509 -7.28555e+08
-130763 346509 1.14556e+09 130763 -346509 -7.29586e+08
-130948 346509 1.14718e+09 130948 -346509 -7.30617e+08
-131133 346509 1.1488e+09 131133 -346509 -7.31649e+08
-131318 346509 1.15042e+09 131318 -346509 -7.3268e+08
-131503 346509 1.15204e+09 131503 -346509 -7.33711e+08
-131688 346509 1.15366e+09 131688 -346509 -7.34742e+08
-131874 346509 1.15528e+09 131874 -346509 -7.35773e+08
-132059 346509 1.1569e+09 132059 -346509 -7.36804e+08
-132244 346509 1.15852e+09 132244 -346509 -7.37836e+08
-132429 346509 1.16014e+09 132429 -346509 -7.38867e+08
-132614 346509 1.16176e+09 132614 -346509 -7.39898e+08
-132800 346509 1.16338e+09 132800 -346509 -7.40929e+08
-132985 346509 1.165e+09 132985 -346509 -7.4196e+08
-133170 346509 1.16662e+09 133170 -346509 -7.42991e+08
-133355 346509 1.16824e+09 133355 -346509 -7.44023e+08
-133540 346509 1.16986e+09 133540 -346509 -7.45054e+08
-133726 346509 1.17148e+09 133726 -346509 -7.46085e+08
-133911 346509 1.1731e+09 133911 -346509 -7.47116e+08
-134096 346509 1.17472e+09 134096 -346509 -7.48147e+08
-134281 346509 1.17634e+09 134281 -346509 -7.49178e+08
-134466 346509 1.17796e+09 134466 -346509 -7.5021e+08
-134652 346509 1.17958e+09 134652 -346509 -7.51241e+08
-134837 346509 1.18121e+09 134837 -346509 -7.52272e+08
-135022 346509 1.18283e+09 135022 -346509 -7.53303e+08
-135207 346509 1.18445e+09 135207 -346509 -7.54334e+08
-135392 346509 1.18607e+09 135392 -346509 -7.55365e+08
-135578 346509 1.18769e+09 135578 -346509 -7.56396e+08
-135763 346509 1.18931e+09 135763 -346509 -7.57427e+08
-135948 346509 1.19093e+09 135948 -346509 -7.58459e+08
-136133 346509 1.19255e+09 136133 -346509 -7.5949e+08
-136318 346509 1.19417e+09 136318 -346509 -7.60521e+08
-136504 346509 1.19579e+09 136504 -346509 -7.61552e+08
-136689 346509 1.19741e+09 136689 -346509 -7.62583e+08
-136874 346509 1.19903e+09 136874 -346509 -7.63614e+08
-137059 346509 1.20065e+09 137059 -346509 -7.64645e+08
-137244 346509 1.20227e+09 137244 -346509 -7.65676e+08
-137430 346509 1.20389e+09 137430 -346509 -7.66708e+08
-137615 346509 1.20551e+09 137615 -346509 -7.67739e+08
-137800 346509 1.20713e+09 137800 -346509 -7.6877e+08
-137985 346509 1.20875e+09 137985 -346509 -7.69801e+08
-138171 346509 1.21037e+09 138171 -346509 -7.70832e+08
-138356 346509 1.21199e+09 138356 -346509 -7.71863e+08
-138541 346509 1.21361e+09 138541 -346509 -7.72894e+08
-138726 346509 1.21523e+09 138726 -346509 -7.73925e+08
-138911 346509 1.21685e+09 138911 -346509 -7.74956e+08
-139097 346509 1.21847e+09 139097 -346509 -7.75987e+08
-139282 346509 1.22009e+09 139282 -346509 -7.77019e+08
-139467 346509 1.22171e+09 139467 -346509 -7.7805e+08
-139652 346509 1.22333e+09 139652 -346509 -7.79081e+08
-139838 346509 1.22495e+09 139838 -346509 -7.80112e+08
-140023 346509 1.22657e+09 140023 -346509 -7.81143e+08
-140208 346509 1.22819e+09 140208 -346509 -7.82174e+08
-140393 346509 1.22981e+09 140393 -346509 -7.83205e+08
-140578 346509 1.23143e+09 140578 -346509 -7.84236e+08
-140764 346509 1.23305e+09 140764 -346509 -7.85267e+08
-140949 346509 1.23467e+09 140949 -346509 -7.86298e+08
-141134 346509 1.23629e+09 141134 -346509 -7.87329e+08
-141319 346509 1.23791e+09 141319 -346509 -7.8836e+08
-141504 346509 1.23953e+09 141504 -346509 -7.89391e+08
-141690 346509 1.24115e+09 141690 -346509 -7.90423e+08
-141875 346509 1.24277e+09 141875 -346509 -7.91454e+08
-142060 346509 1.2444e+09 142060 -346509 -7.92485e+08
-142245 346509 1.24602e+09 142245 -346509 -7.93516e+08
-142431 346509 1.24764e+09 142431 -346509 -7.94547e+08
-142616 346509 1.24926e+09 142616 -346509 -7.95578e+08
-142801 346509 1.25088e+09 142801 -346509 -7.96609e+08
-142986 346509 1.2525e+09 142986 -346509 -7.9764e+08
-143172 346509 1.25412e+09 143172 -346509 -7.98671e+08
-143357 346509 1.25574e+09 143357 -346509 -7.99702e+08
-143542 346509 1.25736e+09 143542 -346509 -8.00733e+08
-143727 346509 1.25898e+09 143727 -346509 -8.01764e+08
-143912 346509 1.2606e+09 143912 -346509 -8.02795e+08
-144098 346509 1.26222e+09 144098 -346509 -8.03826e+08
-144283 346509 1.26384e+09 144283 -346509 -8.04857e+08
-144468 346509 1.26546e+09 144468 -346509 -8.05888e+08
-144653 346509 1.26708e+09 144653 -346509 -8.06919e+08
-144839 346509 1.2687e+09 144839 -346509 -8.0795e+08
-145024 346509 1.27032e+09 145024 -346509 -8.08981e+08
-145209 346509 1.27194e+09 145209 -346509 -8.10012e+08
-145394 346509 1.27356e+09 145394 -346509 -8.11043e+08
-145580 346509 1.27518e+09 145580 -346509 -8.12074e+08
-145765 346509 1.2768e+09 145765 -346509 -8.13105e+08
-145950 346509 1.27842e+09 145950 -346509 -8.14136e+08
-146135 346509 1.28004e+09 146135 -346509 -8.15167e+08
-146321 346509 1.28166e+09 146321 -346509 -8.16198e+08
-146506 346509 1.28328e+09 146506 -346509 -8.17229e+08
-146691 346509 1.2849e+09 146691 -346509 -8.1826e+08
-146876 346509 1.28652e+09 146876 -346509 -8.19291e+08
-147062 346509 1.28814e+09 147062 -346509 -8.20322e+08
-147247 346509 1.28976e+09 147247 -346509 -8.21353e+08
-147432 346509 1.29138e+09 147432 -346509 -8.22384e+08
-147617 346509 1.293e+09 147617 -346509 -8.23415e+08
-147803 346509 1.29462e+09 147803 -346509 -8.24446e+08
-147988 346509 1.29624e+09 147988 -346509 -8.25477e+08
-148173 346509 1.29786e+09 148173 -346509 -8.26508e+08
-148358 346509 1.29948e+09 148358 -346509 -8.27539e+08
-148544 346509 1.3011e+09 148544 -346509 -8.2857e+08
-148729 346509 1.30272e+09 148729 -346509 -8.29601e+08
-148914 346509 1.30434e+09 148914 -346509 -8.30632e+08
-149099 346509 1.30596e+09 149099 -346509 -8.31663e+08
-149285 346509 1.30759e+09 149285 -346509 -8.32694e+08
-149470 346509 1.30921e+09 149470 -346509 -8.33725e+08
-149655 346509 1.31083e+09 149655 -346509 -8.34756e+08
-149840 346509 1.31245e+09 149840 -346509 -8.35787e+08
-150026 346509 1.31407e+09 150026 -346509 -8.36818e+08
-150211 346509 1.31569e+09 150211 -346509 -8.37849e+08
-150396 346509 1.31731e+09 150396 -346509 -8.3888e+08
-150581 346509 1.31893e+09 150581 -346509 -8.39911e+08
-150767 346509 1.32055e+09 150767 -346509 -8.40942e+08
-150952 346509 1.32217e+09 150952 -346509 -8.41973e+08
-151137 346509 1.32379e+09 151137 -346509 -8.43004e+08
-151322 346509 1.32541e+09 151322 -346509 -8.44035e+08
-151508 346509 1.32703e+09 151508 -346509 -8.45066e+08
-151693 346509 1.32865e+09 151693 -346509 -8.46097e+08
-151878 346509 1.33027e+09 151878 -346509 -8.47128e+08
-152063 346509 1.33189e+09 152063 -346509 -8.48159e+08
-152249 346509 1.33351e+09 152249 -346509 -8.4919e+08
-152434 346509 1.33513e+09 152434 -346509 -8.5022e+08
-152619 346509 1.33675e+09 152619 -346509 -8.51251e+08
-152804 346509 1.33837e+09 152804 -346509 -8.52282e+08
-152990 346509 1.33999e+09 152990 -346509 -8.53313e+08
-153175 346509 1.34161e+09 153175 -346509 -8.54344e+08
-153360 346509 1.34323e+09 153360 -346509 -8.55375e+08
-153546 346509 1.34485e+09 153546 -346509 -8.56406e+08
-153731 346509 1.34647e+09 153731 -346509 -8.57437e+08
-153916 346509 1.34809e+09 153916 -346509 -8.58468e+08
-154101 346509 1.34971e+09 154101 -346509 -8.59499e+08
-154287 346509 1.35133e+09 154287 -346509 -8.6053e+08
-154472 346509 1.35295e+09 154472 -346509 -8.61561e+08
-154657 346509 1.35457e+09 154657 -346509 -8.62592e+08
-154842 346509 1.35619e+09 154842 -346509 -8.63622e+08
-155028 346509 1.35781e+09 155028 -346509 -8.64653e+08
-155213 346509 1.35943e+09 155213 -346509 -8.65684e+08
-155398 346509 1.36105e+09 155398 -346509 -8.66715e+08
-155584 346509 1.36267e+09 155584 -346509 -8.67746e+08
-155769 346509 1.36429e+09 155769 -346509 -8.68777e+08
-155954 346509 1.36591e+09 155954 -346509 -8.69808e+08
-156139 346509 1.36753e+09 156139 -346509 -8.70839e+08
-156325 346509 1.36915e+09 156325 -346509 -8.7187e+08
-156510 346509 1.37077e+09 156510 -346509 -8.72901e+08
-156695 346509 1.37239e+09 156695 -346509 -8.73931e+08
-156880 346509 1.37402e+09 156880 -346509 -8.74962e+08
-157066 346509 1.37564e+09 157066 -346509 -8.75993e+08
-157251 346509 1.37726e+09 157251 -346509 -8.77024e+08
-157436 346509 1.37888e+09 157436 -346509 -8.78055e+08
-157622 346509 1.3805e+09 157622 -346509 -8.79086e+08
-157807 346509 1.38212e+09 157807 -346509 -8.80117e+08
-157992 346509 1.38374e+09 157992 -346509 -8.81148e+08
-158177 346509 1.38536e+09 158177 -346509 -8.82178e+08
-158209 346509 1.38643e+09 158209 -346509 -8.83127e+08
-157965 346509 1.38653e+09 157965 -346509 -8.83929e+08
-157720 346509 1.38663e+09 157720 -346509 -8.84731e+08
-157475 346509 1.38672e+09 157475 -346509 -8.85533e+08
-157231 346509 1.38682e+09 157231 -346509 -8.86335e+08
-156986 346509 1.38692e+09 156986 -346509 -8.87137e+08
-156742 346509 1.38702e+09 156742 -346509 -8.87939e+08
-156497 346509 1.38711e+09 156497 -346509 -8.88741e+08
-156350 346509 1.38719e+09 156350 -346509 -8.8923e+08
-156363 346509 1.38724e+09 156363 -346509 -8.89207e+08
-156376 346509 1.38729e+09 156376 -346509 -8.89184e+08
-156389 346509 1.38734e+09 156389 -346509 -8.89161e+08
-156401 346509 1.38739e+09 156401 -346509 -8.89138e+08
-156414 346509 1.38744e+09 156414 -346509 -8.89116e+08
-156427 346509 1.38749e+09 156427 -346509 -8.89093e+08
-156439 346509 1.38754e+09 156439 -346509 -8.8907e+08
-156452 346509 1.38759e+09 156452 -346509 -8.89047e+08
-156465 346509 1.38764e+09 156465 -346509 -8.89024e+08
-156478 346509 1.38769e+09 156478 -346509 -8.89002e+08
-156490 346509 1.38774e+09 156490 -346509 -8.88979e+08
-156503 346509 1.38778e+09 156503 -346509 -8.88956e+08
-156516 346509 1.38783e+09 156516 -346509 -8.88933e+08
-156528 346509 1.38788e+09 156528 -346509 -8.8891e+08
-156541 346509 1.38793e+09 156541 -346509 -8.88888e+08
-156554 346509 1.38798e+09 156554 -346509 -8.88865e+08
-156567 346509 1.38803e+09 156567 -346509 -8.88842e+08
-156579 346509 1.38808e+09 156579 -346509 -8.88819e+08
-156592 346509 1.38813e+09 156592 -346509 -8.88796e+08
-156605 346509 1.38818e+09 156605 -346509 -8.88774e+08
-156617 346509 1.38823e+09 156617 -346509 -8.88751e+08
-156630 346509 1.38828e+09 156630 -346509 -8.88728e+08
-156643 346509 1.38833e+09 156643 -346509 -8.88705e+08
-156656 346509 1.38838e+09 156656 -346509 -8.88683e+08
-156668 346509 1.38843e+09 156668 -346509 -8.8866e+08
-156681 346509 1.38847e+09 156681 -346509 -8.88637e+08
-156694 346509 1.38852e+09 156694 -346509 -8.88614e+08
-156706 346509 1.38857e+09 156706 -346509 -8.88591e+08
-156719 346509 1.38862e+09 156719 -346509 -8.88569e+08
-156732 346509 1.38867e+09 156732 -346509 -8.88546e+08
-156745 346509 1.38872e+09 156745 -346509 -8.88523e+08
-156757 346509 1.38877e+09 156757 -346509 -8.885e+08
-156770 346509 1.38882e+09 156770 -346509 -8.88477e+08
-156783 346509 1.38887e+09 156783 -346509 -8.88455e+08
-156795 346509 1.38892e+09 156795 -346509 -8.88432e+08
-156808 346509 1.38897e+09 156808 -346509 -8.88409e+08
-156821 346509 1.38902e+09 156821 -346509 -8.88386e+08
-156834 346509 1.38907e+09 156834 -346509 -8.88363e+08
-156846 346509 1.38911e+09 156846 -346509 -8.88341e+08
-156859 346509 1.38916e+09 156859 -346509 -8.88318e+08
-156872 346509 1.38921e+09 156872 -346509 -8.88295e+08
-156884 346509 1.38926e+09 156884 -346509 -8.88272e+08
-156897 346509 1.38931e+09 156897 -346509 -8.8825e+08
-156910 346509 1.38936e+09 156910 -346509 -8.88227e+08
-156923 346509 1.38941e+09 156923 -346509 -8.88204e+08
-156935 346509 1.38946e+09 156935 -346509 -8.88181e+08
-156948 346509 1.38951e+09 156948 -346509 -8.88158e+08
-156961 346509 1.38956e+09 156961 -346509 -8.88136e+08
-156973 346509 1.38961e+09 156973 -346509 -8.88113e+08
-156986 346509 1.38966e+09 156986 -346509 -8.8809e+08
-156999 346509 1.38971e+09 156999 -346509 -8.88067e+08
-157012 346509 1.38976e+09 157012 -346509 -8.88044e+08
-157024 346509 1.3898e+09 157024 -346509 -8.88022e+08
-157037 346509 1.38985e+09 157037 -346509 -8.87999e+08
-157050 346509 1.3899e+09 157050 -346509 -8.87976e+08
-157062 346509 1.38995e+09 157062 -346509 -8.87953e+08
-157075 346509 1.39e+09 157075 -346509 -8.87931e+08
-157088 346509 1.39005e+09 157088 -346509 -8.87908e+08
-157101 346509 1.3901e+09 157101 -346509 -8.87885e+08
-157113 346509 1.39015e+09 157113 -346509 -8.87862e+08
-157126 346509 1.3902e+09 157126 -346509 -8.87839e+08
-157139 346509 1.39025e+09 157139 -346509 -8.87817e+08
-157151 346509 1.3903e+09 157151 -346509 -8.87794e+08
-157164 346509 1.39035e+09 157164 -346509 -8.87771e+08
-157177 346509 1.3904e+09 157177 -346509 -8.87748e+08
-157190 346509 1.39045e+09 157190 -346509 -8.87725e+08
-157202 346509 1.39049e+09 157202 -346509 -8.87703e+08
-157215 346509 1.39054e+09 157215 -346509 -8.8768e+08
-157228 346509 1.39059e+09 157228 -346509 -8.87657e+08
-157240 346509 1.39064e+09 157240 -346509 -8.87634e+08
-157253 346509 1.39069e+09 157253 -346509 -8.87612e+08
-157266 346509 1.39074e+09 157266 -346509 -8.87589e+08
-157279 346509 1.39079e+09 157279 -346509 -8.87566e+08
-157291 346509 1.39084e+09 157291 -346509 -8.87543e+08
-157304 346509 1.39089e+09 157304 -346509 -8.8752e+08
-157317 346509 1.39094e+09 157317 -346509 -8.87498e+08
-157329 346509 1.39099e+09 157329 -346509 -8.87475e+08
-157342 346509 1.39104e+09 157342 -346509 -8.87452e+08
-157355 346509 1.39109e+09 157355 -346509 -8.87429e+08
-157368 346509 1.39113e+09 157368 -346509 -8.87406e+08
-157380 346509 1.39118e+09 157380 -346509 -8.87384e+08
-157393 346509 1.39123e+09 157393 -346509 -8.87361e+08
-157406 346509 1.39128e+09 157406 -346509 -8.87338e+08
-157418 346509 1.39133e+09 157418 -346509 -8.87315e+08
-157431 346509 1.39138e+09 157431 -346509 -8.87293e+08
-157444 346509 1.39143e+09 157444 -346509 -8.8727e+08
-157457 346509 1.39148e+09 157457 -346509 -8.87247e+08
-157469 346509 1.39153e+09 157469 -346509 -8.87224e+08
-157482 346509 1.39158e+09 157482 -346509 -8.87201e+08
-157495 346509 1.39163e+09 157495 -346509 -8.87179e+08
-157507 346509 1.39168e+09 157507 -346509 -8.87156e+08
-157520 346509 1.39173e+09 157520 -346509 -8.87133e+08
-157533 346509 1.39178e+09 157533 -346509 -8.8711e+08
-157546 346509 1.39182e+09 157546 -346509 -8.87087e+08
-157558 346509 1.39187e+09 157558 -346509 -8.87065e+08
-157571 346509 1.39192e+09 157571 -346509 -8.87042e+08
-157584 346509 1.39197e+09 157584 -346509 -8.87019e+08
-157597 346509 1.39202e+09 157597 -346509 -8.86996e+08
-157609 346509 1.39207e+09 157609 -346509 -8.86974e+08
-157622 346509 1.39212e+09 157622 -346509 -8.86951e+08
-157635 346509 1.39217e+09 157635 -346509 -8.86928e+08
-157647 346509 1.39222e+09 157647 -346509 -8.86905e+08
-157660 346509 1.39227e+09 157660 -346509 -8.86882e+08
-157673 346509 1.39232e+09 157673 -346509 -8.8686e+08
-157686 346509 1.39237e+09 157686 -346509 -8.86837e+08
-157698 346509 1.39242e+09 157698 -346509 -8.86814e+08
-157711 346509 1.39247e+09 157711 -346509 -8.86791e+08
-157724 346509 1.39251e+09 157724 -346509 -8.86769e+08
-157736 346509 1.39256e+09 157736 -346509 -8.86746e+08
-157749 346509 1.39261e+09 157749 -346509 -8.86723e+08
-157762 346509 1.39266e+09 157762 -346509 -8.867e+08
-157775 346509 1.39271e+09 157775 -346509 -8.86677e+08
-157787 346509 1.39276e+09 157787 -346509 -8.86655e+08
-157800 346509 1.39281e+09 157800 -346509 -8.86632e+08
-157813 346509 1.39286e+09 157813 -346509 -8.86609e+08
-157825 346509 1.39291e+09 157825 -346509 -8.86586e+08
-157838 346509 1.39296e+09 157838 -346509 -8.86563e+08
-157851 346509 1.39301e+09 157851 -346509 -8.86541e+08
-157864 346509 1.39306e+09 157864 -346509 -8.86518e+08
-157876 346509 1.39311e+09 157876 -346509 -8.86495e+08
-157889 346509 1.39316e+09 157889 -346509 -8.86472e+08
-157902 346509 1.3932e+09 157902 -346509 -8.8645e+08
-157914 346509 1.39325e+09 157914 -346509 -8.86427e+08
-157927 346509 1.3933e+09 157927 -346509 -8.86404e+08
-157940 346509 1.39335e+09 157940 -346509 -8.86381e+08
-157953 346509 1.3934e+09 157953 -346509 -8.86358e+08
-157965 346509 1.39345e+09 157965 -346509 -8.86336e+08
-157978 346509 1.3935e+09 157978 -346509 -8.86313e+08
-157991 346509 1.39355e+09 157991 -346509 -8.8629e+08
-158004 346509 1.3936e+09 158004 -346509 -8.86267e+08
-158016 346509 1.39365e+09 158016 -346509 -8.86245e+08
-158029 346509 1.3937e+09 158029 -346509 -8.86222e+08
-158042 346509 1.39375e+09 158042 -346509 -8.86199e+08
-158054 346509 1.3938e+09 158054 -346509 -8.86176e+08
-158067 346509 1.39385e+09 158067 -346509 -8.86153e+08
-158080 346509 1.39389e+09 158080 -346509 -8.86131e+08
-158093 346509 1.39394e+09 158093 -346509 -8.86108e+08
-158105 346509 1.39399e+09 158105 -346509 -8.86085e+08
-158118 346509 1.39404e+09 158118 -346509 -8.86062e+08
-158131 346509 1.39409e+09 158131 -346509 -8.8604e+08
-158143 346509 1.39414e+09 158143 -346509 -8.86017e+08
-158156 346509 1.39419e+09 158156 -346509 -8.85994e+08
-158169 346509 1.39424e+09 158169 -346509 -8.85971e+08
-158182 346509 1.39429e+09 158182 -346509 -8.85948e+08
-158194 346509 1.39434e+09 158194 -346509 -8.85926e+08
-158207 346509 1.39439e+09 158207 -346509 -8.85903e+08
-158220 346509 1.39444e+09 158220 -346509 -8.8588e+08
-158233 346509 1.39449e+09 158233 -346509 -8.85857e+08
-158245 346509 1.39454e+09 158245 -346509 -8.85835e+08
-158258 346509 1.39458e+09 158258 -346509 -8.85812e+08
-158271 346509 1.39463e+09 158271 -346509 -8.85789e+08
-158283 346509 1.39468e+09 158283 -346509 -8.85766e+08
-158296 346509 1.39473e+09 158296 -346509 -8.85743e+08
-158309 346509 1.39478e+09 158309 -346509 -8.85721e+08
-158322 346509 1.39483e+09 158322 -346509 -8.85698e+08
-158334 346509 1.39488e+09 158334 -346509 -8.85675e+08
-158347 346509 1.39493e+09 158347 -346509 -8.85652e+08
-158360 346509 1.39498e+09 158360 -346509 -8.8563e+08
-158372 346509 1.39503e+09 158372 -346509 -8.85607e+08
-158385 346509 1.39508e+09 158385 -346509 -8.85584e+08
-158398 346509 1.39513e+09 158398 -346509 -8.85561e+08
-158411 346509 1.39518e+09 158411 -346509 -8.85538e+08
-158423 346509 1.39523e+09 158423 -346509 -8.85516e+08
-158436 346509 1.39528e+09 158436 -346509 -8.85493e+08
-158449 346509 1.39532e+09 158449 -346509 -8.8547e+08
-158462 346509 1.39537e+09 158462 -346509 -8.85447e+08
-158474 346509 1.39542e+09 158474 -346509 -8.85425e+08
-158487 346509 1.39547e+09 158487 -346509 -8.85402e+08
-158500 346509 1.39552e+09 158500 -346509 -8.85379e+08
-158512 346509 1.39557e+09 158512 -346509 -8.85356e+08
-158525 346509 1.39562e+09 158525 -346509 -8.85333e+08
-158538 346509 1.39567e+09 158538 -346509 -8.85311e+08
-158551 346509 1.39572e+09 158551 -346509 -8.85288e+08
-158563 346509 1.39577e+09 158563 -346509 -8.85265e+08
-158576 346509 1.39582e+09 158576 -346509 -8.85242e+08
-158589 346509 1.39587e+09 158589 -346509 -8.8522e+08
-158601 346509 1.39592e+09 158601 -346509 -8.85197e+08
-158614 346509 1.39597e+09 158614 -346509 -8.85174e+08
-158627 346509 1.39601e+09 158627 -346509 -8.85151e+08
-158640 346509 1.39606e+09 158640 -346509 -8.85128e+08
-158652 346509 1.39611e+09 158652 -346509 -8.85106e+08
-158665 346509 1.39616e+09 158665 -346509 -8.85083e+08
-158678 346509 1.39621e+09 158678 -346509 -8.8506e+08
-158691 346509 1.39626e+09 158691 -346509 -8.85037e+08
-158703 346509 1.39631e+09 158703 -346509 -8.85015e+08
-158716 346509 1.39636e+09 158716 -346509 -8.84992e+08
-158729 346509 1.39641e+09 158729 -346509 -8.84969e+08
-158741 346509 1.39646e+09 158741 -346509 -8.84946e+08
-158754 346509 1.39651e+09 158754 -346509 -8.84924e+08
-158767 346509 1.39656e+09 158767 -346509 -8.84901e+08
-158780 346509 1.39661e+09 158780 -346509 -8.84878e+08
-158792 346509 1.39666e+09 158792 -346509 -8.84855e+08
-158805 346509 1.3967e+09 158805 -346509 -8.84832e+08
-158818 346509 1.39675e+09 158818 -346509 -8.8481e+08
-158831 346509 1.3968e+09 158831 -346509 -8.84787e+08
-158843 346509 1.39685e+09 158843 -346509 -8.84764e+08
-158856 346509 1.3969e+09 158856 -346509 -8.84741e+08
-158869 346509 1.39695e+09 158869 -346509 -8.84719e+08
-158881 346509 1.397e+09 158881 -346509 -8.84696e+08
-158894 346509 1.39705e+09 158894 -346509 -8.84673e+08
-158907 346509 1.3971e+09 158907 -346509 -8.8465e+08
-158920 346509 1.39715e+09 158920 -346509 -8.84627e+08
-158932 346509 1.3972e+09 158932 -346509 -8.84605e+08
-158945 346509 1.39725e+09 158945 -346509 -8.84582e+08
-158958 346509 1.3973e+09 158958 -346509 -8.84559e+08
-158971 346509 1.39735e+09 158971 -346509 -8.84536e+08
-158983 346509 1.3974e+09 158983 -346509 -8.84514e+08
-158996 346509 1.39744e+09 158996 -346509 -8.84491e+08
-159009 346509 1.39749e+09 159009 -346509 -8.84468e+08
-159021 346509 1.39754e+09 159021 -346509 -8.84445e+08
-159034 346509 1.39759e+09 159034 -346509 -8.84423e+08
-159047 346509 1.39764e+09 159047 -346509 -8.844e+08
-159060 346509 1.39769e+09 159060 -346509 -8.84377e+08
-159072 346509 1.39774e+09 159072 -346509 -8.84354e+08
-159085 346509 1.39779e+09 159085 -346509 -8.84331e+08
-159098 346509 1.39784e+09 159098 -346509 -8.84309e+08
-159111 346509 1.39789e+09 159111 -346509 -8.84286e+08
-159123 346509 1.39794e+09 159123 -346509 -8.84263e+08
-159136 346509 1.39799e+09 159136 -346509 -8.8424e+08
-159149 346509 1.39804e+09 159149 -346509 -8.84218e+08
-159161 346509 1.39809e+09 159161 -346509 -8.84195e+08
-159174 346509 1.39813e+09 159174 -346509 -8.84172e+08
-159187 346509 1.39818e+09 159187 -346509 -8.84149e+08
-159200 346509 1.39823e+09 159200 -346509 -8.84126e+08
-159212 346509 1.39828e+09 159212 -346509 -8.84104e+08
-159225 346509 1.39833e+09 159225 -346509 -8.84081e+08
-159238 346509 1.39838e+09 159238 -346509 -8.84058e+08
-159251 346509 1.39843e+09 159251 -346509 -8.84035e+08
-159263 346509 1.39848e+09 159263 -346509 -8.84013e+08
-159276 346509 1.39853e+09 159276 -346509 -8.8399e+08
-159289 346509 1.39858e+09 159289 -346509 -8.83967e+08
-159301 346509 1.39863e+09 159301 -346509 -8.83944e+08
-159314 346509 1.39868e+09 159314 -346509 -8.83922e+08
-159327 346509 1.39873e+09 159327 -346509 -8.83899e+08
-159340 346509 1.39878e+09 159340 -346509 -8.83876e+08
-159352 346509 1.39883e+09 159352 -346509 -8.83853e+08
-159365 346509 1.39887e+09 159365 -346509 -8.83831e+08
-159378 346509 1.39892e+09 159378 -346509 -8.83808e+08
-159391 346509 1.39897e+09 159391 -346509 -8.83785e+08
-159403 346509 1.39902e+09 159403 -346509 -8.83762e+08
-159416 346509 1.39907e+09 159416 -346509 -8.83739e+08
-159429 346509 1.39912e+09 159429 -346509 -8.83717e+08
-159441 346509 1.39917e+09 159441 -346509 -8.83694e+08
-159454 346509 1.39922e+09 159454 -346509 -8.83671e+08
-159467 346509 1.39927e+09 159467 -346509 -8.83648e+08
-159480 346509 1.39932e+09 159480 -346509 -8.83626e+08
-159492 346509 1.39937e+09 159492 -346509 -8.83603e+08
-159505 346509 1.39942e+09 159505 -346509 -8.8358e+08
-159518 346509 1.39947e+09 159518 -346509 -8.83557e+08
-159531 346509 1.39952e+09 159531 -346509 -8.83535e+08
-159543 346509 1.39957e+09 159543 -346509 -8.83512e+08
-159556 346509 1.39961e+09 159556 -346509 -8.83489e+08
-159569 346509 1.39966e+09 159569 -346509 -8.83466e+08
-159581 346509 1.39971e+09 159581 -346509 -8.83443e+08
-159594 346509 1.39976e+09 159594 -346509 -8.83421e+08
-159607 346509 1.39981e+09 159607 -346509 -8.83398e+08
-159620 346509 1.39986e+09 159620 -346509 -8.83375e+08
-159632 346509 1.39991e+09 159632 -346509 -8.83352e+08
-159645 346509 1.39996e+09 159645 -346509 -8.8333e+08
-159658 346509 1.40001e+09 159658 -346509 -8.83307e+08
-159671 346509 1.40006e+09 159671 -346509 -8.83284e+08
-159683 346509 1.40011e+09 159683 -346509 -8.83261e+08
-159696 346509 1.40016e+09 159696 -346509 -8.83239e+08
-159709 346509 1.40021e+09 159709 -346509 -8.83216e+08
-159721 346509 1.40026e+09 159721 -346509 -8.83193e+08
-159734 346509 1.40031e+09 159734 -346509 -8.8317e+08
-159747 346509 1.40035e+09 159747 -346509 -8.83147e+08
-159760 346509 1.4004e+09 159760 -346509 -8.83125e+08
-159772 346509 1.40045e+09 159772 -346509 -8.83102e+08
-159785 346509 1.4005e+09 159785 -346509 -8.83079e+08
-159798 346509 1.40055e+09 159798 -346509 -8.83056e+08
-159811 346509 1.4006e+09 159811 -346509 -8.83034e+08
-159823 346509 1.40065e+09 159823 -346509 -8.83011e+08
-159836 346509 1.4007e+09 159836 -346509 -8.82988e+08
-159849 346509 1.40075e+09 159849 -346509 -8.82965e+08
-159862 346509 1.4008e+09 159862 -346509 -8.82943e+08
-159874 346509 1.40085e+09 159874 -346509 -8.8292e+08
-159887 346509 1.4009e+09 159887 -346509 -8.82897e+08
-159900 346509 1.40095e+09 159900 -346509 -8.82874e+08
-159912 346509 1.401e+09 159912 -346509 -8.82852e+08
-159925 346509 1.40105e+09 159925 -346509 -8.82829e+08
-159938 346509 1.40109e+09 159938 -346509 -8.82806e+08
-159951 346509 1.40114e+09 159951 -346509 -8.82783e+08
-159963 346509 1.40119e+09 159963 -346509 -8.82761e+08
-159976 346509 1.40124e+09 159976 -346509 -8.82738e+08
-159989 346509 1.40129e+09 159989 -346509 -8.82715e+08
-160002 346509 1.40134e+09 160002 -346509 -8.82692e+08
-160014 346509 1.40139e+09 160014 -346509 -8.82669e+08
-160027 346509 1.40144e+09 160027 -346509 -8.82647e+08
-160040 346509 1.40149e+09 160040 -346509 -8.82624e+08
-160052 346509 1.40154e+09 160052 -346509 -8.82601e+08
-160065 346509 1.40159e+09 160065 -346509 -8.82578e+08
-160078 346509 1.40164e+09 160078 -346509 -8.82556e+08
-160091 346509 1.40169e+09 160091 -346509 -8.82533e+08
-160103 346509 1.40174e+09 160103 -346509 -8.8251e+08
-160116 346509 1.40179e+09 160116 -346509 -8.82487e+08
-160129 346509 1.40183e+09 160129 -346509 -8.82465e+08
-160142 346509 1.40188e+09 160142 -346509 -8.82442e+08
-160154 346509 1.40193e+09 160154 -346509 -8.82419e+08
-160167 346509 1.40198e+09 160167 -346509 -8.82396e+08
-160180 346509 1.40203e+09 160180 -346509 -8.82374e+08
-160193 346509 1.40208e+09 160193 -346509 -8.82351e+08
-160205 346509 1.40213e+09 160205 -346509 -8.82328e+08
-160218 346509 1.40218e+09 160218 -346509 -8.82305e+08
-160231 346509 1.40223e+09 160231 -346509 -8.82282e+08
-160243 346509 1.40228e+09 160243 -346509 -8.8226e+08
-160256 346509 1.40233e+09 160256 -346509 -8.82237e+08
-160269 346509 1.40238e+09 160269 -346509 -8.82214e+08
-160282 346509 1.40243e+09 160282 -346509 -8.82191e+08
-160294 346509 1.40248e+09 160294 -346509 -8.82169e+08
-160307 346509 1.40253e+09 160307 -346509 -8.82146e+08
-160320 346509 1.40257e+09 160320 -346509 -8.82123e+08
-160333 346509 1.40262e+09 160333 -346509 -8.821e+08
-160345 346509 1.40267e+09 160345 -346509 -8.82078e+08
-160358 346509 1.40272e+09 160358 -346509 -8.82055e+08
-160371 346509 1.40277e+09 160371 -346509 -8.82032e+08
-160384 346509 1.40282e+09 160384 -346509 -8.82009e+08
-160396 346509 1.40287e+09 160396 -346509 -8.81987e+08
-160409 346509 1.40292e+09 160409 -346509 -8.81964e+08
-160422 346509 1.40297e+09 160422 -346509 -8.81941e+08
-160434 346509 1.40302e+09 160434 -346509 -8.81918e+08
-160447 346509 1.40307e+09 160447 -346509 -8.81896e+08
-160460 346509 1.40312e+09 160460 -346509 -8.81873e+08
-160473 346509 1.40317e+09 160473 -346509 -8.8185e+08
-160485 346509 1.40322e+09 160485 -346509 -8.81827e+08
-160498 346509 1.40327e+09 160498 -346509 -8.81804e+08
-160511 346509 1.40331e+09 160511 -346509 -8.81782e+08
-160524 346509 1.40336e+09 160524 -346509 -8.81759e+08
-160536 346509 1.40341e+09 160536 -346509 -8.81736e+08
-160549 346509 1.40346e+09 160549 -346509 -8.81713e+08
-160562 346509 1.40351e+09 160562 -346509 -8.81691e+08
-160575 346509 1.40356e+09 160575 -346509 -8.81668e+08
-160587 346509 1.40361e+09 160587 -346509 -8.81645e+08
-160600 346509 1.40366e+09 160600 -346509 -8.81622e+08
-160613 346509 1.40371e+09 160613 -346509 -8.816e+08
-160625 346509 1.40376e+09 160625 -346509 -8.81577e+08
-160638 346509 1.40381e+09 160638 -346509 -8.81554e+08
-160651 346509 1.40386e+09 160651 -346509 -8.81531e+08
-160664 346509 1.40391e+09 160664 -346509 -8.81509e+08
-160676 346509 1.40396e+09 160676 -346509 -8.81486e+08
-160689 346509 1.40401e+09 160689 -346509 -8.81463e+08
-160702 346509 1.40406e+09 160702 -346509 -8.8144e+08
-160715 346509 1.4041e+09 160715 -346509 -8.81418e+08
-160727 346509 1.40415e+09 160727 -346509 -8.81395e+08
-160740 346509 1.4042e+09 160740 -346509 -8.81372e+08
-160753 346509 1.40425e+09 160753 -346509 -8.81349e+08
-160766 346509 1.4043e+09 160766 -346509 -8.81327e+08
-160778 346509 1.40435e+09 160778 -346509 -8.81304e+08
-160791 346509 1.4044e+09 160791 -346509 -8.81281e+08
-160804 346509 1.40445e+09 160804 -346509 -8.81258e+08
-160817 346509 1.4045e+09 160817 -346509 -8.81236e+08
-160829 346509 1.40455e+09 160829 -346509 -8.81213e+08
-160842 346509 1.4046e+09 160842 -346509 -8.8119e+08
-160855 346509 1.40465e+09 160855 -346509 -8.81167e+08
-160867 346509 1.4047e+09 160867 -346509 -8.81145e+08
-160880 346509 1.40475e+09 160880 -346509 -8.81122e+08
-160893 346509 1.4048e+09 160893 -346509 -8.81099e+08
-160906 346509 1.40484e+09 160906 -346509 -8.81076e+08
-160918 346509 1.40489e+09 160918 -346509 -8.81054e+08
-160931 346509 1.40494e+09 160931 -346509 -8.81031e+08
-160944 346509 1.40499e+09 160944 -346509 -8.81008e+08
-160957 346509 1.40504e+09 160957 -346509 -8.80985e+08
-160969 346509 1.40509e+09 160969 -346509 -8.80962e+08
-160982 346509 1.40514e+09 160982 -346509 -8.8094e+08
-160995 346509 1.40519e+09 160995 -346509 -8.80917e+08
-161008 346509 1.40524e+09 161008 -346509 -8.80894e+08
-161020 346509 1.40529e+09 161020 -346509 -8.80871e+08
-161033 346509 1.40534e+09 161033 -346509 -8.80849e+08
-161046 346509 1.40539e+09 161046 -346509 -8.80826e+08
-161059 346509 1.40544e+09 161059 -346509 -8.80803e+08
-161071 346509 1.40549e+09 161071 -346509 -8.8078e+08
-161084 346509 1.40554e+09 161084 -346509 -8.80758e+08
-161097 346509 1.40559e+09 161097 -346509 -8.80735e+08
-161109 346509 1.40563e+09 161109 -346509 -8.80712e+08
-161122 346509 1.40568e+09 161122 -346509 -8.80689e+08
-161135 346509 1.40573e+09 161135 -346509 -8.80667e+08
-161148 346509 1.40578e+09 161148 -346509 -8.80644e+08
-161160 346509 1.40583e+09 161160 -346509 -8.80621e+08
-161173 346509 1.40588e+09 161173 -346509 -8.80598e+08
-161186 346509 1.40593e+09 161186 -346509 -8.80576e+08
-161199 346509 1.40598e+09 161199 -346509 -8.80553e+08
-161211 346509 1.40603e+09 161211 -346509 -8.8053e+08
-161224 346509 1.40608e+09 161224 -346509 -8.80507e+08
-161237 346509 1.40613e+09 161237 -346509 -8.80485e+08
-161250 346509 1.40618e+09 161250 -346509 -8.80462e+08
-161262 346509 1.40623e+09 161262 -346509 -8.80439e+08
-161275 346509 1.40628e+09 161275 -346509 -8.80416e+08
-161288 346509 1.40633e+09 161288 -346509 -8.80394e+08
-161301 346509 1.40638e+09 161301 -346509 -8.80371e+08
-161313 346509 1.40642e+09 161313 -346509 -8.80348e+08
-161326 346509 1.40647e+09 161326 -346509 -8.80325e+08
-161339 346509 1.40652e+09 161339 -346509 -8.80303e+08
-161351 346509 1.40657e+09 161351 -346509 -8.8028e+08
-161364 346509 1.40662e+09 161364 -346509 -8.80257e+08
-161377 346509 1.40667e+09 161377 -346509 -8.80234e+08
-161390 346509 1.40672e+09 161390 -346509 -8.80212e+08
-161402 346509 1.40677e+09 161402 -346509 -8.80189e+08
-161415 346509 1.40682e+09 161415 -346509 -8.80166e+08
-161428 346509 1.40687e+09 161428 -346509 -8.80143e+08
-161441 346509 1.40692e+09 161441 -346509 -8.80121e+08
-161453 346509 1.40697e+09 161453 -346509 -8.80098e+08
-161466 346509 1.40702e+09 161466 -346509 -8.80075e+08
-161479 346509 1.40707e+09 161479 -346509 -8.80052e+08
-161492 346509 1.40712e+09 161492 -346509 -8.8003e+08
-161504 346509 1.40717e+09 161504 -346509 -8.80007e+08
-161517 346509 1.40721e+09 161517 -346509 -8.79984e+08
-161530 346509 1.40726e+09 161530 -346509 -8.79961e+08
-161543 346509 1.40731e+09 161543 -346509 -8.79939e+08
-161555 346509 1.40736e+09 161555 -346509 -8.79916e+08
-161568 346509 1.40741e+09 161568 -346509 -8.79893e+08
-161581 346509 1.40746e+09 161581 -346509 -8.7987e+08
-161594 346509 1.40751e+09 161594 -346509 -8.79848e+08
-161606 346509 1.40756e+09 161606 -346509 -8.79825e+08
-161619 346509 1.40761e+09 161619 -346509 -8.79802e+08
-161632 346509 1.40766e+09 161632 -346509 -8.79779e+08
-161645 346509 1.40771e+09 161645 -346509 -8.79757e+08
-161657 346509 1.40776e+09 161657 -346509 -8.79734e+08
-161670 346509 1.40781e+09 161670 -346509 -8.79711e+08
-161683 346509 1.40786e+09 161683 -346509 -8.79688e+08
-161695 346509 1.40791e+09 161695 -346509 -8.79666e+08
-161708 346509 1.40796e+09 161708 -346509 -8.79643e+08
-161721 346509 1.408e+09 161721 -346509 -8.7962e+08
-161734 346509 1.40805e+09 161734 -346509 -8.79597e+08
-161746 346509 1.4081e+09 161746 -346509 -8.79575e+08
-161759 346509 1.40815e+09 161759 -346509 -8.79552e+08
-161772 346509 1.4082e+09 161772 -346509 -8.79529e+08
-161785 346509 1.40825e+09 161785 -346509 -8.79506e+08
-161797 346509 1.4083e+09 161797 -346509 -8.79484e+08
-161810 346509 1.40835e+09 161810 -346509 -8.79461e+08
-161823 346509 1.4084e+09 161823 -346509 -8.79438e+08
-161836 346509 1.40845e+09 161836 -346509 -8.79415e+08
-161848 346509 1.4085e+09 161848 -346509 -8.79393e+08
-161861 346509 1.40855e+09 161861 -346509 -8.7937e+08
-161874 346509 1.4086e+09 161874 -346509 -8.79347e+08
-161887 346509 1.40865e+09 161887 -346509 -8.79324e+08
-161899 346509 1.4087e+09 161899 -346509 -8.79302e+08
-161912 346509 1.40875e+09 161912 -346509 -8.79279e+08
-161925 346509 1.40879e+09 161925 -346509 -8.79256e+08
-161938 346509 1.40884e+09 161938 -346509 -8.79233e+08
-161950 346509 1.40889e+09 161950 -346509 -8.79211e+08
-161963 346509 1.40894e+09 161963 -346509 -8.79188e+08
-161976 346509 1.40899e+09 161976 -346509 -8.79165e+08
-161989 346509 1.40904e+09 161989 -346509 -8.79142e+08
-162001 346509 1.40909e+09 162001 -346509 -8.7912e+08
-162014 346509 1.40914e+09 162014 -346509 -8.79097e+08
-162027 346509 1.40919e+09 162027 -346509 -8.79074e+08
-162039 346509 1.40924e+09 162039 -346509 -8.79051e+08
-162052 346509 1.40929e+09 162052 -346509 -8.79029e+08
-162065 346509 1.40934e+09 162065 -346509 -8.79006e+08
-162078 346509 1.40939e+09 162078 -346509 -8.78983e+08
-162090 346509 1.40944e+09 162090 -346509 -8.7896e+08
-162103 346509 1.40949e+09 162103 -346509 -8.78938e+08
-162116 346509 1.40954e+09 162116 -346509 -8.78915e+08
-162129 346509 1.40958e+09 162129 -346509 -8.78892e+08
-162141 346509 1.40963e+09 162141 -346509 -8.78869e+08
-162154 346509 1.40968e+09 162154 -346509 -8.78847e+08
-162167 346509 1.40973e+09 162167 -346509 -8.78824e+08
-162180 346509 1.40978e+09 162180 -346509 -8.78801e+08
-162192 346509 1.40983e+09 162192 -346509 -8.78778e+08
-162205 346509 1.40988e+09 162205 -346509 -8.78756e+08
-162218 346509 1.40993e+09 162218 -346509 -8.78733e+08
-162231 346509 1.40998e+09 162231 -346509 -8.7871e+08
-162243 346509 1.41003e+09 162243 -346509 -8.78687e+08
-162256 346509 1.41008e+09 162256 -346509 -8.78665e+08
-162269 346509 1.41013e+09 162269 -346509 -8.78642e+08
-162282 346509 1.41018e+09 162282 -346509 -8.78619e+08
-162294 346509 1.41023e+09 162294 -346509 -8.78596e+08
-162307 346509 1.41028e+09 162307 -346509 -8.78574e+08
-162320 346509 1.41033e+09 162320 -346509 -8.78551e+08
-162333 346509 1.41038e+09 162333 -346509 -8.78528e+08
-162345 346509 1.41042e+09 162345 -346509 -8.78505e+08
-162358 346509 1.41047e+09 162358 -346509 -8.78483e+08
-162371 346509 1.41052e+09 162371 -346509 -8.7846e+08
-162384 346509 1.41057e+09 162384 -346509 -8.78437e+08
-162396 346509 1.41062e+09 162396 -346509 -8.78414e+08
-162409 346509 1.41067e+09 162409 -346509 -8.78392e+08
-162422 346509 1.41072e+09 162422 -346509 -8.78369e+08
-162435 346509 1.41077e+09 162435 -346509 -8.78346e+08
-162447 346509 1.41082e+09 162447 -346509 -8.78323e+08
-162460 346509 1.41087e+09 162460 -346509 -8.78301e+08
-162473 346509 1.41092e+09 162473 -346509 -8.78278e+08
-162486 346509 1.41097e+09 162486 -346509 -8.78255e+08
-162498 346509 1.41102e+09 162498 -346509 -8.78232e+08
-162511 346509 1.41107e+09 162511 -346509 -8.7821e+08
-162524 346509 1.41112e+09 162524 -346509 -8.78187e+08
-162537 346509 1.41117e+09 162537 -346509 -8.78164e+08
-162549 346509 1.41121e+09 162549 -346509 -8.78142e+08
-162562 346509 1.41126e+09 162562 -346509 -8.78119e+08
-162575 346509 1.41131e+09 162575 -346509 -8.78096e+08
-162587 346509 1.41136e+09 162587 -346509 -8.78073e+08
-162600 346509 1.41141e+09 162600 -346509 -8.78051e+08
-162613 346509 1.41146e+09 162613 -346509 -8.78028e+08
-162626 346509 1.41151e+09 162626 -346509 -8.78005e+08
-162638 346509 1.41156e+09 162638 -346509 -8.77982e+08
-162651 346509 1.41161e+09 162651 -346509 -8.7796e+08
-162664 346509 1.41166e+09 162664 -346509 -8.77937e+08
-162677 346509 1.41171e+09 162677 -346509 -8.77914e+08
-162689 346509 1.41176e+09 162689 -346509 -8.77891e+08
-162702 346509 1.41181e+09 162702 -346509 -8.77869e+08
-162715 346509 1.41186e+09 162715 -346509 -8.77846e+08
-162728 346509 1.41191e+09 162728 -346509 -8.77823e+08
-162740 346509 1.41196e+09 162740 -346509 -8.778e+08
-162753 346509 1.41201e+09 162753 -346509 -8.77778e+08
-162766 346509 1.41205e+09 162766 -346509 -8.77755e+08
-162779 346509 1.4121e+09 162779 -346509 -8.77732e+08
-162791 346509 1.41215e+09 162791 -346509 -8.77709e+08
-162804 346509 1.4122e+09 162804 -346509 -8.77687e+08
-162817 346509 1.41225e+09 162817 -346509 -8.77664e+08
-162830 346509 1.4123e+09 162830 -346509 -8.77641e+08
-162842 346509 1.41235e+09 162842 -346509 -8.77618e+08
-162855 346509 1.4124e+09 162855 -346509 -8.77596e+08
-162868 346509 1.41245e+09 162868 -346509 -8.77573e+08
-162881 346509 1.4125e+09 162881 -346509 -8.7755e+08
-162893 346509 1.41255e+09 162893 -346509 -8.77527e+08
-162906 346509 1.4126e+09 162906 -346509 -8.77505e+08
-162919 346509 1.41265e+09 162919 -346509 -8.77482e+08
-162932 346509 1.4127e+09 162932 -346509 -8.77459e+08
-162944 346509 1.41275e+09 162944 -346509 -8.77437e+08
-162957 346509 1.4128e+09 162957 -346509 -8.77414e+08
-162970 346509 1.41285e+09 162970 -346509 -8.77391e+08
-162983 346509 1.41289e+09 162983 -346509 -8.77368e+08
-162995 346509 1.41294e+09 162995 -346509 -8.77346e+08
-163008 346509 1.41299e+09 163008 -346509 -8.77323e+08
-163021 346509 1.41304e+09 163021 -346509 -8.773e+08
-163034 346509 1.41309e+09 163034 -346509 -8.77277e+08
-163046 346509 1.41314e+09 163046 -346509 -8.77255e+08
-163059 346509 1.41319e+09 163059 -346509 -8.77232e+08
-163072 346509 1.41324e+09 163072 -346509 -8.77209e+08
-163085 346509 1.41329e+09 163085 -346509 -8.77186e+08
-163097 346509 1.41334e+09 163097 -346509 -8.77164e+08
-163110 346509 1.41339e+09 163110 -346509 -8.77141e+08
-163123 346509 1.41344e+09 163123 -346509 -8.77118e+08
-163136 346509 1.41349e+09 163136 -346509 -8.77095e+08
-163148 346509 1.41354e+09 163148 -346509 -8.77073e+08
-163161 346509 1.41359e+09 163161 -346509 -8.7705e+08
-163174 346509 1.41364e+09 163174 -346509 -8.77027e+08
-163187 346509 1.41369e+09 163187 -346509 -8.77004e+08
-163199 346509 1.41373e+09 163199 -346509 -8.76982e+08
-163212 346509 1.41378e+09 163212 -346509 -8.76959e+08
-163225 346509 1.41383e+09 163225 -346509 -8.76936e+08
-163238 346509 1.41388e+09 163238 -346509 -8.76913e+08
-163250 346509 1.41393e+09 163250 -346509 -8.76891e+08
-163263 346509 1.41398e+09 163263 -346509 -8.76868e+08
-163276 346509 1.41403e+09 163276 -346509 -8.76845e+08
-163289 346509 1.41408e+09 163289 -346509 -8.76823e+08
-163301 346509 1.41413e+09 163301 -346509 -8.768e+08
-163314 346509 1.41418e+09 163314 -346509 -8.76777e+08
-163327 346509 1.41423e+09 163327 -346509 -8.76754e+08
-163340 346509 1.41428e+09 163340 -346509 -8.76732e+08
-163352 346509 1.41433e+09 163352 -346509 -8.76709e+08
-163365 346509 1.41438e+09 163365 -346509 -8.76686e+08
-163378 346509 1.41443e+09 163378 -346509 -8.76663e+08
-163391 346509 1.41448e+09 163391 -346509 -8.76641e+08
-163403 346509 1.41453e+09 163403 -346509 -8.76618e+08
-163416 346509 1.41457e+09 163416 -346509 -8.76595e+08
-163429 346509 1.41462e+09 163429 -346509 -8.76572e+08
-163442 346509 1.41467e+09 163442 -346509 -8.7655e+08
-163454 346509 1.41472e+09 163454 -346509 -8.76527e+08
-163467 346509 1.41477e+09 163467 -346509 -8.76504e+08
-163480 346509 1.41482e+09 163480 -346509 -8.76482e+08
-163493 346509 1.41487e+09 163493 -346509 -8.76459e+08
-163505 346509 1.41492e+09 163505 -346509 -8.76436e+08
-163518 346509 1.41497e+09 163518 -346509 -8.76413e+08
-163531 346509 1.41502e+09 163531 -346509 -8.76391e+08
-163544 346509 1.41507e+09 163544 -346509 -8.76368e+08
-163556 346509 1.41512e+09 163556 -346509 -8.76345e+08
-163569 346509 1.41517e+09 163569 -346509 -8.76322e+08
-163582 346509 1.41522e+09 163582 -346509 -8.763e+08
-163595 346509 1.41527e+09 163595 -346509 -8.76277e+08
-163607 346509 1.41532e+09 163607 -346509 -8.76254e+08
-163620 346509 1.41537e+09 163620 -346509 -8.76231e+08
-163633 346509 1.41541e+09 163633 -346509 -8.76209e+08
-163646 346509 1.41546e+09 163646 -346509 -8.76186e+08
-163658 346509 1.41551e+09 163658 -346509 -8.76163e+08
-163671 346509 1.41556e+09 163671 -346509 -8.7614e+08
-163684 346509 1.41561e+09 163684 -346509 -8.76118e+08
-163697 346509 1.41566e+09 163697 -346509 -8.76095e+08
-163709 346509 1.41571e+09 163709 -346509 -8.76072e+08
-163722 346509 1.41576e+09 163722 -346509 -8.7605e+08
-163735 346509 1.41581e+09 163735 -346509 -8.76027e+08
-163748 346509 1.41586e+09 163748 -346509 -8.76004e+08
-163760 346509 1.41591e+09 163760 -346509 -8.75981e+08
-163773 346509 1.41596e+09 163773 -346509 -8.75959e+08
-163786 346509 1.41601e+09 163786 -346509 -8.75936e+08
-163799 346509 1.41606e+09 163799 -346509 -8.75913e+08
-163811 346509 1.41611e+09 163811 -346509 -8.7589e+08
-163824 346509 1.41616e+09 163824 -346509 -8.75868e+08
-163837 346509 1.41621e+09 163837 -346509 -8.75845e+08
-163850 346509 1.41626e+09 163850 -346509 -8.75822e+08
-163862 346509 1.4163e+09 163862 -346509 -8.75799e+08
-163875 346509 1.41635e+09 163875 -346509 -8.75777e+08
-163888 346509 1.4164e+09 163888 -346509 -8.75754e+08
-163901 346509 1.41645e+09 163901 -346509 -8.75731e+08
-163913 346509 1.4165e+09 163913 -346509 -8.75709e+08
-163926 346509 1.41655e+09 163926 -346509 -8.75686e+08
-163939 346509 1.4166e+09 163939 -346509 -8.75663e+08
-163952 346509 1.41665e+09 163952 -346509 -8.7564e+08
-163964 346509 1.4167e+09 163964 -346509 -8.75618e+08
-163977 346509 1.41675e+09 163977 -346509 -8.75595e+08
-163990 346509 1.4168e+09 163990 -346509 -8.75572e+08
-164003 346509 1.41685e+09 164003 -346509 -8.75549e+08
-164015 346509 1.4169e+09 164015 -346509 -8.75527e+08
-164028 346509 1.41695e+09 164028 -346509 -8.75504e+08
-164041 346509 1.417e+09 164041 -346509 -8.75481e+08
-164054 346509 1.41705e+09 164054 -346509 -8.75459e+08
-164066 346509 1.4171e+09 164066 -346509 -8.75436e+08
-164079 346509 1.41714e+09 164079 -346509 -8.75413e+08
-164092 346509 1.41719e+09 164092 -346509 -8.7539e+08
-164105 346509 1.41724e+09 164105 -346509 -8.75368e+08
-164117 346509 1.41729e+09 164117 -346509 -8.75345e+08
-164130 346509 1.41734e+09 164130 -346509 -8.75322e+08
-164143 346509 1.41739e+09 164143 -346509 -8.75299e+08
-164156 346509 1.41744e+09 164156 -346509 -8.75277e+08
-164168 346509 1.41749e+09 164168 -346509 -8.75254e+08
-164181 346509 1.41754e+09 164181 -346509 -8.75231e+08
-164194 346509 1.41759e+09 164194 -346509 -8.75208e+08
-164207 346509 1.41764e+09 164207 -346509 -8.75186e+08
-164219 346509 1.41769e+09 164219 -346509 -8.75163e+08
-164232 346509 1.41774e+09 164232 -346509 -8.7514e+08
-164245 346509 1.41779e+09 164245 -346509 -8.75118e+08
-164258 346509 1.41784e+09 164258 -346509 -8.75095e+08
-164271 346509 1.41789e+09 164271 -346509 -8.75072e+08
-164283 346509 1.41794e+09 164283 -346509 -8.75049e+08
-164296 346509 1.41799e+09 164296 -346509 -8.75027e+08
-164309 346509 1.41803e+09 164309 -346509 -8.75004e+08
-164322 346509 1.41808e+09 164322 -346509 -8.74981e+08
-164334 346509 1.41813e+09 164334 -346509 -8.74958e+08
-164347 346509 1.41818e+09 164347 -346509 -8.74936e+08
-164360 346509 1.41823e+09 164360 -346509 -8.74913e+08
-164373 346509 1.41828e+09 164373 -346509 -8.7489e+08
-164385 346509 1.41833e+09 164385 -346509 -8.74868e+08
-164398 346509 1.41838e+09 164398 -346509 -8.74845e+08
-164411 346509 1.41843e+09 164411 -346509 -8.74822e+08
-164424 346509 1.41848e+09 164424 -346509 -8.74799e+08
-164436 346509 1.41853e+09 164436 -346509 -8.74777e+08
-164449 346509 1.41858e+09 164449 -346509 -8.74754e+08
-164462 346509 1.41863e+09 164462 -346509 -8.74731e+08
-164475 346509 1.41868e+09 164475 -346509 -8.74708e+08
-164487 346509 1.41873e+09 164487 -346509 -8.74686e+08
-164500 346509 1.41878e+09 164500 -346509 -8.74663e+08
-164513 346509 1.41883e+09 164513 -346509 -8.7464e+08
-164526 346509 1.41888e+09 164526 -346509 -8.74618e+08
-164538 346509 1.41892e+09 164538 -346509 -8.74595e+08
-164551 346509 1.41897e+09 164551 -346509 -8.74572e+08
-164564 346509 1.41902e+09 164564 -346509 -8.74549e+08
-164577 346509 1.41907e+09 164577 -346509 -8.74527e+08
-164589 346509 1.41912e+09 164589 -346509 -8.74504e+08
-164602 346509 1.41917e+09 164602 -346509 -8.74481e+08
-164615 346509 1.41922e+09 164615 -346509 -8.74458e+08
-164628 346509 1.41927e+09 164628 -346509 -8.74436e+08
-164640 346509 1.41932e+09 164640 -346509 -8.74413e+08
-164653 346509 1.41937e+09 164653 -346509 -8.7439e+08
-164666 346509 1.41942e+09 164666 -346509 -8.74367e+08
-164679 346509 1.41947e+09 164679 -346509 -8.74345e+08
-164691 346509 1.41952e+09 164691 -346509 -8.74322e+08
-164704 346509 1.41957e+09 164704 -346509 -8.74299e+08
-164717 346509 1.41962e+09 164717 -346509 -8.74277e+08
-164730 346509 1.41967e+09 164730 -346509 -8.74254e+08
-164742 346509 1.41972e+09 164742 -346509 -8.74231e+08
-164755 346509 1.41977e+09 164755 -346509 -8.74208e+08
-164768 346509 1.41981e+09 164768 -346509 -8.74186e+08
-164781 346509 1.41986e+09 164781 -346509 -8.74163e+08
-164794 346509 1.41991e+09 164794 -346509 -8.7414e+08
-164806 346509 1.41996e+09 164806 -346509 -8.74118e+08
-164819 346509 1.42001e+09 164819 -346509 -8.74095e+08
-164832 346509 1.42006e+09 164832 -346509 -8.74072e+08
-164845 346509 1.42011e+09 164845 -346509 -8.74049e+08
-164857 346509 1.42016e+09 164857 -346509 -8.74027e+08
-164870 346509 1.42021e+09 164870 -346509 -8.74004e+08
-164883 346509 1.42026e+09 164883 -346509 -8.73981e+08
-164896 346509 1.42031e+09 164896 -346509 -8.73958e+08
-164908 346509 1.42036e+09 164908 -346509 -8.73936e+08
-164921 346509 1.42041e+09 164921 -346509 -8.73913e+08
-164934 346509 1.42046e+09 164934 -346509 -8.7389e+08
-164947 346509 1.42051e+09 164947 -346509 -8.73868e+08
-164959 346509 1.42056e+09 164959 -346509 -8.73845e+08
-164972 346509 1.42061e+09 164972 -346509 -8.73822e+08
-164985 346509 1.42066e+09 164985 -346509 -8.73799e+08
-164998 346509 1.4207e+09 164998 -346509 -8.73777e+08
-165010 346509 1.42075e+09 165010 -346509 -8.73754e+08
-165023 346509 1.4208e+09 165023 -346509 -8.73731e+08
-165036 346509 1.42085e+09 165036 -346509 -8.73708e+08
-165049 346509 1.4209e+09 165049 -346509 -8.73686e+08
-165061 346509 1.42095e+09 165061 -346509 -8.73663e+08
-165074 346509 1.421e+09 165074 -346509 -8.7364e+08
-165087 346509 1.42105e+09 165087 -346509 -8.73618e+08
-165100 346509 1.4211e+09 165100 -346509 -8.73595e+08
-165112 346509 1.42115e+09 165112 -346509 -8.73572e+08
-165125 346509 1.4212e+09 165125 -346509 -8.73549e+08
-165138 346509 1.42125e+09 165138 -346509 -8.73527e+08
-165151 346509 1.4213e+09 165151 -346509 -8.73504e+08
-165163 346509 1.42135e+09 165163 -346509 -8.73481e+08
-165176 346509 1.4214e+09 165176 -346509 -8.73459e+08
-165189 346509 1.42145e+09 165189 -346509 -8.73436e+08
-165202 346509 1.4215e+09 165202 -346509 -8.73413e+08
-165215 346509 1.42155e+09 165215 -346509 -8.7339e+08
-165227 346509 1.4216e+09 165227 -346509 -8.73368e+08
-165240 346509 1.42164e+09 165240 -346509 -8.73345e+08
-165253 346509 1.42169e+09 165253 -346509 -8.73322e+08
-165266 346509 1.42174e+09 165266 -346509 -8.733e+08
-165278 346509 1.42179e+09 165278 -346509 -8.73277e+08
-165291 346509 1.42184e+09 165291 -346509 -8.73254e+08
-165304 346509 1.42189e+09 165304 -346509 -8.73231e+08
-165317 346509 1.42194e+09 165317 -346509 -8.73209e+08
-165329 346509 1.42199e+09 165329 -346509 -8.73186e+08
-165342 346509 1.42204e+09 165342 -346509 -8.73163e+08
-165355 346509 1.42209e+09 165355 -346509 -8.7314e+08
-165368 346509 1.42214e+09 165368 -346509 -8.73118e+08
-165380 346509 1.42219e+09 165380 -346509 -8.73095e+08
-165393 346509 1.42224e+09 165393 -346509 -8.73072e+08
-165406 346509 1.42229e+09 165406 -346509 -8.7305e+08
-165419 346509 1.42234e+09 165419 -346509 -8.73027e+08
-165431 346509 1.42239e+09 165431 -346509 -8.73004e+08
-165444 346509 1.42244e+09 165444 -346509 -8.72981e+08
-165457 346509 1.42249e+09 165457 -346509 -8.72959e+08
-165470 346509 1.42254e+09 165470 -346509 -8.72936e+08
-165483 346509 1.42258e+09 165483 -346509 -8.72913e+08
-165495 346509 1.42263e+09 165495 -346509 -8.7289e+08
-165508 346509 1.42268e+09 165508 -346509 -8.72868e+08
-165521 346509 1.42273e+09 165521 -346509 -8.72845e+08
-165534 346509 1.42278e+09 165534 -346509 -8.72822e+08
-165546 346509 1.42283e+09 165546 -346509 -8.728e+08
-165559 346509 1.42288e+09 165559 -346509 -8.72777e+08
-165572 346509 1.42293e+09 165572 -346509 -8.72754e+08
-165585 346509 1.42298e+09 165585 -346509 -8.72731e+08
-165597 346509 1.42303e+09 165597 -346509 -8.72709e+08
-165610 346509 1.42308e+09 165610 -346509 -8.72686e+08
-165623 346509 1.42313e+09 165623 -346509 -8.72663e+08
-165636 346509 1.42318e+09 165636 -346509 -8.72641e+08
-165648 346509 1.42323e+09 165648 -346509 -8.72618e+08
-165661 346509 1.42328e+09 165661 -346509 -8.72595e+08
-165674 346509 1.42333e+09 165674 -346509 -8.72572e+08
-165687 346509 1.42338e+09 165687 -346509 -8.7255e+08
-165699 346509 1.42343e+09 165699 -346509 -8.72527e+08
-165712 346509 1.42348e+09 165712 -346509 -8.72504e+08
-165725 346509 1.42352e+09 165725 -346509 -8.72482e+08
-165738 346509 1.42357e+09 165738 -346509 -8.72459e+08
-165751 346509 1.42362e+09 165751 -346509 -8.72436e+08
-165763 346509 1.42367e+09 165763 -346509 -8.72413e+08
-165776 346509 1.42372e+09 165776 -346509 -8.72391e+08
-165789 346509 1.42377e+09 165789 -346509 -8.72368e+08
-165802 346509 1.42382e+09 165802 -346509 -8.72345e+08
-165814 346509 1.42387e+09 165814 -346509 -8.72323e+08
-165827 346509 1.42392e+09 165827 -346509 -8.723e+08
-165840 346509 1.42397e+09 165840 -346509 -8.72277e+08
-165853 346509 1.42402e+09 165853 -346509 -8.72254e+08
-165865 346509 1.42407e+09 165865 -346509 -8.72232e+08
-165878 346509 1.42412e+09 165878 -346509 -8.72209e+08
-165891 346509 1.42417e+09 165891 -346509 -8.72186e+08
-165904 346509 1.42422e+09 165904 -346509 -8.72164e+08
-165916 346509 1.42427e+09 165916 -346509 -8.72141e+08
-165929 346509 1.42432e+09 165929 -346509 -8.72118e+08
-165942 346509 1.42437e+09 165942 -346509 -8.72095e+08
-165955 346509 1.42442e+09 165955 -346509 -8.72073e+08
-165967 346509 1.42446e+09 165967 -346509 -8.7205e+08
-165980 346509 1.42451e+09 165980 -346509 -8.72027e+08
-165993 346509 1.42456e+09 165993 -346509 -8.72004e+08
-166006 346509 1.42461e+09 166006 -346509 -8.71982e+08
-166019 346509 1.42466e+09 166019 -346509 -8.71959e+08
-166031 346509 1.42471e+09 166031 -346509 -8.71936e+08
-166044 346509 1.42476e+09 166044 -346509 -8.71914e+08
-166057 346509 1.42481e+09 166057 -346509 -8.71891e+08
-166070 346509 1.42486e+09 166070 -346509 -8.71868e+08
-166082 346509 1.42491e+09 166082 -346509 -8.71845e+08
-166095 346509 1.42496e+09 166095 -346509 -8.71823e+08
-166108 346509 1.42501e+09 166108 -346509 -8.718e+08
-166121 346509 1.42506e+09 166121 -346509 -8.71777e+08
-166133 346509 1.42511e+09 166133 -346509 -8.71755e+08
-166146 346509 1.42516e+09 166146 -346509 -8.71732e+08
-166159 346509 1.42521e+09 166159 -346509 -8.71709e+08
-166172 346509 1.42526e+09 166172 -346509 -8.71686e+08
-166184 346509 1.42531e+09 166184 -346509 -8.71664e+08
-166197 346509 1.42536e+09 166197 -346509 -8.71641e+08
-166210 346509 1.4254e+09 166210 -346509 -8.71618e+08
-166223 346509 1.42545e+09 166223 -346509 -8.71596e+08
-166236 346509 1.4255e+09 166236 -346509 -8.71573e+08
-166248 346509 1.42555e+09 166248 -346509 -8.7155e+08
-166261 346509 1.4256e+09 166261 -346509 -8.71527e+08
-166274 346509 1.42565e+09 166274 -346509 -8.71505e+08
-166287 346509 1.4257e+09 166287 -346509 -8.71482e+08
-166299 346509 1.42575e+09 166299 -346509 -8.71459e+08
-166312 346509 1.4258e+09 166312 -346509 -8.71437e+08
-166325 346509 1.42585e+09 166325 -346509 -8.71414e+08
-166338 346509 1.4259e+09 166338 -346509 -8.71391e+08
-166350 346509 1.42595e+09 166350 -346509 -8.71369e+08
-166363 346509 1.426e+09 166363 -346509 -8.71346e+08
-166376 346509 1.42605e+09 166376 -346509 -8.71323e+08
-166389 346509 1.4261e+09 166389 -346509 -8.713e+08
-166401 346509 1.42615e+09 166401 -346509 -8.71278e+08
-166414 346509 1.4262e+09 166414 -346509 -8.71255e+08
-166427 346509 1.42625e+09 166427 -346509 -8.71232e+08
-166440 346509 1.4263e+09 166440 -346509 -8.71209e+08
-166453 346509 1.42635e+09 166453 -346509 -8.71187e+08
-166465 346509 1.42639e+09 166465 -346509 -8.71164e+08
-166478 346509 1.42644e+09 166478 -346509 -8.71141e+08
-166491 346509 1.42649e+09 166491 -346509 -8.71119e+08
-166504 346509 1.42654e+09 166504 -346509 -8.71096e+08
-166516 346509 1.42659e+09 166516 -346509 -8.71073e+08
-166529 346509 1.42664e+09 166529 -346509 -8.71051e+08
-166542 346509 1.42669e+09 166542 -346509 -8.71028e+08
-166555 346509 1.42674e+09 166555 -346509 -8.71005e+08
-166567 346509 1.42679e+09 166567 -346509 -8.70982e+08
-166580 346509 1.42684e+09 166580 -346509 -8.7096e+08
-166593 346509 1.42689e+09 166593 -346509 -8.70937e+08
-166606 346509 1.42694e+09 166606 -346509 -8.70914e+08
-166619 346509 1.42699e+09 166619 -346509 -8.70892e+08
-166631 346509 1.42704e+09 166631 -346509 -8.70869e+08
-166644 346509 1.42709e+09 166644 -346509 -8.70846e+08
-166657 346509 1.42714e+09 166657 -346509 -8.70823e+08
-166670 346509 1.42719e+09 166670 -346509 -8.70801e+08
-166682 346509 1.42724e+09 166682 -346509 -8.70778e+08
-166695 346509 1.42729e+09 166695 -346509 -8.70755e+08
-166708 346509 1.42733e+09 166708 -346509 -8.70733e+08
-166721 346509 1.42738e+09 166721 -346509 -8.7071e+08
-166733 346509 1.42743e+09 166733 -346509 -8.70687e+08
-166746 346509 1.42748e+09 166746 -346509 -8.70664e+08
-166759 346509 1.42753e+09 166759 -346509 -8.70642e+08
-166772 346509 1.42758e+09 166772 -346509 -8.70619e+08
-166785 346509 1.42763e+09 166785 -346509 -8.70596e+08
-166797 346509 1.42768e+09 166797 -346509 -8.70574e+08
-166810 346509 1.42773e+09 166810 -346509 -8.70551e+08
-166823 346509 1.42778e+09 166823 -346509 -8.70528e+08
-166836 346509 1.42783e+09 166836 -346509 -8.70505e+08
-166848 346509 1.42788e+09 166848 -346509 -8.70483e+08
-166861 346509 1.42793e+09 166861 -346509 -8.7046e+08
-166874 346509 1.42798e+09 166874 -346509 -8.70437e+08
-166887 346509 1.42803e+09 166887 -346509 -8.70415e+08
-166899 346509 1.42808e+09 166899 -346509 -8.70392e+08
-166912 346509 1.42813e+09 166912 -346509 -8.70369e+08
-166925 346509 1.42818e+09 166925 -346509 -8.70346e+08
-166938 346509 1.42823e+09 166938 -346509 -8.70324e+08
-166950 346509 1.42828e+09 166950 -346509 -8.70301e+08
-166963 346509 1.42832e+09 166963 -346509 -8.70278e+08
-166976 346509 1.42837e+09 166976 -346509 -8.70256e+08
-166989 346509 1.42842e+09 166989 -346509 -8.70233e+08
-167002 346509 1.42847e+09 167002 -346509 -8.7021e+08
-167014 346509 1.42852e+09 167014 -346509 -8.70188e+08
-167027 346509 1.42857e+09 167027 -346509 -8.70165e+08
-167040 346509 1.42862e+09 167040 -346509 -8.70142e+08
-167053 346509 1.42867e+09 167053 -346509 -8.70119e+08
-167065 346509 1.42872e+09 167065 -346509 -8.70097e+08
-167078 346509 1.42877e+09 167078 -346509 -8.70074e+08
-167091 346509 1.42882e+09 167091 -346509 -8.70051e+08
-167104 346509 1.42887e+09 167104 -346509 -8.70029e+08
-167117 346509 1.42892e+09 167117 -346509 -8.70006e+08
-167129 346509 1.42897e+09 167129 -346509 -8.69983e+08
-167142 346509 1.42902e+09 167142 -346509 -8.6996e+08
-167155 346509 1.42907e+09 167155 -346509 -8.69938e+08
-167168 346509 1.42912e+09 167168 -346509 -8.69915e+08
-167180 346509 1.42917e+09 167180 -346509 -8.69892e+08
-167193 346509 1.42922e+09 167193 -346509 -8.6987e+08
-167206 346509 1.42927e+09 167206 -346509 -8.69847e+08
-167219 346509 1.42932e+09 167219 -346509 -8.69824e+08
-167231 346509 1.42936e+09 167231 -346509 -8.69802e+08
-167244 346509 1.42941e+09 167244 -346509 -8.69779e+08
-167257 346509 1.42946e+09 167257 -346509 -8.69756e+08
-167270 346509 1.42951e+09 167270 -346509 -8.69733e+08
-167283 346509 1.42956e+09 167283 -346509 -8.69711e+08
-167295 346509 1.42961e+09 167295 -346509 -8.69688e+08
-167308 346509 1.42966e+09 167308 -346509 -8.69665e+08
-167321 346509 1.42971e+09 167321 -346509 -8.69643e+08
-167334 346509 1.42976e+09 167334 -346509 -8.6962e+08
-167346 346509 1.42981e+09 167346 -346509 -8.69597e+08
-167359 346509 1.42986e+09 167359 -346509 -8.69574e+08
-167372 346509 1.42991e+09 167372 -346509 -8.69552e+08
-167385 346509 1.42996e+09 167385 -346509 -8.69529e+08
-167397 346509 1.43001e+09 167397 -346509 -8.69506e+08
-167410 346509 1.43006e+09 167410 -346509 -8.69484e+08
-167423 346509 1.43011e+09 167423 -346509 -8.69461e+08
-167436 346509 1.43016e+09 167436 -346509 -8.69438e+08
-167449 346509 1.43021e+09 167449 -346509 -8.69416e+08
-167461 346509 1.43026e+09 167461 -346509 -8.69393e+08
-167474 346509 1.43031e+09 167474 -346509 -8.6937e+08
-167487 346509 1.43035e+09 167487 -346509 -8.69347e+08
-167500 346509 1.4304e+09 167500 -346509 -8.69325e+08
-167512 346509 1.43045e+09 167512 -346509 -8.69302e+08
-167525 346509 1.4305e+09 167525 -346509 -8.69279e+08
-167538 346509 1.43055e+09 167538 -346509 -8.69257e+08
-167551 346509 1.4306e+09 167551 -346509 -8.69234e+08
-167563 346509 1.43065e+09 167563 -346509 -8.69211e+08
-167576 346509 1.4307e+09 167576 -346509 -8.69188e+08
-167589 346509 1.43075e+09 167589 -346509 -8.69166e+08
-167602 346509 1.4308e+09 167602 -346509 -8.69143e+08
-167615 346509 1.43085e+09 167615 -346509 -8.6912e+08
-167627 346509 1.4309e+09 167627 -346509 -8.69098e+08
-167640 346509 1.43095e+09 167640 -346509 -8.69075e+08
-167653 346509 1.431e+09 167653 -346509 -8.69052e+08
-167666 346509 1.43105e+09 167666 -346509 -8.6903e+08
-167678 346509 1.4311e+09 167678 -346509 -8.69007e+08
-167691 346509 1.43115e+09 167691 -346509 -8.68984e+08
-167704 346509 1.4312e+09 167704 -346509 -8.68961e+08
-167717 346509 1.43125e+09 167717 -346509 -8.68939e+08
-167730 346509 1.4313e+09 167730 -346509 -8.68916e+08
-167742 346509 1.43135e+09 167742 -346509 -8.68893e+08
-167755 346509 1.43139e+09 167755 -346509 -8.68871e+08
-167768 346509 1.43144e+09 167768 -346509 -8.68848e+08
-167781 346509 1.43149e+09 167781 -346509 -8.68825e+08
-167793 346509 1.43154e+09 167793 -346509 -8.68803e+08
-167806 346509 1.43159e+09 167806 -346509 -8.6878e+08
-167819 346509 1.43164e+09 167819 -346509 -8.68757e+08
-167832 346509 1.43169e+09 167832 -346509 -8.68734e+08
-167845 346509 1.43174e+09 167845 -346509 -8.68712e+08
-167857 346509 1.43179e+09 167857 -346509 -8.68689e+08
-167870 346509 1.43184e+09 167870 -346509 -8.68666e+08
-167883 346509 1.43189e+09 167883 -346509 -8.68644e+08
-167896 346509 1.43194e+09 167896 -346509 -8.68621e+08
-167908 346509 1.43199e+09 167908 -346509 -8.68598e+08
-167921 346509 1.43204e+09 167921 -346509 -8.68576e+08
-167934 346509 1.43209e+09 167934 -346509 -8.68553e+08
-167947 346509 1.43214e+09 167947 -346509 -8.6853e+08
-167959 346509 1.43219e+09 167959 -346509 -8.68507e+08
-167972 346509 1.43224e+09 167972 -346509 -8.68485e+08
-167985 346509 1.43229e+09 167985 -346509 -8.68462e+08
-167998 346509 1.43234e+09 167998 -346509 -8.68439e+08
-168011 346509 1.43239e+09 168011 -346509 -8.68417e+08
-168023 346509 1.43243e+09 168023 -346509 -8.68394e+08
-168036 346509 1.43248e+09 168036 -346509 -8.68371e+08
-168049 346509 1.43253e+09 168049 -346509 -8.68349e+08
-168062 346509 1.43258e+09 168062 -346509 -8.68326e+08
-168074 346509 1.43263e+09 168074 -346509 -8.68303e+08
-168087 346509 1.43268e+09 168087 -346509 -8.6828e+08
-168100 346509 1.43273e+09 168100 -346509 -8.68258e+08
-168113 346509 1.43278e+09 168113 -346509 -8.68235e+08
-168126 346509 1.43283e+09 168126 -346509 -8.68212e+08
-168138 346509 1.43288e+09 168138 -346509 -8.6819e+08
-168151 346509 1.43293e+09 168151 -346509 -8.68167e+08
-168164 346509 1.43298e+09 168164 -346509 -8.68144e+08
-168177 346509 1.43303e+09 168177 -346509 -8.68122e+08
-168189 346509 1.43308e+09 168189 -346509 -8.68099e+08
-168202 346509 1.43313e+09 168202 -346509 -8.68076e+08
-168215 346509 1.43318e+09 168215 -346509 -8.68053e+08
-168228 346509 1.43323e+09 168228 -346509 -8.68031e+08
-168241 346509 1.43328e+09 168241 -346509 -8.68008e+08
-168253 346509 1.43333e+09 168253 -346509 -8.67985e+08
-168266 346509 1.43338e+09 168266 -346509 -8.67963e+08
-168279 346509 1.43343e+09 168279 -346509 -8.6794e+08
-168292 346509 1.43347e+09 168292 -346509 -8.67917e+08
-168304 346509 1.43352e+09 168304 -346509 -8.67895e+08
-168317 346509 1.43357e+09 168317 -346509 -8.67872e+08
-168330 346509 1.43362e+09 168330 -346509 -8.67849e+08
-168343 346509 1.43367e+09 168343 -346509 -8.67826e+08
-168356 346509 1.43372e+09 168356 -346509 -8.67804e+08
-168368 346509 1.43377e+09 168368 -346509 -8.67781e+08
-168381 346509 1.43382e+09 168381 -346509 -8.67758e+08
-168394 346509 1.43387e+09 168394 -346509 -8.67736e+08
-168407 346509 1.43392e+09 168407 -346509 -8.67713e+08
-168419 346509 1.43397e+09 168419 -346509 -8.6769e+08
-168432 346509 1.43402e+09 168432 -346509 -8.67668e+08
-168445 346509 1.43407e+09 168445 -346509 -8.67645e+08
-168458 346509 1.43412e+09 168458 -346509 -8.67622e+08
-168471 346509 1.43417e+09 168471 -346509 -8.67599e+08
-168483 346509 1.43422e+09 168483 -346509 -8.67577e+08
-168496 346509 1.43427e+09 168496 -346509 -8.67554e+08
-168509 346509 1.43432e+09 168509 -346509 -8.67531e+08
-168522 346509 1.43437e+09 168522 -346509 -8.67509e+08
-168534 346509 1.43442e+09 168534 -346509 -8.67486e+08
-168547 346509 1.43447e+09 168547 -346509 -8.67463e+08
-168560 346509 1.43452e+09 168560 -346509 -8.67441e+08
-168573 346509 1.43456e+09 168573 -346509 -8.67418e+08
-168586 346509 1.43461e+09 168586 -346509 -8.67395e+08
-168598 346509 1.43466e+09 168598 -346509 -8.67373e+08
-168611 346509 1.43471e+09 168611 -346509 -8.6735e+08
-168624 346509 1.43476e+09 168624 -346509 -8.67327e+08
-168637 346509 1.43481e+09 168637 -346509 -8.67304e+08
-168649 346509 1.43486e+09 168649 -346509 -8.67282e+08
-168662 346509 1.43491e+09 168662 -346509 -8.67259e+08
-168675 346509 1.43496e+09 168675 -346509 -8.67236e+08
-168688 346509 1.43501e+09 168688 -346509 -8.67214e+08
-168701 346509 1.43506e+09 168701 -346509 -8.67191e+08
-168713 346509 1.43511e+09 168713 -346509 -8.67168e+08
-168726 346509 1.43516e+09 168726 -346509 -8.67146e+08
-168739 346509 1.43521e+09 168739 -346509 -8.67123e+08
-168752 346509 1.43526e+09 168752 -346509 -8.671e+08
-168764 346509 1.43531e+09 168764 -346509 -8.67077e+08
-168777 346509 1.43536e+09 168777 -346509 -8.67055e+08
-168790 346509 1.43541e+09 168790 -346509 -8.67032e+08
-168803 346509 1.43546e+09 168803 -346509 -8.67009e+08
-168816 346509 1.43551e+09 168816 -346509 -8.66987e+08
-168828 346509 1.43556e+09 168828 -346509 -8.66964e+08
-168841 346509 1.43561e+09 168841 -346509 -8.66941e+08
-168854 346509 1.43565e+09 168854 -346509 -8.66919e+08
-168867 346509 1.4357e+09 168867 -346509 -8.66896e+08
-168879 346509 1.43575e+09 168879 -346509 -8.66873e+08
-168892 346509 1.4358e+09 168892 -346509 -8.66851e+08
-168905 346509 1.43585e+09 168905 -346509 -8.66828e+08
-168918 346509 1.4359e+09 168918 -346509 -8.66805e+08
-168931 346509 1.43595e+09 168931 -346509 -8.66782e+08
-168943 346509 1.436e+09 168943 -346509 -8.6676e+08
-168956 346509 1.43605e+09 168956 -346509 -8.66737e+08
-168969 346509 1.4361e+09 168969 -346509 -8.66714e+08
-168982 346509 1.43615e+09 168982 -346509 -8.66692e+08
-168994 346509 1.4362e+09 168994 -346509 -8.66669e+08
-169007 346509 1.43625e+09 169007 -346509 -8.66646e+08
-169020 346509 1.4363e+09 169020 -346509 -8.66624e+08
-169033 346509 1.43635e+09 169033 -346509 -8.66601e+08
-169046 346509 1.4364e+09 169046 -346509 -8.66578e+08
-169058 346509 1.43645e+09 169058 -346509 -8.66556e+08
-169071 346509 1.4365e+09 169071 -346509 -8.66533e+08
-169084 346509 1.43655e+09 169084 -346509 -8.6651e+08
-169097 346509 1.4366e+09 169097 -346509 -8.66487e+08
-169109 346509 1.43665e+09 169109 -346509 -8.66465e+08
-169122 346509 1.4367e+09 169122 -346509 -8.66442e+08
-169135 346509 1.43675e+09 169135 -346509 -8.66419e+08
-169148 346509 1.43679e+09 169148 -346509 -8.66397e+08
-169161 346509 1.43684e+09 169161 -346509 -8.66374e+08
-169173 346509 1.43689e+09 169173 -346509 -8.66351e+08
-169186 346509 1.43694e+09 169186 -346509 -8.66329e+08
-169199 346509 1.43699e+09 169199 -346509 -8.66306e+08
-169212 346509 1.43704e+09 169212 -346509 -8.66283e+08
-169224 346509 1.43709e+09 169224 -346509 -8.66261e+08
-169237 346509 1.43714e+09 169237 -346509 -8.66238e+08
-169250 346509 1.43719e+09 169250 -346509 -8.66215e+08
-169263 346509 1.43724e+09 169263 -346509 -8.66192e+08
-169276 346509 1.43729e+09 169276 -346509 -8.6617e+08
-169288 346509 1.43734e+09 169288 -346509 -8.66147e+08
-169301 346509 1.43739e+09 169301 -346509 -8.66124e+08
-169314 346509 1.43744e+09 169314 -346509 -8.66102e+08
-169327 346509 1.43749e+09 169327 -346509 -8.66079e+08
-169340 346509 1.43754e+09 169340 -346509 -8.66056e+08
-169352 346509 1.43759e+09 169352 -346509 -8.66034e+08
-169365 346509 1.43764e+09 169365 -346509 -8.66011e+08
-169378 346509 1.43769e+09 169378 -346509 -8.65988e+08
-169391 346509 1.43774e+09 169391 -346509 -8.65966e+08
-169403 346509 1.43779e+09 169403 -346509 -8.65943e+08
-169416 346509 1.43784e+09 169416 -346509 -8.6592e+08
-169429 346509 1.43788e+09 169429 -346509 -8.65898e+08
-169442 346509 1.43793e+09 169442 -346509 -8.65875e+08
-169455 346509 1.43798e+09 169455 -346509 -8.65852e+08
-169467 346509 1.43803e+09 169467 -346509 -8.65829e+08
-169480 346509 1.43808e+09 169480 -346509 -8.65807e+08
-169493 346509 1.43813e+09 169493 -346509 -8.65784e+08
-169506 346509 1.43818e+09 169506 -346509 -8.65761e+08
-169518 346509 1.43823e+09 169518 -346509 -8.65739e+08
-169531 346509 1.43828e+09 169531 -346509 -8.65716e+08
-169544 346509 1.43833e+09 169544 -346509 -8.65693e+08
-169557 346509 1.43838e+09 169557 -346509 -8.65671e+08
-169570 346509 1.43843e+09 169570 -346509 -8.65648e+08
-169582 346509 1.43848e+09 169582 -346509 -8.65625e+08
-169595 346509 1.43853e+09 169595 -346509 -8.65603e+08
-169608 346509 1.43858e+09 169608 -346509 -8.6558e+08
-169621 346509 1.43863e+09 169621 -346509 -8.65557e+08
-169634 346509 1.43868e+09 169634 -346509 -8.65534e+08
-169646 346509 1.43873e+09 169646 -346509 -8.65512e+08
-169659 346509 1.43878e+09 169659 -346509 -8.65489e+08
-169672 346509 1.43883e+09 169672 -346509 -8.65466e+08
-169685 346509 1.43888e+09 169685 -346509 -8.65444e+08
-169697 346509 1.43893e+09 169697 -346509 -8.65421e+08
-169710 346509 1.43898e+09 169710 -346509 -8.65398e+08
-169723 346509 1.43902e+09 169723 -346509 -8.65376e+08
-169736 346509 1.43907e+09 169736 -346509 -8.65353e+08
-169749 346509 1.43912e+09 169749 -346509 -8.6533e+08
-169761 346509 1.43917e+09 169761 -346509 -8.65308e+08
-169774 346509 1.43922e+09 169774 -346509 -8.65285e+08
-169787 346509 1.43927e+09 169787 -346509 -8.65262e+08
-169800 346509 1.43932e+09 169800 -346509 -8.6524e+08
-169813 346509 1.43937e+09 169813 -346509 -8.65217e+08
-169825 346509 1.43942e+09 169825 -346509 -8.65194e+08
-169838 346509 1.43947e+09 169838 -346509 -8.65172e+08
-169851 346509 1.43952e+09 169851 -346509 -8.65149e+08
-169864 346509 1.43957e+09 169864 -346509 -8.65126e+08
-169876 346509 1.43962e+09 169876 -346509 -8.65103e+08
-169889 346509 1.43967e+09 169889 -346509 -8.65081e+08
-169902 346509 1.43972e+09 169902 -346509 -8.65058e+08
-169915 346509 1.43977e+09 169915 -346509 -8.65035e+08
-169928 346509 1.43982e+09 169928 -346509 -8.65013e+08
-169940 346509 1.43987e+09 169940 -346509 -8.6499e+08
-169953 346509 1.43992e+09 169953 -346509 -8.64967e+08
-169966 346509 1.43997e+09 169966 -346509 -8.64945e+08
-169979 346509 1.44002e+09 169979 -346509 -8.64922e+08
-169991 346509 1.44007e+09 169991 -346509 -8.64899e+08
-170004 346509 1.44012e+09 170004 -346509 -8.64877e+08
-170017 346509 1.44017e+09 170017 -346509 -8.64854e+08
-170030 346509 1.44021e+09 170030 -346509 -8.64831e+08
-170043 346509 1.44026e+09 170043 -346509 -8.64809e+08
-170055 346509 1.44031e+09 170055 -346509 -8.64786e+08
-170068 346509 1.44036e+09 170068 -346509 -8.64763e+08
-170081 346509 1.44041e+09 170081 -346509 -8.6474e+08
-170094 346509 1.44046e+09 170094 -346509 -8.64718e+08
-170107 346509 1.44051e+09 170107 -346509 -8.64695e+08
-170119 346509 1.44056e+09 170119 -346509 -8.64672e+08
-170132 346509 1.44061e+09 170132 -346509 -8.6465e+08
-170145 346509 1.44066e+09 170145 -346509 -8.64627e+08
-170158 346509 1.44071e+09 170158 -346509 -8.64604e+08
-170170 346509 1.44076e+09 170170 -346509 -8.64582e+08
-170183 346509 1.44081e+09 170183 -346509 -8.64559e+08
-170196 346509 1.44086e+09 170196 -346509 -8.64536e+08
-170209 346509 1.44091e+09 170209 -346509 -8.64514e+08
-170222 346509 1.44096e+09 170222 -346509 -8.64491e+08
-170234 346509 1.44101e+09 170234 -346509 -8.64468e+08
-170247 346509 1.44106e+09 170247 -346509 -8.64446e+08
-170260 346509 1.44111e+09 170260 -346509 -8.64423e+08
-170273 346509 1.44116e+09 170273 -346509 -8.644e+08
-170286 346509 1.44121e+09 170286 -346509 -8.64378e+08
-170298 346509 1.44126e+09 170298 -346509 -8.64355e+08
-170311 346509 1.44131e+09 170311 -346509 -8.64332e+08
-170324 346509 1.44136e+09 170324 -346509 -8.6431e+08
-170337 346509 1.4414e+09 170337 -346509 -8.64287e+08
-170350 346509 1.44145e+09 170350 -346509 -8.64264e+08
-170362 346509 1.4415e+09 170362 -346509 -8.64241e+08
-170375 346509 1.44155e+09 170375 -346509 -8.64219e+08
-170388 346509 1.4416e+09 170388 -346509 -8.64196e+08
-170401 346509 1.44165e+09 170401 -346509 -8.64173e+08
-170413 346509 1.4417e+09 170413 -346509 -8.64151e+08
-170426 346509 1.44175e+09 170426 -346509 -8.64128e+08
-170439 346509 1.4418e+09 170439 -346509 -8.64105e+08
-170452 346509 1.44185e+09 170452 -346509 -8.64083e+08
-170465 346509 1.4419e+09 170465 -346509 -8.6406e+08
-170477 346509 1.44195e+09 170477 -346509 -8.64037e+08
-170490 346509 1.442e+09 170490 -346509 -8.64015e+08
-170503 346509 1.44205e+09 170503 -346509 -8.63992e+08
-170516 346509 1.4421e+09 170516 -346509 -8.63969e+08
-170529 346509 1.44215e+09 170529 -346509 -8.63947e+08
-170541 346509 1.4422e+09 170541 -346509 -8.63924e+08
-170554 346509 1.44225e+09 170554 -346509 -8.63901e+08
-170567 346509 1.4423e+09 170567 -346509 -8.63879e+08
-170580 346509 1.44235e+09 170580 -346509 -8.63856e+08
-170592 346509 1.4424e+09 170592 -346509 -8.63833e+08
-170570 346509 1.44227e+09 170570 -346509 -8.63738e+08
-170455 346509 1.44167e+09 170455 -346509 -8.63453e+08
-170340 346509 1.44107e+09 170340 -346509 -8.63168e+08
-170226 346509 1.44048e+09 170226 -346509 -8.62883e+08
-170111 346509 1.43988e+09 170111 -346509 -8.62598e+08
-169996 346509 1.43929e+09 169996 -346509 -8.62313e+08
-169881 346509 1.43869e+09 169881 -346509 -8.62028e+08
-169767 346509 1.43809e+09 169767 -346509 -8.61743e+08
-169652 346509 1.4375e+09 169652 -346509 -8.61459e+08
-169537 346509 1.4369e+09 169537 -346509 -8.61174e+08
-169422 346509 1.43631e+09 169422 -346509 -8.60889e+08
-169307 346509 1.43571e+09 169307 -346509 -8.60604e+08
-169193 346509 1.43511e+09 169193 -346509 -8.60319e+08
-169078 346509 1.43452e+09 169078 -346509 -8.60034e+08
-168963 346509 1.43392e+09 168963 -346509 -8.59749e+08
-168848 346509 1.43332e+09 168848 -346509 -8.59464e+08
-168734 346509 1.43273e+09 168734 -346509 -8.59179e+08
-168619 346509 1.43213e+09 168619 -346509 -8.58894e+08
-168504 346509 1.43154e+09 168504 -346509 -8.5861e+08
-168389 346509 1.43094e+09 168389 -346509 -8.58325e+08
-168275 346509 1.43034e+09 168275 -346509 -8.5804e+08
-168160 346509 1.42975e+09 168160 -346509 -8.57755e+08
-168045 346509 1.42915e+09 168045 -346509 -8.5747e+08
-167930 346509 1.42856e+09 167930 -346509 -8.57185e+08
-167816 346509 1.42796e+09 167816 -346509 -8.569e+08
-167701 346509 1.42736e+09 167701 -346509 -8.56615e+08
-167586 346509 1.42677e+09 167586 -346509 -8.5633e+08
-167471 346509 1.42617e+09 167471 -346509 -8.56046e+08
-167357 346509 1.42558e+09 167357 -346509 -8.55761e+08
-167242 346509 1.42498e+09 167242 -346509 -8.55476e+08
-167127 346509 1.42438e+09 167127 -346509 -8.55191e+08
-167012 346509 1.42379e+09 167012 -346509 -8.54906e+08
-166898 346509 1.42319e+09 166898 -346509 -8.54621e+08
-166783 346509 1.42259e+09 166783 -346509 -8.54336e+08
-166668 346509 1.422e+09 166668 -346509 -8.54052e+08
-166553 346509 1.4214e+09 166553 -346509 -8.53767e+08
-166439 346509 1.42081e+09 166439 -346509 -8.53482e+08
-166324 346509 1.42021e+09 166324 -346509 -8.53197e+08
-166209 346509 1.41961e+09 166209 -346509 -8.52912e+08
-166094 346509 1.41902e+09 166094 -346509 -8.52627e+08
-165980 346509 1.41842e+09 165980 -346509 -8.52342e+08
-165865 346509 1.41783e+09 165865 -346509 -8.52058e+08
-165750 346509 1.41723e+09 165750 -346509 -8.51773e+08
-165635 346509 1.41663e+09 165635 -346509 -8.51488e+08
-165521 346509 1.41604e+09 165521 -346509 -8.51203e+08
-165406 346509 1.41544e+09 165406 -346509 -8.50918e+08
-165291 346509 1.41485e+09 165291 -346509 -8.50633e+08
-165176 346509 1.41425e+09 165176 -346509 -8.50348e+08
-165062 346509 1.41365e+09 165062 -346509 -8.50064e+08
-164947 346509 1.41306e+09 164947 -346509 -8.49779e+08
-164832 346509 1.41246e+09 164832 -346509 -8.49494e+08
-164718 346509 1.41187e+09 164718 -346509 -8.49209e+08
-164603 346509 1.41127e+09 164603 -346509 -8.48924e+08
-164488 346509 1.41067e+09 164488 -346509 -8.48639e+08
-164373 346509 1.41008e+09 164373 -346509 -8.48355e+08
-164259 346509 1.40948e+09 164259 -346509 -8.4807e+08
-164144 346509 1.40889e+09 164144 -346509 -8.47785e+08
-164029 346509 1.40829e+09 164029 -346509 -8.475e+08
-163914 346509 1.40769e+09 163914 -346509 -8.47215e+08
-163800 346509 1.4071e+09 163800 -346509 -8.46931e+08
-163685 346509 1.4065e+09 163685 -346509 -8.46646e+08
-163570 346509 1.40591e+09 163570 -346509 -8.46361e+08
-163456 346509 1.40531e+09 163456 -346509 -8.46076e+08
-163341 346509 1.40471e+09 163341 -346509 -8.45791e+08
-163268 346509 1.40404e+09 163268 -346509 -8.45305e+08
-163199 346509 1.40336e+09 163199 -346509 -8.44795e+08
-163131 346509 1.40268e+09 163131 -346509 -8.44286e+08
-163062 346509 1.402e+09 163062 -346509 -8.43777e+08
-162994 346509 1.40132e+09 162994 -346509 -8.43268e+08
-162926 346509 1.40064e+09 162926 -346509 -8.42759e+08
-162857 346509 1.39996e+09 162857 -346509 -8.4225e+08
-162789 346509 1.39928e+09 162789 -346509 -8.4174e+08
-162720 346509 1.3986e+09 162720 -346509 -8.41231e+08
-162652 346509 1.39792e+09 162652 -346509 -8.40722e+08
-162584 346509 1.39724e+09 162584 -346509 -8.40213e+08
-162515 346509 1.39656e+09 162515 -346509 -8.39704e+08
-162447 346509 1.39588e+09 162447 -346509 -8.39195e+08
-162378 346509 1.3952e+09 162378 -346509 -8.38686e+08
-162310 346509 1.39452e+09 162310 -346509 -8.38176e+08
-162241 346509 1.39384e+09 162241 -346509 -8.37667e+08
-162173 346509 1.39316e+09 162173 -346509 -8.37158e+08
-162105 346509 1.39248e+09 162105 -346509 -8.36649e+08
-162036 346509 1.3918e+09 162036 -346509 -8.3614e+08
-161968 346509 1.39112e+09 161968 -346509 -8.35631e+08
-161899 346509 1.39044e+09 161899 -346509 -8.35122e+08
-161831 346509 1.38976e+09 161831 -346509 -8.34612e+08
-161762 346509 1.38908e+09 161762 -346509 -8.34103e+08
-161694 346509 1.38839e+09 161694 -346509 -8.33594e+08
-161626 346509 1.38771e+09 161626 -346509 -8.33085e+08
-161557 346509 1.38703e+09 161557 -346509 -8.32576e+08
-161489 346509 1.38635e+09 161489 -346509 -8.32067e+08
-161420 346509 1.38567e+09 161420 -346509 -8.31558e+08
-161352 346509 1.38499e+09 161352 -346509 -8.31048e+08
-161284 346509 1.38431e+09 161284 -346509 -8.30539e+08
-161215 346509 1.38363e+09 161215 -346509 -8.3003e+08
-161147 346509 1.38295e+09 161147 -346509 -8.29521e+08
-161078 346509 1.38227e+09 161078 -346509 -8.29012e+08
-161010 346509 1.38159e+09 161010 -346509 -8.28503e+08
-160941 346509 1.38091e+09 160941 -346509 -8.27994e+08
-160873 346509 1.38023e+09 160873 -346509 -8.27485e+08
-160805 346509 1.37955e+09 160805 -346509 -8.26976e+08
-160736 346509 1.37887e+09 160736 -346509 -8.26466e+08
-160668 346509 1.37819e+09 160668 -346509 -8.25957e+08
-160599 346509 1.37751e+09 160599 -346509 -8.25448e+08
-160531 346509 1.37683e+09 160531 -346509 -8.24939e+08
-160462 346509 1.37615e+09 160462 -346509 -8.2443e+08
-160394 346509 1.37547e+09 160394 -346509 -8.23921e+08
-160326 346509 1.37479e+09 160326 -346509 -8.23412e+08
-160257 346509 1.37411e+09 160257 -346509 -8.22903e+08
-160189 346509 1.37343e+09 160189 -346509 -8.22394e+08
-160120 346509 1.37275e+09 160120 -346509 -8.21884e+08
-160052 346509 1.37207e+09 160052 -346509 -8.21375e+08
-159984 346509 1.37139e+09 159984 -346509 -8.20866e+08
-159915 346509 1.37071e+09 159915 -346509 -8.20357e+08
-159847 346509 1.37003e+09 159847 -346509 -8.19848e+08
-159778 346509 1.36935e+09 159778 -346509 -8.19339e+08
-159710 346509 1.36867e+09 159710 -346509 -8.1883e+08
-159641 346509 1.36799e+09 159641 -346509 -8.18321e+08
-159573 346509 1.36731e+09 159573 -346509 -8.17812e+08
-159505 346509 1.36663e+09 159505 -346509 -8.17303e+08
-159436 346509 1.36594e+09 159436 -346509 -8.16794e+08
-159368 346509 1.36526e+09 159368 -346509 -8.16284e+08
-159299 346509 1.36458e+09 159299 -346509 -8.15775e+08
-159231 346509 1.3639e+09 159231 -346509 -8.15266e+08
-159163 346509 1.36322e+09 159163 -346509 -8.14757e+08
-159094 346509 1.36254e+09 159094 -346509 -8.14248e+08
-159026 346509 1.36186e+09 159026 -346509 -8.13739e+08
-158957 346509 1.36118e+09 158957 -346509 -8.1323e+08
-158889 346509 1.3605e+09 158889 -346509 -8.12721e+08
-158820 346509 1.35982e+09 158820 -346509 -8.12212e+08
-158752 346509 1.35914e+09 158752 -346509 -8.11703e+08
-158684 346509 1.35846e+09 158684 -346509 -8.11194e+08
-158615 346509 1.35778e+09 158615 -346509 -8.10685e+08
-158547 346509 1.3571e+09 158547 -346509 -8.10176e+08
-158478 346509 1.35642e+09 158478 -346509 -8.09666e+08
-158410 346509 1.35574e+09 158410 -346509 -8.09157e+08
-158342 346509 1.35506e+09 158342 -346509 -8.08648e+08
-158273 346509 1.35438e+09 158273 -346509 -8.08139e+08
-158205 346509 1.3537e+09 158205 -346509 -8.0763e+08
-158136 346509 1.35302e+09 158136 -346509 -8.07121e+08
-158068 346509 1.35234e+09 158068 -346509 -8.06612e+08
-157999 346509 1.35166e+09 157999 -346509 -8.06103e+08
-157931 346509 1.35098e+09 157931 -346509 -8.05594e+08
-157863 346509 1.3503e+09 157863 -346509 -8.05085e+08
-157794 346509 1.34962e+09 157794 -346509 -8.04576e+08
-157726 346509 1.34894e+09 157726 -346509 -8.04067e+08
-157657 346509 1.34826e+09 157657 -346509 -8.03558e+08
-157589 346509 1.34758e+09 157589 -346509 -8.03049e+08
-157521 346509 1.3469e+09 157521 -346509 -8.0254e+08
-157452 346509 1.34622e+09 157452 -346509 -8.02031e+08
-157384 346509 1.34554e+09 157384 -346509 -8.01522e+08
-157315 346509 1.34486e+09 157315 -346509 -8.01013e+08
-157247 346509 1.34418e+09 157247 -346509 -8.00504e+08
-157178 346509 1.3435e+09 157178 -346509 -7.99994e+08
-157110 346509 1.34282e+09 157110 -346509 -7.99485e+08
-157042 346509 1.34214e+09 157042 -346509 -7.98976e+08
-156973 346509 1.34146e+09 156973 -346509 -7.98467e+08
-156905 346509 1.34078e+09 156905 -346509 -7.97958e+08
-156836 346509 1.3401e+09 156836 -346509 -7.97449e+08
-156768 346509 1.33942e+09 156768 -346509 -7.9694e+08
-156700 346509 1.33874e+09 156700 -346509 -7.96431e+08
-156631 346509 1.33805e+09 156631 -346509 -7.95922e+08
-156563 346509 1.33737e+09 156563 -346509 -7.95413e+08
-156494 346509 1.33669e+09 156494 -346509 -7.94904e+08
-156426 346509 1.33601e+09 156426 -346509 -7.94395e+08
-156357 346509 1.33533e+09 156357 -346509 -7.93886e+08
-156289 346509 1.33465e+09 156289 -346509 -7.93377e+08
-156221 346509 1.33397e+09 156221 -346509 -7.92868e+08
-156152 346509 1.33329e+09 156152 -346509 -7.92359e+08
-156084 346509 1.33261e+09 156084 -346509 -7.9185e+08
-156015 346509 1.33193e+09 156015 -346509 -7.91341e+08
-155947 346509 1.33125e+09 155947 -346509 -7.90832e+08
-155879 346509 1.33057e+09 155879 -346509 -7.90323e+08
-155810 346509 1.32989e+09 155810 -346509 -7.89814e+08
-155742 346509 1.32921e+09 155742 -346509 -7.89305e+08
-155673 346509 1.32853e+09 155673 -346509 -7.88796e+08
-155605 346509 1.32785e+09 155605 -346509 -7.88287e+08
-155537 346509 1.32717e+09 155537 -346509 -7.87778e+08
-155468 346509 1.32649e+09 155468 -346509 -7.87269e+08
-155400 346509 1.32581e+09 155400 -346509 -7.8676e+08
-155331 346509 1.32513e+09 155331 -346509 -7.86251e+08
-155263 346509 1.32445e+09 155263 -346509 -7.85742e+08
-155194 346509 1.32377e+09 155194 -346509 -7.85233e+08
-155126 346509 1.32309e+09 155126 -346509 -7.84724e+08
-155058 346509 1.32241e+09 155058 -346509 -7.84215e+08
-154989 346509 1.32173e+09 154989 -346509 -7.83706e+08
-154921 346509 1.32105e+09 154921 -346509 -7.83197e+08
-154852 346509 1.32037e+09 154852 -346509 -7.82688e+08
-154784 346509 1.31969e+09 154784 -346509 -7.82179e+08
-154716 346509 1.31901e+09 154716 -346509 -7.8167e+08
-154647 346509 1.31833e+09 154647 -346509 -7.81161e+08
-154579 346509 1.31765e+09 154579 -346509 -7.80652e+08
-154510 346509 1.31697e+09 154510 -346509 -7.80143e+08
-154442 346509 1.31629e+09 154442 -346509 -7.79634e+08
-154374 346509 1.31561e+09 154374 -346509 -7.79125e+08
-154305 346509 1.31493e+09 154305 -346509 -7.78616e+08
-154237 346509 1.31425e+09 154237 -346509 -7.78107e+08
-154168 346509 1.31357e+09 154168 -346509 -7.77598e+08
-154100 346509 1.31289e+09 154100 -346509 -7.77089e+08
-154031 346509 1.31221e+09 154031 -346509 -7.7658e+08
-153963 346509 1.31153e+09 153963 -346509 -7.76071e+08
-153895 346509 1.31085e+09 153895 -346509 -7.75562e+08
-153826 346509 1.31017e+09 153826 -346509 -7.75053e+08
-153758 346509 1.30949e+09 153758 -346509 -7.74544e+08
-153689 346509 1.30881e+09 153689 -346509 -7.74035e+08
-153621 346509 1.30813e+09 153621 -346509 -7.73526e+08
-153553 346509 1.30745e+09 153553 -346509 -7.73018e+08
-153484 346509 1.30677e+09 153484 -346509 -7.72509e+08
-153416 346509 1.30609e+09 153416 -346509 -7.72e+08
-153347 346509 1.30541e+09 153347 -346509 -7.71491e+08
-153279 346509 1.30473e+09 153279 -346509 -7.70982e+08
-153211 346509 1.30405e+09 153211 -346509 -7.70473e+08
-153142 346509 1.30337e+09 153142 -346509 -7.69964e+08
-153074 346509 1.30269e+09 153074 -346509 -7.69455e+08
-153005 346509 1.30201e+09 153005 -346509 -7.68946e+08
-152937 346509 1.30133e+09 152937 -346509 -7.68437e+08
-152868 346509 1.30065e+09 152868 -346509 -7.67928e+08
-152800 346509 1.29997e+09 152800 -346509 -7.67419e+08
-152732 346509 1.29929e+09 152732 -346509 -7.6691e+08
-152663 346509 1.29861e+09 152663 -346509 -7.66401e+08
-152595 346509 1.29793e+09 152595 -346509 -7.65892e+08
-152526 346509 1.29725e+09 152526 -346509 -7.65383e+08
-152458 346509 1.29657e+09 152458 -346509 -7.64874e+08
-152390 346509 1.29589e+09 152390 -346509 -7.64365e+08
-152321 346509 1.29521e+09 152321 -346509 -7.63857e+08
-152253 346509 1.29453e+09 152253 -346509 -7.63348e+08
-152184 346509 1.29385e+09 152184 -346509 -7.62839e+08
-152116 346509 1.29316e+09 152116 -346509 -7.6233e+08
-152048 346509 1.29248e+09 152048 -346509 -7.61821e+08
-151979 346509 1.2918e+09 151979 -346509 -7.61312e+08
-151911 346509 1.29112e+09 151911 -346509 -7.60803e+08
-151842 346509 1.29044e+09 151842 -346509 -7.60294e+08
-151774 346509 1.28976e+09 151774 -346509 -7.59785e+08
-151706 346509 1.28908e+09 151706 -346509 -7.59276e+08
-151637 346509 1.2884e+09 151637 -346509 -7.58767e+08
-151569 346509 1.28772e+09 151569 -346509 -7.58258e+08
-151500 346509 1.28704e+09 151500 -346509 -7.57749e+08
-151432 346509 1.28636e+09 151432 -346509 -7.57241e+08
-151364 346509 1.28568e+09 151364 -346509 -7.56732e+08
-151295 346509 1.285e+09 151295 -346509 -7.56223e+08
-151227 346509 1.28432e+09 151227 -346509 -7.55714e+08
-151158 346509 1.28364e+09 151158 -346509 -7.55205e+08
-151090 346509 1.28296e+09 151090 -346509 -7.54696e+08
-151021 346509 1.28228e+09 151021 -346509 -7.54187e+08
-150953 346509 1.2816e+09 150953 -346509 -7.53678e+08
-150885 346509 1.28092e+09 150885 -346509 -7.53169e+08
-150816 346509 1.28024e+09 150816 -346509 -7.5266e+08
-150748 346509 1.27956e+09 150748 -346509 -7.52151e+08
-150679 346509 1.27888e+09 150679 -346509 -7.51643e+08
-150611 346509 1.2782e+09 150611 -346509 -7.51134e+08
-150543 346509 1.27752e+09 150543 -346509 -7.50625e+08
-150474 346509 1.27684e+09 150474 -346509 -7.50116e+08
-150406 346509 1.27616e+09 150406 -346509 -7.49607e+08
-150337 346509 1.27548e+09 150337 -346509 -7.49098e+08
-150269 346509 1.2748e+09 150269 -346509 -7.48589e+08
-150201 346509 1.27412e+09 150201 -346509 -7.4808e+08
-150132 346509 1.27344e+09 150132 -346509 -7.47571e+08
-150064 346509 1.27276e+09 150064 -346509 -7.47062e+08
-149995 346509 1.27208e+09 149995 -346509 -7.46554e+08
-149927 346509 1.2714e+09 149927 -346509 -7.46045e+08
-149859 346509 1.27072e+09 149859 -346509 -7.45536e+08
-149790 346509 1.27004e+09 149790 -346509 -7.45027e+08
-149722 346509 1.26936e+09 149722 -346509 -7.44518e+08
-149653 346509 1.26868e+09 149653 -346509 -7.44009e+08
-149585 346509 1.268e+09 149585 -346509 -7.435e+08
-149517 346509 1.26732e+09 149517 -346509 -7.42991e+08
-149448 346509 1.26664e+09 149448 -346509 -7.42483e+08
-149380 346509 1.26596e+09 149380 -346509 -7.41974e+08
-149311 346509 1.26528e+09 149311 -346509 -7.41465e+08
-149243 346509 1.2646e+09 149243 -346509 -7.40956e+08
-149175 346509 1.26392e+09 149175 -346509 -7.40447e+08
-149106 346509 1.26324e+09 149106 -346509 -7.39938e+08
-149038 346509 1.26256e+09 149038 -346509 -7.39429e+08
-148969 346509 1.26188e+09 148969 -346509 -7.38921e+08
-148901 346509 1.2612e+09 148901 -346509 -7.38412e+08
-148832 346509 1.26052e+09 148832 -346509 -7.37903e+08
-148764 346509 1.25984e+09 148764 -346509 -7.37394e+08
-148696 346509 1.25916e+09 148696 -346509 -7.36885e+08
-148627 346509 1.25848e+09 148627 -346509 -7.36376e+08
-148559 346509 1.2578e+09 148559 -346509 -7.35867e+08
-148490 346509 1.25712e+09 148490 -346509 -7.35359e+08
-148422 346509 1.25644e+09 148422 -346509 -7.3485e+08
-148354 346509 1.25576e+09 148354 -346509 -7.34341e+08
-148285 346509 1.25508e+09 148285 -346509 -7.33832e+08
-148217 346509 1.2544e+09 148217 -346509 -7.33323e+08
-148148 346509 1.25372e+09 148148 -346509 -7.32814e+08
-148080 346509 1.25304e+09 148080 -346509 -7.32305e+08
-148012 346509 1.25236e+09 148012 -346509 -7.31797e+08
-147943 346509 1.25168e+09 147943 -346509 -7.31288e+08
-147875 346509 1.251e+09 147875 -346509 -7.30779e+08
-147806 346509 1.25032e+09 147806 -346509 -7.3027e+08
-147738 346509 1.24964e+09 147738 -346509 -7.29761e+08
-147670 346509 1.24896e+09 147670 -346509 -7.29252e+08
-147601 346509 1.24828e+09 147601 -346509 -7.28744e+08
-147533 346509 1.2476e+09 147533 -346509 -7.28235e+08
-147464 346509 1.24692e+09 147464 -346509 -7.27726e+08
-147396 346509 1.24624e+09 147396 -346509 -7.27217e+08
-147328 346509 1.24556e+09 147328 -346509 -7.26708e+08
-147259 346509 1.24488e+09 147259 -346509 -7.26199e+08
-147191 346509 1.2442e+09 147191 -346509 -7.25691e+08
-147122 346509 1.24352e+09 147122 -346509 -7.25182e+08
-147054 346509 1.24284e+09 147054 -346509 -7.24673e+08
-146986 346509 1.24216e+09 146986 -346509 -7.24164e+08
-146917 346509 1.24148e+09 146917 -346509 -7.23655e+08
-146849 346509 1.2408e+09 146849 -346509 -7.23147e+08
-146780 346509 1.24012e+09 146780 -346509 -7.22638e+08
-146712 346509 1.23944e+09 146712 -346509 -7.22129e+08
-146644 346509 1.23876e+09 146644 -346509 -7.2162e+08
-146575 346509 1.23808e+09 146575 -346509 -7.21111e+08
-146507 346509 1.2374e+09 146507 -346509 -7.20602e+08
-146438 346509 1.23672e+09 146438 -346509 -7.20094e+08
-146370 346509 1.23604e+09 146370 -346509 -7.19585e+08
-146302 346509 1.23536e+09 146302 -346509 -7.19076e+08
-146233 346509 1.23468e+09 146233 -346509 -7.18567e+08
-146165 346509 1.234e+09 146165 -346509 -7.18058e+08
-146096 346509 1.23332e+09 146096 -346509 -7.1755e+08
-146028 346509 1.23264e+09 146028 -346509 -7.17041e+08
-145960 346509 1.23196e+09 145960 -346509 -7.16532e+08
-145891 346509 1.23128e+09 145891 -346509 -7.16023e+08
-145823 346509 1.2306e+09 145823 -346509 -7.15514e+08
-145754 346509 1.22992e+09 145754 -346509 -7.15006e+08
-145686 346509 1.22924e+09 145686 -346509 -7.14497e+08
-145618 346509 1.22856e+09 145618 -346509 -7.13988e+08
-145549 346509 1.22788e+09 145549 -346509 -7.13479e+08
-145481 346509 1.2272e+09 145481 -346509 -7.12971e+08
-145412 346509 1.22652e+09 145412 -346509 -7.12462e+08
-145344 346509 1.22584e+09 145344 -346509 -7.11953e+08
-145276 346509 1.22516e+09 145276 -346509 -7.11444e+08
-145207 346509 1.22448e+09 145207 -346509 -7.10935e+08
-145139 346509 1.2238e+09 145139 -346509 -7.10427e+08
-145070 346509 1.22312e+09 145070 -346509 -7.09918e+08
-145002 346509 1.22244e+09 145002 -346509 -7.09409e+08
-144934 346509 1.22176e+09 144934 -346509 -7.089e+08
-144865 346509 1.22108e+09 144865 -346509 -7.08392e+08
-144797 346509 1.2204e+09 144797 -346509 -7.07883e+08
-144728 346509 1.21972e+09 144728 -346509 -7.07374e+08
-144660 346509 1.21904e+09 144660 -346509 -7.06865e+08
-144592 346509 1.21836e+09 144592 -346509 -7.06356e+08
-144523 346509 1.21768e+09 144523 -346509 -7.05848e+08
-144455 346509 1.21701e+09 144455 -346509 -7.05339e+08
-144386 346509 1.21633e+09 144386 -346509 -7.0483e+08
-144318 346509 1.21565e+09 144318 -346509 -7.04321e+08
-144250 346509 1.21497e+09 144250 -346509 -7.03813e+08
-144181 346509 1.21429e+09 144181 -346509 -7.03304e+08
-144113 346509 1.21361e+09 144113 -346509 -7.02795e+08
-144044 346509 1.21293e+09 144044 -346509 -7.02286e+08
-143976 346509 1.21225e+09 143976 -346509 -7.01778e+08
-143908 346509 1.21157e+09 143908 -346509 -7.01269e+08
-143839 346509 1.21089e+09 143839 -346509 -7.0076e+08
-143771 346509 1.21021e+09 143771 -346509 -7.00251e+08
-143702 346509 1.20953e+09 143702 -346509 -6.99743e+08
-143634 346509 1.20885e+09 143634 -346509 -6.99234e+08
-143566 346509 1.20817e+09 143566 -346509 -6.98725e+08
-143497 346509 1.20749e+09 143497 -346509 -6.98216e+08
-143429 346509 1.20681e+09 143429 -346509 -6.97708e+08
-143360 346509 1.20613e+09 143360 -346509 -6.97199e+08
-143292 346509 1.20545e+09 143292 -346509 -6.9669e+08
-143224 346509 1.20477e+09 143224 -346509 -6.96181e+08
-143155 346509 1.20409e+09 143155 -346509 -6.95673e+08
-143087 346509 1.20341e+09 143087 -346509 -6.95164e+08
-143018 346509 1.20273e+09 143018 -346509 -6.94655e+08
-142950 346509 1.20205e+09 142950 -346509 -6.94146e+08
-142882 346509 1.20137e+09 142882 -346509 -6.93638e+08
-142813 346509 1.20069e+09 142813 -346509 -6.93129e+08
-142745 346509 1.20001e+09 142745 -346509 -6.9262e+08
-142676 346509 1.19933e+09 142676 -346509 -6.92112e+08
-142608 346509 1.19865e+09 142608 -346509 -6.91603e+08
-142540 346509 1.19797e+09 142540 -346509 -6.91094e+08
-142471 346509 1.19729e+09 142471 -346509 -6.90585e+08
-142403 346509 1.19661e+09 142403 -346509 -6.90077e+08
-142334 346509 1.19593e+09 142334 -346509 -6.89568e+08
-142266 346509 1.19525e+09 142266 -346509 -6.89059e+08
-142198 346509 1.19457e+09 142198 -346509 -6.8855e+08
-142129 346509 1.19389e+09 142129 -346509 -6.88042e+08
-142061 346509 1.19321e+09 142061 -346509 -6.87533e+08
-141992 346509 1.19253e+09 141992 -346509 -6.87024e+08
-141924 346509 1.19185e+09 141924 -346509 -6.86516e+08
-141856 346509 1.19117e+09 141856 -346509 -6.86007e+08
-141787 346509 1.19049e+09 141787 -346509 -6.85498e+08
-141719 346509 1.18981e+09 141719 -346509 -6.84989e+08
-141650 346509 1.18913e+09 141650 -346509 -6.84481e+08
-141582 346509 1.18845e+09 141582 -346509 -6.83972e+08
-141514 346509 1.18777e+09 141514 -346509 -6.83463e+08
-141445 346509 1.18709e+09 141445 -346509 -6.82955e+08
-141377 346509 1.18641e+09 141377 -346509 -6.82446e+08
-141309 346509 1.18573e+09 141309 -346509 -6.81937e+08
-141240 346509 1.18505e+09 141240 -346509 -6.81429e+08
-141172 346509 1.18437e+09 141172 -346509 -6.8092e+08
-141103 346509 1.18369e+09 141103 -346509 -6.80411e+08
-141035 346509 1.18301e+09 141035 -346509 -6.79903e+08
-140967 346509 1.18233e+09 140967 -346509 -6.79394e+08
-140898 346509 1.18165e+09 140898 -346509 -6.78885e+08
-140830 346509 1.18097e+09 140830 -346509 -6.78376e+08
-140761 346509 1.18029e+09 140761 -346509 -6.77868e+08
-140693 346509 1.17961e+09 140693 -346509 -6.77359e+08
-140625 346509 1.17893e+09 140625 -346509 -6.7685e+08
-140556 346509 1.17825e+09 140556 -346509 -6.76342e+08
-140488 346509 1.17757e+09 140488 -346509 -6.75833e+08
-140419 346509 1.17689e+09 140419 -346509 -6.75324e+08
-140351 346509 1.17621e+09 140351 -346509 -6.74816e+08
-140283 346509 1.17553e+09 140283 -346509 -6.74307e+08
-140214 346509 1.17485e+09 140214 -346509 -6.73798e+08
-140146 346509 1.17417e+09 140146 -346509 -6.7329e+08
-140077 346509 1.17349e+09 140077 -346509 -6.72781e+08
-140009 346509 1.17282e+09 140009 -346509 -6.72272e+08
-139941 346509 1.17214e+09 139941 -346509 -6.71764e+08
-139872 346509 1.17146e+09 139872 -346509 -6.71255e+08
-139804 346509 1.17078e+09 139804 -346509 -6.70746e+08
-139735 346509 1.1701e+09 139735 -346509 -6.70238e+08
-139667 346509 1.16942e+09 139667 -346509 -6.69729e+08
-139599 346509 1.16874e+09 139599 -346509 -6.6922e+08
-139530 346509 1.16806e+09 139530 -346509 -6.68712e+08
-139462 346509 1.16738e+09 139462 -346509 -6.68203e+08
-139393 346509 1.1667e+09 139393 -346509 -6.67694e+08
-139325 346509 1.16602e+09 139325 -346509 -6.67186e+08
-139257 346509 1.16534e+09 139257 -346509 -6.66677e+08
-139188 346509 1.16466e+09 139188 -346509 -6.66168e+08
-139120 346509 1.16398e+09 139120 -346509 -6.6566e+08
-139052 346509 1.1633e+09 139052 -346509 -6.65151e+08
-138983 346509 1.16262e+09 138983 -346509 -6.64642e+08
-138915 346509 1.16194e+09 138915 -346509 -6.64134e+08
-138846 346509 1.16126e+09 138846 -346509 -6.63625e+08
-138778 346509 1.16058e+09 138778 -346509 -6.63117e+08
-138710 346509 1.1599e+09 138710 -346509 -6.62608e+08
-138641 346509 1.15922e+09 138641 -346509 -6.62099e+08
-138573 346509 1.15854e+09 138573 -346509 -6.61591e+08
-138504 346509 1.15786e+09 138504 -346509 -6.61082e+08
-138436 346509 1.15718e+09 138436 -346509 -6.60573e+08
-138368 346509 1.1565e+09 138368 -346509 -6.60065e+08
-138299 346509 1.15582e+09 138299 -346509 -6.59556e+08
-138231 346509 1.15514e+09 138231 -346509 -6.59047e+08
-138162 346509 1.15446e+09 138162 -346509 -6.58539e+08
-138094 346509 1.15378e+09 138094 -346509 -6.5803e+08
-138026 346509 1.1531e+09 138026 -346509 -6.57522e+08
-137957 346509 1.15242e+09 137957 -346509 -6.57013e+08
-137889 346509 1.15174e+09 137889 -346509 -6.56504e+08
-137820 346509 1.15106e+09 137820 -346509 -6.55996e+08
-137752 346509 1.15038e+09 137752 -346509 -6.55487e+08
-137684 346509 1.1497e+09 137684 -346509 -6.54978e+08
-137615 346509 1.14902e+09 137615 -346509 -6.5447e+08
-137547 346509 1.14834e+09 137547 -346509 -6.53961e+08
-137479 346509 1.14766e+09 137479 -346509 -6.53453e+08
-137410 346509 1.14698e+09 137410 -346509 -6.52944e+08
-137342 346509 1.1463e+09 137342 -346509 -6.52435e+08
-137273 346509 1.14562e+09 137273 -346509 -6.51927e+08
-137205 346509 1.14495e+09 137205 -346509 -6.51418e+08
-137137 346509 1.14427e+09 137137 -346509 -6.5091e+08
-137068 346509 1.14359e+09 137068 -346509 -6.50401e+08
-137000 346509 1.14291e+09 137000 -346509 -6.49892e+08
-136931 346509 1.14223e+09 136931 -346509 -6.49384e+08
-136863 346509 1.14155e+09 136863 -346509 -6.48875e+08
-136795 346509 1.14087e+09 136795 -346509 -6.48367e+08
-136726 346509 1.14019e+09 136726 -346509 -6.47858e+08
-136658 346509 1.13951e+09 136658 -346509 -6.47349e+08
-136589 346509 1.13883e+09 136589 -346509 -6.46841e+08
-136521 346509 1.13815e+09 136521 -346509 -6.46332e+08
-136453 346509 1.13747e+09 136453 -346509 -6.45824e+08
-136384 346509 1.13679e+09 136384 -346509 -6.45315e+08
-136316 346509 1.13611e+09 136316 -346509 -6.44806e+08
-136248 346509 1.13543e+09 136248 -346509 -6.44298e+08
-136179 346509 1.13475e+09 136179 -346509 -6.43789e+08
-136111 346509 1.13407e+09 136111 -346509 -6.43281e+08
-136042 346509 1.13339e+09 136042 -346509 -6.42772e+08
-135974 346509 1.13271e+09 135974 -346509 -6.42263e+08
-135906 346509 1.13203e+09 135906 -346509 -6.41755e+08
-135837 346509 1.13135e+09 135837 -346509 -6.41246e+08
-135769 346509 1.13067e+09 135769 -346509 -6.40738e+08
-135700 346509 1.12999e+09 135700 -346509 -6.40229e+08
-135632 346509 1.12931e+09 135632 -346509 -6.39721e+08
-135564 346509 1.12863e+09 135564 -346509 -6.39212e+08
-135495 346509 1.12795e+09 135495 -346509 -6.38703e+08
-135427 346509 1.12727e+09 135427 -346509 -6.38195e+08
-135358 346509 1.12659e+09 135358 -346509 -6.37686e+08
-135290 346509 1.12591e+09 135290 -346509 -6.37178e+08
-135222 346509 1.12523e+09 135222 -346509 -6.36669e+08
-135153 346509 1.12455e+09 135153 -346509 -6.36161e+08
-135085 346509 1.12387e+09 135085 -346509 -6.35652e+08
-135017 346509 1.12319e+09 135017 -346509 -6.35143e+08
-134948 346509 1.12252e+09 134948 -346509 -6.34635e+08
-134880 346509 1.12184e+09 134880 -346509 -6.34126e+08
-134811 346509 1.12116e+09 134811 -346509 -6.33618e+08
-134743 346509 1.12048e+09 134743 -346509 -6.33109e+08
-134675 346509 1.1198e+09 134675 -346509 -6.32601e+08
-134606 346509 1.11912e+09 134606 -346509 -6.32092e+08
-134538 346509 1.11844e+09 134538 -346509 -6.31584e+08
-134469 346509 1.11776e+09 134469 -346509 -6.31075e+08
-134401 346509 1.11708e+09 134401 -346509 -6.30566e+08
-134333 346509 1.1164e+09 134333 -346509 -6.30058e+08
-134264 346509 1.11572e+09 134264 -346509 -6.29549e+08
-134196 346509 1.11504e+09 134196 -346509 -6.29041e+08
-134128 346509 1.11436e+09 134128 -346509 -6.28532e+08
-134059 346509 1.11368e+09 134059 -346509 -6.28024e+08
-133991 346509 1.113e+09 133991 -346509 -6.27515e+08
-133922 346509 1.11232e+09 133922 -346509 -6.27007e+08
-133854 346509 1.11164e+09 133854 -346509 -6.26498e+08
-133786 346509 1.11096e+09 133786 -346509 -6.2599e+08
-133717 346509 1.11028e+09 133717 -346509 -6.25481e+08
-133649 346509 1.1096e+09 133649 -346509 -6.24972e+08
-133580 346509 1.10892e+09 133580 -346509 -6.24464e+08
-133512 346509 1.10824e+09 133512 -346509 -6.23955e+08
-133444 346509 1.10756e+09 133444 -346509 -6.23447e+08
-133375 346509 1.10688e+09 133375 -346509 -6.22938e+08
-133307 346509 1.1062e+09 133307 -346509 -6.2243e+08
-133238 346509 1.10552e+09 133238 -346509 -6.21921e+08
-133170 346509 1.10484e+09 133170 -346509 -6.21413e+08
-133102 346509 1.10416e+09 133102 -346509 -6.20904e+08
-133033 346509 1.10349e+09 133033 -346509 -6.20396e+08
-132965 346509 1.10281e+09 132965 -346509 -6.19887e+08
-132897 346509 1.10213e+09 132897 -346509 -6.19379e+08
-132828 346509 1.10145e+09 132828 -346509 -6.1887e+08
-132760 346509 1.10077e+09 132760 -346509 -6.18362e+08
-132691 346509 1.10009e+09 132691 -346509 -6.17853e+08
-132623 346509 1.09941e+09 132623 -346509 -6.17345e+08
-132555 346509 1.09873e+09 132555 -346509 -6.16836e+08
-132486 346509 1.09805e+09 132486 -346509 -6.16328e+08
-132418 346509 1.09737e+09 132418 -346509 -6.15819e+08
-132349 346509 1.09669e+09 132349 -346509 -6.15311e+08
-132281 346509 1.09601e+09 132281 -346509 -6.14802e+08
-132213 346509 1.09533e+09 132213 -346509 -6.14294e+08
-132144 346509 1.09465e+09 132144 -346509 -6.13785e+08
-132076 346509 1.09397e+09 132076 -346509 -6.13277e+08
-132008 346509 1.09329e+09 132008 -346509 -6.12768e+08
-131939 346509 1.09261e+09 131939 -346509 -6.1226e+08
-131871 346509 1.09193e+09 131871 -346509 -6.11751e+08
-131802 346509 1.09125e+09 131802 -346509 -6.11243e+08
-131734 346509 1.09057e+09 131734 -346509 -6.10734e+08
-131666 346509 1.08989e+09 131666 -346509 -6.10226e+08
-131597 346509 1.08921e+09 131597 -346509 -6.09717e+08
-131529 346509 1.08853e+09 131529 -346509 -6.09209e+08
-131461 346509 1.08785e+09 131461 -346509 -6.087e+08
-131392 346509 1.08718e+09 131392 -346509 -6.08192e+08
-131324 346509 1.0865e+09 131324 -346509 -6.07683e+08
-131255 346509 1.08582e+09 131255 -346509 -6.07175e+08
-131187 346509 1.08514e+09 131187 -346509 -6.06666e+08
-131119 346509 1.08446e+09 131119 -346509 -6.06158e+08
-131050 346509 1.08378e+09 131050 -346509 -6.05649e+08
-130982 346509 1.0831e+09 130982 -346509 -6.05141e+08
-130913 346509 1.08242e+09 130913 -346509 -6.04632e+08
-130845 346509 1.08174e+09 130845 -346509 -6.04124e+08
-130777 346509 1.08106e+09 130777 -346509 -6.03615e+08
-130708 346509 1.08038e+09 130708 -346509 -6.03107e+08
-130640 346509 1.0797e+09 130640 -346509 -6.02598e+08
-130572 346509 1.07902e+09 130572 -346509 -6.0209e+08
-130503 346509 1.07834e+09 130503 -346509 -6.01582e+08
-130435 346509 1.07766e+09 130435 -346509 -6.01073e+08
-130366 346509 1.07698e+09 130366 -346509 -6.00565e+08
-130298 346509 1.0763e+09 130298 -346509 -6.00056e+08
-130230 346509 1.07562e+09 130230 -346509 -5.99548e+08
-130161 346509 1.07494e+09 130161 -346509 -5.99039e+08
-130093 346509 1.07426e+09 130093 -346509 -5.98531e+08
-130024 346509 1.07358e+09 130024 -346509 -5.98022e+08
-129956 346509 1.0729e+09 129956 -346509 -5.97514e+08
-129888 346509 1.07222e+09 129888 -346509 -5.97005e+08
-129819 346509 1.07155e+09 129819 -346509 -5.96497e+08
-129751 346509 1.07087e+09 129751 -346509 -5.95989e+08
-129683 346509 1.07019e+09 129683 -346509 -5.9548e+08
-129614 346509 1.06951e+09 129614 -346509 -5.94972e+08
-129546 346509 1.06883e+09 129546 -346509 -5.94463e+08
-129477 346509 1.06815e+09 129477 -346509 -5.93955e+08
-129409 346509 1.06747e+09 129409 -346509 -5.93446e+08
-129341 346509 1.06679e+09 129341 -346509 -5.92938e+08
-129272 346509 1.06611e+09 129272 -346509 -5.92429e+08
-129204 346509 1.06543e+09 129204 -346509 -5.91921e+08
-129136 346509 1.06475e+09 129136 -346509 -5.91413e+08
-129067 346509 1.06407e+09 129067 -346509 -5.90904e+08
-128999 346509 1.06339e+09 128999 -346509 -5.90396e+08
-128930 346509 1.06271e+09 128930 -346509 -5.89887e+08
-128862 346509 1.06203e+09 128862 -346509 -5.89379e+08
-128794 346509 1.06135e+09 128794 -346509 -5.8887e+08
-128725 346509 1.06067e+09 128725 -346509 -5.88362e+08
-128657 346509 1.05999e+09 128657 -346509 -5.87854e+08
-128589 346509 1.05931e+09 128589 -346509 -5.87345e+08
-128520 346509 1.05863e+09 128520 -346509 -5.86837e+08
-128452 346509 1.05795e+09 128452 -346509 -5.86328e+08
-128383 346509 1.05728e+09 128383 -346509 -5.8582e+08
-128315 346509 1.0566e+09 128315 -346509 -5.85311e+08
-128247 346509 1.05592e+09 128247 -346509 -5.84803e+08
-128178 346509 1.05524e+09 128178 -346509 -5.84295e+08
-128110 346509 1.05456e+09 128110 -346509 -5.83786e+08
-128041 346509 1.05388e+09 128041 -346509 -5.83278e+08
-127973 346509 1.0532e+09 127973 -346509 -5.82769e+08
-127905 346509 1.05252e+09 127905 -346509 -5.82261e+08
-127836 346509 1.05184e+09 127836 -346509 -5.81753e+08
-127768 346509 1.05116e+09 127768 -346509 -5.81244e+08
-127700 346509 1.05048e+09 127700 -346509 -5.80736e+08
-127631 346509 1.0498e+09 127631 -346509 -5.80227e+08
-127563 346509 1.04912e+09 127563 -346509 -5.79719e+08
-127494 346509 1.04844e+09 127494 -346509 -5.79211e+08
-127426 346509 1.04776e+09 127426 -346509 -5.78702e+08
-127358 346509 1.04708e+09 127358 -346509 -5.78194e+08
-127289 346509 1.0464e+09 127289 -346509 -5.77685e+08
-127221 346509 1.04572e+09 127221 -346509 -5.77177e+08
-127153 346509 1.04504e+09 127153 -346509 -5.76669e+08
-127084 346509 1.04437e+09 127084 -346509 -5.7616e+08
-127016 346509 1.04369e+09 127016 -346509 -5.75652e+08
-126947 346509 1.04301e+09 126947 -346509 -5.75143e+08
-126879 346509 1.04233e+09 126879 -346509 -5.74635e+08
-126811 346509 1.04165e+09 126811 -346509 -5.74127e+08
-126742 346509 1.04097e+09 126742 -346509 -5.73618e+08
-126674 346509 1.04029e+09 126674 -346509 -5.7311e+08
-126606 346509 1.03961e+09 126606 -346509 -5.72601e+08
-126537 346509 1.03893e+09 126537 -346509 -5.72093e+08
-126469 346509 1.03825e+09 126469 -346509 -5.71585e+08
-126400 346509 1.03757e+09 126400 -346509 -5.71076e+08
-126332 346509 1.03689e+09 126332 -346509 -5.70568e+08
-126264 346509 1.03621e+09 126264 -346509 -5.7006e+08
-126195 346509 1.03553e+09 126195 -346509 -5.69551e+08
-126127 346509 1.03485e+09 126127 -346509 -5.69043e+08
-126059 346509 1.03417e+09 126059 -346509 -5.68534e+08
-125990 346509 1.03349e+09 125990 -346509 -5.68026e+08
-125922 346509 1.03281e+09 125922 -346509 -5.67518e+08
-125853 346509 1.03214e+09 125853 -346509 -5.67009e+08
-125785 346509 1.03146e+09 125785 -346509 -5.66501e+08
-125717 346509 1.03078e+09 125717 -346509 -5.65993e+08
-125648 346509 1.0301e+09 125648 -346509 -5.65484e+08
-125580 346509 1.02942e+09 125580 -346509 -5.64976e+08
-125512 346509 1.02874e+09 125512 -346509 -5.64468e+08
-125443 346509 1.02806e+09 125443 -346509 -5.63959e+08
-125375 346509 1.02738e+09 125375 -346509 -5.63451e+08
-125306 346509 1.0267e+09 125306 -346509 -5.62942e+08
-125238 346509 1.02602e+09 125238 -346509 -5.62434e+08
-125170 346509 1.02534e+09 125170 -346509 -5.61926e+08
-125101 346509 1.02466e+09 125101 -346509 -5.61417e+08
-125033 346509 1.02398e+09 125033 -346509 -5.60909e+08
-124965 346509 1.0233e+09 124965 -346509 -5.60401e+08
-124896 346509 1.02262e+09 124896 -346509 -5.59892e+08
-124828 346509 1.02194e+09 124828 -346509 -5.59384e+08
-124759 346509 1.02126e+09 124759 -346509 -5.58876e+08
-124691 346509 1.02058e+09 124691 -346509 -5.58367e+08
-124623 346509 1.01991e+09 124623 -346509 -5.57859e+08
-124554 346509 1.01923e+09 124554 -346509 -5.57351e+08
-124486 346509 1.01855e+09 124486 -346509 -5.56842e+08
-124418 346509 1.01787e+09 124418 -346509 -5.56334e+08
-124349 346509 1.01719e+09 124349 -346509 -5.55826e+08
-124281 346509 1.01651e+09 124281 -346509 -5.55317e+08
-124212 346509 1.01583e+09 124212 -346509 -5.54809e+08
-124144 346509 1.01515e+09 124144 -346509 -5.54301e+08
-124076 346509 1.01447e+09 124076 -346509 -5.53792e+08
-124007 346509 1.01379e+09 124007 -346509 -5.53284e+08
-123939 346509 1.01311e+09 123939 -346509 -5.52776e+08
-123871 346509 1.01243e+09 123871 -346509 -5.52267e+08
-123802 346509 1.01175e+09 123802 -346509 -5.51759e+08
-123734 346509 1.01107e+09 123734 -346509 -5.51251e+08
-123665 346509 1.01039e+09 123665 -346509 -5.50742e+08
-123597 346509 1.00971e+09 123597 -346509 -5.50234e+08
-123529 346509 1.00904e+09 123529 -346509 -5.49726e+08
-123460 346509 1.00836e+09 123460 -346509 -5.49217e+08
-123392 346509 1.00768e+09 123392 -346509 -5.48709e+08
-123324 346509 1.007e+09 123324 -346509 -5.48201e+08
-123255 346509 1.00632e+09 123255 -346509 -5.47693e+08
-123187 346509 1.00564e+09 123187 -346509 -5.47184e+08
-123118 346509 1.00496e+09 123118 -346509 -5.46676e+08
-123050 346509 1.00428e+09 123050 -346509 -5.46168e+08
-122982 346509 1.0036e+09 122982 -346509 -5.45659e+08
-122913 346509 1.00292e+09 122913 -346509 -5.45151e+08
-122845 346509 1.00224e+09 122845 -346509 -5.44643e+08
-122777 346509 1.00156e+09 122777 -346509 -5.44134e+08
-122708 346509 1.00088e+09 122708 -346509 -5.43626e+08
-122640 346509 1.0002e+09 122640 -346509 -5.43118e+08
-122571 346509 9.99524e+08 122571 -346509 -5.4261e+08
-122503 346509 9.98845e+08 122503 -346509 -5.42101e+08
-122435 346509 9.98165e+08 122435 -346509 -5.41593e+08
-122366 346509 9.97486e+08 122366 -346509 -5.41085e+08
-122298 346509 9.96807e+08 122298 -346509 -5.40576e+08
-122230 346509 9.96127e+08 122230 -346509 -5.40068e+08
-122161 346509 9.95448e+08 122161 -346509 -5.3956e+08
-122093 346509 9.94769e+08 122093 -346509 -5.39051e+08
-122025 346509 9.94089e+08 122025 -346509 -5.38543e+08
-121956 346509 9.9341e+08 121956 -346509 -5.38035e+08
-121888 346509 9.92731e+08 121888 -346509 -5.37527e+08
-121819 346509 9.92051e+08 121819 -346509 -5.37018e+08
-121751 346509 9.91372e+08 121751 -346509 -5.3651e+08
-121683 346509 9.90693e+08 121683 -346509 -5.36002e+08
-121614 346509 9.90013e+08 121614 -346509 -5.35494e+08
-121546 346509 9.89334e+08 121546 -346509 -5.34985e+08
-121478 346509 9.88655e+08 121478 -346509 -5.34477e+08
-121409 346509 9.87975e+08 121409 -346509 -5.33969e+08
-121341 346509 9.87296e+08 121341 -346509 -5.3346e+08
-121272 346509 9.86617e+08 121272 -346509 -5.32952e+08
-121204 346509 9.85937e+08 121204 -346509 -5.32444e+08
-121136 346509 9.85258e+08 121136 -346509 -5.31936e+08
-121067 346509 9.84579e+08 121067 -346509 -5.31427e+08
-120999 346509 9.83899e+08 120999 -346509 -5.30919e+08
-120931 346509 9.8322e+08 120931 -346509 -5.30411e+08
-120862 346509 9.82541e+08 120862 -346509 -5.29903e+08
-120794 346509 9.81861e+08 120794 -346509 -5.29394e+08
-120725 346509 9.81182e+08 120725 -346509 -5.28886e+08
-120657 346509 9.80503e+08 120657 -346509 -5.28378e+08
-120589 346509 9.79824e+08 120589 -346509 -5.2787e+08
-120520 346509 9.79144e+08 120520 -346509 -5.27361e+08
-120452 346509 9.78465e+08 120452 -346509 -5.26853e+08
-120384 346509 9.77786e+08 120384 -346509 -5.26345e+08
-120315 346509 9.77106e+08 120315 -346509 -5.25837e+08
-120247 346509 9.76427e+08 120247 -346509 -5.25328e+08
-120179 346509 9.75748e+08 120179 -346509 -5.2482e+08
-120110 346509 9.75068e+08 120110 -346509 -5.24312e+08
-120042 346509 9.74389e+08 120042 -346509 -5.23804e+08
-119973 346509 9.7371e+08 119973 -346509 -5.23295e+08
-119905 346509 9.73031e+08 119905 -346509 -5.22787e+08
-119837 346509 9.72351e+08 119837 -346509 -5.22279e+08
-119768 346509 9.71672e+08 119768 -346509 -5.21771e+08
-119700 346509 9.70993e+08 119700 -346509 -5.21262e+08
-119632 346509 9.70313e+08 119632 -346509 -5.20754e+08
-119563 346509 9.69634e+08 119563 -346509 -5.20246e+08
-119495 346509 9.68955e+08 119495 -346509 -5.19738e+08
-119426 346509 9.68276e+08 119426 -346509 -5.1923e+08
-119358 346509 9.67596e+08 119358 -346509 -5.18721e+08
-119290 346509 9.66917e+08 119290 -346509 -5.18213e+08
-119221 346509 9.66238e+08 119221 -346509 -5.17705e+08
-119153 346509 9.65559e+08 119153 -346509 -5.17197e+08
-119085 346509 9.64879e+08 119085 -346509 -5.16688e+08
-119016 346509 9.642e+08 119016 -346509 -5.1618e+08
-118948 346509 9.63521e+08 118948 -346509 -5.15672e+08
-118880 346509 9.62841e+08 118880 -346509 -5.15164e+08
-118811 346509 9.62162e+08 118811 -346509 -5.14656e+08
-118743 346509 9.61483e+08 118743 -346509 -5.14147e+08
-118674 346509 9.60804e+08 118674 -346509 -5.13639e+08
-118606 346509 9.60124e+08 118606 -346509 -5.13131e+08
-118538 346509 9.59445e+08 118538 -346509 -5.12623e+08
-118469 346509 9.58766e+08 118469 -346509 -5.12114e+08
-118401 346509 9.58087e+08 118401 -346509 -5.11606e+08
-118333 346509 9.57407e+08 118333 -346509 -5.11098e+08
-118264 346509 9.56728e+08 118264 -346509 -5.1059e+08
-118196 346509 9.56049e+08 118196 -346509 -5.10082e+08
-118128 346509 9.5537e+08 118128 -346509 -5.09573e+08
-118059 346509 9.5469e+08 118059 -346509 -5.09065e+08
-117991 346509 9.54011e+08 117991 -346509 -5.08557e+08
-117922 346509 9.53332e+08 117922 -346509 -5.08049e+08
-117854 346509 9.52653e+08 117854 -346509 -5.07541e+08
-117786 346509 9.51974e+08 117786 -346509 -5.07033e+08
-117717 346509 9.51294e+08 117717 -346509 -5.06524e+08
-117649 346509 9.50615e+08 117649 -346509 -5.06016e+08
-117581 346509 9.49936e+08 117581 -346509 -5.05508e+08
-117512 346509 9.49257e+08 117512 -346509 -5.05e+08
-117444 346509 9.48577e+08 117444 -346509 -5.04492e+08
-117375 346509 9.47898e+08 117375 -346509 -5.03983e+08
-117307 346509 9.47219e+08 117307 -346509 -5.03475e+08
-117239 346509 9.4654e+08 117239 -346509 -5.02967e+08
-117170 346509 9.4586e+08 117170 -346509 -5.02459e+08
-117102 346509 9.45181e+08 117102 -346509 -5.01951e+08
-117034 346509 9.44502e+08 117034 -346509 -5.01442e+08
-116965 346509 9.43823e+08 116965 -346509 -5.00934e+08
-116897 346509 9.43144e+08 116897 -346509 -5.00426e+08
-116829 346509 9.42464e+08 116829 -346509 -4.99918e+08
-116760 346509 9.41785e+08 116760 -346509 -4.9941e+08
-116692 346509 9.41106e+08 116692 -346509 -4.98902e+08
-116623 346509 9.40427e+08 116623 -346509 -4.98393e+08
-116555 346509 9.39748e+08 116555 -346509 -4.97885e+08
-116487 346509 9.39068e+08 116487 -346509 -4.97377e+08
-116418 346509 9.38389e+08 116418 -346509 -4.96869e+08
-116350 346509 9.3771e+08 116350 -346509 -4.96361e+08
-116282 346509 9.37031e+08 116282 -346509 -4.95853e+08
-116213 346509 9.36352e+08 116213 -346509 -4.95344e+08
-116145 346509 9.35672e+08 116145 -346509 -4.94836e+08
-116077 346509 9.34993e+08 116077 -346509 -4.94328e+08
-116008 346509 9.34314e+08 116008 -346509 -4.9382e+08
-115940 346509 9.33635e+08 115940 -346509 -4.93312e+08
-115871 346509 9.32956e+08 115871 -346509 -4.92804e+08
-115803 346509 9.32276e+08 115803 -346509 -4.92296e+08
-115735 346509 9.31597e+08 115735 -346509 -4.91787e+08
-115666 346509 9.30918e+08 115666 -346509 -4.91279e+08
-115598 346509 9.30239e+08 115598 -346509 -4.90771e+08
-115530 346509 9.2956e+08 115530 -346509 -4.90263e+08
-115461 346509 9.28881e+08 115461 -346509 -4.89755e+08
-115393 346509 9.28201e+08 115393 -346509 -4.89247e+08
-115325 346509 9.27522e+08 115325 -346509 -4.88739e+08
-115256 346509 9.26843e+08 115256 -346509 -4.8823e+08
-115188 346509 9.26164e+08 115188 -346509 -4.87722e+08
-115119 346509 9.25485e+08 115119 -346509 -4.87214e+08
-115051 346509 9.24806e+08 115051 -346509 -4.86706e+08
-114983 346509 9.24126e+08 114983 -346509 -4.86198e+08
-114914 346509 9.23447e+08 114914 -346509 -4.8569e+08
-114846 346509 9.22768e+08 114846 -346509 -4.85182e+08
-114778 346509 9.22089e+08 114778 -346509 -4.84673e+08
-114709 346509 9.2141e+08 114709 -346509 -4.84165e+08
-114641 346509 9.20731e+08 114641 -346509 -4.83657e+08
-114573 346509 9.20051e+08 114573 -346509 -4.83149e+08
-114504 346509 9.19372e+08 114504 -346509 -4.82641e+08
-114436 346509 9.18693e+08 114436 -346509 -4.82133e+08
-114368 346509 9.18014e+08 114368 -346509 -4.81625e+08
-114299 346509 9.17335e+08 114299 -346509 -4.81117e+08
-114231 346509 9.16656e+08 114231 -346509 -4.80609e+08
-114162 346509 9.15977e+08 114162 -346509 -4.801e+08
-114094 346509 9.15297e+08 114094 -346509 -4.79592e+08
-114026 346509 9.14618e+08 114026 -346509 -4.79084e+08
-113957 346509 9.13939e+08 113957 -346509 -4.78576e+08
-113889 346509 9.1326e+08 113889 -346509 -4.78068e+08
-113821 346509 9.12581e+08 113821 -346509 -4.7756e+08
-113752 346509 9.11902e+08 113752 -346509 -4.77052e+08
-113684 346509 9.11223e+08 113684 -346509 -4.76544e+08
-113616 346509 9.10543e+08 113616 -346509 -4.76036e+08
-113547 346509 9.09864e+08 113547 -346509 -4.75527e+08
-113479 346509 9.09185e+08 113479 -346509 -4.75019e+08
-113410 346509 9.08506e+08 113410 -346509 -4.74511e+08
-113342 346509 9.07827e+08 113342 -346509 -4.74003e+08
-113274 346509 9.07148e+08 113274 -346509 -4.73495e+08
-113205 346509 9.06469e+08 113205 -346509 -4.72987e+08
-113137 346509 9.0579e+08 113137 -346509 -4.72479e+08
-113069 346509 9.0511e+08 113069 -346509 -4.71971e+08
-113000 346509 9.04431e+08 113000 -346509 -4.71463e+08
-112932 346509 9.03752e+08 112932 -346509 -4.70955e+08
-112864 346509 9.03073e+08 112864 -346509 -4.70447e+08
-112795 346509 9.02394e+08 112795 -346509 -4.69938e+08
-112727 346509 9.01715e+08 112727 -346509 -4.6943e+08
-112658 346509 9.01036e+08 112658 -346509 -4.68922e+08
-112590 346509 9.00357e+08 112590 -346509 -4.68414e+08
-112522 346509 8.99678e+08 112522 -346509 -4.67906e+08
-112453 346509 8.98999e+08 112453 -346509 -4.67398e+08
-112385 346509 8.98319e+08 112385 -346509 -4.6689e+08
-112317 346509 8.9764e+08 112317 -346509 -4.66382e+08
-112248 346509 8.96961e+08 112248 -346509 -4.65874e+08
-112180 346509 8.96282e+08 112180 -346509 -4.65366e+08
-112112 346509 8.95603e+08 112112 -346509 -4.64858e+08
-112043 346509 8.94924e+08 112043 -346509 -4.6435e+08
-111975 346509 8.94245e+08 111975 -346509 -4.63842e+08
-111907 346509 8.93566e+08 111907 -346509 -4.63333e+08
-111838 346509 8.92887e+08 111838 -346509 -4.62825e+08
-111770 346509 8.92208e+08 111770 -346509 -4.62317e+08
-111701 346509 8.91529e+08 111701 -346509 -4.61809e+08
-111633 346509 8.90849e+08 111633 -346509 -4.61301e+08
-111565 346509 8.9017e+08 111565 -346509 -4.60793e+08
-111496 346509 8.89491e+08 111496 -346509 -4.60285e+08
-111428 346509 8.88812e+08 111428 -346509 -4.59777e+08
-111360 346509 8.88133e+08 111360 -346509 -4.59269e+08
-111291 346509 8.87454e+08 111291 -346509 -4.58761e+08
-111223 346509 8.86775e+08 111223 -346509 -4.58253e+08
-111155 346509 8.86096e+08 111155 -346509 -4.57745e+08
-111086 346509 8.85417e+08 111086 -346509 -4.57237e+08
-111018 346509 8.84738e+08 111018 -346509 -4.56729e+08
-110950 346509 8.84059e+08 110950 -346509 -4.56221e+08
-110881 346509 8.8338e+08 110881 -346509 -4.55713e+08
-110813 346509 8.82701e+08 110813 -346509 -4.55205e+08
-110744 346509 8.82022e+08 110744 -346509 -4.54697e+08
-110676 346509 8.81342e+08 110676 -346509 -4.54189e+08
-110608 346509 8.80663e+08 110608 -346509 -4.5368e+08
-110539 346509 8.79984e+08 110539 -346509 -4.53172e+08
-110471 346509 8.79305e+08 110471 -346509 -4.52664e+08
-110403 346509 8.78626e+08 110403 -346509 -4.52156e+08
-110334 346509 8.77947e+08 110334 -346509 -4.51648e+08
-110266 346509 8.77268e+08 110266 -346509 -4.5114e+08
-110198 346509 8.76589e+08 110198 -346509 -4.50632e+08
-110129 346509 8.7591e+08 110129 -346509 -4.50124e+08
-110061 346509 8.75231e+08 110061 -346509 -4.49616e+08
-109993 346509 8.74552e+08 109993 -346509 -4.49108e+08
-109924 346509 8.73873e+08 109924 -346509 -4.486e+08
-109856 346509 8.73194e+08 109856 -346509 -4.48092e+08
-109787 346509 8.72515e+08 109787 -346509 -4.47584e+08
-109719 346509 8.71836e+08 109719 -346509 -4.47076e+08
-109651 346509 8.71157e+08 109651 -346509 -4.46568e+08
-109582 346509 8.70478e+08 109582 -346509 -4.4606e+08
-109514 346509 8.69799e+08 109514 -346509 -4.45552e+08
-109446 346509 8.6912e+08 109446 -346509 -4.45044e+08
-109377 346509 8.68441e+08 109377 -346509 -4.44536e+08
-109309 346509 8.67762e+08 109309 -346509 -4.44028e+08
-109241 346509 8.67083e+08 109241 -346509 -4.4352e+08
-109172 346509 8.66404e+08 109172 -346509 -4.43012e+08
-109104 346509 8.65725e+08 109104 -346509 -4.42504e+08
-109036 346509 8.65046e+08 109036 -346509 -4.41996e+08
-108967 346509 8.64367e+08 108967 -346509 -4.41488e+08
-108899 346509 8.63688e+08 108899 -346509 -4.4098e+08
-108831 346509 8.63009e+08 108831 -346509 -4.40472e+08
-108762 346509 8.6233e+08 108762 -346509 -4.39964e+08
-108694 346509 8.61651e+08 108694 -346509 -4.39456e+08
-108625 346509 8.60972e+08 108625 -346509 -4.38948e+08
-108557 346509 8.60293e+08 108557 -346509 -4.3844e+08
-108489 346509 8.59614e+08 108489 -346509 -4.37932e+08
-108420 346509 8.58935e+08 108420 -346509 -4.37424e+08
-108352 346509 8.58256e+08 108352 -346509 -4.36916e+08
-108284 346509 8.57577e+08 108284 -346509 -4.36408e+08
-108215 346509 8.56898e+08 108215 -346509 -4.359e+08
-108147 346509 8.56219e+08 108147 -346509 -4.35392e+08
-108079 346509 8.5554e+08 108079 -346509 -4.34884e+08
-108010 346509 8.54861e+08 108010 -346509 -4.34376e+08
-107942 346509 8.54182e+08 107942 -346509 -4.33868e+08
-107874 346509 8.53503e+08 107874 -346509 -4.3336e+08
-107805 346509 8.52824e+08 107805 -346509 -4.32852e+08
-107737 346509 8.52145e+08 107737 -346509 -4.32344e+08
-107668 346509 8.51466e+08 107668 -346509 -4.31836e+08
-107600 346509 8.50787e+08 107600 -346509 -4.31328e+08
-107532 346509 8.50108e+08 107532 -346509 -4.3082e+08
-107463 346509 8.49429e+08 107463 -346509 -4.30312e+08
-107395 346509 8.4875e+08 107395 -346509 -4.29804e+08
-107327 346509 8.48071e+08 107327 -346509 -4.29296e+08
-107258 346509 8.47392e+08 107258 -346509 -4.28788e+08
-107190 346509 8.46713e+08 107190 -346509 -4.2828e+08
-107122 346509 8.46034e+08 107122 -346509 -4.27772e+08
-107053 346509 8.45355e+08 107053 -346509 -4.27265e+08
-106985 346509 8.44676e+08 106985 -346509 -4.26757e+08
-106917 346509 8.43997e+08 106917 -346509 -4.26249e+08
-106848 346509 8.43318e+08 106848 -346509 -4.25741e+08
-106780 346509 8.42639e+08 106780 -346509 -4.25233e+08
-106712 346509 8.4196e+08 106712 -346509 -4.24725e+08
-106643 346509 8.41281e+08 106643 -346509 -4.24217e+08
-106575 346509 8.40602e+08 106575 -346509 -4.23709e+08
-106507 346509 8.39923e+08 106507 -346509 -4.23201e+08
-106438 346509 8.39244e+08 106438 -346509 -4.22693e+08
-106370 346509 8.38565e+08 106370 -346509 -4.22185e+08
-106301 346509 8.37886e+08 106301 -346509 -4.21677e+08
-106233 346509 8.37207e+08 106233 -346509 -4.21169e+08
-106165 346509 8.36529e+08 106165 -346509 -4.20661e+08
-106096 346509 8.3585e+08 106096 -346509 -4.20153e+08
-106028 346509 8.35171e+08 106028 -346509 -4.19645e+08
-105960 346509 8.34492e+08 105960 -346509 -4.19137e+08
-105891 346509 8.33813e+08 105891 -346509 -4.18629e+08
-105823 346509 8.33134e+08 105823 -346509 -4.18121e+08
-105755 346509 8.32455e+08 105755 -346509 -4.17614e+08
-105686 346509 8.31776e+08 105686 -346509 -4.17106e+08
-105618 346509 8.31097e+08 105618 -346509 -4.16598e+08
-105550 346509 8.30418e+08 105550 -346509 -4.1609e+08
-105481 346509 8.29739e+08 105481 -346509 -4.15582e+08
-105413 346509 8.2906e+08 105413 -346509 -4.15074e+08
-105345 346509 8.28381e+08 105345 -346509 -4.14566e+08
-105276 346509 8.27702e+08 105276 -346509 -4.14058e+08
-105208 346509 8.27024e+08 105208 -346509 -4.1355e+08
-105139 346509 8.26345e+08 105139 -346509 -4.13042e+08
-105071 346509 8.25666e+08 105071 -346509 -4.12534e+08
-105003 346509 8.24987e+08 105003 -346509 -4.12026e+08
-104934 346509 8.24308e+08 104934 -346509 -4.11518e+08
-104866 346509 8.23629e+08 104866 -346509 -4.11011e+08
-104798 346509 8.2295e+08 104798 -346509 -4.10503e+08
-104729 346509 8.22271e+08 104729 -346509 -4.09995e+08
-104661 346509 8.21592e+08 104661 -346509 -4.09487e+08
-104593 346509 8.20913e+08 104593 -346509 -4.08979e+08
-104524 346509 8.20234e+08 104524 -346509 -4.08471e+08
-104456 346509 8.19556e+08 104456 -346509 -4.07963e+08
-104388 346509 8.18877e+08 104388 -346509 -4.07455e+08
-104319 346509 8.18198e+08 104319 -346509 -4.06947e+08
-104251 346509 8.17519e+08 104251 -346509 -4.06439e+08
-104183 346509 8.1684e+08 104183 -346509 -4.05931e+08
-104114 346509 8.16161e+08 104114 -346509 -4.05424e+08
-104046 346509 8.15482e+08 104046 -346509 -4.04916e+08
-103978 346509 8.14803e+08 103978 -346509 -4.04408e+08
-103909 346509 8.14124e+08 103909 -346509 -4.039e+08
-103841 346509 8.13445e+08 103841 -346509 -4.03392e+08
-103773 346509 8.12767e+08 103773 -346509 -4.02884e+08
-103704 346509 8.12088e+08 103704 -346509 -4.02376e+08
-103636 346509 8.11409e+08 103636 -346509 -4.01868e+08
-103567 346509 8.1073e+08 103567 -346509 -4.0136e+08
-103499 346509 8.10051e+08 103499 -346509 -4.00853e+08
-103431 346509 8.09372e+08 103431 -346509 -4.00345e+08
-103362 346509 8.08693e+08 103362 -346509 -3.99837e+08
-103294 346509 8.08014e+08 103294 -346509 -3.99329e+08
-103226 346509 8.07336e+08 103226 -346509 -3.98821e+08
-103157 346509 8.06657e+08 103157 -346509 -3.98313e+08
-103089 346509 8.05978e+08 103089 -346509 -3.97805e+08
-103021 346509 8.05299e+08 103021 -346509 -3.97297e+08
-102952 346509 8.0462e+08 102952 -346509 -3.9679e+08
-102884 346509 8.03941e+08 102884 -346509 -3.96282e+08
-102816 346509 8.03262e+08 102816 -346509 -3.95774e+08
-102747 346509 8.02584e+08 102747 -346509 -3.95266e+08
-102679 346509 8.01905e+08 102679 -346509 -3.94758e+08
-102611 346509 8.01226e+08 102611 -346509 -3.9425e+08
-102542 346509 8.00547e+08 102542 -346509 -3.93742e+08
-102474 346509 7.99868e+08 102474 -346509 -3.93234e+08
-102406 346509 7.99189e+08 102406 -346509 -3.92727e+08
-102337 346509 7.9851e+08 102337 -346509 -3.92219e+08
-102269 346509 7.97832e+08 102269 -346509 -3.91711e+08
-102201 346509 7.97153e+08 102201 -346509 -3.91203e+08
-102132 346509 7.96474e+08 102132 -346509 -3.90695e+08
-102064 346509 7.95795e+08 102064 -346509 -3.90187e+08
-101995 346509 7.95116e+08 101995 -346509 -3.89679e+08
-101927 346509 7.94437e+08 101927 -346509 -3.89172e+08
-101859 346509 7.93759e+08 101859 -346509 -3.88664e+08
-101790 346509 7.9308e+08 101790 -346509 -3.88156e+08
-101722 346509 7.92401e+08 101722 -346509 -3.87648e+08
-101654 346509 7.91722e+08 101654 -346509 -3.8714e+08
-101585 346509 7.91043e+08 101585 -346509 -3.86632e+08
-101517 346509 7.90364e+08 101517 -346509 -3.86125e+08
-101449 346509 7.89686e+08 101449 -346509 -3.85617e+08
-101380 346509 7.89007e+08 101380 -346509 -3.85109e+08
-101312 346509 7.88328e+08 101312 -346509 -3.84601e+08
-101244 346509 7.87649e+08 101244 -346509 -3.84093e+08
-101175 346509 7.8697e+08 101175 -346509 -3.83585e+08
-101107 346509 7.86291e+08 101107 -346509 -3.83077e+08
-101039 346509 7.85613e+08 101039 -346509 -3.8257e+08
-100970 346509 7.84934e+08 100970 -346509 -3.82062e+08
-100902 346509 7.84255e+08 100902 -346509 -3.81554e+08
-100834 346509 7.83576e+08 100834 -346509 -3.81046e+08
-100765 346509 7.82897e+08 100765 -346509 -3.80538e+08
-100697 346509 7.82219e+08 100697 -346509 -3.80031e+08
-100629 346509 7.8154e+08 100629 -346509 -3.79523e+08
-100560 346509 7.80861e+08 100560 -346509 -3.79015e+08
-100492 346509 7.80182e+08 100492 -346509 -3.78507e+08
-100424 346509 7.79503e+08 100424 -346509 -3.77999e+08
-100355 346509 7.78825e+08 100355 -346509 -3.77491e+08
-100287 346509 7.78146e+08 100287 -346509 -3.76984e+08
-100219 346509 7.77467e+08 100219 -346509 -3.76476e+08
-100150 346509 7.76788e+08 100150 -346509 -3.75968e+08
-100082 346509 7.76109e+08 100082 -346509 -3.7546e+08
-100013 346509 7.75431e+08 100013 -346509 -3.74952e+08
-99945.2 346509 7.74752e+08 99945.2 -346509 -3.74445e+08
-99876.8 346509 7.74073e+08 99876.8 -346509 -3.73937e+08
-99808.5 346509 7.73394e+08 99808.5 -346509 -3.73429e+08
-99740.1 346509 7.72716e+08 99740.1 -346509 -3.72921e+08
-99671.8 346509 7.72037e+08 99671.8 -346509 -3.72413e+08
-99603.4 346509 7.71358e+08 99603.4 -346509 -3.71906e+08
-99535.1 346509 7.70679e+08 99535.1 -346509 -3.71398e+08
-99466.8 346509 7.7e+08 99466.8 -346509 -3.7089e+08
-99398.4 346509 7.69322e+08 99398.4 -346509 -3.70382e+08
-99330.1 346509 7.68643e+08 99330.1 -346509 -3.69874e+08
-99261.7 346509 7.67964e+08 99261.7 -346509 -3.69367e+08
-99193.4 346509 7.67285e+08 99193.4 -346509 -3.68859e+08
-99125 346509 7.66607e+08 99125 -346509 -3.68351e+08
-99056.7 346509 7.65928e+08 99056.7 -346509 -3.67843e+08
-98988.4 346509 7.65249e+08 98988.4 -346509 -3.67335e+08
-98920 346509 7.6457e+08 98920 -346509 -3.66828e+08
-98851.7 346509 7.63891e+08 98851.7 -346509 -3.6632e+08
-98783.3 346509 7.63213e+08 98783.3 -346509 -3.65812e+08
-98715 346509 7.62534e+08 98715 -346509 -3.65304e+08
-98646.6 346509 7.61855e+08 98646.6 -346509 -3.64796e+08
-98578.3 346509 7.61176e+08 98578.3 -346509 -3.64289e+08
-98510 346509 7.60498e+08 98510 -346509 -3.63781e+08
-98441.6 346509 7.59819e+08 98441.6 -346509 -3.63273e+08
-98373.3 346509 7.5914e+08 98373.3 -346509 -3.62765e+08
-98304.9 346509 7.58461e+08 98304.9 -346509 -3.62258e+08
-98236.6 346509 7.57783e+08 98236.6 -346509 -3.6175e+08
-98168.3 346509 7.57104e+08 98168.3 -346509 -3.61242e+08
-98099.9 346509 7.56425e+08 98099.9 -346509 -3.60734e+08
-98031.6 346509 7.55747e+08 98031.6 -346509 -3.60226e+08
-97963.2 346509 7.55068e+08 97963.2 -346509 -3.59719e+08
-97894.9 346509 7.54389e+08 97894.9 -346509 -3.59211e+08
-97826.6 346509 7.5371e+08 97826.6 -346509 -3.58703e+08
-97758.2 346509 7.53032e+08 97758.2 -346509 -3.58195e+08
-97689.9 346509 7.52353e+08 97689.9 -346509 -3.57688e+08
-97621.5 346509 7.51674e+08 97621.5 -346509 -3.5718e+08
-97553.2 346509 7.50995e+08 97553.2 -346509 -3.56672e+08
-97484.9 346509 7.50317e+08 97484.9 -346509 -3.56164e+08
-97416.5 346509 7.49638e+08 97416.5 -346509 -3.55657e+08
-97348.2 346509 7.48959e+08 97348.2 -346509 -3.55149e+08
-97279.8 346509 7.4828e+08 97279.8 -346509 -3.54641e+08
-97211.5 346509 7.47602e+08 97211.5 -346509 -3.54133e+08
-97143.1 346509 7.46923e+08 97143.1 -346509 -3.53626e+08
-97074.8 346509 7.46244e+08 97074.8 -346509 -3.53118e+08
-97006.5 346509 7.45566e+08 97006.5 -346509 -3.5261e+08
-96938.1 346509 7.44887e+08 96938.1 -346509 -3.52102e+08
-96869.8 346509 7.44208e+08 96869.8 -346509 -3.51595e+08
-96801.5 346509 7.4353e+08 96801.5 -346509 -3.51087e+08
-96733.1 346509 7.42851e+08 96733.1 -346509 -3.50579e+08
-96664.8 346509 7.42172e+08 96664.8 -346509 -3.50071e+08
-96596.4 346509 7.41493e+08 96596.4 -346509 -3.49564e+08
-96528.1 346509 7.40815e+08 96528.1 -346509 -3.49056e+08
-96459.8 346509 7.40136e+08 96459.8 -346509 -3.48548e+08
-96391.4 346509 7.39457e+08 96391.4 -346509 -3.4804e+08
-96323.1 346509 7.38779e+08 96323.1 -346509 -3.47533e+08
-96254.7 346509 7.381e+08 96254.7 -346509 -3.47025e+08
-96186.4 346509 7.37421e+08 96186.4 -346509 -3.46517e+08
-96118.1 346509 7.36743e+08 96118.1 -346509 -3.4601e+08
-96049.7 346509 7.36064e+08 96049.7 -346509 -3.45502e+08
-95981.4 346509 7.35385e+08 95981.4 -346509 -3.44994e+08
-95913 346509 7.34706e+08 95913 -346509 -3.44486e+08
-95844.7 346509 7.34028e+08 95844.7 -346509 -3.43979e+08
-95776.4 346509 7.33349e+08 95776.4 -346509 -3.43471e+08
-95708 346509 7.3267e+08 95708 -346509 -3.42963e+08
-95639.7 346509 7.31992e+08 95639.7 -346509 -3.42456e+08
-95571.4 346509 7.31313e+08 95571.4 -346509 -3.41948e+08
-95503 346509 7.30634e+08 95503 -346509 -3.4144e+08
-95434.7 346509 7.29956e+08 95434.7 -346509 -3.40932e+08
-95366.3 346509 7.29277e+08 95366.3 -346509 -3.40425e+08
-95298 346509 7.28598e+08 95298 -346509 -3.39917e+08
-95229.7 346509 7.2792e+08 95229.7 -346509 -3.39409e+08
-95161.3 346509 7.27241e+08 95161.3 -346509 -3.38902e+08
-95093 346509 7.26562e+08 95093 -346509 -3.38394e+08
-95024.7 346509 7.25884e+08 95024.7 -346509 -3.37886e+08
-94956.3 346509 7.25205e+08 94956.3 -346509 -3.37378e+08
-94888 346509 7.24526e+08 94888 -346509 -3.36871e+08
-94819.6 346509 7.23848e+08 94819.6 -346509 -3.36363e+08
-94751.3 346509 7.23169e+08 94751.3 -346509 -3.35855e+08
-94683 346509 7.2249e+08 94683 -346509 -3.35348e+08
-94614.6 346509 7.21812e+08 94614.6 -346509 -3.3484e+08
-94546.3 346509 7.21133e+08 94546.3 -346509 -3.34332e+08
-94478 346509 7.20454e+08 94478 -346509 -3.33825e+08
-94409.6 346509 7.19776e+08 94409.6 -346509 -3.33317e+08
-94341.3 346509 7.19097e+08 94341.3 -346509 -3.32809e+08
-94273 346509 7.18418e+08 94273 -346509 -3.32301e+08
-94204.6 346509 7.1774e+08 94204.6 -346509 -3.31794e+08
-94136.3 346509 7.17061e+08 94136.3 -346509 -3.31286e+08
-94067.9 346509 7.16383e+08 94067.9 -346509 -3.30778e+08
-93999.6 346509 7.15704e+08 93999.6 -346509 -3.30271e+08
-93931.3 346509 7.15025e+08 93931.3 -346509 -3.29763e+08
-93862.9 346509 7.14347e+08 93862.9 -346509 -3.29255e+08
-93794.6 346509 7.13668e+08 93794.6 -346509 -3.28748e+08
-93726.3 346509 7.12989e+08 93726.3 -346509 -3.2824e+08
-93657.9 346509 7.12311e+08 93657.9 -346509 -3.27732e+08
-93589.6 346509 7.11632e+08 93589.6 -346509 -3.27225e+08
-93521.3 346509 7.10954e+08 93521.3 -346509 -3.26717e+08
-93452.9 346509 7.10275e+08 93452.9 -346509 -3.26209e+08
-93384.6 346509 7.09596e+08 93384.6 -346509 -3.25702e+08
-93316.3 346509 7.08918e+08 93316.3 -346509 -3.25194e+08
-93247.9 346509 7.08239e+08 93247.9 -346509 -3.24686e+08
-93179.6 346509 7.0756e+08 93179.6 -346509 -3.24179e+08
-93111.2 346509 7.06882e+08 93111.2 -346509 -3.23671e+08
-93042.9 346509 7.06203e+08 93042.9 -346509 -3.23163e+08
-92974.6 346509 7.05525e+08 92974.6 -346509 -3.22656e+08
-92906.2 346509 7.04846e+08 92906.2 -346509 -3.22148e+08
-92837.9 346509 7.04167e+08 92837.9 -346509 -3.2164e+08
-92769.6 346509 7.03489e+08 92769.6 -346509 -3.21133e+08
-92701.2 346509 7.0281e+08 92701.2 -346509 -3.20625e+08
-92632.9 346509 7.02132e+08 92632.9 -346509 -3.20117e+08
-92564.6 346509 7.01453e+08 92564.6 -346509 -3.1961e+08
-92496.2 346509 7.00774e+08 92496.2 -346509 -3.19102e+08
-92427.9 346509 7.00096e+08 92427.9 -346509 -3.18595e+08
-92359.6 346509 6.99417e+08 92359.6 -346509 -3.18087e+08
-92291.2 346509 6.98739e+08 92291.2 -346509 -3.17579e+08
-92222.9 346509 6.9806e+08 92222.9 -346509 -3.17072e+08
-92154.6 346509 6.97381e+08 92154.6 -346509 -3.16564e+08
-92086.2 346509 6.96703e+08 92086.2 -346509 -3.16056e+08
-92017.9 346509 6.96024e+08 92017.9 -346509 -3.15549e+08
-91949.6 346509 6.95346e+08 91949.6 -346509 -3.15041e+08
-91881.2 346509 6.94667e+08 91881.2 -346509 -3.14533e+08
-91812.9 346509 6.93988e+08 91812.9 -346509 -3.14026e+08
-91744.6 346509 6.9331e+08 91744.6 -346509 -3.13518e+08
-91676.2 346509 6.92631e+08 91676.2 -346509 -3.1301e+08
-91607.9 346509 6.91953e+08 91607.9 -346509 -3.12503e+08
-91539.6 346509 6.91274e+08 91539.6 -346509 -3.11995e+08
-91471.2 346509 6.90596e+08 91471.2 -346509 -3.11488e+08
-91402.9 346509 6.89917e+08 91402.9 -346509 -3.1098e+08
-91334.6 346509 6.89238e+08 91334.6 -346509 -3.10472e+08
-91266.2 346509 6.8856e+08 91266.2 -346509 -3.09965e+08
-91197.9 346509 6.87881e+08 91197.9 -346509 -3.09457e+08
-91129.6 346509 6.87203e+08 91129.6 -346509 -3.08949e+08
-91061.2 346509 6.86524e+08 91061.2 -346509 -3.08442e+08
-90992.9 346509 6.85846e+08 90992.9 -346509 -3.07934e+08
-90924.6 346509 6.85167e+08 90924.6 -346509 -3.07427e+08
-90856.2 346509 6.84488e+08 90856.2 -346509 -3.06919e+08
-90787.9 346509 6.8381e+08 90787.9 -346509 -3.06411e+08
-90719.6 346509 6.83131e+08 90719.6 -346509 -3.05904e+08
-90651.3 346509 6.82453e+08 90651.3 -346509 -3.05396e+08
-90582.9 346509 6.81774e+08 90582.9 -346509 -3.04889e+08
-90514.6 346509 6.81096e+08 90514.6 -346509 -3.04381e+08
-90446.3 346509 6.80417e+08 90446.3 -346509 -3.03873e+08
-90377.9 346509 6.79739e+08 90377.9 -346509 -3.03366e+08
-90309.6 346509 6.7906e+08 90309.6 -346509 -3.02858e+08
-90241.3 346509 6.78381e+08 90241.3 -346509 -3.02351e+08
-90172.9 346509 6.77703e+08 90172.9 -346509 -3.01843e+08
-90104.6 346509 6.77024e+08 90104.6 -346509 -3.01335e+08
-90036.3 346509 6.76346e+08 90036.3 -346509 -3.00828e+08
-89967.9 346509 6.75667e+08 89967.9 -346509 -3.0032e+08
-89899.6 346509 6.74989e+08 89899.6 -346509 -2.99813e+08
-89831.3 346509 6.7431e+08 89831.3 -346509 -2.99305e+08
-89762.9 346509 6.73632e+08 89762.9 -346509 -2.98797e+08
-89694.6 346509 6.72953e+08 89694.6 -346509 -2.9829e+08
-89626.3 346509 6.72275e+08 89626.3 -346509 -2.97782e+08
-89558 346509 6.71596e+08 89558 -346509 -2.97275e+08
-89489.6 346509 6.70918e+08 89489.6 -346509 -2.96767e+08
-89421.3 346509 6.70239e+08 89421.3 -346509 -2.96259e+08
-89353 346509 6.69561e+08 89353 -346509 -2.95752e+08
-89284.6 346509 6.68882e+08 89284.6 -346509 -2.95244e+08
-89216.3 346509 6.68204e+08 89216.3 -346509 -2.94737e+08
-89148 346509 6.67525e+08 89148 -346509 -2.94229e+08
-89079.6 346509 6.66846e+08 89079.6 -346509 -2.93722e+08
-89011.3 346509 6.66168e+08 89011.3 -346509 -2.93214e+08
-88943 346509 6.65489e+08 88943 -346509 -2.92706e+08
-88874.7 346509 6.64811e+08 88874.7 -346509 -2.92199e+08
-88806.3 346509 6.64132e+08 88806.3 -346509 -2.91691e+08
-88738 346509 6.63454e+08 88738 -346509 -2.91184e+08
-88669.7 346509 6.62775e+08 88669.7 -346509 -2.90676e+08
-88601.3 346509 6.62097e+08 88601.3 -346509 -2.90169e+08
-88533 346509 6.61418e+08 88533 -346509 -2.89661e+08
-88464.7 346509 6.6074e+08 88464.7 -346509 -2.89153e+08
-88396.4 346509 6.60061e+08 88396.4 -346509 -2.88646e+08
