4.71989e-05 15301.4 -0.161796 -4.71989e-05 -15301.4 0.0129476
9.87469e-05 30602.8 -0.339504 -9.87469e-05 -30602.8 0.0270883
0.000157454 45904.3 -0.544193 -0.000157454 -45904.3 0.0431927
0.000226968 61205.7 -0.790242 -0.000226968 -61205.7 0.062262
0.000312104 76507.1 -1.09662 -0.000312104 -76507.1 0.0856165
0.000419193 91808.5 -1.48827 -0.000419193 -91808.5 0.114993
0.000556927 107110 -1.99945 -0.000556927 -107110 0.152776
0.000737311 122411 -2.67747 -0.000737311 -122411 0.202259
0.000977053 137713 -3.58815 -0.000977053 -137713 0.268025
0.00130062 153014 -4.82803 -0.00130062 -153014 0.356787
-87.6485 153014 323100 87.6485 -153014 -24042.4
-175.296 153014 646193 175.296 -153014 -48082
-262.946 153014 969294 262.946 -153014 -72119.8
-350.592 153014 1.29238e+06 350.592 -153014 -96153.8
-438.247 153014 1.61549e+06 438.247 -153014 -120188
-525.896 153014 1.93858e+06 525.896 -153014 -144217
-613.534 153014 2.26163e+06 613.534 -153014 -168241
-701.195 153014 2.58475e+06 701.195 -153014 -192269
-788.852 153014 2.90786e+06 788.852 -153014 -216294
-876.497 153014 3.23092e+06 876.497 -153014 -240312
-964.147 153014 3.55401e+06 964.147 -153014 -264329
-1051.8 153014 3.87709e+06 1051.8 -153014 -288344
-1139.45 153014 4.20017e+06 1139.45 -153014 -312357
-1227.1 153014 4.52324e+06 1227.1 -153014 -336366
-1314.75 153014 4.84632e+06 1314.75 -153014 -360374
-1402.41 153014 5.16941e+06 1402.41 -153014 -384380
-1490.06 153014 5.49247e+06 1490.06 -153014 -408381
-1577.71 153014 5.81554e+06 1577.71 -153014 -432381
-1665.36 153014 6.1386e+06 1665.36 -153014 -456377
-1753.01 153014 6.46166e+06 1753.01 -153014 -480372
-1840.67 153014 6.78474e+06 1840.67 -153014 -504365
-1928.33 153014 7.10781e+06 1928.33 -153014 -528355
-2015.97 153014 7.43085e+06 2015.97 -153014 -552342
-2103.64 153014 7.75394e+06 2103.64 -153014 -576329
-2191.28 153014 8.07697e+06 2191.28 -153014 -600309
-2278.94 153014 8.40004e+06 2278.94 -153014 -624289
-2366.6 153014 8.7231e+06 2366.6 -153014 -648267
-2454.25 153014 9.04614e+06 2454.25 -153014 -672241
-2541.91 153014 9.36919e+06 2541.91 -153014 -696214
-2629.56 153014 9.69225e+06 2629.56 -153014 -720183
-2717.22 153014 1.00153e+07 2717.22 -153014 -744151
-2804.87 153014 1.03383e+07 2804.87 -153014 -768115
-2892.53 153014 1.06614e+07 2892.53 -153014 -792077
-2980.19 153014 1.09844e+07 2980.19 -153014 -816038
-3067.84 153014 1.13075e+07 3067.84 -153014 -839994
-3155.5 153014 1.16305e+07 3155.5 -153014 -863949
-3243.16 153014 1.19535e+07 3243.16 -153014 -887901
-3330.81 153014 1.22766e+07 3330.81 -153014 -911850
-3418.47 153014 1.25996e+07 3418.47 -153014 -935798
-3506.13 153014 1.29226e+07 3506.13 -153014 -959742
-3593.8 153014 1.32457e+07 3593.8 -153014 -983687
-3681.45 153014 1.35687e+07 3681.45 -153014 -1.00762e+06
-3769.1 153014 1.38917e+07 3769.1 -153014 -1.03156e+06
-3856.76 153014 1.42147e+07 3856.76 -153014 -1.0555e+06
-3944.42 153014 1.45378e+07 3944.42 -153014 -1.07943e+06
-4032.08 153014 1.48608e+07 4032.08 -153014 -1.10336e+06
-4119.74 153014 1.51838e+07 4119.74 -153014 -1.12728e+06
-4207.4 153014 1.55068e+07 4207.4 -153014 -1.15121e+06
-4295.06 153014 1.58298e+07 4295.06 -153014 -1.17513e+06
-4382.72 153014 1.61528e+07 4382.72 -153014 -1.19905e+06
-4470.38 153014 1.64759e+07 4470.38 -153014 -1.22297e+06
-4558.04 153014 1.67989e+07 4558.04 -153014 -1.24688e+06
-4645.7 153014 1.71219e+07 4645.7 -153014 -1.27079e+06
-4733.36 153014 1.74449e+07 4733.36 -153014 -1.2947e+06
-4821.02 153014 1.77679e+07 4821.02 -153014 -1.31861e+06
-4908.69 153014 1.80909e+07 4908.69 -153014 -1.34252e+06
-4996.34 153014 1.84139e+07 4996.34 -153014 -1.36642e+06
-5084.01 153014 1.87369e+07 5084.01 -153014 -1.39032e+06
-5171.67 153014 1.90599e+07 5171.67 -153014 -1.41421e+06
-5259.34 153014 1.93829e+07 5259.34 -153014 -1.43811e+06
-5347 153014 1.97059e+07 5347 -153014 -1.462e+06
-5434.66 153014 2.00289e+07 5434.66 -153014 -1.48589e+06
-5522.32 153014 2.03519e+07 5522.32 -153014 -1.50978e+06
-5609.99 153014 2.06748e+07 5609.99 -153014 -1.53366e+06
-5697.65 153014 2.09978e+07 5697.65 -153014 -1.55754e+06
-5785.31 153014 2.13208e+07 5785.31 -153014 -1.58142e+06
-5872.98 153014 2.16438e+07 5872.98 -153014 -1.6053e+06
-5960.64 153014 2.19668e+07 5960.64 -153014 -1.62917e+06
-6048.3 153014 2.22897e+07 6048.3 -153014 -1.65304e+06
-6135.98 153014 2.26127e+07 6135.98 -153014 -1.67692e+06
-6223.64 153014 2.29357e+07 6223.64 -153014 -1.70078e+06
-6311.3 153014 2.32587e+07 6311.3 -153014 -1.72465e+06
-6398.97 153014 2.35817e+07 6398.97 -153014 -1.74851e+06
-6486.64 153014 2.39046e+07 6486.64 -153014 -1.77237e+06
-6574.3 153014 2.42276e+07 6574.3 -153014 -1.79622e+06
-6661.97 153014 2.45506e+07 6661.97 -153014 -1.82008e+06
-6749.63 153014 2.48735e+07 6749.63 -153014 -1.84393e+06
-6837.3 153014 2.51965e+07 6837.3 -153014 -1.86778e+06
-6924.97 153014 2.55194e+07 6924.97 -153014 -1.89163e+06
-7012.64 153014 2.58424e+07 7012.64 -153014 -1.91547e+06
-7100.3 153014 2.61654e+07 7100.3 -153014 -1.93931e+06
-7187.97 153014 2.64883e+07 7187.97 -153014 -1.96315e+06
-7275.64 153014 2.68113e+07 7275.64 -153014 -1.98699e+06
-7363.31 153014 2.71342e+07 7363.31 -153014 -2.01082e+06
-7450.98 153014 2.74572e+07 7450.98 -153014 -2.03465e+06
-7538.65 153014 2.77802e+07 7538.65 -153014 -2.05849e+06
-7626.31 153014 2.81031e+07 7626.31 -153014 -2.08231e+06
-7713.98 153014 2.8426e+07 7713.98 -153014 -2.10613e+06
-7801.63 153014 2.87489e+07 7801.63 -153014 -2.12995e+06
-7889.32 153014 2.90719e+07 7889.32 -153014 -2.15377e+06
-7976.99 153014 2.93948e+07 7976.99 -153014 -2.17759e+06
-8064.66 153014 2.97178e+07 8064.66 -153014 -2.20141e+06
-8152.33 153014 3.00407e+07 8152.33 -153014 -2.22522e+06
-8240 153014 3.03637e+07 8240 -153014 -2.24903e+06
-8327.67 153014 3.06866e+07 8327.67 -153014 -2.27283e+06
-8415.34 153014 3.10095e+07 8415.34 -153014 -2.29664e+06
-8503.01 153014 3.13324e+07 8503.01 -153014 -2.32044e+06
-8590.69 153014 3.16554e+07 8590.69 -153014 -2.34424e+06
-8678.37 153014 3.19783e+07 8678.37 -153014 -2.36804e+06
-8766.03 153014 3.23012e+07 8766.03 -153014 -2.39183e+06
-8853.7 153014 3.26241e+07 8853.7 -153014 -2.41562e+06
-8941.37 153014 3.2947e+07 8941.37 -153014 -2.43941e+06
-9029.05 153014 3.327e+07 9029.05 -153014 -2.4632e+06
-9116.72 153014 3.35929e+07 9116.72 -153014 -2.48698e+06
-9204.39 153014 3.39158e+07 9204.39 -153014 -2.51076e+06
-9292.06 153014 3.42387e+07 9292.06 -153014 -2.53454e+06
-9379.74 153014 3.45616e+07 9379.74 -153014 -2.55832e+06
-9467.42 153014 3.48846e+07 9467.42 -153014 -2.58209e+06
-9555.09 153014 3.52074e+07 9555.09 -153014 -2.60586e+06
-9642.76 153014 3.55304e+07 9642.76 -153014 -2.62963e+06
-9730.44 153014 3.58533e+07 9730.44 -153014 -2.6534e+06
-9818.11 153014 3.61762e+07 9818.11 -153014 -2.67716e+06
-9905.78 153014 3.64991e+07 9905.78 -153014 -2.70092e+06
-9993.46 153014 3.6822e+07 9993.46 -153014 -2.72468e+06
-10081.1 153014 3.71449e+07 10081.1 -153014 -2.74844e+06
-10168.8 153014 3.74677e+07 10168.8 -153014 -2.77219e+06
-10256.5 153014 3.77906e+07 10256.5 -153014 -2.79594e+06
-10344.2 153014 3.81135e+07 10344.2 -153014 -2.81969e+06
-10431.8 153014 3.84364e+07 10431.8 -153014 -2.84344e+06
-10519.5 153014 3.87593e+07 10519.5 -153014 -2.86718e+06
-10607.2 153014 3.90822e+07 10607.2 -153014 -2.89092e+06
-10694.9 153014 3.94051e+07 10694.9 -153014 -2.91466e+06
-10782.5 153014 3.9728e+07 10782.5 -153014 -2.9384e+06
-10870.2 153014 4.00508e+07 10870.2 -153014 -2.96213e+06
-10957.9 153014 4.03737e+07 10957.9 -153014 -2.98586e+06
-11045.6 153014 4.06966e+07 11045.6 -153014 -3.00959e+06
-11133.3 153014 4.10195e+07 11133.3 -153014 -3.03332e+06
-11220.9 153014 4.13424e+07 11220.9 -153014 -3.05704e+06
-11308.6 153014 4.16652e+07 11308.6 -153014 -3.08076e+06
-11396.3 153014 4.19881e+07 11396.3 -153014 -3.10448e+06
-11484 153014 4.2311e+07 11484 -153014 -3.1282e+06
-11571.7 153014 4.26338e+07 11571.7 -153014 -3.15191e+06
-11659.3 153014 4.29567e+07 11659.3 -153014 -3.17562e+06
-11747 153014 4.32796e+07 11747 -153014 -3.19933e+06
-11834.7 153014 4.36024e+07 11834.7 -153014 -3.22304e+06
-11922.4 153014 4.39253e+07 11922.4 -153014 -3.24674e+06
-12010.1 153014 4.42481e+07 12010.1 -153014 -3.27044e+06
-12097.7 153014 4.4571e+07 12097.7 -153014 -3.29414e+06
-12185.4 153014 4.48938e+07 12185.4 -153014 -3.31784e+06
-12273.1 153014 4.52167e+07 12273.1 -153014 -3.34153e+06
-12360.8 153014 4.55395e+07 12360.8 -153014 -3.36522e+06
-12448.5 153014 4.58624e+07 12448.5 -153014 -3.38891e+06
-12536.1 153014 4.61852e+07 12536.1 -153014 -3.4126e+06
-12623.8 153014 4.65081e+07 12623.8 -153014 -3.43628e+06
-12711.5 153014 4.68309e+07 12711.5 -153014 -3.45996e+06
-12799.2 153014 4.71538e+07 12799.2 -153014 -3.48364e+06
-12886.9 153014 4.74766e+07 12886.9 -153014 -3.50732e+06
-12974.6 153014 4.77994e+07 12974.6 -153014 -3.53099e+06
-13062.2 153014 4.81223e+07 13062.2 -153014 -3.55466e+06
-13149.9 153014 4.84451e+07 13149.9 -153014 -3.57833e+06
-13237.6 153014 4.87679e+07 13237.6 -153014 -3.602e+06
-13325.3 153014 4.90908e+07 13325.3 -153014 -3.62566e+06
-13413 153014 4.94136e+07 13413 -153014 -3.64932e+06
-13500.7 153014 4.97364e+07 13500.7 -153014 -3.67298e+06
-13588.3 153014 5.00593e+07 13588.3 -153014 -3.69664e+06
-13676 153014 5.03821e+07 13676 -153014 -3.72029e+06
-13763.7 153014 5.07049e+07 13763.7 -153014 -3.74394e+06
-13851.4 153014 5.10277e+07 13851.4 -153014 -3.76759e+06
-13939.1 153014 5.13505e+07 13939.1 -153014 -3.79124e+06
-14026.8 153014 5.16734e+07 14026.8 -153014 -3.81488e+06
-14114.5 153014 5.19962e+07 14114.5 -153014 -3.83852e+06
-14202.1 153014 5.2319e+07 14202.1 -153014 -3.86216e+06
-14289.8 153014 5.26418e+07 14289.8 -153014 -3.88579e+06
-14377.5 153014 5.29646e+07 14377.5 -153014 -3.90943e+06
-14465.2 153014 5.32874e+07 14465.2 -153014 -3.93306e+06
-14552.9 153014 5.36102e+07 14552.9 -153014 -3.95669e+06
-14640.6 153014 5.3933e+07 14640.6 -153014 -3.98031e+06
-14728.3 153014 5.42558e+07 14728.3 -153014 -4.00394e+06
-14816 153014 5.45786e+07 14816 -153014 -4.02756e+06
-14903.6 153014 5.49014e+07 14903.6 -153014 -4.05118e+06
-14991.3 153014 5.52242e+07 14991.3 -153014 -4.07479e+06
-15079 153014 5.5547e+07 15079 -153014 -4.0984e+06
-15166.7 153014 5.58698e+07 15166.7 -153014 -4.12202e+06
-15254.4 153014 5.61926e+07 15254.4 -153014 -4.14562e+06
-15342.1 153014 5.65153e+07 15342.1 -153014 -4.16923e+06
-15429.8 153014 5.68382e+07 15429.8 -153014 -4.19283e+06
-15517.5 153014 5.7161e+07 15517.5 -153014 -4.21643e+06
-15605.2 153014 5.74837e+07 15605.2 -153014 -4.24003e+06
-15692.9 153014 5.78065e+07 15692.9 -153014 -4.26363e+06
-15780.5 153014 5.81293e+07 15780.5 -153014 -4.28722e+06
-15868.2 153014 5.84521e+07 15868.2 -153014 -4.31081e+06
-15955.9 153014 5.87748e+07 15955.9 -153014 -4.3344e+06
-16043.6 153014 5.90976e+07 16043.6 -153014 -4.35799e+06
-16131.3 153014 5.94204e+07 16131.3 -153014 -4.38157e+06
-16219 153014 5.97432e+07 16219 -153014 -4.40515e+06
-16306.7 153014 6.00659e+07 16306.7 -153014 -4.42873e+06
-16394.4 153014 6.03887e+07 16394.4 -153014 -4.4523e+06
-16482.1 153014 6.07115e+07 16482.1 -153014 -4.47588e+06
-16569.8 153014 6.10342e+07 16569.8 -153014 -4.49945e+06
-16657.5 153014 6.1357e+07 16657.5 -153014 -4.52301e+06
-16745.2 153014 6.16798e+07 16745.2 -153014 -4.54658e+06
-16832.8 153014 6.20025e+07 16832.8 -153014 -4.57014e+06
-16920.5 153014 6.23253e+07 16920.5 -153014 -4.59371e+06
-17008.2 153014 6.2648e+07 17008.2 -153014 -4.61726e+06
-17095.9 153014 6.29708e+07 17095.9 -153014 -4.64082e+06
-17183.6 153014 6.32935e+07 17183.6 -153014 -4.66437e+06
-17271.3 153014 6.36163e+07 17271.3 -153014 -4.68792e+06
-17359 153014 6.3939e+07 17359 -153014 -4.71147e+06
-17446.7 153014 6.42618e+07 17446.7 -153014 -4.73502e+06
-17534.4 153014 6.45845e+07 17534.4 -153014 -4.75856e+06
-17622.1 153014 6.49073e+07 17622.1 -153014 -4.7821e+06
-17709.8 153014 6.523e+07 17709.8 -153014 -4.80564e+06
-17797.5 153014 6.55528e+07 17797.5 -153014 -4.82917e+06
-17885.2 153014 6.58755e+07 17885.2 -153014 -4.85271e+06
-17972.9 153014 6.61982e+07 17972.9 -153014 -4.87624e+06
-18060.6 153014 6.6521e+07 18060.6 -153014 -4.89977e+06
-18148.3 153014 6.68437e+07 18148.3 -153014 -4.92329e+06
-18236 153014 6.71664e+07 18236 -153014 -4.94681e+06
-18323.7 153014 6.74891e+07 18323.7 -153014 -4.97033e+06
-18411.4 153014 6.78119e+07 18411.4 -153014 -4.99385e+06
-18499.1 153014 6.81346e+07 18499.1 -153014 -5.01737e+06
-18586.8 153014 6.84573e+07 18586.8 -153014 -5.04088e+06
-18674.5 153014 6.878e+07 18674.5 -153014 -5.06439e+06
-18762.2 153014 6.91027e+07 18762.2 -153014 -5.0879e+06
-18849.9 153014 6.94255e+07 18849.9 -153014 -5.1114e+06
-18937.6 153014 6.97482e+07 18937.6 -153014 -5.13491e+06
-19025.3 153014 7.00709e+07 19025.3 -153014 -5.15841e+06
-19113 153014 7.03936e+07 19113 -153014 -5.1819e+06
-19200.7 153014 7.07163e+07 19200.7 -153014 -5.2054e+06
-19288.4 153014 7.1039e+07 19288.4 -153014 -5.22889e+06
-19376.1 153014 7.13617e+07 19376.1 -153014 -5.25238e+06
-19463.8 153014 7.16844e+07 19463.8 -153014 -5.27587e+06
-19551.5 153014 7.20072e+07 19551.5 -153014 -5.29936e+06
-19639.2 153014 7.23299e+07 19639.2 -153014 -5.32284e+06
-19726.9 153014 7.26525e+07 19726.9 -153014 -5.34632e+06
-19814.6 153014 7.29753e+07 19814.6 -153014 -5.3698e+06
-19902.3 153014 7.3298e+07 19902.3 -153014 -5.39327e+06
-19990 153014 7.36206e+07 19990 -153014 -5.41675e+06
-20077.7 153014 7.39433e+07 20077.7 -153014 -5.44021e+06
-20165.4 153014 7.4266e+07 20165.4 -153014 -5.46368e+06
-20253.1 153014 7.45887e+07 20253.1 -153014 -5.48715e+06
-20340.8 153014 7.49114e+07 20340.8 -153014 -5.51061e+06
-20428.5 153014 7.52341e+07 20428.5 -153014 -5.53407e+06
-20516.2 153014 7.55568e+07 20516.2 -153014 -5.55753e+06
-20603.9 153014 7.58795e+07 20603.9 -153014 -5.58098e+06
-20691.6 153014 7.62021e+07 20691.6 -153014 -5.60444e+06
-20779.3 153014 7.65248e+07 20779.3 -153014 -5.62789e+06
-20867 153014 7.68475e+07 20867 -153014 -5.65133e+06
-20954.7 153014 7.71702e+07 20954.7 -153014 -5.67478e+06
-21042.4 153014 7.74928e+07 21042.4 -153014 -5.69822e+06
-21130.1 153014 7.78155e+07 21130.1 -153014 -5.72166e+06
-21217.8 153014 7.81382e+07 21217.8 -153014 -5.7451e+06
-21305.5 153014 7.84608e+07 21305.5 -153014 -5.76853e+06
-21393.2 153014 7.87835e+07 21393.2 -153014 -5.79197e+06
-21480.9 153014 7.91062e+07 21480.9 -153014 -5.8154e+06
-21568.6 153014 7.94288e+07 21568.6 -153014 -5.83883e+06
-21656.4 153014 7.97515e+07 21656.4 -153014 -5.86225e+06
-21744.1 153014 8.00742e+07 21744.1 -153014 -5.88567e+06
-21831.8 153014 8.03968e+07 21831.8 -153014 -5.90909e+06
-21919.5 153014 8.07195e+07 21919.5 -153014 -5.93251e+06
-22007.2 153014 8.10421e+07 22007.2 -153014 -5.95593e+06
-22094.9 153014 8.13648e+07 22094.9 -153014 -5.97934e+06
-22182.6 153014 8.16874e+07 22182.6 -153014 -6.00275e+06
-22270.3 153014 8.20101e+07 22270.3 -153014 -6.02616e+06
-22358 153014 8.23327e+07 22358 -153014 -6.04956e+06
-22445.7 153014 8.26554e+07 22445.7 -153014 -6.07296e+06
-22533.4 153014 8.2978e+07 22533.4 -153014 -6.09636e+06
-22621.1 153014 8.33006e+07 22621.1 -153014 -6.11976e+06
-22708.8 153014 8.36233e+07 22708.8 -153014 -6.14316e+06
-22796.6 153014 8.39459e+07 22796.6 -153014 -6.16655e+06
-22884.3 153014 8.42686e+07 22884.3 -153014 -6.18994e+06
-22972 153014 8.45912e+07 22972 -153014 -6.21333e+06
-23059.7 153014 8.49138e+07 23059.7 -153014 -6.23671e+06
-23147.4 153014 8.52364e+07 23147.4 -153014 -6.26009e+06
-23235.1 153014 8.55591e+07 23235.1 -153014 -6.28347e+06
-23322.8 153014 8.58817e+07 23322.8 -153014 -6.30685e+06
-23410.5 153014 8.62043e+07 23410.5 -153014 -6.33023e+06
-23498.2 153014 8.65269e+07 23498.2 -153014 -6.3536e+06
-23585.9 153014 8.68495e+07 23585.9 -153014 -6.37697e+06
-23673.7 153014 8.71722e+07 23673.7 -153014 -6.40033e+06
-23761.4 153014 8.74948e+07 23761.4 -153014 -6.4237e+06
-23849.1 153014 8.78174e+07 23849.1 -153014 -6.44706e+06
-23936.8 153014 8.814e+07 23936.8 -153014 -6.47042e+06
-24024.5 153014 8.84626e+07 24024.5 -153014 -6.49378e+06
-24112.2 153014 8.87853e+07 24112.2 -153014 -6.51713e+06
-24199.9 153014 8.91079e+07 24199.9 -153014 -6.54048e+06
-24287.7 153014 8.94305e+07 24287.7 -153014 -6.56384e+06
-24375.4 153014 8.97531e+07 24375.4 -153014 -6.58718e+06
-24463.1 153014 9.00757e+07 24463.1 -153014 -6.61053e+06
-24550.8 153014 9.03983e+07 24550.8 -153014 -6.63387e+06
-24638.5 153014 9.07209e+07 24638.5 -153014 -6.65721e+06
-24726.2 153014 9.10435e+07 24726.2 -153014 -6.68055e+06
-24813.9 153014 9.13661e+07 24813.9 -153014 -6.70388e+06
-24901.7 153014 9.16887e+07 24901.7 -153014 -6.72721e+06
-24989.4 153014 9.20113e+07 24989.4 -153014 -6.75054e+06
-25077.1 153014 9.23338e+07 25077.1 -153014 -6.77387e+06
-25164.8 153014 9.26564e+07 25164.8 -153014 -6.79719e+06
-25252.5 153014 9.2979e+07 25252.5 -153014 -6.82052e+06
-25340.2 153014 9.33016e+07 25340.2 -153014 -6.84384e+06
-25428 153014 9.36242e+07 25428 -153014 -6.86716e+06
-25515.7 153014 9.39468e+07 25515.7 -153014 -6.89047e+06
-25603.4 153014 9.42693e+07 25603.4 -153014 -6.91378e+06
-25691.1 153014 9.45919e+07 25691.1 -153014 -6.93709e+06
-25778.8 153014 9.49145e+07 25778.8 -153014 -6.9604e+06
-25866.5 153014 9.52371e+07 25866.5 -153014 -6.9837e+06
-25954.3 153014 9.55597e+07 25954.3 -153014 -7.00701e+06
-26042 153014 9.58822e+07 26042 -153014 -7.0303e+06
-26129.7 153014 9.62048e+07 26129.7 -153014 -7.0536e+06
-26217.4 153014 9.65274e+07 26217.4 -153014 -7.07689e+06
-26305.1 153014 9.68499e+07 26305.1 -153014 -7.10019e+06
-26392.8 153014 9.71725e+07 26392.8 -153014 -7.12348e+06
-26480.6 153014 9.7495e+07 26480.6 -153014 -7.14676e+06
-26568.3 153014 9.78176e+07 26568.3 -153014 -7.17005e+06
-26656 153014 9.81402e+07 26656 -153014 -7.19333e+06
-26743.7 153014 9.84627e+07 26743.7 -153014 -7.21661e+06
-26831.4 153014 9.87853e+07 26831.4 -153014 -7.23989e+06
-26919.2 153014 9.91078e+07 26919.2 -153014 -7.26316e+06
-27006.9 153014 9.94304e+07 27006.9 -153014 -7.28643e+06
-27094.6 153014 9.97529e+07 27094.6 -153014 -7.3097e+06
-27182.3 153014 1.00075e+08 27182.3 -153014 -7.33297e+06
-27270.1 153014 1.00398e+08 27270.1 -153014 -7.35623e+06
-27357.8 153014 1.00721e+08 27357.8 -153014 -7.3795e+06
-27445.5 153014 1.01043e+08 27445.5 -153014 -7.40275e+06
-27533.2 153014 1.01366e+08 27533.2 -153014 -7.42601e+06
-27620.9 153014 1.01688e+08 27620.9 -153014 -7.44926e+06
-27708.7 153014 1.02011e+08 27708.7 -153014 -7.47252e+06
-27796.4 153014 1.02333e+08 27796.4 -153014 -7.49577e+06
-27884.1 153014 1.02656e+08 27884.1 -153014 -7.51902e+06
-27971.8 153014 1.02978e+08 27971.8 -153014 -7.54226e+06
-28059.6 153014 1.03301e+08 28059.6 -153014 -7.5655e+06
-28147.3 153014 1.03623e+08 28147.3 -153014 -7.58874e+06
-28235 153014 1.03946e+08 28235 -153014 -7.61198e+06
-28322.7 153014 1.04268e+08 28322.7 -153014 -7.63521e+06
-28410.4 153014 1.04591e+08 28410.4 -153014 -7.65844e+06
-28498.2 153014 1.04913e+08 28498.2 -153014 -7.68167e+06
-28585.9 153014 1.05236e+08 28585.9 -153014 -7.7049e+06
-28673.6 153014 1.05559e+08 28673.6 -153014 -7.72812e+06
-28761.3 153014 1.05881e+08 28761.3 -153014 -7.75134e+06
-28849.1 153014 1.06204e+08 28849.1 -153014 -7.77456e+06
-28936.8 153014 1.06526e+08 28936.8 -153014 -7.79778e+06
-29024.5 153014 1.06849e+08 29024.5 -153014 -7.82099e+06
-29112.3 153014 1.07171e+08 29112.3 -153014 -7.8442e+06
-29200 153014 1.07494e+08 29200 -153014 -7.86742e+06
-29287.7 153014 1.07816e+08 29287.7 -153014 -7.89062e+06
-29375.4 153014 1.08139e+08 29375.4 -153014 -7.91383e+06
-29463.2 153014 1.08461e+08 29463.2 -153014 -7.93703e+06
-29550.9 153014 1.08784e+08 29550.9 -153014 -7.96023e+06
-29638.6 153014 1.09106e+08 29638.6 -153014 -7.98342e+06
-29726.3 153014 1.09429e+08 29726.3 -153014 -8.00662e+06
-29814.1 153014 1.09751e+08 29814.1 -153014 -8.02981e+06
-29901.8 153014 1.10074e+08 29901.8 -153014 -8.053e+06
-29989.5 153014 1.10396e+08 29989.5 -153014 -8.07618e+06
-30077.3 153014 1.10719e+08 30077.3 -153014 -8.09937e+06
-30165 153014 1.11041e+08 30165 -153014 -8.12255e+06
-30252.7 153014 1.11364e+08 30252.7 -153014 -8.14573e+06
-30340.4 153014 1.11686e+08 30340.4 -153014 -8.16891e+06
-30428.2 153014 1.12008e+08 30428.2 -153014 -8.19208e+06
-30515.9 153014 1.12331e+08 30515.9 -153014 -8.21525e+06
-30603.6 153014 1.12653e+08 30603.6 -153014 -8.23842e+06
-30691.4 153014 1.12976e+08 30691.4 -153014 -8.26159e+06
-30779.1 153014 1.13298e+08 30779.1 -153014 -8.28475e+06
-30866.8 153014 1.13621e+08 30866.8 -153014 -8.30791e+06
-30954.6 153014 1.13943e+08 30954.6 -153014 -8.33107e+06
-31042.3 153014 1.14266e+08 31042.3 -153014 -8.35422e+06
-31130 153014 1.14588e+08 31130 -153014 -8.37738e+06
-31217.8 153014 1.14911e+08 31217.8 -153014 -8.40053e+06
-31305.5 153014 1.15233e+08 31305.5 -153014 -8.42368e+06
-31393.2 153014 1.15556e+08 31393.2 -153014 -8.44683e+06
-31481 153014 1.15878e+08 31481 -153014 -8.46997e+06
-31568.7 153014 1.16201e+08 31568.7 -153014 -8.49311e+06
-31656.4 153014 1.16523e+08 31656.4 -153014 -8.51625e+06
-31744.2 153014 1.16845e+08 31744.2 -153014 -8.53939e+06
-31831.9 153014 1.17168e+08 31831.9 -153014 -8.56253e+06
-31919.6 153014 1.1749e+08 31919.6 -153014 -8.58565e+06
-32007.4 153014 1.17813e+08 32007.4 -153014 -8.60878e+06
-32095.1 153014 1.18135e+08 32095.1 -153014 -8.63191e+06
-32182.8 153014 1.18458e+08 32182.8 -153014 -8.65503e+06
-32270.6 153014 1.1878e+08 32270.6 -153014 -8.67815e+06
-32358.3 153014 1.19103e+08 32358.3 -153014 -8.70127e+06
-32446 153014 1.19425e+08 32446 -153014 -8.72439e+06
-32533.8 153014 1.19747e+08 32533.8 -153014 -8.7475e+06
-32621.5 153014 1.2007e+08 32621.5 -153014 -8.77061e+06
-32709.2 153014 1.20392e+08 32709.2 -153014 -8.79372e+06
-32797 153014 1.20715e+08 32797 -153014 -8.81683e+06
-32884.7 153014 1.21037e+08 32884.7 -153014 -8.83993e+06
-32972.4 153014 1.2136e+08 32972.4 -153014 -8.86303e+06
-33060.2 153014 1.21682e+08 33060.2 -153014 -8.88613e+06
-33147.9 153014 1.22005e+08 33147.9 -153014 -8.90923e+06
-33235.7 153014 1.22327e+08 33235.7 -153014 -8.93232e+06
-33323.4 153014 1.22649e+08 33323.4 -153014 -8.95541e+06
-33411.1 153014 1.22972e+08 33411.1 -153014 -8.9785e+06
-33498.9 153014 1.23294e+08 33498.9 -153014 -9.00159e+06
-33586.6 153014 1.23617e+08 33586.6 -153014 -9.02467e+06
-33674.3 153014 1.23939e+08 33674.3 -153014 -9.04775e+06
-33762.1 153014 1.24261e+08 33762.1 -153014 -9.07083e+06
-33849.8 153014 1.24584e+08 33849.8 -153014 -9.0939e+06
-33937.6 153014 1.24906e+08 33937.6 -153014 -9.11698e+06
-34025.3 153014 1.25229e+08 34025.3 -153014 -9.14005e+06
-34113 153014 1.25551e+08 34113 -153014 -9.16312e+06
-34200.8 153014 1.25873e+08 34200.8 -153014 -9.18618e+06
-34288.5 153014 1.26196e+08 34288.5 -153014 -9.20925e+06
-34376.3 153014 1.26518e+08 34376.3 -153014 -9.23231e+06
-34464 153014 1.26841e+08 34464 -153014 -9.25537e+06
-34551.7 153014 1.27163e+08 34551.7 -153014 -9.27843e+06
-34639.5 153014 1.27485e+08 34639.5 -153014 -9.30148e+06
-34727.2 153014 1.27808e+08 34727.2 -153014 -9.32453e+06
-34815 153014 1.2813e+08 34815 -153014 -9.34758e+06
-34902.7 153014 1.28453e+08 34902.7 -153014 -9.37062e+06
-34990.5 153014 1.28775e+08 34990.5 -153014 -9.39367e+06
-35078.2 153014 1.29097e+08 35078.2 -153014 -9.41671e+06
-35165.9 153014 1.2942e+08 35165.9 -153014 -9.43974e+06
-35253.7 153014 1.29742e+08 35253.7 -153014 -9.46278e+06
-35341.4 153014 1.30065e+08 35341.4 -153014 -9.48582e+06
-35429.2 153014 1.30387e+08 35429.2 -153014 -9.50885e+06
-35516.9 153014 1.30709e+08 35516.9 -153014 -9.53188e+06
-35604.7 153014 1.31032e+08 35604.7 -153014 -9.5549e+06
-35692.4 153014 1.31354e+08 35692.4 -153014 -9.57792e+06
-35780.1 153014 1.31676e+08 35780.1 -153014 -9.60094e+06
-35867.9 153014 1.31999e+08 35867.9 -153014 -9.62396e+06
-35955.6 153014 1.32321e+08 35955.6 -153014 -9.64698e+06
-36043.4 153014 1.32644e+08 36043.4 -153014 -9.66999e+06
-36131.1 153014 1.32966e+08 36131.1 -153014 -9.693e+06
-36218.9 153014 1.33288e+08 36218.9 -153014 -9.71601e+06
-36306.6 153014 1.33611e+08 36306.6 -153014 -9.73902e+06
-36394.4 153014 1.33933e+08 36394.4 -153014 -9.76202e+06
-36482.1 153014 1.34255e+08 36482.1 -153014 -9.78502e+06
-36569.9 153014 1.34578e+08 36569.9 -153014 -9.80802e+06
-36657.6 153014 1.349e+08 36657.6 -153014 -9.83101e+06
-36745.3 153014 1.35222e+08 36745.3 -153014 -9.85401e+06
-36833.1 153014 1.35545e+08 36833.1 -153014 -9.87699e+06
-36920.8 153014 1.35867e+08 36920.8 -153014 -9.89998e+06
-37008.6 153014 1.36189e+08 37008.6 -153014 -9.92297e+06
-37096.3 153014 1.36512e+08 37096.3 -153014 -9.94596e+06
-37184.1 153014 1.36834e+08 37184.1 -153014 -9.96894e+06
-37271.8 153014 1.37156e+08 37271.8 -153014 -9.99191e+06
-37359.6 153014 1.37479e+08 37359.6 -153014 -1.00149e+07
-37447.3 153014 1.37801e+08 37447.3 -153014 -1.00379e+07
-37535.1 153014 1.38123e+08 37535.1 -153014 -1.00608e+07
-37622.8 153014 1.38446e+08 37622.8 -153014 -1.00838e+07
-37710.6 153014 1.38768e+08 37710.6 -153014 -1.01068e+07
-37798.3 153014 1.3909e+08 37798.3 -153014 -1.01297e+07
-37886.1 153014 1.39413e+08 37886.1 -153014 -1.01527e+07
-37973.8 153014 1.39735e+08 37973.8 -153014 -1.01757e+07
-38061.6 153014 1.40057e+08 38061.6 -153014 -1.01986e+07
-38149.3 153014 1.4038e+08 38149.3 -153014 -1.02216e+07
-38237.1 153014 1.40702e+08 38237.1 -153014 -1.02445e+07
-38324.8 153014 1.41024e+08 38324.8 -153014 -1.02675e+07
-38412.6 153014 1.41347e+08 38412.6 -153014 -1.02904e+07
-38500.3 153014 1.41669e+08 38500.3 -153014 -1.03133e+07
-38588.1 153014 1.41991e+08 38588.1 -153014 -1.03363e+07
-38675.8 153014 1.42314e+08 38675.8 -153014 -1.03592e+07
-38763.6 153014 1.42636e+08 38763.6 -153014 -1.03822e+07
-38851.3 153014 1.42958e+08 38851.3 -153014 -1.04051e+07
-38939.1 153014 1.43281e+08 38939.1 -153014 -1.0428e+07
-39026.8 153014 1.43603e+08 39026.8 -153014 -1.04509e+07
-39114.6 153014 1.43925e+08 39114.6 -153014 -1.04739e+07
-39202.3 153014 1.44248e+08 39202.3 -153014 -1.04968e+07
-39290.1 153014 1.4457e+08 39290.1 -153014 -1.05197e+07
-39377.9 153014 1.44892e+08 39377.9 -153014 -1.05426e+07
-39465.6 153014 1.45214e+08 39465.6 -153014 -1.05656e+07
-39553.4 153014 1.45537e+08 39553.4 -153014 -1.05885e+07
-39641.1 153014 1.45859e+08 39641.1 -153014 -1.06114e+07
-39728.9 153014 1.46181e+08 39728.9 -153014 -1.06343e+07
-39816.6 153014 1.46504e+08 39816.6 -153014 -1.06572e+07
-39904.4 153014 1.46826e+08 39904.4 -153014 -1.06801e+07
-39992.1 153014 1.47148e+08 39992.1 -153014 -1.0703e+07
-40079.9 153014 1.4747e+08 40079.9 -153014 -1.07259e+07
-40167.7 153014 1.47793e+08 40167.7 -153014 -1.07488e+07
-40255.4 153014 1.48115e+08 40255.4 -153014 -1.07717e+07
-40343.2 153014 1.48437e+08 40343.2 -153014 -1.07946e+07
-40430.9 153014 1.4876e+08 40430.9 -153014 -1.08175e+07
-40518.7 153014 1.49082e+08 40518.7 -153014 -1.08403e+07
-40606.4 153014 1.49404e+08 40606.4 -153014 -1.08632e+07
-40694.2 153014 1.49726e+08 40694.2 -153014 -1.08861e+07
-40782 153014 1.50049e+08 40782 -153014 -1.0909e+07
-40869.7 153014 1.50371e+08 40869.7 -153014 -1.09319e+07
-40957.5 153014 1.50693e+08 40957.5 -153014 -1.09547e+07
-41045.2 153014 1.51015e+08 41045.2 -153014 -1.09776e+07
-41133 153014 1.51338e+08 41133 -153014 -1.10005e+07
-41220.7 153014 1.5166e+08 41220.7 -153014 -1.10233e+07
-41308.5 153014 1.51982e+08 41308.5 -153014 -1.10462e+07
-41396.3 153014 1.52305e+08 41396.3 -153014 -1.10691e+07
-41484 153014 1.52627e+08 41484 -153014 -1.10919e+07
-41571.8 153014 1.52949e+08 41571.8 -153014 -1.11148e+07
-41659.5 153014 1.53271e+08 41659.5 -153014 -1.11376e+07
-41747.3 153014 1.53594e+08 41747.3 -153014 -1.11605e+07
-41835.1 153014 1.53916e+08 41835.1 -153014 -1.11833e+07
-41922.8 153014 1.54238e+08 41922.8 -153014 -1.12062e+07
-42010.6 153014 1.5456e+08 42010.6 -153014 -1.1229e+07
-42098.3 153014 1.54882e+08 42098.3 -153014 -1.12518e+07
-42186.1 153014 1.55205e+08 42186.1 -153014 -1.12747e+07
-42273.9 153014 1.55527e+08 42273.9 -153014 -1.12975e+07
-42361.6 153014 1.55849e+08 42361.6 -153014 -1.13203e+07
-42449.4 153014 1.56171e+08 42449.4 -153014 -1.13432e+07
-42537.2 153014 1.56494e+08 42537.2 -153014 -1.1366e+07
-42624.9 153014 1.56816e+08 42624.9 -153014 -1.13888e+07
-42712.7 153014 1.57138e+08 42712.7 -153014 -1.14117e+07
-42800.4 153014 1.5746e+08 42800.4 -153014 -1.14345e+07
-42888.2 153014 1.57783e+08 42888.2 -153014 -1.14573e+07
-42976 153014 1.58105e+08 42976 -153014 -1.14801e+07
-43063.7 153014 1.58427e+08 43063.7 -153014 -1.15029e+07
-43151.5 153014 1.58749e+08 43151.5 -153014 -1.15257e+07
-43239.3 153014 1.59071e+08 43239.3 -153014 -1.15485e+07
-43327 153014 1.59394e+08 43327 -153014 -1.15713e+07
-43414.8 153014 1.59716e+08 43414.8 -153014 -1.15941e+07
-43502.6 153014 1.60038e+08 43502.6 -153014 -1.16169e+07
-43590.3 153014 1.6036e+08 43590.3 -153014 -1.16397e+07
-43678.1 153014 1.60683e+08 43678.1 -153014 -1.16625e+07
-43765.8 153014 1.61005e+08 43765.8 -153014 -1.16853e+07
-43853.6 153014 1.61327e+08 43853.6 -153014 -1.17081e+07
-43941.4 153014 1.61649e+08 43941.4 -153014 -1.17309e+07
-44029.1 153014 1.61971e+08 44029.1 -153014 -1.17537e+07
-44116.9 153014 1.62294e+08 44116.9 -153014 -1.17765e+07
-44204.7 153014 1.62616e+08 44204.7 -153014 -1.17992e+07
-44292.4 153014 1.62938e+08 44292.4 -153014 -1.1822e+07
-44380.2 153014 1.6326e+08 44380.2 -153014 -1.18448e+07
-44468 153014 1.63582e+08 44468 -153014 -1.18676e+07
-44555.7 153014 1.63905e+08 44555.7 -153014 -1.18903e+07
-44643.5 153014 1.64227e+08 44643.5 -153014 -1.19131e+07
-44731.3 153014 1.64549e+08 44731.3 -153014 -1.19359e+07
-44819.1 153014 1.64871e+08 44819.1 -153014 -1.19586e+07
-44906.8 153014 1.65193e+08 44906.8 -153014 -1.19814e+07
-44994.6 153014 1.65515e+08 44994.6 -153014 -1.20042e+07
-45082.4 153014 1.65838e+08 45082.4 -153014 -1.20269e+07
-45170.1 153014 1.6616e+08 45170.1 -153014 -1.20497e+07
-45257.9 153014 1.66482e+08 45257.9 -153014 -1.20724e+07
-45345.7 153014 1.66804e+08 45345.7 -153014 -1.20952e+07
-45433.4 153014 1.67126e+08 45433.4 -153014 -1.21179e+07
-45521.2 153014 1.67449e+08 45521.2 -153014 -1.21406e+07
-45609 153014 1.67771e+08 45609 -153014 -1.21634e+07
-45696.8 153014 1.68093e+08 45696.8 -153014 -1.21861e+07
-45784.5 153014 1.68415e+08 45784.5 -153014 -1.22089e+07
-45872.3 153014 1.68737e+08 45872.3 -153014 -1.22316e+07
-45960.1 153014 1.69059e+08 45960.1 -153014 -1.22543e+07
-46047.8 153014 1.69382e+08 46047.8 -153014 -1.2277e+07
-46135.6 153014 1.69704e+08 46135.6 -153014 -1.22998e+07
-46223.4 153014 1.70026e+08 46223.4 -153014 -1.23225e+07
-46311.2 153014 1.70348e+08 46311.2 -153014 -1.23452e+07
-46398.9 153014 1.7067e+08 46398.9 -153014 -1.23679e+07
-46486.7 153014 1.70992e+08 46486.7 -153014 -1.23906e+07
-46574.5 153014 1.71314e+08 46574.5 -153014 -1.24134e+07
-46662.2 153014 1.71637e+08 46662.2 -153014 -1.24361e+07
-46750 153014 1.71959e+08 46750 -153014 -1.24588e+07
-46837.8 153014 1.72281e+08 46837.8 -153014 -1.24815e+07
-46925.6 153014 1.72603e+08 46925.6 -153014 -1.25042e+07
-47013.3 153014 1.72925e+08 47013.3 -153014 -1.25269e+07
-47101.1 153014 1.73247e+08 47101.1 -153014 -1.25496e+07
-47188.9 153014 1.7357e+08 47188.9 -153014 -1.25723e+07
-47276.7 153014 1.73892e+08 47276.7 -153014 -1.2595e+07
-47364.4 153014 1.74214e+08 47364.4 -153014 -1.26176e+07
-47452.2 153014 1.74536e+08 47452.2 -153014 -1.26403e+07
-47540 153014 1.74858e+08 47540 -153014 -1.2663e+07
-47627.8 153014 1.7518e+08 47627.8 -153014 -1.26857e+07
-47715.5 153014 1.75502e+08 47715.5 -153014 -1.27084e+07
-47803.3 153014 1.75824e+08 47803.3 -153014 -1.27311e+07
-47891.1 153014 1.76147e+08 47891.1 -153014 -1.27537e+07
-47978.9 153014 1.76469e+08 47978.9 -153014 -1.27764e+07
-48066.6 153014 1.76791e+08 48066.6 -153014 -1.27991e+07
-48154.4 153014 1.77113e+08 48154.4 -153014 -1.28217e+07
-48242.2 153014 1.77435e+08 48242.2 -153014 -1.28444e+07
-48330 153014 1.77757e+08 48330 -153014 -1.28671e+07
-48417.8 153014 1.78079e+08 48417.8 -153014 -1.28897e+07
-48505.5 153014 1.78401e+08 48505.5 -153014 -1.29124e+07
-48593.3 153014 1.78723e+08 48593.3 -153014 -1.2935e+07
-48681.1 153014 1.79046e+08 48681.1 -153014 -1.29577e+07
-48768.9 153014 1.79368e+08 48768.9 -153014 -1.29803e+07
-48856.7 153014 1.7969e+08 48856.7 -153014 -1.3003e+07
-48944.4 153014 1.80012e+08 48944.4 -153014 -1.30256e+07
-49032.2 153014 1.80334e+08 49032.2 -153014 -1.30483e+07
-49120 153014 1.80656e+08 49120 -153014 -1.30709e+07
-49207.8 153014 1.80978e+08 49207.8 -153014 -1.30935e+07
-49295.5 153014 1.813e+08 49295.5 -153014 -1.31162e+07
-49383.3 153014 1.81622e+08 49383.3 -153014 -1.31388e+07
-49471.1 153014 1.81944e+08 49471.1 -153014 -1.31614e+07
-49558.9 153014 1.82267e+08 49558.9 -153014 -1.31841e+07
-49646.7 153014 1.82589e+08 49646.7 -153014 -1.32067e+07
-49734.5 153014 1.82911e+08 49734.5 -153014 -1.32293e+07
-49822.2 153014 1.83233e+08 49822.2 -153014 -1.32519e+07
-49910 153014 1.83555e+08 49910 -153014 -1.32745e+07
-49997.8 153014 1.83877e+08 49997.8 -153014 -1.32972e+07
-50085.6 153014 1.84199e+08 50085.6 -153014 -1.33198e+07
-50173.4 153014 1.84521e+08 50173.4 -153014 -1.33424e+07
-50261.2 153014 1.84843e+08 50261.2 -153014 -1.3365e+07
-50348.9 153014 1.85165e+08 50348.9 -153014 -1.33876e+07
-50436.7 153014 1.85487e+08 50436.7 -153014 -1.34102e+07
-50524.5 153014 1.85809e+08 50524.5 -153014 -1.34328e+07
-50612.3 153014 1.86132e+08 50612.3 -153014 -1.34554e+07
-50700.1 153014 1.86454e+08 50700.1 -153014 -1.3478e+07
-50787.9 153014 1.86776e+08 50787.9 -153014 -1.35006e+07
-50875.6 153014 1.87098e+08 50875.6 -153014 -1.35232e+07
-50963.4 153014 1.8742e+08 50963.4 -153014 -1.35457e+07
-51051.2 153014 1.87742e+08 51051.2 -153014 -1.35683e+07
-51139 153014 1.88064e+08 51139 -153014 -1.35909e+07
-51226.8 153014 1.88386e+08 51226.8 -153014 -1.36135e+07
-51314.6 153014 1.88708e+08 51314.6 -153014 -1.36361e+07
-51402.4 153014 1.8903e+08 51402.4 -153014 -1.36586e+07
-51490.1 153014 1.89352e+08 51490.1 -153014 -1.36812e+07
-51577.9 153014 1.89674e+08 51577.9 -153014 -1.37038e+07
-51665.7 153014 1.89996e+08 51665.7 -153014 -1.37263e+07
-51753.5 153014 1.90318e+08 51753.5 -153014 -1.37489e+07
-51841.3 153014 1.9064e+08 51841.3 -153014 -1.37715e+07
-51929.1 153014 1.90962e+08 51929.1 -153014 -1.3794e+07
-52016.9 153014 1.91284e+08 52016.9 -153014 -1.38166e+07
-52104.7 153014 1.91606e+08 52104.7 -153014 -1.38391e+07
-52192.4 153014 1.91928e+08 52192.4 -153014 -1.38617e+07
-52280.2 153014 1.9225e+08 52280.2 -153014 -1.38842e+07
-52368 153014 1.92573e+08 52368 -153014 -1.39068e+07
-52455.8 153014 1.92895e+08 52455.8 -153014 -1.39293e+07
-52543.6 153014 1.93217e+08 52543.6 -153014 -1.39519e+07
-52631.4 153014 1.93539e+08 52631.4 -153014 -1.39744e+07
-52719.2 153014 1.93861e+08 52719.2 -153014 -1.39969e+07
-52807 153014 1.94183e+08 52807 -153014 -1.40195e+07
-52894.8 153014 1.94505e+08 52894.8 -153014 -1.4042e+07
-52982.5 153014 1.94827e+08 52982.5 -153014 -1.40645e+07
-53070.3 153014 1.95149e+08 53070.3 -153014 -1.40871e+07
-53158.1 153014 1.95471e+08 53158.1 -153014 -1.41096e+07
-53245.9 153014 1.95793e+08 53245.9 -153014 -1.41321e+07
-53333.7 153014 1.96115e+08 53333.7 -153014 -1.41546e+07
-53421.5 153014 1.96437e+08 53421.5 -153014 -1.41771e+07
-53509.3 153014 1.96759e+08 53509.3 -153014 -1.41997e+07
-53597.1 153014 1.97081e+08 53597.1 -153014 -1.42222e+07
-53684.9 153014 1.97403e+08 53684.9 -153014 -1.42447e+07
-53772.7 153014 1.97725e+08 53772.7 -153014 -1.42672e+07
-53860.5 153014 1.98047e+08 53860.5 -153014 -1.42897e+07
-53948.2 153014 1.98369e+08 53948.2 -153014 -1.43122e+07
-54036 153014 1.98691e+08 54036 -153014 -1.43347e+07
-54123.8 153014 1.99013e+08 54123.8 -153014 -1.43572e+07
-54211.6 153014 1.99335e+08 54211.6 -153014 -1.43797e+07
-54299.4 153014 1.99657e+08 54299.4 -153014 -1.44022e+07
-54387.2 153014 1.99979e+08 54387.2 -153014 -1.44246e+07
-54475 153014 2.00301e+08 54475 -153014 -1.44471e+07
-54562.8 153014 2.00623e+08 54562.8 -153014 -1.44696e+07
-54650.6 153014 2.00945e+08 54650.6 -153014 -1.44921e+07
-54738.4 153014 2.01267e+08 54738.4 -153014 -1.45146e+07
-54826.2 153014 2.01589e+08 54826.2 -153014 -1.45371e+07
-54914 153014 2.01911e+08 54914 -153014 -1.45595e+07
-55001.8 153014 2.02233e+08 55001.8 -153014 -1.4582e+07
-55089.6 153014 2.02555e+08 55089.6 -153014 -1.46045e+07
-55177.4 153014 2.02877e+08 55177.4 -153014 -1.46269e+07
-55265.2 153014 2.03199e+08 55265.2 -153014 -1.46494e+07
-55353 153014 2.03521e+08 55353 -153014 -1.46718e+07
-55440.8 153014 2.03843e+08 55440.8 -153014 -1.46943e+07
-55528.6 153014 2.04165e+08 55528.6 -153014 -1.47168e+07
-55616.4 153014 2.04486e+08 55616.4 -153014 -1.47392e+07
-55704.2 153014 2.04808e+08 55704.2 -153014 -1.47617e+07
-55792 153014 2.0513e+08 55792 -153014 -1.47841e+07
-55879.7 153014 2.05452e+08 55879.7 -153014 -1.48066e+07
-55967.5 153014 2.05774e+08 55967.5 -153014 -1.4829e+07
-56055.3 153014 2.06096e+08 56055.3 -153014 -1.48514e+07
-56143.1 153014 2.06418e+08 56143.1 -153014 -1.48739e+07
-56230.9 153014 2.0674e+08 56230.9 -153014 -1.48963e+07
-56318.7 153014 2.07062e+08 56318.7 -153014 -1.49188e+07
-56406.5 153014 2.07384e+08 56406.5 -153014 -1.49412e+07
-56494.3 153014 2.07706e+08 56494.3 -153014 -1.49636e+07
-56582.2 153014 2.08028e+08 56582.2 -153014 -1.4986e+07
-56669.9 153014 2.0835e+08 56669.9 -153014 -1.50085e+07
-56757.7 153014 2.08672e+08 56757.7 -153014 -1.50309e+07
-56845.5 153014 2.08994e+08 56845.5 -153014 -1.50533e+07
-56933.3 153014 2.09316e+08 56933.3 -153014 -1.50757e+07
-57021.1 153014 2.09638e+08 57021.1 -153014 -1.50981e+07
-57108.9 153014 2.0996e+08 57108.9 -153014 -1.51205e+07
-57196.7 153014 2.10282e+08 57196.7 -153014 -1.51429e+07
-57284.6 153014 2.10604e+08 57284.6 -153014 -1.51654e+07
-57372.4 153014 2.10925e+08 57372.4 -153014 -1.51878e+07
-57460.2 153014 2.11247e+08 57460.2 -153014 -1.52102e+07
-57548 153014 2.11569e+08 57548 -153014 -1.52326e+07
-57635.8 153014 2.11891e+08 57635.8 -153014 -1.52549e+07
-57723.6 153014 2.12213e+08 57723.6 -153014 -1.52773e+07
-57811.4 153014 2.12535e+08 57811.4 -153014 -1.52997e+07
-57899.2 153014 2.12857e+08 57899.2 -153014 -1.53221e+07
-57987 153014 2.13179e+08 57987 -153014 -1.53445e+07
-58074.8 153014 2.13501e+08 58074.8 -153014 -1.53669e+07
-58162.6 153014 2.13823e+08 58162.6 -153014 -1.53893e+07
-58250.4 153014 2.14145e+08 58250.4 -153014 -1.54116e+07
-58338.2 153014 2.14467e+08 58338.2 -153014 -1.5434e+07
-58426 153014 2.14788e+08 58426 -153014 -1.54564e+07
-58513.8 153014 2.1511e+08 58513.8 -153014 -1.54788e+07
-58601.6 153014 2.15432e+08 58601.6 -153014 -1.55011e+07
-58689.4 153014 2.15754e+08 58689.4 -153014 -1.55235e+07
-58777.2 153014 2.16076e+08 58777.2 -153014 -1.55459e+07
-58865 153014 2.16398e+08 58865 -153014 -1.55682e+07
-58952.8 153014 2.1672e+08 58952.8 -153014 -1.55906e+07
-59040.6 153014 2.17042e+08 59040.6 -153014 -1.56129e+07
-59128.4 153014 2.17364e+08 59128.4 -153014 -1.56353e+07
-59216.3 153014 2.17686e+08 59216.3 -153014 -1.56576e+07
-59304.1 153014 2.18007e+08 59304.1 -153014 -1.568e+07
-59391.9 153014 2.18329e+08 59391.9 -153014 -1.57023e+07
-59479.7 153014 2.18651e+08 59479.7 -153014 -1.57247e+07
-59567.5 153014 2.18973e+08 59567.5 -153014 -1.5747e+07
-59655.3 153014 2.19295e+08 59655.3 -153014 -1.57693e+07
-59743.1 153014 2.19617e+08 59743.1 -153014 -1.57917e+07
-59830.9 153014 2.19939e+08 59830.9 -153014 -1.5814e+07
-59918.7 153014 2.20261e+08 59918.7 -153014 -1.58363e+07
-60006.5 153014 2.20583e+08 60006.5 -153014 -1.58587e+07
-60094.3 153014 2.20904e+08 60094.3 -153014 -1.5881e+07
-60182.1 153014 2.21226e+08 60182.1 -153014 -1.59033e+07
-60270 153014 2.21548e+08 60270 -153014 -1.59256e+07
-60357.8 153014 2.2187e+08 60357.8 -153014 -1.5948e+07
-60445.6 153014 2.22192e+08 60445.6 -153014 -1.59703e+07
-60533.4 153014 2.22514e+08 60533.4 -153014 -1.59926e+07
-60621.2 153014 2.22836e+08 60621.2 -153014 -1.60149e+07
-60709 153014 2.23157e+08 60709 -153014 -1.60372e+07
-60796.8 153014 2.23479e+08 60796.8 -153014 -1.60595e+07
-60884.6 153014 2.23801e+08 60884.6 -153014 -1.60818e+07
-60972.4 153014 2.24123e+08 60972.4 -153014 -1.61041e+07
-61060.2 153014 2.24445e+08 61060.2 -153014 -1.61264e+07
-61148.1 153014 2.24767e+08 61148.1 -153014 -1.61487e+07
-61235.9 153014 2.25089e+08 61235.9 -153014 -1.6171e+07
-61323.7 153014 2.2541e+08 61323.7 -153014 -1.61933e+07
-61411.5 153014 2.25732e+08 61411.5 -153014 -1.62156e+07
-61499.3 153014 2.26054e+08 61499.3 -153014 -1.62378e+07
-61587.1 153014 2.26376e+08 61587.1 -153014 -1.62601e+07
-61674.9 153014 2.26698e+08 61674.9 -153014 -1.62824e+07
-61762.8 153014 2.2702e+08 61762.8 -153014 -1.63047e+07
-61850.6 153014 2.27342e+08 61850.6 -153014 -1.6327e+07
-61938.4 153014 2.27663e+08 61938.4 -153014 -1.63492e+07
-62026.2 153014 2.27985e+08 62026.2 -153014 -1.63715e+07
-62114 153014 2.28307e+08 62114 -153014 -1.63938e+07
-62201.8 153014 2.28629e+08 62201.8 -153014 -1.6416e+07
-62289.6 153014 2.28951e+08 62289.6 -153014 -1.64383e+07
-62377.5 153014 2.29273e+08 62377.5 -153014 -1.64606e+07
-62465.3 153014 2.29594e+08 62465.3 -153014 -1.64828e+07
-62553.1 153014 2.29916e+08 62553.1 -153014 -1.65051e+07
-62640.9 153014 2.30238e+08 62640.9 -153014 -1.65273e+07
-62728.7 153014 2.3056e+08 62728.7 -153014 -1.65496e+07
-62816.5 153014 2.30882e+08 62816.5 -153014 -1.65718e+07
-62904.4 153014 2.31203e+08 62904.4 -153014 -1.65941e+07
-62992.2 153014 2.31525e+08 62992.2 -153014 -1.66163e+07
-63080 153014 2.31847e+08 63080 -153014 -1.66386e+07
-63167.8 153014 2.32169e+08 63167.8 -153014 -1.66608e+07
-63255.6 153014 2.32491e+08 63255.6 -153014 -1.6683e+07
-63343.4 153014 2.32813e+08 63343.4 -153014 -1.67053e+07
-63431.3 153014 2.33134e+08 63431.3 -153014 -1.67275e+07
-63519.1 153014 2.33456e+08 63519.1 -153014 -1.67497e+07
-63606.9 153014 2.33778e+08 63606.9 -153014 -1.67719e+07
-63694.7 153014 2.341e+08 63694.7 -153014 -1.67942e+07
-63782.5 153014 2.34422e+08 63782.5 -153014 -1.68164e+07
-63870.4 153014 2.34743e+08 63870.4 -153014 -1.68386e+07
-63958.2 153014 2.35065e+08 63958.2 -153014 -1.68608e+07
-64046 153014 2.35387e+08 64046 -153014 -1.6883e+07
-64133.8 153014 2.35709e+08 64133.8 -153014 -1.69052e+07
-64221.6 153014 2.36031e+08 64221.6 -153014 -1.69274e+07
-64309.5 153014 2.36352e+08 64309.5 -153014 -1.69496e+07
-64397.3 153014 2.36674e+08 64397.3 -153014 -1.69718e+07
-64485.1 153014 2.36996e+08 64485.1 -153014 -1.6994e+07
-64572.9 153014 2.37318e+08 64572.9 -153014 -1.70162e+07
-64660.7 153014 2.37639e+08 64660.7 -153014 -1.70384e+07
-64748.6 153014 2.37961e+08 64748.6 -153014 -1.70606e+07
-64836.4 153014 2.38283e+08 64836.4 -153014 -1.70828e+07
-64924.2 153014 2.38605e+08 64924.2 -153014 -1.7105e+07
-65012 153014 2.38927e+08 65012 -153014 -1.71272e+07
-65099.8 153014 2.39248e+08 65099.8 -153014 -1.71494e+07
-65187.7 153014 2.3957e+08 65187.7 -153014 -1.71715e+07
-65275.5 153014 2.39892e+08 65275.5 -153014 -1.71937e+07
-65363.3 153014 2.40214e+08 65363.3 -153014 -1.72159e+07
-65451.1 153014 2.40535e+08 65451.1 -153014 -1.72381e+07
-65539 153014 2.40857e+08 65539 -153014 -1.72602e+07
-65626.8 153014 2.41179e+08 65626.8 -153014 -1.72824e+07
-65714.6 153014 2.41501e+08 65714.6 -153014 -1.73046e+07
-65802.4 153014 2.41822e+08 65802.4 -153014 -1.73267e+07
-65890.3 153014 2.42144e+08 65890.3 -153014 -1.73489e+07
-65978.1 153014 2.42466e+08 65978.1 -153014 -1.7371e+07
-66065.9 153014 2.42788e+08 66065.9 -153014 -1.73932e+07
-66153.7 153014 2.43109e+08 66153.7 -153014 -1.74153e+07
-66241.6 153014 2.43431e+08 66241.6 -153014 -1.74375e+07
-66329.4 153014 2.43753e+08 66329.4 -153014 -1.74596e+07
-66417.2 153014 2.44075e+08 66417.2 -153014 -1.74818e+07
-66505 153014 2.44396e+08 66505 -153014 -1.75039e+07
-66592.9 153014 2.44718e+08 66592.9 -153014 -1.75261e+07
-66680.7 153014 2.4504e+08 66680.7 -153014 -1.75482e+07
-66768.5 153014 2.45362e+08 66768.5 -153014 -1.75703e+07
-66856.4 153014 2.45683e+08 66856.4 -153014 -1.75925e+07
-66944.2 153014 2.46005e+08 66944.2 -153014 -1.76146e+07
-67032 153014 2.46327e+08 67032 -153014 -1.76367e+07
-67119.8 153014 2.46649e+08 67119.8 -153014 -1.76589e+07
-67207.7 153014 2.4697e+08 67207.7 -153014 -1.7681e+07
-67295.5 153014 2.47292e+08 67295.5 -153014 -1.77031e+07
-67383.3 153014 2.47614e+08 67383.3 -153014 -1.77252e+07
-67471.2 153014 2.47936e+08 67471.2 -153014 -1.77473e+07
-67559 153014 2.48257e+08 67559 -153014 -1.77694e+07
-67646.8 153014 2.48579e+08 67646.8 -153014 -1.77915e+07
-67734.6 153014 2.48901e+08 67734.6 -153014 -1.78137e+07
-67822.5 153014 2.49222e+08 67822.5 -153014 -1.78358e+07
-67910.3 153014 2.49544e+08 67910.3 -153014 -1.78579e+07
-67998.1 153014 2.49866e+08 67998.1 -153014 -1.788e+07
-68086 153014 2.50188e+08 68086 -153014 -1.7902e+07
-68173.8 153014 2.50509e+08 68173.8 -153014 -1.79241e+07
-68261.6 153014 2.50831e+08 68261.6 -153014 -1.79462e+07
-68349.5 153014 2.51153e+08 68349.5 -153014 -1.79683e+07
-68437.3 153014 2.51474e+08 68437.3 -153014 -1.79904e+07
-68525.1 153014 2.51796e+08 68525.1 -153014 -1.80125e+07
-68613 153014 2.52118e+08 68613 -153014 -1.80346e+07
-68700.8 153014 2.5244e+08 68700.8 -153014 -1.80567e+07
-68788.6 153014 2.52761e+08 68788.6 -153014 -1.80787e+07
-68876.4 153014 2.53083e+08 68876.4 -153014 -1.81008e+07
-68964.3 153014 2.53405e+08 68964.3 -153014 -1.81229e+07
-69052.1 153014 2.53726e+08 69052.1 -153014 -1.81449e+07
-69139.9 153014 2.54048e+08 69139.9 -153014 -1.8167e+07
-69227.8 153014 2.5437e+08 69227.8 -153014 -1.81891e+07
-69315.6 153014 2.54691e+08 69315.6 -153014 -1.82111e+07
-69403.5 153014 2.55013e+08 69403.5 -153014 -1.82332e+07
-69491.3 153014 2.55335e+08 69491.3 -153014 -1.82552e+07
-69579.1 153014 2.55656e+08 69579.1 -153014 -1.82773e+07
-69667 153014 2.55978e+08 69667 -153014 -1.82994e+07
-69754.8 153014 2.563e+08 69754.8 -153014 -1.83214e+07
-69842.6 153014 2.56621e+08 69842.6 -153014 -1.83434e+07
-69930.5 153014 2.56943e+08 69930.5 -153014 -1.83655e+07
-70018.3 153014 2.57265e+08 70018.3 -153014 -1.83875e+07
-70106.1 153014 2.57586e+08 70106.1 -153014 -1.84096e+07
-70194 153014 2.57908e+08 70194 -153014 -1.84316e+07
-70281.8 153014 2.5823e+08 70281.8 -153014 -1.84536e+07
-70369.6 153014 2.58551e+08 70369.6 -153014 -1.84757e+07
-70457.5 153014 2.58873e+08 70457.5 -153014 -1.84977e+07
-70545.3 153014 2.59195e+08 70545.3 -153014 -1.85197e+07
-70633.2 153014 2.59516e+08 70633.2 -153014 -1.85417e+07
-70721 153014 2.59838e+08 70721 -153014 -1.85638e+07
-70808.8 153014 2.6016e+08 70808.8 -153014 -1.85858e+07
-70896.7 153014 2.60481e+08 70896.7 -153014 -1.86078e+07
-70984.5 153014 2.60803e+08 70984.5 -153014 -1.86298e+07
-71072.3 153014 2.61125e+08 71072.3 -153014 -1.86518e+07
-71160.2 153014 2.61446e+08 71160.2 -153014 -1.86738e+07
-71248 153014 2.61768e+08 71248 -153014 -1.86958e+07
-71335.9 153014 2.6209e+08 71335.9 -153014 -1.87178e+07
-71423.7 153014 2.62411e+08 71423.7 -153014 -1.87398e+07
-71511.5 153014 2.62733e+08 71511.5 -153014 -1.87618e+07
-71599.4 153014 2.63055e+08 71599.4 -153014 -1.87838e+07
-71687.2 153014 2.63376e+08 71687.2 -153014 -1.88058e+07
-71775.1 153014 2.63698e+08 71775.1 -153014 -1.88278e+07
-71862.9 153014 2.64019e+08 71862.9 -153014 -1.88498e+07
-71950.7 153014 2.64341e+08 71950.7 -153014 -1.88718e+07
-72038.6 153014 2.64663e+08 72038.6 -153014 -1.88938e+07
-72126.4 153014 2.64984e+08 72126.4 -153014 -1.89158e+07
-72214.3 153014 2.65306e+08 72214.3 -153014 -1.89377e+07
-72302.1 153014 2.65628e+08 72302.1 -153014 -1.89597e+07
-72389.9 153014 2.65949e+08 72389.9 -153014 -1.89817e+07
-72477.8 153014 2.66271e+08 72477.8 -153014 -1.90037e+07
-72565.6 153014 2.66593e+08 72565.6 -153014 -1.90256e+07
-72653.5 153014 2.66914e+08 72653.5 -153014 -1.90476e+07
-72741.3 153014 2.67236e+08 72741.3 -153014 -1.90696e+07
-72829.2 153014 2.67557e+08 72829.2 -153014 -1.90915e+07
-72917 153014 2.67879e+08 72917 -153014 -1.91135e+07
-73004.9 153014 2.68201e+08 73004.9 -153014 -1.91354e+07
-73092.7 153014 2.68522e+08 73092.7 -153014 -1.91574e+07
-73180.5 153014 2.68844e+08 73180.5 -153014 -1.91793e+07
-73268.4 153014 2.69165e+08 73268.4 -153014 -1.92013e+07
-73356.2 153014 2.69487e+08 73356.2 -153014 -1.92232e+07
-73444.1 153014 2.69809e+08 73444.1 -153014 -1.92452e+07
-73531.9 153014 2.7013e+08 73531.9 -153014 -1.92671e+07
-73619.8 153014 2.70452e+08 73619.8 -153014 -1.9289e+07
-73707.6 153014 2.70773e+08 73707.6 -153014 -1.9311e+07
-73795.5 153014 2.71095e+08 73795.5 -153014 -1.93329e+07
-73883.3 153014 2.71417e+08 73883.3 -153014 -1.93548e+07
-73971.2 153014 2.71738e+08 73971.2 -153014 -1.93768e+07
-74059 153014 2.7206e+08 74059 -153014 -1.93987e+07
-74146.8 153014 2.72381e+08 74146.8 -153014 -1.94206e+07
-74234.7 153014 2.72703e+08 74234.7 -153014 -1.94425e+07
-74322.5 153014 2.73025e+08 74322.5 -153014 -1.94645e+07
-74410.4 153014 2.73346e+08 74410.4 -153014 -1.94864e+07
-74498.2 153014 2.73668e+08 74498.2 -153014 -1.95083e+07
-74586.1 153014 2.73989e+08 74586.1 -153014 -1.95302e+07
-74673.9 153014 2.74311e+08 74673.9 -153014 -1.95521e+07
-74761.8 153014 2.74632e+08 74761.8 -153014 -1.9574e+07
-74849.6 153014 2.74954e+08 74849.6 -153014 -1.95959e+07
-74937.5 153014 2.75276e+08 74937.5 -153014 -1.96178e+07
-75025.3 153014 2.75597e+08 75025.3 -153014 -1.96397e+07
-75104.2 153014 2.75887e+08 75104.2 -153014 -1.96593e+07
-75166.9 153014 2.7612e+08 75166.9 -153014 -1.96747e+07
-75229.6 153014 2.76354e+08 75229.6 -153014 -1.96902e+07
-75292.4 153014 2.76587e+08 75292.4 -153014 -1.97056e+07
-75355.1 153014 2.7682e+08 75355.1 -153014 -1.97211e+07
-75417.8 153014 2.77053e+08 75417.8 -153014 -1.97365e+07
-75480.6 153014 2.77287e+08 75480.6 -153014 -1.9752e+07
-75543.3 153014 2.7752e+08 75543.3 -153014 -1.97674e+07
-75577.1 153014 2.77653e+08 75577.1 -153014 -1.97754e+07
-75563.7 153014 2.77622e+08 75563.7 -153014 -1.97712e+07
-75550.4 153014 2.77591e+08 75550.4 -153014 -1.9767e+07
-75537.1 153014 2.7756e+08 75537.1 -153014 -1.97627e+07
-75523.7 153014 2.77529e+08 75523.7 -153014 -1.97585e+07
-75510.4 153014 2.77498e+08 75510.4 -153014 -1.97543e+07
-75497 153014 2.77467e+08 75497 -153014 -1.97501e+07
-75483.7 153014 2.77436e+08 75483.7 -153014 -1.97459e+07
-75470.3 153014 2.77405e+08 75470.3 -153014 -1.97417e+07
-75457 153014 2.77374e+08 75457 -153014 -1.97375e+07
-75443.6 153014 2.77343e+08 75443.6 -153014 -1.97333e+07
-75430.3 153014 2.77312e+08 75430.3 -153014 -1.9729e+07
-75417 153014 2.77281e+08 75417 -153014 -1.97248e+07
-75403.6 153014 2.7725e+08 75403.6 -153014 -1.97206e+07
-75390.3 153014 2.77219e+08 75390.3 -153014 -1.97164e+07
-75376.9 153014 2.77188e+08 75376.9 -153014 -1.97122e+07
-75363.6 153014 2.77157e+08 75363.6 -153014 -1.9708e+07
-75350.2 153014 2.77126e+08 75350.2 -153014 -1.97038e+07
-75336.9 153014 2.77095e+08 75336.9 -153014 -1.96996e+07
-75323.6 153014 2.77064e+08 75323.6 -153014 -1.96953e+07
-75310.2 153014 2.77033e+08 75310.2 -153014 -1.96911e+07
-75296.9 153014 2.77002e+08 75296.9 -153014 -1.96869e+07
-75283.5 153014 2.76971e+08 75283.5 -153014 -1.96827e+07
-75270.2 153014 2.7694e+08 75270.2 -153014 -1.96785e+07
-75256.8 153014 2.76909e+08 75256.8 -153014 -1.96743e+07
-75243.5 153014 2.76878e+08 75243.5 -153014 -1.96701e+07
-75230.2 153014 2.76847e+08 75230.2 -153014 -1.96659e+07
-75216.8 153014 2.76816e+08 75216.8 -153014 -1.96617e+07
-75203.5 153014 2.76785e+08 75203.5 -153014 -1.96575e+07
-75190.1 153014 2.76754e+08 75190.1 -153014 -1.96533e+07
-75176.8 153014 2.76723e+08 75176.8 -153014 -1.96491e+07
-75163.4 153014 2.76692e+08 75163.4 -153014 -1.96449e+07
-75150.1 153014 2.76661e+08 75150.1 -153014 -1.96406e+07
-75136.8 153014 2.7663e+08 75136.8 -153014 -1.96364e+07
-75123.4 153014 2.76599e+08 75123.4 -153014 -1.96322e+07
-75110.1 153014 2.76568e+08 75110.1 -153014 -1.9628e+07
-75096.7 153014 2.76537e+08 75096.7 -153014 -1.96238e+07
-75083.4 153014 2.76506e+08 75083.4 -153014 -1.96196e+07
-75070.1 153014 2.76475e+08 75070.1 -153014 -1.96154e+07
-75056.7 153014 2.76444e+08 75056.7 -153014 -1.96112e+07
-75043.4 153014 2.76413e+08 75043.4 -153014 -1.9607e+07
-75030 153014 2.76382e+08 75030 -153014 -1.96028e+07
-75016.7 153014 2.76351e+08 75016.7 -153014 -1.95986e+07
-75003.3 153014 2.7632e+08 75003.3 -153014 -1.95944e+07
-74990 153014 2.76289e+08 74990 -153014 -1.95902e+07
-74976.7 153014 2.76258e+08 74976.7 -153014 -1.9586e+07
-74963.3 153014 2.76227e+08 74963.3 -153014 -1.95818e+07
-74950 153014 2.76196e+08 74950 -153014 -1.95776e+07
-74936.6 153014 2.76165e+08 74936.6 -153014 -1.95734e+07
-74923.3 153014 2.76134e+08 74923.3 -153014 -1.95692e+07
-74909.9 153014 2.76103e+08 74909.9 -153014 -1.9565e+07
-74896.6 153014 2.76072e+08 74896.6 -153014 -1.95608e+07
-74883.3 153014 2.76041e+08 74883.3 -153014 -1.95566e+07
-74869.9 153014 2.7601e+08 74869.9 -153014 -1.95524e+07
-74856.6 153014 2.75979e+08 74856.6 -153014 -1.95482e+07
-74843.2 153014 2.75948e+08 74843.2 -153014 -1.9544e+07
-74829.9 153014 2.75917e+08 74829.9 -153014 -1.95398e+07
-74816.6 153014 2.75886e+08 74816.6 -153014 -1.95356e+07
-74803.2 153014 2.75855e+08 74803.2 -153014 -1.95314e+07
-74789.9 153014 2.75824e+08 74789.9 -153014 -1.95272e+07
-74776.5 153014 2.75793e+08 74776.5 -153014 -1.9523e+07
-74763.2 153014 2.75762e+08 74763.2 -153014 -1.95188e+07
-74749.8 153014 2.75731e+08 74749.8 -153014 -1.95146e+07
-74736.5 153014 2.757e+08 74736.5 -153014 -1.95104e+07
-74723.2 153014 2.75669e+08 74723.2 -153014 -1.95062e+07
-74709.8 153014 2.75638e+08 74709.8 -153014 -1.9502e+07
-74696.5 153014 2.75607e+08 74696.5 -153014 -1.94978e+07
-74683.1 153014 2.75576e+08 74683.1 -153014 -1.94936e+07
-74669.8 153014 2.75545e+08 74669.8 -153014 -1.94894e+07
-74656.5 153014 2.75514e+08 74656.5 -153014 -1.94852e+07
-74643.1 153014 2.75483e+08 74643.1 -153014 -1.9481e+07
-74629.8 153014 2.75452e+08 74629.8 -153014 -1.94768e+07
-74616.4 153014 2.75421e+08 74616.4 -153014 -1.94726e+07
-74603.1 153014 2.7539e+08 74603.1 -153014 -1.94684e+07
-74589.7 153014 2.75359e+08 74589.7 -153014 -1.94642e+07
-74576.4 153014 2.75328e+08 74576.4 -153014 -1.946e+07
-74563.1 153014 2.75297e+08 74563.1 -153014 -1.94558e+07
-74549.7 153014 2.75266e+08 74549.7 -153014 -1.94516e+07
-74536.4 153014 2.75235e+08 74536.4 -153014 -1.94474e+07
-74523 153014 2.75204e+08 74523 -153014 -1.94432e+07
-74509.7 153014 2.75173e+08 74509.7 -153014 -1.9439e+07
-74496.4 153014 2.75142e+08 74496.4 -153014 -1.94348e+07
-74483 153014 2.75111e+08 74483 -153014 -1.94307e+07
-74469.7 153014 2.7508e+08 74469.7 -153014 -1.94265e+07
-74456.3 153014 2.75049e+08 74456.3 -153014 -1.94223e+07
-74443 153014 2.75018e+08 74443 -153014 -1.94181e+07
-74429.7 153014 2.74987e+08 74429.7 -153014 -1.94139e+07
-74416.3 153014 2.74956e+08 74416.3 -153014 -1.94097e+07
-74403 153014 2.74925e+08 74403 -153014 -1.94055e+07
-74389.6 153014 2.74895e+08 74389.6 -153014 -1.94013e+07
-74376.3 153014 2.74864e+08 74376.3 -153014 -1.93971e+07
-74362.9 153014 2.74833e+08 74362.9 -153014 -1.93929e+07
-74349.6 153014 2.74802e+08 74349.6 -153014 -1.93887e+07
-74336.3 153014 2.74771e+08 74336.3 -153014 -1.93845e+07
-74322.9 153014 2.7474e+08 74322.9 -153014 -1.93804e+07
-74309.6 153014 2.74709e+08 74309.6 -153014 -1.93762e+07
-74296.2 153014 2.74678e+08 74296.2 -153014 -1.9372e+07
-74282.9 153014 2.74647e+08 74282.9 -153014 -1.93678e+07
-74269.6 153014 2.74616e+08 74269.6 -153014 -1.93636e+07
-74256.2 153014 2.74585e+08 74256.2 -153014 -1.93594e+07
-74242.9 153014 2.74554e+08 74242.9 -153014 -1.93552e+07
-74229.5 153014 2.74523e+08 74229.5 -153014 -1.9351e+07
-74216.2 153014 2.74492e+08 74216.2 -153014 -1.93468e+07
-74202.9 153014 2.74461e+08 74202.9 -153014 -1.93427e+07
-74189.5 153014 2.7443e+08 74189.5 -153014 -1.93385e+07
-74176.2 153014 2.74399e+08 74176.2 -153014 -1.93343e+07
-74162.8 153014 2.74368e+08 74162.8 -153014 -1.93301e+07
-74149.5 153014 2.74337e+08 74149.5 -153014 -1.93259e+07
-74136.2 153014 2.74306e+08 74136.2 -153014 -1.93217e+07
-74122.8 153014 2.74275e+08 74122.8 -153014 -1.93175e+07
-74109.5 153014 2.74244e+08 74109.5 -153014 -1.93133e+07
-74096.1 153014 2.74213e+08 74096.1 -153014 -1.93092e+07
-74082.8 153014 2.74182e+08 74082.8 -153014 -1.9305e+07
-74069.5 153014 2.74151e+08 74069.5 -153014 -1.93008e+07
-74056.1 153014 2.7412e+08 74056.1 -153014 -1.92966e+07
-74042.8 153014 2.74089e+08 74042.8 -153014 -1.92924e+07
-74029.4 153014 2.74058e+08 74029.4 -153014 -1.92882e+07
-74016.1 153014 2.74027e+08 74016.1 -153014 -1.92841e+07
-74002.8 153014 2.73996e+08 74002.8 -153014 -1.92799e+07
-73989.4 153014 2.73965e+08 73989.4 -153014 -1.92757e+07
-73976.1 153014 2.73934e+08 73976.1 -153014 -1.92715e+07
-73962.7 153014 2.73903e+08 73962.7 -153014 -1.92673e+07
-73949.4 153014 2.73872e+08 73949.4 -153014 -1.92631e+07
-73936.1 153014 2.73842e+08 73936.1 -153014 -1.9259e+07
-73922.7 153014 2.73811e+08 73922.7 -153014 -1.92548e+07
-73909.4 153014 2.7378e+08 73909.4 -153014 -1.92506e+07
-73896 153014 2.73749e+08 73896 -153014 -1.92464e+07
-73882.7 153014 2.73718e+08 73882.7 -153014 -1.92422e+07
-73869.4 153014 2.73687e+08 73869.4 -153014 -1.9238e+07
-73856 153014 2.73656e+08 73856 -153014 -1.92339e+07
-73842.7 153014 2.73625e+08 73842.7 -153014 -1.92297e+07
-73829.3 153014 2.73594e+08 73829.3 -153014 -1.92255e+07
-73816 153014 2.73563e+08 73816 -153014 -1.92213e+07
-73802.7 153014 2.73532e+08 73802.7 -153014 -1.92171e+07
-73789.3 153014 2.73501e+08 73789.3 -153014 -1.9213e+07
-73776 153014 2.7347e+08 73776 -153014 -1.92088e+07
-73762.6 153014 2.73439e+08 73762.6 -153014 -1.92046e+07
-73749.3 153014 2.73408e+08 73749.3 -153014 -1.92004e+07
-73736 153014 2.73377e+08 73736 -153014 -1.91962e+07
-73722.6 153014 2.73346e+08 73722.6 -153014 -1.91921e+07
-73709.3 153014 2.73315e+08 73709.3 -153014 -1.91879e+07
-73695.9 153014 2.73284e+08 73695.9 -153014 -1.91837e+07
-73682.6 153014 2.73253e+08 73682.6 -153014 -1.91795e+07
-73669.3 153014 2.73222e+08 73669.3 -153014 -1.91754e+07
-73655.9 153014 2.73191e+08 73655.9 -153014 -1.91712e+07
-73642.6 153014 2.7316e+08 73642.6 -153014 -1.9167e+07
-73629.3 153014 2.73129e+08 73629.3 -153014 -1.91628e+07
-73615.9 153014 2.73098e+08 73615.9 -153014 -1.91586e+07
-73602.6 153014 2.73068e+08 73602.6 -153014 -1.91545e+07
-73589.2 153014 2.73037e+08 73589.2 -153014 -1.91503e+07
-73575.9 153014 2.73006e+08 73575.9 -153014 -1.91461e+07
-73562.5 153014 2.72975e+08 73562.5 -153014 -1.91419e+07
-73549.2 153014 2.72944e+08 73549.2 -153014 -1.91378e+07
-73535.9 153014 2.72913e+08 73535.9 -153014 -1.91336e+07
-73522.5 153014 2.72882e+08 73522.5 -153014 -1.91294e+07
-73509.2 153014 2.72851e+08 73509.2 -153014 -1.91252e+07
-73495.9 153014 2.7282e+08 73495.9 -153014 -1.91211e+07
-73482.5 153014 2.72789e+08 73482.5 -153014 -1.91169e+07
-73469.2 153014 2.72758e+08 73469.2 -153014 -1.91127e+07
-73455.8 153014 2.72727e+08 73455.8 -153014 -1.91085e+07
-73442.5 153014 2.72696e+08 73442.5 -153014 -1.91044e+07
-73429.2 153014 2.72665e+08 73429.2 -153014 -1.91002e+07
-73415.8 153014 2.72634e+08 73415.8 -153014 -1.9096e+07
-73402.5 153014 2.72603e+08 73402.5 -153014 -1.90919e+07
-73389.1 153014 2.72572e+08 73389.1 -153014 -1.90877e+07
-73375.8 153014 2.72541e+08 73375.8 -153014 -1.90835e+07
-73362.5 153014 2.7251e+08 73362.5 -153014 -1.90793e+07
-73349.1 153014 2.72479e+08 73349.1 -153014 -1.90752e+07
-73335.8 153014 2.72448e+08 73335.8 -153014 -1.9071e+07
-73322.4 153014 2.72418e+08 73322.4 -153014 -1.90668e+07
-73309.1 153014 2.72387e+08 73309.1 -153014 -1.90627e+07
-73295.8 153014 2.72356e+08 73295.8 -153014 -1.90585e+07
-73282.4 153014 2.72325e+08 73282.4 -153014 -1.90543e+07
-73269.1 153014 2.72294e+08 73269.1 -153014 -1.90502e+07
-73255.8 153014 2.72263e+08 73255.8 -153014 -1.9046e+07
-73242.4 153014 2.72232e+08 73242.4 -153014 -1.90418e+07
-73229.1 153014 2.72201e+08 73229.1 -153014 -1.90376e+07
-73215.7 153014 2.7217e+08 73215.7 -153014 -1.90335e+07
-73202.4 153014 2.72139e+08 73202.4 -153014 -1.90293e+07
-73189.1 153014 2.72108e+08 73189.1 -153014 -1.90251e+07
-73175.7 153014 2.72077e+08 73175.7 -153014 -1.9021e+07
-73162.4 153014 2.72046e+08 73162.4 -153014 -1.90168e+07
-73149 153014 2.72015e+08 73149 -153014 -1.90126e+07
-73135.7 153014 2.71984e+08 73135.7 -153014 -1.90085e+07
-73122.4 153014 2.71953e+08 73122.4 -153014 -1.90043e+07
-73109 153014 2.71922e+08 73109 -153014 -1.90001e+07
-73095.7 153014 2.71891e+08 73095.7 -153014 -1.8996e+07
-73082.4 153014 2.71861e+08 73082.4 -153014 -1.89918e+07
-73069 153014 2.7183e+08 73069 -153014 -1.89876e+07
-73055.7 153014 2.71799e+08 73055.7 -153014 -1.89835e+07
-73042.3 153014 2.71768e+08 73042.3 -153014 -1.89793e+07
-73029 153014 2.71737e+08 73029 -153014 -1.89752e+07
-73015.7 153014 2.71706e+08 73015.7 -153014 -1.8971e+07
-73002.3 153014 2.71675e+08 73002.3 -153014 -1.89668e+07
-72989 153014 2.71644e+08 72989 -153014 -1.89627e+07
-72975.7 153014 2.71613e+08 72975.7 -153014 -1.89585e+07
-72962.3 153014 2.71582e+08 72962.3 -153014 -1.89543e+07
-72949 153014 2.71551e+08 72949 -153014 -1.89502e+07
-72935.6 153014 2.7152e+08 72935.6 -153014 -1.8946e+07
-72922.3 153014 2.71489e+08 72922.3 -153014 -1.89418e+07
-72909 153014 2.71458e+08 72909 -153014 -1.89377e+07
-72895.6 153014 2.71427e+08 72895.6 -153014 -1.89335e+07
-72882.3 153014 2.71396e+08 72882.3 -153014 -1.89294e+07
-72868.9 153014 2.71365e+08 72868.9 -153014 -1.89252e+07
-72855.6 153014 2.71335e+08 72855.6 -153014 -1.8921e+07
-72842.3 153014 2.71304e+08 72842.3 -153014 -1.89169e+07
-72828.9 153014 2.71273e+08 72828.9 -153014 -1.89127e+07
-72815.6 153014 2.71242e+08 72815.6 -153014 -1.89085e+07
-72802.3 153014 2.71211e+08 72802.3 -153014 -1.89044e+07
-72788.9 153014 2.7118e+08 72788.9 -153014 -1.89002e+07
-72775.6 153014 2.71149e+08 72775.6 -153014 -1.88961e+07
-72762.2 153014 2.71118e+08 72762.2 -153014 -1.88919e+07
-72748.9 153014 2.71087e+08 72748.9 -153014 -1.88877e+07
-72735.6 153014 2.71056e+08 72735.6 -153014 -1.88836e+07
-72722.2 153014 2.71025e+08 72722.2 -153014 -1.88794e+07
-72708.9 153014 2.70994e+08 72708.9 -153014 -1.88753e+07
-72695.6 153014 2.70963e+08 72695.6 -153014 -1.88711e+07
-72682.2 153014 2.70932e+08 72682.2 -153014 -1.88669e+07
-72668.9 153014 2.70901e+08 72668.9 -153014 -1.88628e+07
-72655.5 153014 2.70871e+08 72655.5 -153014 -1.88586e+07
-72642.2 153014 2.7084e+08 72642.2 -153014 -1.88545e+07
-72628.9 153014 2.70809e+08 72628.9 -153014 -1.88503e+07
-72615.5 153014 2.70778e+08 72615.5 -153014 -1.88462e+07
-72602.2 153014 2.70747e+08 72602.2 -153014 -1.8842e+07
-72588.8 153014 2.70716e+08 72588.8 -153014 -1.88378e+07
-72575.5 153014 2.70685e+08 72575.5 -153014 -1.88337e+07
-72562.2 153014 2.70654e+08 72562.2 -153014 -1.88295e+07
-72548.8 153014 2.70623e+08 72548.8 -153014 -1.88254e+07
-72535.5 153014 2.70592e+08 72535.5 -153014 -1.88212e+07
-72522.2 153014 2.70561e+08 72522.2 -153014 -1.88171e+07
-72508.8 153014 2.7053e+08 72508.8 -153014 -1.88129e+07
-72495.5 153014 2.70499e+08 72495.5 -153014 -1.88088e+07
-72482.2 153014 2.70469e+08 72482.2 -153014 -1.88046e+07
-72468.8 153014 2.70438e+08 72468.8 -153014 -1.88005e+07
-72455.5 153014 2.70407e+08 72455.5 -153014 -1.87963e+07
-72442.1 153014 2.70376e+08 72442.1 -153014 -1.87921e+07
-72428.8 153014 2.70345e+08 72428.8 -153014 -1.8788e+07
-72415.5 153014 2.70314e+08 72415.5 -153014 -1.87838e+07
-72402.1 153014 2.70283e+08 72402.1 -153014 -1.87797e+07
-72388.8 153014 2.70252e+08 72388.8 -153014 -1.87755e+07
-72375.5 153014 2.70221e+08 72375.5 -153014 -1.87714e+07
-72362.1 153014 2.7019e+08 72362.1 -153014 -1.87672e+07
-72348.8 153014 2.70159e+08 72348.8 -153014 -1.87631e+07
-72335.5 153014 2.70128e+08 72335.5 -153014 -1.87589e+07
-72322.1 153014 2.70097e+08 72322.1 -153014 -1.87548e+07
-72308.8 153014 2.70066e+08 72308.8 -153014 -1.87506e+07
-72295.4 153014 2.70036e+08 72295.4 -153014 -1.87465e+07
-72282.1 153014 2.70005e+08 72282.1 -153014 -1.87423e+07
-72268.8 153014 2.69974e+08 72268.8 -153014 -1.87382e+07
-72255.4 153014 2.69943e+08 72255.4 -153014 -1.8734e+07
-72242.1 153014 2.69912e+08 72242.1 -153014 -1.87299e+07
-72228.8 153014 2.69881e+08 72228.8 -153014 -1.87257e+07
-72215.4 153014 2.6985e+08 72215.4 -153014 -1.87216e+07
-72202.1 153014 2.69819e+08 72202.1 -153014 -1.87174e+07
-72188.8 153014 2.69788e+08 72188.8 -153014 -1.87133e+07
-72175.4 153014 2.69757e+08 72175.4 -153014 -1.87091e+07
-72162.1 153014 2.69726e+08 72162.1 -153014 -1.8705e+07
-72148.7 153014 2.69695e+08 72148.7 -153014 -1.87008e+07
-72135.4 153014 2.69665e+08 72135.4 -153014 -1.86967e+07
-72122.1 153014 2.69634e+08 72122.1 -153014 -1.86926e+07
-72108.7 153014 2.69603e+08 72108.7 -153014 -1.86884e+07
-72095.4 153014 2.69572e+08 72095.4 -153014 -1.86843e+07
-72082.1 153014 2.69541e+08 72082.1 -153014 -1.86801e+07
-72068.7 153014 2.6951e+08 72068.7 -153014 -1.8676e+07
-72055.4 153014 2.69479e+08 72055.4 -153014 -1.86718e+07
-72042.1 153014 2.69448e+08 72042.1 -153014 -1.86677e+07
-72028.7 153014 2.69417e+08 72028.7 -153014 -1.86635e+07
-72015.4 153014 2.69386e+08 72015.4 -153014 -1.86594e+07
-72002 153014 2.69355e+08 72002 -153014 -1.86552e+07
-71988.7 153014 2.69324e+08 71988.7 -153014 -1.86511e+07
-71975.4 153014 2.69294e+08 71975.4 -153014 -1.8647e+07
-71962 153014 2.69263e+08 71962 -153014 -1.86428e+07
-71948.7 153014 2.69232e+08 71948.7 -153014 -1.86387e+07
-71935.4 153014 2.69201e+08 71935.4 -153014 -1.86345e+07
-71922 153014 2.6917e+08 71922 -153014 -1.86304e+07
-71908.7 153014 2.69139e+08 71908.7 -153014 -1.86262e+07
-71895.4 153014 2.69108e+08 71895.4 -153014 -1.86221e+07
-71882 153014 2.69077e+08 71882 -153014 -1.86179e+07
-71868.7 153014 2.69046e+08 71868.7 -153014 -1.86138e+07
-71855.4 153014 2.69015e+08 71855.4 -153014 -1.86097e+07
-71842 153014 2.68984e+08 71842 -153014 -1.86055e+07
-71828.7 153014 2.68954e+08 71828.7 -153014 -1.86014e+07
-71815.3 153014 2.68923e+08 71815.3 -153014 -1.85972e+07
-71802 153014 2.68892e+08 71802 -153014 -1.85931e+07
-71788.7 153014 2.68861e+08 71788.7 -153014 -1.8589e+07
-71775.3 153014 2.6883e+08 71775.3 -153014 -1.85848e+07
-71762 153014 2.68799e+08 71762 -153014 -1.85807e+07
-71748.7 153014 2.68768e+08 71748.7 -153014 -1.85765e+07
-71735.3 153014 2.68737e+08 71735.3 -153014 -1.85724e+07
-71722 153014 2.68706e+08 71722 -153014 -1.85683e+07
-71708.7 153014 2.68675e+08 71708.7 -153014 -1.85641e+07
-71695.3 153014 2.68644e+08 71695.3 -153014 -1.856e+07
-71682 153014 2.68614e+08 71682 -153014 -1.85558e+07
-71668.7 153014 2.68583e+08 71668.7 -153014 -1.85517e+07
-71655.3 153014 2.68552e+08 71655.3 -153014 -1.85476e+07
-71642 153014 2.68521e+08 71642 -153014 -1.85434e+07
-71628.7 153014 2.6849e+08 71628.7 -153014 -1.85393e+07
-71615.3 153014 2.68459e+08 71615.3 -153014 -1.85352e+07
-71602 153014 2.68428e+08 71602 -153014 -1.8531e+07
-71588.6 153014 2.68397e+08 71588.6 -153014 -1.85269e+07
-71575.3 153014 2.68366e+08 71575.3 -153014 -1.85227e+07
-71562 153014 2.68335e+08 71562 -153014 -1.85186e+07
-71548.6 153014 2.68305e+08 71548.6 -153014 -1.85145e+07
-71535.3 153014 2.68274e+08 71535.3 -153014 -1.85103e+07
-71522 153014 2.68243e+08 71522 -153014 -1.85062e+07
-71508.6 153014 2.68212e+08 71508.6 -153014 -1.85021e+07
-71495.3 153014 2.68181e+08 71495.3 -153014 -1.84979e+07
-71482 153014 2.6815e+08 71482 -153014 -1.84938e+07
-71468.6 153014 2.68119e+08 71468.6 -153014 -1.84897e+07
-71455.3 153014 2.68088e+08 71455.3 -153014 -1.84855e+07
-71442 153014 2.68057e+08 71442 -153014 -1.84814e+07
-71428.6 153014 2.68026e+08 71428.6 -153014 -1.84773e+07
-71415.3 153014 2.67996e+08 71415.3 -153014 -1.84731e+07
-71402 153014 2.67965e+08 71402 -153014 -1.8469e+07
-71388.6 153014 2.67934e+08 71388.6 -153014 -1.84649e+07
-71375.3 153014 2.67903e+08 71375.3 -153014 -1.84607e+07
-71362 153014 2.67872e+08 71362 -153014 -1.84566e+07
-71348.6 153014 2.67841e+08 71348.6 -153014 -1.84525e+07
-71335.3 153014 2.6781e+08 71335.3 -153014 -1.84484e+07
-71321.9 153014 2.67779e+08 71321.9 -153014 -1.84442e+07
-71308.6 153014 2.67748e+08 71308.6 -153014 -1.84401e+07
-71295.3 153014 2.67717e+08 71295.3 -153014 -1.84359e+07
-71281.9 153014 2.67687e+08 71281.9 -153014 -1.84318e+07
-71268.6 153014 2.67656e+08 71268.6 -153014 -1.84277e+07
-71255.3 153014 2.67625e+08 71255.3 -153014 -1.84236e+07
-71241.9 153014 2.67594e+08 71241.9 -153014 -1.84194e+07
-71228.6 153014 2.67563e+08 71228.6 -153014 -1.84153e+07
-71215.3 153014 2.67532e+08 71215.3 -153014 -1.84112e+07
-71201.9 153014 2.67501e+08 71201.9 -153014 -1.8407e+07
-71188.6 153014 2.6747e+08 71188.6 -153014 -1.84029e+07
-71175.3 153014 2.67439e+08 71175.3 -153014 -1.83988e+07
-71161.9 153014 2.67409e+08 71161.9 -153014 -1.83947e+07
-71148.6 153014 2.67378e+08 71148.6 -153014 -1.83905e+07
-71135.3 153014 2.67347e+08 71135.3 -153014 -1.83864e+07
-71121.9 153014 2.67316e+08 71121.9 -153014 -1.83823e+07
-71108.6 153014 2.67285e+08 71108.6 -153014 -1.83782e+07
-71095.3 153014 2.67254e+08 71095.3 -153014 -1.8374e+07
-71081.9 153014 2.67223e+08 71081.9 -153014 -1.83699e+07
-71068.6 153014 2.67192e+08 71068.6 -153014 -1.83658e+07
-71055.3 153014 2.67161e+08 71055.3 -153014 -1.83616e+07
-71041.9 153014 2.67131e+08 71041.9 -153014 -1.83575e+07
-71028.6 153014 2.671e+08 71028.6 -153014 -1.83534e+07
-71015.3 153014 2.67069e+08 71015.3 -153014 -1.83493e+07
-71001.9 153014 2.67038e+08 71001.9 -153014 -1.83451e+07
-70988.6 153014 2.67007e+08 70988.6 -153014 -1.8341e+07
-70975.3 153014 2.66976e+08 70975.3 -153014 -1.83369e+07
-70961.9 153014 2.66945e+08 70961.9 -153014 -1.83328e+07
-70948.6 153014 2.66914e+08 70948.6 -153014 -1.83287e+07
-70935.2 153014 2.66883e+08 70935.2 -153014 -1.83245e+07
-70921.9 153014 2.66853e+08 70921.9 -153014 -1.83204e+07
-70908.6 153014 2.66822e+08 70908.6 -153014 -1.83163e+07
-70895.3 153014 2.66791e+08 70895.3 -153014 -1.83122e+07
-70881.9 153014 2.6676e+08 70881.9 -153014 -1.8308e+07
-70868.6 153014 2.66729e+08 70868.6 -153014 -1.83039e+07
-70855.3 153014 2.66698e+08 70855.3 -153014 -1.82998e+07
-70841.9 153014 2.66667e+08 70841.9 -153014 -1.82957e+07
-70828.6 153014 2.66636e+08 70828.6 -153014 -1.82915e+07
-70815.3 153014 2.66606e+08 70815.3 -153014 -1.82874e+07
-70801.9 153014 2.66575e+08 70801.9 -153014 -1.82833e+07
-70788.6 153014 2.66544e+08 70788.6 -153014 -1.82792e+07
-70775.3 153014 2.66513e+08 70775.3 -153014 -1.82751e+07
-70761.9 153014 2.66482e+08 70761.9 -153014 -1.82709e+07
-70748.6 153014 2.66451e+08 70748.6 -153014 -1.82668e+07
-70735.3 153014 2.6642e+08 70735.3 -153014 -1.82627e+07
-70721.9 153014 2.66389e+08 70721.9 -153014 -1.82586e+07
-70708.6 153014 2.66358e+08 70708.6 -153014 -1.82545e+07
-70695.3 153014 2.66328e+08 70695.3 -153014 -1.82503e+07
-70681.9 153014 2.66297e+08 70681.9 -153014 -1.82462e+07
-70668.6 153014 2.66266e+08 70668.6 -153014 -1.82421e+07
-70655.3 153014 2.66235e+08 70655.3 -153014 -1.8238e+07
-70641.9 153014 2.66204e+08 70641.9 -153014 -1.82339e+07
-70628.6 153014 2.66173e+08 70628.6 -153014 -1.82297e+07
-70615.3 153014 2.66142e+08 70615.3 -153014 -1.82256e+07
-70601.9 153014 2.66111e+08 70601.9 -153014 -1.82215e+07
-70588.6 153014 2.66081e+08 70588.6 -153014 -1.82174e+07
-70575.3 153014 2.6605e+08 70575.3 -153014 -1.82133e+07
-70561.9 153014 2.66019e+08 70561.9 -153014 -1.82092e+07
-70548.6 153014 2.65988e+08 70548.6 -153014 -1.8205e+07
-70535.3 153014 2.65957e+08 70535.3 -153014 -1.82009e+07
-70521.9 153014 2.65926e+08 70521.9 -153014 -1.81968e+07
-70508.6 153014 2.65895e+08 70508.6 -153014 -1.81927e+07
-70495.3 153014 2.65864e+08 70495.3 -153014 -1.81886e+07
-70481.9 153014 2.65834e+08 70481.9 -153014 -1.81845e+07
-70468.6 153014 2.65803e+08 70468.6 -153014 -1.81804e+07
-70455.3 153014 2.65772e+08 70455.3 -153014 -1.81763e+07
-70441.9 153014 2.65741e+08 70441.9 -153014 -1.81721e+07
-70428.6 153014 2.6571e+08 70428.6 -153014 -1.8168e+07
-70415.3 153014 2.65679e+08 70415.3 -153014 -1.81639e+07
-70401.9 153014 2.65648e+08 70401.9 -153014 -1.81598e+07
-70388.6 153014 2.65617e+08 70388.6 -153014 -1.81557e+07
-70375.3 153014 2.65587e+08 70375.3 -153014 -1.81516e+07
-70361.9 153014 2.65556e+08 70361.9 -153014 -1.81475e+07
-70348.6 153014 2.65525e+08 70348.6 -153014 -1.81433e+07
-70335.3 153014 2.65494e+08 70335.3 -153014 -1.81392e+07
-70321.9 153014 2.65463e+08 70321.9 -153014 -1.81351e+07
-70308.6 153014 2.65432e+08 70308.6 -153014 -1.8131e+07
-70295.3 153014 2.65401e+08 70295.3 -153014 -1.81269e+07
-70281.9 153014 2.65371e+08 70281.9 -153014 -1.81228e+07
-70268.6 153014 2.6534e+08 70268.6 -153014 -1.81187e+07
-70255.3 153014 2.65309e+08 70255.3 -153014 -1.81146e+07
-70241.9 153014 2.65278e+08 70241.9 -153014 -1.81105e+07
-70228.6 153014 2.65247e+08 70228.6 -153014 -1.81063e+07
-70215.3 153014 2.65216e+08 70215.3 -153014 -1.81022e+07
-70201.9 153014 2.65185e+08 70201.9 -153014 -1.80981e+07
-70188.6 153014 2.65154e+08 70188.6 -153014 -1.8094e+07
-70175.3 153014 2.65124e+08 70175.3 -153014 -1.80899e+07
-70161.9 153014 2.65093e+08 70161.9 -153014 -1.80858e+07
-70148.6 153014 2.65062e+08 70148.6 -153014 -1.80817e+07
-70135.3 153014 2.65031e+08 70135.3 -153014 -1.80776e+07
-70121.9 153014 2.65e+08 70121.9 -153014 -1.80735e+07
-70108.6 153014 2.64969e+08 70108.6 -153014 -1.80694e+07
-70095.3 153014 2.64938e+08 70095.3 -153014 -1.80653e+07
-70081.9 153014 2.64908e+08 70081.9 -153014 -1.80612e+07
-70068.6 153014 2.64877e+08 70068.6 -153014 -1.8057e+07
-70055.3 153014 2.64846e+08 70055.3 -153014 -1.80529e+07
-70042 153014 2.64815e+08 70042 -153014 -1.80488e+07
-70028.6 153014 2.64784e+08 70028.6 -153014 -1.80447e+07
-70015.3 153014 2.64753e+08 70015.3 -153014 -1.80406e+07
-70002 153014 2.64722e+08 70002 -153014 -1.80365e+07
-69988.6 153014 2.64691e+08 69988.6 -153014 -1.80324e+07
-69975.3 153014 2.64661e+08 69975.3 -153014 -1.80283e+07
-69962 153014 2.6463e+08 69962 -153014 -1.80242e+07
-69948.6 153014 2.64599e+08 69948.6 -153014 -1.80201e+07
-69935.3 153014 2.64568e+08 69935.3 -153014 -1.8016e+07
-69922 153014 2.64537e+08 69922 -153014 -1.80119e+07
-69908.6 153014 2.64506e+08 69908.6 -153014 -1.80078e+07
-69895.3 153014 2.64475e+08 69895.3 -153014 -1.80037e+07
-69882 153014 2.64445e+08 69882 -153014 -1.79996e+07
-69868.6 153014 2.64414e+08 69868.6 -153014 -1.79955e+07
-69855.3 153014 2.64383e+08 69855.3 -153014 -1.79914e+07
-69842 153014 2.64352e+08 69842 -153014 -1.79873e+07
-69828.6 153014 2.64321e+08 69828.6 -153014 -1.79832e+07
-69815.3 153014 2.6429e+08 69815.3 -153014 -1.79791e+07
-69802 153014 2.64259e+08 69802 -153014 -1.7975e+07
-69788.7 153014 2.64229e+08 69788.7 -153014 -1.79709e+07
-69775.3 153014 2.64198e+08 69775.3 -153014 -1.79668e+07
-69762 153014 2.64167e+08 69762 -153014 -1.79627e+07
-69748.7 153014 2.64136e+08 69748.7 -153014 -1.79586e+07
-69735.3 153014 2.64105e+08 69735.3 -153014 -1.79545e+07
-69722 153014 2.64074e+08 69722 -153014 -1.79504e+07
-69708.7 153014 2.64044e+08 69708.7 -153014 -1.79463e+07
-69695.3 153014 2.64013e+08 69695.3 -153014 -1.79422e+07
-69682 153014 2.63982e+08 69682 -153014 -1.79381e+07
-69668.7 153014 2.63951e+08 69668.7 -153014 -1.7934e+07
-69655.3 153014 2.6392e+08 69655.3 -153014 -1.79299e+07
-69642 153014 2.63889e+08 69642 -153014 -1.79258e+07
-69628.7 153014 2.63858e+08 69628.7 -153014 -1.79217e+07
-69615.3 153014 2.63828e+08 69615.3 -153014 -1.79176e+07
-69602 153014 2.63797e+08 69602 -153014 -1.79135e+07
-69588.7 153014 2.63766e+08 69588.7 -153014 -1.79094e+07
-69575.4 153014 2.63735e+08 69575.4 -153014 -1.79053e+07
-69562 153014 2.63704e+08 69562 -153014 -1.79012e+07
-69548.7 153014 2.63673e+08 69548.7 -153014 -1.78971e+07
-69535.4 153014 2.63642e+08 69535.4 -153014 -1.7893e+07
-69522 153014 2.63612e+08 69522 -153014 -1.78889e+07
-69508.7 153014 2.63581e+08 69508.7 -153014 -1.78848e+07
-69495.4 153014 2.6355e+08 69495.4 -153014 -1.78807e+07
-69482 153014 2.63519e+08 69482 -153014 -1.78766e+07
-69468.7 153014 2.63488e+08 69468.7 -153014 -1.78725e+07
-69455.4 153014 2.63457e+08 69455.4 -153014 -1.78684e+07
-69442 153014 2.63427e+08 69442 -153014 -1.78643e+07
-69428.7 153014 2.63396e+08 69428.7 -153014 -1.78603e+07
-69415.4 153014 2.63365e+08 69415.4 -153014 -1.78561e+07
-69402.1 153014 2.63334e+08 69402.1 -153014 -1.7852e+07
-69388.7 153014 2.63303e+08 69388.7 -153014 -1.7848e+07
-69375.4 153014 2.63272e+08 69375.4 -153014 -1.78439e+07
-69362.1 153014 2.63241e+08 69362.1 -153014 -1.78398e+07
-69348.7 153014 2.63211e+08 69348.7 -153014 -1.78357e+07
-69335.4 153014 2.6318e+08 69335.4 -153014 -1.78316e+07
-69322.1 153014 2.63149e+08 69322.1 -153014 -1.78275e+07
-69308.7 153014 2.63118e+08 69308.7 -153014 -1.78234e+07
-69295.4 153014 2.63087e+08 69295.4 -153014 -1.78193e+07
-69282.1 153014 2.63056e+08 69282.1 -153014 -1.78152e+07
-69268.8 153014 2.63026e+08 69268.8 -153014 -1.78111e+07
-69255.4 153014 2.62995e+08 69255.4 -153014 -1.7807e+07
-69242.1 153014 2.62964e+08 69242.1 -153014 -1.7803e+07
-69228.8 153014 2.62933e+08 69228.8 -153014 -1.77989e+07
-69215.4 153014 2.62902e+08 69215.4 -153014 -1.77948e+07
-69202.1 153014 2.62871e+08 69202.1 -153014 -1.77907e+07
-69188.8 153014 2.62841e+08 69188.8 -153014 -1.77866e+07
-69175.4 153014 2.6281e+08 69175.4 -153014 -1.77825e+07
-69162.1 153014 2.62779e+08 69162.1 -153014 -1.77784e+07
-69148.8 153014 2.62748e+08 69148.8 -153014 -1.77743e+07
-69135.5 153014 2.62717e+08 69135.5 -153014 -1.77702e+07
-69122.1 153014 2.62686e+08 69122.1 -153014 -1.77662e+07
-69108.8 153014 2.62655e+08 69108.8 -153014 -1.77621e+07
-69095.5 153014 2.62625e+08 69095.5 -153014 -1.7758e+07
-69082.1 153014 2.62594e+08 69082.1 -153014 -1.77539e+07
-69068.8 153014 2.62563e+08 69068.8 -153014 -1.77498e+07
-69055.5 153014 2.62532e+08 69055.5 -153014 -1.77457e+07
-69042.1 153014 2.62501e+08 69042.1 -153014 -1.77416e+07
-69028.8 153014 2.6247e+08 69028.8 -153014 -1.77375e+07
-69015.5 153014 2.6244e+08 69015.5 -153014 -1.77335e+07
-69002.2 153014 2.62409e+08 69002.2 -153014 -1.77294e+07
-68988.8 153014 2.62378e+08 68988.8 -153014 -1.77253e+07
-68975.5 153014 2.62347e+08 68975.5 -153014 -1.77212e+07
-68962.2 153014 2.62316e+08 68962.2 -153014 -1.77171e+07
-68948.8 153014 2.62285e+08 68948.8 -153014 -1.7713e+07
-68935.5 153014 2.62255e+08 68935.5 -153014 -1.77089e+07
-68922.2 153014 2.62224e+08 68922.2 -153014 -1.77049e+07
-68908.8 153014 2.62193e+08 68908.8 -153014 -1.77008e+07
-68895.5 153014 2.62162e+08 68895.5 -153014 -1.76967e+07
-68882.2 153014 2.62131e+08 68882.2 -153014 -1.76926e+07
-68868.9 153014 2.621e+08 68868.9 -153014 -1.76885e+07
-68855.5 153014 2.6207e+08 68855.5 -153014 -1.76844e+07
-68842.2 153014 2.62039e+08 68842.2 -153014 -1.76804e+07
-68828.9 153014 2.62008e+08 68828.9 -153014 -1.76763e+07
-68815.5 153014 2.61977e+08 68815.5 -153014 -1.76722e+07
-68802.2 153014 2.61946e+08 68802.2 -153014 -1.76681e+07
-68788.9 153014 2.61916e+08 68788.9 -153014 -1.7664e+07
-68775.5 153014 2.61885e+08 68775.5 -153014 -1.766e+07
-68762.2 153014 2.61854e+08 68762.2 -153014 -1.76559e+07
-68748.9 153014 2.61823e+08 68748.9 -153014 -1.76518e+07
-68735.6 153014 2.61792e+08 68735.6 -153014 -1.76477e+07
-68722.2 153014 2.61761e+08 68722.2 -153014 -1.76436e+07
-68708.9 153014 2.61731e+08 68708.9 -153014 -1.76396e+07
-68695.6 153014 2.617e+08 68695.6 -153014 -1.76355e+07
-68682.2 153014 2.61669e+08 68682.2 -153014 -1.76314e+07
-68668.9 153014 2.61638e+08 68668.9 -153014 -1.76273e+07
-68655.6 153014 2.61607e+08 68655.6 -153014 -1.76232e+07
-68642.3 153014 2.61576e+08 68642.3 -153014 -1.76191e+07
-68628.9 153014 2.61546e+08 68628.9 -153014 -1.76151e+07
-68615.6 153014 2.61515e+08 68615.6 -153014 -1.7611e+07
-68602.3 153014 2.61484e+08 68602.3 -153014 -1.76069e+07
-68588.9 153014 2.61453e+08 68588.9 -153014 -1.76028e+07
-68575.6 153014 2.61422e+08 68575.6 -153014 -1.75988e+07
-68562.3 153014 2.61391e+08 68562.3 -153014 -1.75947e+07
-68549 153014 2.61361e+08 68549 -153014 -1.75906e+07
-68535.6 153014 2.6133e+08 68535.6 -153014 -1.75865e+07
-68522.3 153014 2.61299e+08 68522.3 -153014 -1.75825e+07
-68509 153014 2.61268e+08 68509 -153014 -1.75784e+07
-68495.6 153014 2.61237e+08 68495.6 -153014 -1.75743e+07
-68482.3 153014 2.61207e+08 68482.3 -153014 -1.75702e+07
-68469 153014 2.61176e+08 68469 -153014 -1.75662e+07
-68455.7 153014 2.61145e+08 68455.7 -153014 -1.75621e+07
-68442.3 153014 2.61114e+08 68442.3 -153014 -1.7558e+07
-68429 153014 2.61083e+08 68429 -153014 -1.75539e+07
-68415.7 153014 2.61052e+08 68415.7 -153014 -1.75499e+07
-68402.3 153014 2.61022e+08 68402.3 -153014 -1.75458e+07
-68389 153014 2.60991e+08 68389 -153014 -1.75417e+07
-68375.7 153014 2.6096e+08 68375.7 -153014 -1.75376e+07
-68362.4 153014 2.60929e+08 68362.4 -153014 -1.75336e+07
-68349 153014 2.60898e+08 68349 -153014 -1.75295e+07
-68335.7 153014 2.60868e+08 68335.7 -153014 -1.75254e+07
-68322.4 153014 2.60837e+08 68322.4 -153014 -1.75214e+07
-68309 153014 2.60806e+08 68309 -153014 -1.75173e+07
-68295.7 153014 2.60775e+08 68295.7 -153014 -1.75132e+07
-68282.4 153014 2.60744e+08 68282.4 -153014 -1.75091e+07
-68269.1 153014 2.60713e+08 68269.1 -153014 -1.75051e+07
-68255.7 153014 2.60683e+08 68255.7 -153014 -1.7501e+07
-68242.4 153014 2.60652e+08 68242.4 -153014 -1.74969e+07
-68229.1 153014 2.60621e+08 68229.1 -153014 -1.74929e+07
-68215.7 153014 2.6059e+08 68215.7 -153014 -1.74888e+07
-68202.4 153014 2.60559e+08 68202.4 -153014 -1.74847e+07
-68189.1 153014 2.60529e+08 68189.1 -153014 -1.74806e+07
-68175.8 153014 2.60498e+08 68175.8 -153014 -1.74766e+07
-68162.4 153014 2.60467e+08 68162.4 -153014 -1.74725e+07
-68149.1 153014 2.60436e+08 68149.1 -153014 -1.74684e+07
-68135.8 153014 2.60405e+08 68135.8 -153014 -1.74644e+07
-68122.4 153014 2.60375e+08 68122.4 -153014 -1.74603e+07
-68109.1 153014 2.60344e+08 68109.1 -153014 -1.74562e+07
-68095.8 153014 2.60313e+08 68095.8 -153014 -1.74522e+07
-68082.5 153014 2.60282e+08 68082.5 -153014 -1.74481e+07
-68069.1 153014 2.60251e+08 68069.1 -153014 -1.7444e+07
-68055.8 153014 2.6022e+08 68055.8 -153014 -1.744e+07
-68042.5 153014 2.6019e+08 68042.5 -153014 -1.74359e+07
-68029.1 153014 2.60159e+08 68029.1 -153014 -1.74318e+07
-68015.8 153014 2.60128e+08 68015.8 -153014 -1.74278e+07
-68002.5 153014 2.60097e+08 68002.5 -153014 -1.74237e+07
-67989.2 153014 2.60066e+08 67989.2 -153014 -1.74196e+07
-67975.8 153014 2.60036e+08 67975.8 -153014 -1.74156e+07
-67962.5 153014 2.60005e+08 67962.5 -153014 -1.74115e+07
-67949.2 153014 2.59974e+08 67949.2 -153014 -1.74074e+07
-67935.9 153014 2.59943e+08 67935.9 -153014 -1.74034e+07
-67922.5 153014 2.59912e+08 67922.5 -153014 -1.73993e+07
-67909.2 153014 2.59882e+08 67909.2 -153014 -1.73952e+07
-67895.9 153014 2.59851e+08 67895.9 -153014 -1.73912e+07
-67882.5 153014 2.5982e+08 67882.5 -153014 -1.73871e+07
-67869.2 153014 2.59789e+08 67869.2 -153014 -1.7383e+07
-67855.9 153014 2.59758e+08 67855.9 -153014 -1.7379e+07
-67842.6 153014 2.59728e+08 67842.6 -153014 -1.73749e+07
-67829.2 153014 2.59697e+08 67829.2 -153014 -1.73709e+07
-67815.9 153014 2.59666e+08 67815.9 -153014 -1.73668e+07
-67802.6 153014 2.59635e+08 67802.6 -153014 -1.73627e+07
-67789.3 153014 2.59604e+08 67789.3 -153014 -1.73587e+07
-67775.9 153014 2.59574e+08 67775.9 -153014 -1.73546e+07
-67762.6 153014 2.59543e+08 67762.6 -153014 -1.73505e+07
-67749.3 153014 2.59512e+08 67749.3 -153014 -1.73465e+07
-67735.9 153014 2.59481e+08 67735.9 -153014 -1.73424e+07
-67722.6 153014 2.5945e+08 67722.6 -153014 -1.73384e+07
-67709.3 153014 2.5942e+08 67709.3 -153014 -1.73343e+07
-67696 153014 2.59389e+08 67696 -153014 -1.73303e+07
-67682.6 153014 2.59358e+08 67682.6 -153014 -1.73262e+07
-67669.3 153014 2.59327e+08 67669.3 -153014 -1.73221e+07
-67656 153014 2.59296e+08 67656 -153014 -1.73181e+07
-67642.7 153014 2.59266e+08 67642.7 -153014 -1.7314e+07
-67629.3 153014 2.59235e+08 67629.3 -153014 -1.731e+07
-67616 153014 2.59204e+08 67616 -153014 -1.73059e+07
-67602.7 153014 2.59173e+08 67602.7 -153014 -1.73018e+07
-67589.3 153014 2.59142e+08 67589.3 -153014 -1.72978e+07
-67576 153014 2.59112e+08 67576 -153014 -1.72937e+07
-67562.7 153014 2.59081e+08 67562.7 -153014 -1.72897e+07
-67549.4 153014 2.5905e+08 67549.4 -153014 -1.72856e+07
-67536 153014 2.59019e+08 67536 -153014 -1.72816e+07
-67522.7 153014 2.58988e+08 67522.7 -153014 -1.72775e+07
-67509.4 153014 2.58958e+08 67509.4 -153014 -1.72734e+07
-67496.1 153014 2.58927e+08 67496.1 -153014 -1.72694e+07
-67482.7 153014 2.58896e+08 67482.7 -153014 -1.72653e+07
-67469.4 153014 2.58865e+08 67469.4 -153014 -1.72613e+07
-67456.1 153014 2.58834e+08 67456.1 -153014 -1.72572e+07
-67442.8 153014 2.58804e+08 67442.8 -153014 -1.72532e+07
-67429.4 153014 2.58773e+08 67429.4 -153014 -1.72491e+07
-67416.1 153014 2.58742e+08 67416.1 -153014 -1.72451e+07
-67402.8 153014 2.58711e+08 67402.8 -153014 -1.7241e+07
-67389.5 153014 2.5868e+08 67389.5 -153014 -1.72369e+07
-67376.1 153014 2.5865e+08 67376.1 -153014 -1.72329e+07
-67362.8 153014 2.58619e+08 67362.8 -153014 -1.72288e+07
-67349.5 153014 2.58588e+08 67349.5 -153014 -1.72248e+07
-67336.1 153014 2.58557e+08 67336.1 -153014 -1.72207e+07
-67322.8 153014 2.58527e+08 67322.8 -153014 -1.72167e+07
-67309.5 153014 2.58496e+08 67309.5 -153014 -1.72126e+07
-67296.2 153014 2.58465e+08 67296.2 -153014 -1.72086e+07
-67282.8 153014 2.58434e+08 67282.8 -153014 -1.72045e+07
-67269.5 153014 2.58403e+08 67269.5 -153014 -1.72005e+07
-67256.2 153014 2.58373e+08 67256.2 -153014 -1.71964e+07
-67242.9 153014 2.58342e+08 67242.9 -153014 -1.71924e+07
-67229.5 153014 2.58311e+08 67229.5 -153014 -1.71883e+07
-67216.2 153014 2.5828e+08 67216.2 -153014 -1.71843e+07
-67202.9 153014 2.58249e+08 67202.9 -153014 -1.71802e+07
-67189.6 153014 2.58219e+08 67189.6 -153014 -1.71762e+07
-67176.2 153014 2.58188e+08 67176.2 -153014 -1.71721e+07
-67162.9 153014 2.58157e+08 67162.9 -153014 -1.71681e+07
-67149.6 153014 2.58126e+08 67149.6 -153014 -1.7164e+07
-67136.3 153014 2.58096e+08 67136.3 -153014 -1.716e+07
-67122.9 153014 2.58065e+08 67122.9 -153014 -1.71559e+07
-67109.6 153014 2.58034e+08 67109.6 -153014 -1.71519e+07
-67096.3 153014 2.58003e+08 67096.3 -153014 -1.71478e+07
-67083 153014 2.57972e+08 67083 -153014 -1.71438e+07
-67069.6 153014 2.57942e+08 67069.6 -153014 -1.71397e+07
-67056.3 153014 2.57911e+08 67056.3 -153014 -1.71357e+07
-67043 153014 2.5788e+08 67043 -153014 -1.71316e+07
-67029.6 153014 2.57849e+08 67029.6 -153014 -1.71276e+07
-67016.3 153014 2.57818e+08 67016.3 -153014 -1.71235e+07
-67003 153014 2.57788e+08 67003 -153014 -1.71195e+07
-66989.7 153014 2.57757e+08 66989.7 -153014 -1.71155e+07
-66976.3 153014 2.57726e+08 66976.3 -153014 -1.71114e+07
-66963 153014 2.57695e+08 66963 -153014 -1.71074e+07
-66949.7 153014 2.57665e+08 66949.7 -153014 -1.71033e+07
-66936.4 153014 2.57634e+08 66936.4 -153014 -1.70993e+07
-66923 153014 2.57603e+08 66923 -153014 -1.70952e+07
-66909.7 153014 2.57572e+08 66909.7 -153014 -1.70912e+07
-66896.4 153014 2.57541e+08 66896.4 -153014 -1.70871e+07
-66883.1 153014 2.57511e+08 66883.1 -153014 -1.70831e+07
-66869.7 153014 2.5748e+08 66869.7 -153014 -1.70791e+07
-66856.4 153014 2.57449e+08 66856.4 -153014 -1.7075e+07
-66843.1 153014 2.57418e+08 66843.1 -153014 -1.7071e+07
-66829.8 153014 2.57388e+08 66829.8 -153014 -1.70669e+07
-66816.4 153014 2.57357e+08 66816.4 -153014 -1.70629e+07
-66803.1 153014 2.57326e+08 66803.1 -153014 -1.70588e+07
-66789.8 153014 2.57295e+08 66789.8 -153014 -1.70548e+07
-66776.5 153014 2.57264e+08 66776.5 -153014 -1.70508e+07
-66763.1 153014 2.57234e+08 66763.1 -153014 -1.70467e+07
-66749.8 153014 2.57203e+08 66749.8 -153014 -1.70427e+07
-66736.5 153014 2.57172e+08 66736.5 -153014 -1.70386e+07
-66723.2 153014 2.57141e+08 66723.2 -153014 -1.70346e+07
-66709.8 153014 2.57111e+08 66709.8 -153014 -1.70305e+07
-66696.5 153014 2.5708e+08 66696.5 -153014 -1.70265e+07
-66683.2 153014 2.57049e+08 66683.2 -153014 -1.70225e+07
-66669.9 153014 2.57018e+08 66669.9 -153014 -1.70184e+07
-66656.5 153014 2.56987e+08 66656.5 -153014 -1.70144e+07
-66643.2 153014 2.56957e+08 66643.2 -153014 -1.70103e+07
-66629.9 153014 2.56926e+08 66629.9 -153014 -1.70063e+07
-66616.6 153014 2.56895e+08 66616.6 -153014 -1.70023e+07
-66603.2 153014 2.56864e+08 66603.2 -153014 -1.69982e+07
-66589.9 153014 2.56834e+08 66589.9 -153014 -1.69942e+07
-66576.6 153014 2.56803e+08 66576.6 -153014 -1.69901e+07
-66563.3 153014 2.56772e+08 66563.3 -153014 -1.69861e+07
-66549.9 153014 2.56741e+08 66549.9 -153014 -1.69821e+07
-66536.6 153014 2.56711e+08 66536.6 -153014 -1.6978e+07
-66523.3 153014 2.5668e+08 66523.3 -153014 -1.6974e+07
-66510 153014 2.56649e+08 66510 -153014 -1.697e+07
-66496.6 153014 2.56618e+08 66496.6 -153014 -1.69659e+07
-66483.3 153014 2.56587e+08 66483.3 -153014 -1.69619e+07
-66470 153014 2.56557e+08 66470 -153014 -1.69578e+07
-66456.7 153014 2.56526e+08 66456.7 -153014 -1.69538e+07
-66443.3 153014 2.56495e+08 66443.3 -153014 -1.69498e+07
-66430 153014 2.56464e+08 66430 -153014 -1.69457e+07
-66416.7 153014 2.56434e+08 66416.7 -153014 -1.69417e+07
-66403.4 153014 2.56403e+08 66403.4 -153014 -1.69377e+07
-66390 153014 2.56372e+08 66390 -153014 -1.69337e+07
-66376.7 153014 2.56341e+08 66376.7 -153014 -1.69296e+07
-66363.4 153014 2.56311e+08 66363.4 -153014 -1.69256e+07
-66350.1 153014 2.5628e+08 66350.1 -153014 -1.69215e+07
-66336.7 153014 2.56249e+08 66336.7 -153014 -1.69175e+07
-66323.4 153014 2.56218e+08 66323.4 -153014 -1.69135e+07
-66310.1 153014 2.56188e+08 66310.1 -153014 -1.69095e+07
-66296.8 153014 2.56157e+08 66296.8 -153014 -1.69054e+07
-66283.4 153014 2.56126e+08 66283.4 -153014 -1.69014e+07
-66270.1 153014 2.56095e+08 66270.1 -153014 -1.68973e+07
-66256.8 153014 2.56064e+08 66256.8 -153014 -1.68933e+07
-66243.5 153014 2.56034e+08 66243.5 -153014 -1.68893e+07
-66230.2 153014 2.56003e+08 66230.2 -153014 -1.68853e+07
-66216.8 153014 2.55972e+08 66216.8 -153014 -1.68812e+07
-66203.5 153014 2.55941e+08 66203.5 -153014 -1.68772e+07
-66190.2 153014 2.55911e+08 66190.2 -153014 -1.68732e+07
-66176.9 153014 2.5588e+08 66176.9 -153014 -1.68691e+07
-66163.5 153014 2.55849e+08 66163.5 -153014 -1.68651e+07
-66150.2 153014 2.55818e+08 66150.2 -153014 -1.68611e+07
-66136.9 153014 2.55788e+08 66136.9 -153014 -1.68571e+07
-66123.6 153014 2.55757e+08 66123.6 -153014 -1.6853e+07
-66110.2 153014 2.55726e+08 66110.2 -153014 -1.6849e+07
-66096.9 153014 2.55695e+08 66096.9 -153014 -1.6845e+07
-66083.6 153014 2.55665e+08 66083.6 -153014 -1.68409e+07
-66070.3 153014 2.55634e+08 66070.3 -153014 -1.68369e+07
-66056.9 153014 2.55603e+08 66056.9 -153014 -1.68329e+07
-66043.6 153014 2.55572e+08 66043.6 -153014 -1.68289e+07
-66030.3 153014 2.55542e+08 66030.3 -153014 -1.68248e+07
-66017 153014 2.55511e+08 66017 -153014 -1.68208e+07
-66003.7 153014 2.5548e+08 66003.7 -153014 -1.68168e+07
-65990.3 153014 2.55449e+08 65990.3 -153014 -1.68128e+07
-65977 153014 2.55419e+08 65977 -153014 -1.68087e+07
-65963.7 153014 2.55388e+08 65963.7 -153014 -1.68047e+07
-65950.4 153014 2.55357e+08 65950.4 -153014 -1.68007e+07
-65937 153014 2.55326e+08 65937 -153014 -1.67966e+07
-65923.7 153014 2.55296e+08 65923.7 -153014 -1.67926e+07
-65910.4 153014 2.55265e+08 65910.4 -153014 -1.67886e+07
-65897.1 153014 2.55234e+08 65897.1 -153014 -1.67846e+07
-65883.7 153014 2.55203e+08 65883.7 -153014 -1.67806e+07
-65870.4 153014 2.55173e+08 65870.4 -153014 -1.67765e+07
-65857.1 153014 2.55142e+08 65857.1 -153014 -1.67725e+07
-65843.8 153014 2.55111e+08 65843.8 -153014 -1.67685e+07
-65830.4 153014 2.5508e+08 65830.4 -153014 -1.67644e+07
-65817.1 153014 2.5505e+08 65817.1 -153014 -1.67604e+07
-65803.8 153014 2.55019e+08 65803.8 -153014 -1.67564e+07
-65790.5 153014 2.54988e+08 65790.5 -153014 -1.67524e+07
-65777.2 153014 2.54957e+08 65777.2 -153014 -1.67484e+07
-65763.8 153014 2.54927e+08 65763.8 -153014 -1.67443e+07
-65750.5 153014 2.54896e+08 65750.5 -153014 -1.67403e+07
-65737.2 153014 2.54865e+08 65737.2 -153014 -1.67363e+07
-65723.9 153014 2.54834e+08 65723.9 -153014 -1.67323e+07
-65710.5 153014 2.54804e+08 65710.5 -153014 -1.67283e+07
-65697.2 153014 2.54773e+08 65697.2 -153014 -1.67242e+07
-65683.9 153014 2.54742e+08 65683.9 -153014 -1.67202e+07
-65670.6 153014 2.54711e+08 65670.6 -153014 -1.67162e+07
-65657.2 153014 2.54681e+08 65657.2 -153014 -1.67122e+07
-65643.9 153014 2.5465e+08 65643.9 -153014 -1.67081e+07
-65630.6 153014 2.54619e+08 65630.6 -153014 -1.67041e+07
-65617.3 153014 2.54588e+08 65617.3 -153014 -1.67001e+07
-65604 153014 2.54558e+08 65604 -153014 -1.66961e+07
-65590.6 153014 2.54527e+08 65590.6 -153014 -1.66921e+07
-65577.3 153014 2.54496e+08 65577.3 -153014 -1.66881e+07
-65564 153014 2.54465e+08 65564 -153014 -1.6684e+07
-65550.7 153014 2.54435e+08 65550.7 -153014 -1.668e+07
-65537.3 153014 2.54404e+08 65537.3 -153014 -1.6676e+07
-65524 153014 2.54373e+08 65524 -153014 -1.6672e+07
-65510.7 153014 2.54342e+08 65510.7 -153014 -1.6668e+07
-65497.4 153014 2.54312e+08 65497.4 -153014 -1.6664e+07
-65484.1 153014 2.54281e+08 65484.1 -153014 -1.66599e+07
-65470.7 153014 2.5425e+08 65470.7 -153014 -1.66559e+07
-65457.4 153014 2.54219e+08 65457.4 -153014 -1.66519e+07
-65444.1 153014 2.54189e+08 65444.1 -153014 -1.66479e+07
-65430.8 153014 2.54158e+08 65430.8 -153014 -1.66439e+07
-65417.4 153014 2.54127e+08 65417.4 -153014 -1.66399e+07
-65404.1 153014 2.54096e+08 65404.1 -153014 -1.66358e+07
-65390.8 153014 2.54066e+08 65390.8 -153014 -1.66318e+07
-65377.5 153014 2.54035e+08 65377.5 -153014 -1.66278e+07
-65364.2 153014 2.54004e+08 65364.2 -153014 -1.66238e+07
-65350.8 153014 2.53973e+08 65350.8 -153014 -1.66198e+07
-65337.5 153014 2.53943e+08 65337.5 -153014 -1.66158e+07
-65324.2 153014 2.53912e+08 65324.2 -153014 -1.66118e+07
-65310.9 153014 2.53881e+08 65310.9 -153014 -1.66077e+07
-65297.5 153014 2.53851e+08 65297.5 -153014 -1.66037e+07
-65284.2 153014 2.5382e+08 65284.2 -153014 -1.65997e+07
-65270.9 153014 2.53789e+08 65270.9 -153014 -1.65957e+07
-65257.6 153014 2.53758e+08 65257.6 -153014 -1.65917e+07
-65244.3 153014 2.53728e+08 65244.3 -153014 -1.65877e+07
-65230.9 153014 2.53697e+08 65230.9 -153014 -1.65837e+07
-65217.6 153014 2.53666e+08 65217.6 -153014 -1.65797e+07
-65204.3 153014 2.53635e+08 65204.3 -153014 -1.65756e+07
-65191 153014 2.53605e+08 65191 -153014 -1.65716e+07
-65177.6 153014 2.53574e+08 65177.6 -153014 -1.65676e+07
-65164.3 153014 2.53543e+08 65164.3 -153014 -1.65636e+07
-65151 153014 2.53512e+08 65151 -153014 -1.65596e+07
-65137.7 153014 2.53482e+08 65137.7 -153014 -1.65556e+07
-65124.4 153014 2.53451e+08 65124.4 -153014 -1.65516e+07
-65111 153014 2.5342e+08 65111 -153014 -1.65476e+07
-65097.7 153014 2.5339e+08 65097.7 -153014 -1.65436e+07
-65084.4 153014 2.53359e+08 65084.4 -153014 -1.65396e+07
-65071.1 153014 2.53328e+08 65071.1 -153014 -1.65356e+07
-65057.8 153014 2.53297e+08 65057.8 -153014 -1.65315e+07
-65044.4 153014 2.53267e+08 65044.4 -153014 -1.65275e+07
-65031.1 153014 2.53236e+08 65031.1 -153014 -1.65235e+07
-65017.8 153014 2.53205e+08 65017.8 -153014 -1.65195e+07
-65004.5 153014 2.53174e+08 65004.5 -153014 -1.65155e+07
-64991.1 153014 2.53144e+08 64991.1 -153014 -1.65115e+07
-64977.8 153014 2.53113e+08 64977.8 -153014 -1.65075e+07
-64964.5 153014 2.53082e+08 64964.5 -153014 -1.65035e+07
-64951.2 153014 2.53052e+08 64951.2 -153014 -1.64995e+07
-64937.9 153014 2.53021e+08 64937.9 -153014 -1.64955e+07
-64924.5 153014 2.5299e+08 64924.5 -153014 -1.64915e+07
-64911.2 153014 2.52959e+08 64911.2 -153014 -1.64875e+07
-64897.9 153014 2.52929e+08 64897.9 -153014 -1.64835e+07
-64884.6 153014 2.52898e+08 64884.6 -153014 -1.64795e+07
-64871.2 153014 2.52867e+08 64871.2 -153014 -1.64755e+07
-64857.9 153014 2.52836e+08 64857.9 -153014 -1.64715e+07
-64844.6 153014 2.52806e+08 64844.6 -153014 -1.64675e+07
-64831.3 153014 2.52775e+08 64831.3 -153014 -1.64635e+07
-64818 153014 2.52744e+08 64818 -153014 -1.64594e+07
-64804.6 153014 2.52714e+08 64804.6 -153014 -1.64554e+07
-64791.3 153014 2.52683e+08 64791.3 -153014 -1.64514e+07
-64778 153014 2.52652e+08 64778 -153014 -1.64475e+07
-64764.7 153014 2.52621e+08 64764.7 -153014 -1.64434e+07
-64751.4 153014 2.52591e+08 64751.4 -153014 -1.64394e+07
-64738 153014 2.5256e+08 64738 -153014 -1.64354e+07
-64724.7 153014 2.52529e+08 64724.7 -153014 -1.64314e+07
-64711.4 153014 2.52499e+08 64711.4 -153014 -1.64274e+07
-64698.1 153014 2.52468e+08 64698.1 -153014 -1.64234e+07
-64684.8 153014 2.52437e+08 64684.8 -153014 -1.64194e+07
-64671.4 153014 2.52406e+08 64671.4 -153014 -1.64154e+07
-64658.1 153014 2.52376e+08 64658.1 -153014 -1.64114e+07
-64644.8 153014 2.52345e+08 64644.8 -153014 -1.64074e+07
-64631.5 153014 2.52314e+08 64631.5 -153014 -1.64034e+07
-64618.2 153014 2.52283e+08 64618.2 -153014 -1.63994e+07
-64604.8 153014 2.52253e+08 64604.8 -153014 -1.63954e+07
-64591.5 153014 2.52222e+08 64591.5 -153014 -1.63914e+07
-64578.2 153014 2.52191e+08 64578.2 -153014 -1.63874e+07
-64564.9 153014 2.52161e+08 64564.9 -153014 -1.63834e+07
-64551.5 153014 2.5213e+08 64551.5 -153014 -1.63794e+07
-64538.2 153014 2.52099e+08 64538.2 -153014 -1.63754e+07
-64524.9 153014 2.52068e+08 64524.9 -153014 -1.63714e+07
-64511.6 153014 2.52038e+08 64511.6 -153014 -1.63674e+07
-64498.3 153014 2.52007e+08 64498.3 -153014 -1.63634e+07
-64484.9 153014 2.51976e+08 64484.9 -153014 -1.63595e+07
-64471.6 153014 2.51946e+08 64471.6 -153014 -1.63555e+07
-64458.3 153014 2.51915e+08 64458.3 -153014 -1.63515e+07
-64445 153014 2.51884e+08 64445 -153014 -1.63475e+07
-64431.7 153014 2.51853e+08 64431.7 -153014 -1.63435e+07
-64418.3 153014 2.51823e+08 64418.3 -153014 -1.63395e+07
-64405 153014 2.51792e+08 64405 -153014 -1.63355e+07
-64391.7 153014 2.51761e+08 64391.7 -153014 -1.63315e+07
-64378.4 153014 2.51731e+08 64378.4 -153014 -1.63275e+07
-64365.1 153014 2.517e+08 64365.1 -153014 -1.63235e+07
-64351.7 153014 2.51669e+08 64351.7 -153014 -1.63195e+07
-64338.4 153014 2.51638e+08 64338.4 -153014 -1.63155e+07
-64325.1 153014 2.51608e+08 64325.1 -153014 -1.63115e+07
-64311.8 153014 2.51577e+08 64311.8 -153014 -1.63075e+07
-64298.5 153014 2.51546e+08 64298.5 -153014 -1.63035e+07
-64285.1 153014 2.51516e+08 64285.1 -153014 -1.62995e+07
-64271.8 153014 2.51485e+08 64271.8 -153014 -1.62955e+07
-64258.5 153014 2.51454e+08 64258.5 -153014 -1.62915e+07
-64245.2 153014 2.51423e+08 64245.2 -153014 -1.62875e+07
-64231.9 153014 2.51393e+08 64231.9 -153014 -1.62836e+07
-64218.5 153014 2.51362e+08 64218.5 -153014 -1.62796e+07
-64205.2 153014 2.51331e+08 64205.2 -153014 -1.62756e+07
-64191.9 153014 2.51301e+08 64191.9 -153014 -1.62716e+07
-64178.6 153014 2.5127e+08 64178.6 -153014 -1.62676e+07
-64165.3 153014 2.51239e+08 64165.3 -153014 -1.62636e+07
-64151.9 153014 2.51209e+08 64151.9 -153014 -1.62596e+07
-64138.6 153014 2.51178e+08 64138.6 -153014 -1.62556e+07
-64125.3 153014 2.51147e+08 64125.3 -153014 -1.62516e+07
-64112 153014 2.51116e+08 64112 -153014 -1.62476e+07
-64098.7 153014 2.51086e+08 64098.7 -153014 -1.62437e+07
-64085.3 153014 2.51055e+08 64085.3 -153014 -1.62397e+07
-64072 153014 2.51024e+08 64072 -153014 -1.62357e+07
-64058.7 153014 2.50994e+08 64058.7 -153014 -1.62317e+07
-64045.4 153014 2.50963e+08 64045.4 -153014 -1.62277e+07
-64032.1 153014 2.50932e+08 64032.1 -153014 -1.62237e+07
-64018.7 153014 2.50902e+08 64018.7 -153014 -1.62197e+07
-64005.4 153014 2.50871e+08 64005.4 -153014 -1.62157e+07
-63992.1 153014 2.5084e+08 63992.1 -153014 -1.62117e+07
-63978.8 153014 2.50809e+08 63978.8 -153014 -1.62078e+07
-63965.5 153014 2.50779e+08 63965.5 -153014 -1.62038e+07
-63952.1 153014 2.50748e+08 63952.1 -153014 -1.61998e+07
-63938.8 153014 2.50717e+08 63938.8 -153014 -1.61958e+07
-63925.5 153014 2.50687e+08 63925.5 -153014 -1.61918e+07
-63912.2 153014 2.50656e+08 63912.2 -153014 -1.61878e+07
-63898.9 153014 2.50625e+08 63898.9 -153014 -1.61838e+07
-63885.6 153014 2.50594e+08 63885.6 -153014 -1.61799e+07
-63872.2 153014 2.50564e+08 63872.2 -153014 -1.61759e+07
-63858.9 153014 2.50533e+08 63858.9 -153014 -1.61719e+07
-63845.6 153014 2.50502e+08 63845.6 -153014 -1.61679e+07
-63832.3 153014 2.50472e+08 63832.3 -153014 -1.61639e+07
-63819 153014 2.50441e+08 63819 -153014 -1.61599e+07
-63805.6 153014 2.5041e+08 63805.6 -153014 -1.6156e+07
-63792.3 153014 2.5038e+08 63792.3 -153014 -1.6152e+07
-63779 153014 2.50349e+08 63779 -153014 -1.6148e+07
-63765.7 153014 2.50318e+08 63765.7 -153014 -1.6144e+07
-63752.4 153014 2.50288e+08 63752.4 -153014 -1.614e+07
-63739 153014 2.50257e+08 63739 -153014 -1.61361e+07
-63725.7 153014 2.50226e+08 63725.7 -153014 -1.61321e+07
-63712.4 153014 2.50195e+08 63712.4 -153014 -1.61281e+07
-63699.1 153014 2.50165e+08 63699.1 -153014 -1.61241e+07
-63685.8 153014 2.50134e+08 63685.8 -153014 -1.61201e+07
-63672.5 153014 2.50103e+08 63672.5 -153014 -1.61161e+07
-63659.1 153014 2.50073e+08 63659.1 -153014 -1.61122e+07
-63645.8 153014 2.50042e+08 63645.8 -153014 -1.61082e+07
-63632.5 153014 2.50011e+08 63632.5 -153014 -1.61042e+07
-63619.2 153014 2.49981e+08 63619.2 -153014 -1.61002e+07
-63605.9 153014 2.4995e+08 63605.9 -153014 -1.60962e+07
-63592.5 153014 2.49919e+08 63592.5 -153014 -1.60923e+07
-63579.2 153014 2.49889e+08 63579.2 -153014 -1.60883e+07
-63565.9 153014 2.49858e+08 63565.9 -153014 -1.60843e+07
-63552.6 153014 2.49827e+08 63552.6 -153014 -1.60803e+07
-63539.3 153014 2.49796e+08 63539.3 -153014 -1.60763e+07
-63525.9 153014 2.49766e+08 63525.9 -153014 -1.60724e+07
-63512.6 153014 2.49735e+08 63512.6 -153014 -1.60684e+07
-63499.3 153014 2.49704e+08 63499.3 -153014 -1.60644e+07
-63486 153014 2.49674e+08 63486 -153014 -1.60604e+07
-63472.7 153014 2.49643e+08 63472.7 -153014 -1.60565e+07
-63459.4 153014 2.49612e+08 63459.4 -153014 -1.60525e+07
-63446 153014 2.49582e+08 63446 -153014 -1.60485e+07
-63432.7 153014 2.49551e+08 63432.7 -153014 -1.60445e+07
-63419.4 153014 2.4952e+08 63419.4 -153014 -1.60406e+07
-63406.1 153014 2.4949e+08 63406.1 -153014 -1.60366e+07
-63392.8 153014 2.49459e+08 63392.8 -153014 -1.60326e+07
-63379.4 153014 2.49428e+08 63379.4 -153014 -1.60286e+07
-63366.1 153014 2.49398e+08 63366.1 -153014 -1.60247e+07
-63352.8 153014 2.49367e+08 63352.8 -153014 -1.60207e+07
-63339.5 153014 2.49336e+08 63339.5 -153014 -1.60167e+07
-63326.2 153014 2.49305e+08 63326.2 -153014 -1.60127e+07
-63312.9 153014 2.49275e+08 63312.9 -153014 -1.60088e+07
-63299.5 153014 2.49244e+08 63299.5 -153014 -1.60048e+07
-63286.2 153014 2.49213e+08 63286.2 -153014 -1.60008e+07
-63272.9 153014 2.49183e+08 63272.9 -153014 -1.59968e+07
-63259.6 153014 2.49152e+08 63259.6 -153014 -1.59929e+07
-63246.3 153014 2.49121e+08 63246.3 -153014 -1.59889e+07
-63232.9 153014 2.49091e+08 63232.9 -153014 -1.59849e+07
-63219.6 153014 2.4906e+08 63219.6 -153014 -1.59809e+07
-63206.3 153014 2.49029e+08 63206.3 -153014 -1.5977e+07
-63193 153014 2.48999e+08 63193 -153014 -1.5973e+07
-63179.7 153014 2.48968e+08 63179.7 -153014 -1.5969e+07
-63166.4 153014 2.48937e+08 63166.4 -153014 -1.59651e+07
-63153 153014 2.48907e+08 63153 -153014 -1.59611e+07
-63139.7 153014 2.48876e+08 63139.7 -153014 -1.59571e+07
-63126.4 153014 2.48845e+08 63126.4 -153014 -1.59531e+07
-63113.1 153014 2.48815e+08 63113.1 -153014 -1.59492e+07
-63099.8 153014 2.48784e+08 63099.8 -153014 -1.59452e+07
-63086.5 153014 2.48753e+08 63086.5 -153014 -1.59412e+07
-63073.1 153014 2.48723e+08 63073.1 -153014 -1.59373e+07
-63059.8 153014 2.48692e+08 63059.8 -153014 -1.59333e+07
-63046.5 153014 2.48661e+08 63046.5 -153014 -1.59293e+07
-63033.2 153014 2.4863e+08 63033.2 -153014 -1.59254e+07
-63019.9 153014 2.486e+08 63019.9 -153014 -1.59214e+07
-63006.5 153014 2.48569e+08 63006.5 -153014 -1.59174e+07
-62993.2 153014 2.48538e+08 62993.2 -153014 -1.59135e+07
-62979.9 153014 2.48508e+08 62979.9 -153014 -1.59095e+07
-62966.6 153014 2.48477e+08 62966.6 -153014 -1.59055e+07
-62953.3 153014 2.48446e+08 62953.3 -153014 -1.59016e+07
-62940 153014 2.48416e+08 62940 -153014 -1.58976e+07
-62926.6 153014 2.48385e+08 62926.6 -153014 -1.58936e+07
-62913.3 153014 2.48354e+08 62913.3 -153014 -1.58896e+07
-62900 153014 2.48324e+08 62900 -153014 -1.58857e+07
-62886.7 153014 2.48293e+08 62886.7 -153014 -1.58817e+07
-62873.4 153014 2.48262e+08 62873.4 -153014 -1.58778e+07
-62860.1 153014 2.48232e+08 62860.1 -153014 -1.58738e+07
-62846.7 153014 2.48201e+08 62846.7 -153014 -1.58698e+07
-62833.4 153014 2.4817e+08 62833.4 -153014 -1.58659e+07
-62820.1 153014 2.4814e+08 62820.1 -153014 -1.58619e+07
-62806.8 153014 2.48109e+08 62806.8 -153014 -1.58579e+07
-62793.5 153014 2.48078e+08 62793.5 -153014 -1.5854e+07
-62780.2 153014 2.48048e+08 62780.2 -153014 -1.585e+07
-62766.8 153014 2.48017e+08 62766.8 -153014 -1.58461e+07
-62753.5 153014 2.47986e+08 62753.5 -153014 -1.58421e+07
-62740.2 153014 2.47956e+08 62740.2 -153014 -1.58381e+07
-62726.9 153014 2.47925e+08 62726.9 -153014 -1.58342e+07
-62713.6 153014 2.47894e+08 62713.6 -153014 -1.58302e+07
-62700.3 153014 2.47864e+08 62700.3 -153014 -1.58262e+07
-62686.9 153014 2.47833e+08 62686.9 -153014 -1.58223e+07
-62673.6 153014 2.47802e+08 62673.6 -153014 -1.58183e+07
-62660.3 153014 2.47772e+08 62660.3 -153014 -1.58143e+07
-62647 153014 2.47741e+08 62647 -153014 -1.58104e+07
-62633.7 153014 2.4771e+08 62633.7 -153014 -1.58064e+07
-62620.4 153014 2.4768e+08 62620.4 -153014 -1.58025e+07
-62607 153014 2.47649e+08 62607 -153014 -1.57985e+07
-62593.7 153014 2.47618e+08 62593.7 -153014 -1.57946e+07
-62580.4 153014 2.47588e+08 62580.4 -153014 -1.57906e+07
-62567.1 153014 2.47557e+08 62567.1 -153014 -1.57867e+07
-62553.8 153014 2.47526e+08 62553.8 -153014 -1.57827e+07
-62540.5 153014 2.47496e+08 62540.5 -153014 -1.57787e+07
-62527.1 153014 2.47465e+08 62527.1 -153014 -1.57748e+07
-62513.8 153014 2.47434e+08 62513.8 -153014 -1.57708e+07
-62500.5 153014 2.47404e+08 62500.5 -153014 -1.57669e+07
-62487.2 153014 2.47373e+08 62487.2 -153014 -1.57629e+07
-62473.9 153014 2.47342e+08 62473.9 -153014 -1.57589e+07
-62460.6 153014 2.47312e+08 62460.6 -153014 -1.5755e+07
-62447.2 153014 2.47281e+08 62447.2 -153014 -1.5751e+07
-62433.9 153014 2.4725e+08 62433.9 -153014 -1.57471e+07
-62420.6 153014 2.4722e+08 62420.6 -153014 -1.57431e+07
-62407.3 153014 2.47189e+08 62407.3 -153014 -1.57391e+07
-62394 153014 2.47158e+08 62394 -153014 -1.57352e+07
-62380.7 153014 2.47128e+08 62380.7 -153014 -1.57312e+07
-62367.3 153014 2.47097e+08 62367.3 -153014 -1.57273e+07
-62354 153014 2.47066e+08 62354 -153014 -1.57233e+07
-62340.7 153014 2.47036e+08 62340.7 -153014 -1.57194e+07
-62327.4 153014 2.47005e+08 62327.4 -153014 -1.57154e+07
-62314.1 153014 2.46974e+08 62314.1 -153014 -1.57115e+07
-62300.8 153014 2.46944e+08 62300.8 -153014 -1.57075e+07
-62287.5 153014 2.46913e+08 62287.5 -153014 -1.57036e+07
-62274.1 153014 2.46883e+08 62274.1 -153014 -1.56996e+07
-62260.8 153014 2.46852e+08 62260.8 -153014 -1.56957e+07
-62247.5 153014 2.46821e+08 62247.5 -153014 -1.56917e+07
-62234.2 153014 2.46791e+08 62234.2 -153014 -1.56877e+07
-62220.9 153014 2.4676e+08 62220.9 -153014 -1.56838e+07
-62207.6 153014 2.46729e+08 62207.6 -153014 -1.56799e+07
-62194.2 153014 2.46699e+08 62194.2 -153014 -1.56759e+07
-62180.9 153014 2.46668e+08 62180.9 -153014 -1.56719e+07
-62167.6 153014 2.46637e+08 62167.6 -153014 -1.5668e+07
-62154.3 153014 2.46607e+08 62154.3 -153014 -1.5664e+07
-62141 153014 2.46576e+08 62141 -153014 -1.56601e+07
-62127.7 153014 2.46545e+08 62127.7 -153014 -1.56561e+07
-62114.3 153014 2.46515e+08 62114.3 -153014 -1.56522e+07
-62101 153014 2.46484e+08 62101 -153014 -1.56482e+07
-62087.7 153014 2.46453e+08 62087.7 -153014 -1.56443e+07
-62074.4 153014 2.46423e+08 62074.4 -153014 -1.56403e+07
-62061.1 153014 2.46392e+08 62061.1 -153014 -1.56364e+07
-62047.8 153014 2.46361e+08 62047.8 -153014 -1.56324e+07
-62034.5 153014 2.46331e+08 62034.5 -153014 -1.56285e+07
-62021.1 153014 2.463e+08 62021.1 -153014 -1.56245e+07
-62007.8 153014 2.46269e+08 62007.8 -153014 -1.56206e+07
-61994.5 153014 2.46239e+08 61994.5 -153014 -1.56166e+07
-61981.2 153014 2.46208e+08 61981.2 -153014 -1.56127e+07
-61967.9 153014 2.46178e+08 61967.9 -153014 -1.56088e+07
-61954.6 153014 2.46147e+08 61954.6 -153014 -1.56048e+07
-61941.2 153014 2.46116e+08 61941.2 -153014 -1.56009e+07
-61927.9 153014 2.46086e+08 61927.9 -153014 -1.55969e+07
-61914.6 153014 2.46055e+08 61914.6 -153014 -1.5593e+07
-61901.3 153014 2.46024e+08 61901.3 -153014 -1.5589e+07
-61888 153014 2.45994e+08 61888 -153014 -1.55851e+07
-61874.7 153014 2.45963e+08 61874.7 -153014 -1.55811e+07
-61861.4 153014 2.45932e+08 61861.4 -153014 -1.55772e+07
-61848 153014 2.45902e+08 61848 -153014 -1.55732e+07
-61834.7 153014 2.45871e+08 61834.7 -153014 -1.55693e+07
-61821.4 153014 2.4584e+08 61821.4 -153014 -1.55654e+07
-61808.1 153014 2.4581e+08 61808.1 -153014 -1.55614e+07
-61794.8 153014 2.45779e+08 61794.8 -153014 -1.55575e+07
-61781.5 153014 2.45748e+08 61781.5 -153014 -1.55535e+07
-61768.2 153014 2.45718e+08 61768.2 -153014 -1.55496e+07
-61754.8 153014 2.45687e+08 61754.8 -153014 -1.55456e+07
-61741.5 153014 2.45657e+08 61741.5 -153014 -1.55417e+07
-61728.2 153014 2.45626e+08 61728.2 -153014 -1.55378e+07
-61714.9 153014 2.45595e+08 61714.9 -153014 -1.55338e+07
-61701.6 153014 2.45565e+08 61701.6 -153014 -1.55299e+07
-61688.3 153014 2.45534e+08 61688.3 -153014 -1.55259e+07
-61675 153014 2.45503e+08 61675 -153014 -1.5522e+07
-61661.6 153014 2.45473e+08 61661.6 -153014 -1.5518e+07
-61648.3 153014 2.45442e+08 61648.3 -153014 -1.55141e+07
-61635 153014 2.45411e+08 61635 -153014 -1.55102e+07
-61621.7 153014 2.45381e+08 61621.7 -153014 -1.55062e+07
-61608.4 153014 2.4535e+08 61608.4 -153014 -1.55023e+07
-61595.1 153014 2.4532e+08 61595.1 -153014 -1.54983e+07
-61581.7 153014 2.45289e+08 61581.7 -153014 -1.54944e+07
-61568.4 153014 2.45258e+08 61568.4 -153014 -1.54905e+07
-61555.1 153014 2.45228e+08 61555.1 -153014 -1.54865e+07
-61541.8 153014 2.45197e+08 61541.8 -153014 -1.54826e+07
-61528.5 153014 2.45166e+08 61528.5 -153014 -1.54786e+07
-61515.2 153014 2.45136e+08 61515.2 -153014 -1.54747e+07
-61501.9 153014 2.45105e+08 61501.9 -153014 -1.54708e+07
-61488.5 153014 2.45074e+08 61488.5 -153014 -1.54668e+07
-61475.2 153014 2.45044e+08 61475.2 -153014 -1.54629e+07
-61461.9 153014 2.45013e+08 61461.9 -153014 -1.5459e+07
-61448.6 153014 2.44982e+08 61448.6 -153014 -1.5455e+07
-61435.3 153014 2.44952e+08 61435.3 -153014 -1.54511e+07
-61422 153014 2.44921e+08 61422 -153014 -1.54471e+07
-61408.7 153014 2.44891e+08 61408.7 -153014 -1.54432e+07
-61395.4 153014 2.4486e+08 61395.4 -153014 -1.54393e+07
-61382 153014 2.44829e+08 61382 -153014 -1.54353e+07
-61368.7 153014 2.44799e+08 61368.7 -153014 -1.54314e+07
-61355.4 153014 2.44768e+08 61355.4 -153014 -1.54275e+07
-61342.1 153014 2.44737e+08 61342.1 -153014 -1.54235e+07
-61328.8 153014 2.44707e+08 61328.8 -153014 -1.54196e+07
-61315.5 153014 2.44676e+08 61315.5 -153014 -1.54157e+07
-61302.2 153014 2.44646e+08 61302.2 -153014 -1.54117e+07
-61288.8 153014 2.44615e+08 61288.8 -153014 -1.54078e+07
-61275.5 153014 2.44584e+08 61275.5 -153014 -1.54039e+07
-61262.2 153014 2.44554e+08 61262.2 -153014 -1.53999e+07
-61248.9 153014 2.44523e+08 61248.9 -153014 -1.5396e+07
-61235.6 153014 2.44492e+08 61235.6 -153014 -1.53921e+07
-61222.3 153014 2.44462e+08 61222.3 -153014 -1.53881e+07
-61209 153014 2.44431e+08 61209 -153014 -1.53842e+07
-61195.6 153014 2.444e+08 61195.6 -153014 -1.53803e+07
-61182.3 153014 2.4437e+08 61182.3 -153014 -1.53763e+07
-61169 153014 2.44339e+08 61169 -153014 -1.53724e+07
-61155.7 153014 2.44309e+08 61155.7 -153014 -1.53685e+07
-61142.4 153014 2.44278e+08 61142.4 -153014 -1.53645e+07
-61129.1 153014 2.44247e+08 61129.1 -153014 -1.53606e+07
-61115.8 153014 2.44217e+08 61115.8 -153014 -1.53567e+07
-61102.4 153014 2.44186e+08 61102.4 -153014 -1.53527e+07
-61089.1 153014 2.44155e+08 61089.1 -153014 -1.53488e+07
-61075.8 153014 2.44125e+08 61075.8 -153014 -1.53449e+07
-61062.5 153014 2.44094e+08 61062.5 -153014 -1.5341e+07
-61049.2 153014 2.44064e+08 61049.2 -153014 -1.5337e+07
-61035.9 153014 2.44033e+08 61035.9 -153014 -1.53331e+07
-61022.6 153014 2.44002e+08 61022.6 -153014 -1.53292e+07
-61009.3 153014 2.43972e+08 61009.3 -153014 -1.53252e+07
-60995.9 153014 2.43941e+08 60995.9 -153014 -1.53213e+07
-60982.6 153014 2.4391e+08 60982.6 -153014 -1.53174e+07
-60969.3 153014 2.4388e+08 60969.3 -153014 -1.53134e+07
-60956 153014 2.43849e+08 60956 -153014 -1.53095e+07
-60942.7 153014 2.43819e+08 60942.7 -153014 -1.53056e+07
-60929.4 153014 2.43788e+08 60929.4 -153014 -1.53017e+07
-60916.1 153014 2.43757e+08 60916.1 -153014 -1.52978e+07
-60902.7 153014 2.43727e+08 60902.7 -153014 -1.52938e+07
-60889.4 153014 2.43696e+08 60889.4 -153014 -1.52899e+07
-60876.1 153014 2.43666e+08 60876.1 -153014 -1.5286e+07
-60862.8 153014 2.43635e+08 60862.8 -153014 -1.5282e+07
-60849.5 153014 2.43604e+08 60849.5 -153014 -1.52781e+07
-60836.2 153014 2.43574e+08 60836.2 -153014 -1.52742e+07
-60822.9 153014 2.43543e+08 60822.9 -153014 -1.52703e+07
-60809.6 153014 2.43512e+08 60809.6 -153014 -1.52663e+07
-60796.2 153014 2.43482e+08 60796.2 -153014 -1.52624e+07
-60782.9 153014 2.43451e+08 60782.9 -153014 -1.52585e+07
-60769.6 153014 2.43421e+08 60769.6 -153014 -1.52546e+07
-60756.3 153014 2.4339e+08 60756.3 -153014 -1.52506e+07
-60743 153014 2.43359e+08 60743 -153014 -1.52467e+07
-60729.7 153014 2.43329e+08 60729.7 -153014 -1.52428e+07
-60716.4 153014 2.43298e+08 60716.4 -153014 -1.52389e+07
-60703.1 153014 2.43268e+08 60703.1 -153014 -1.5235e+07
-60689.8 153014 2.43237e+08 60689.8 -153014 -1.5231e+07
-60669.2 153014 2.43181e+08 60669.2 -153014 -1.52253e+07
-60629.9 153014 2.4306e+08 60629.9 -153014 -1.5215e+07
-60590.6 153014 2.42939e+08 60590.6 -153014 -1.52046e+07
-60551.3 153014 2.42818e+08 60551.3 -153014 -1.51942e+07
-60512 153014 2.42697e+08 60512 -153014 -1.51839e+07
-60472.7 153014 2.42576e+08 60472.7 -153014 -1.51735e+07
-60433.4 153014 2.42455e+08 60433.4 -153014 -1.51632e+07
-60394.1 153014 2.42334e+08 60394.1 -153014 -1.51528e+07
-60354.8 153014 2.42213e+08 60354.8 -153014 -1.51425e+07
-60315.5 153014 2.42091e+08 60315.5 -153014 -1.51321e+07
-60276.2 153014 2.4197e+08 60276.2 -153014 -1.51218e+07
-60236.9 153014 2.41849e+08 60236.9 -153014 -1.51114e+07
-60197.5 153014 2.41728e+08 60197.5 -153014 -1.5101e+07
-60158.2 153014 2.41607e+08 60158.2 -153014 -1.50907e+07
-60118.9 153014 2.41486e+08 60118.9 -153014 -1.50804e+07
-60079.6 153014 2.41365e+08 60079.6 -153014 -1.507e+07
-60040.3 153014 2.41244e+08 60040.3 -153014 -1.50596e+07
-60001 153014 2.41123e+08 60001 -153014 -1.50493e+07
-59961.7 153014 2.41002e+08 59961.7 -153014 -1.5039e+07
-59922.4 153014 2.40881e+08 59922.4 -153014 -1.50286e+07
-59883.1 153014 2.4076e+08 59883.1 -153014 -1.50183e+07
-59843.8 153014 2.40639e+08 59843.8 -153014 -1.50079e+07
-59804.5 153014 2.40518e+08 59804.5 -153014 -1.49976e+07
-59765.2 153014 2.40397e+08 59765.2 -153014 -1.49872e+07
-59725.9 153014 2.40275e+08 59725.9 -153014 -1.49769e+07
-59686.6 153014 2.40154e+08 59686.6 -153014 -1.49665e+07
-59647.2 153014 2.40033e+08 59647.2 -153014 -1.49562e+07
-59607.9 153014 2.39912e+08 59607.9 -153014 -1.49459e+07
-59568.6 153014 2.39791e+08 59568.6 -153014 -1.49355e+07
-59529.3 153014 2.3967e+08 59529.3 -153014 -1.49252e+07
-59490 153014 2.39549e+08 59490 -153014 -1.49148e+07
-59450.7 153014 2.39428e+08 59450.7 -153014 -1.49045e+07
-59411.4 153014 2.39307e+08 59411.4 -153014 -1.48941e+07
-59372.1 153014 2.39186e+08 59372.1 -153014 -1.48838e+07
-59332.8 153014 2.39065e+08 59332.8 -153014 -1.48735e+07
-59293.5 153014 2.38944e+08 59293.5 -153014 -1.48631e+07
-59254.2 153014 2.38823e+08 59254.2 -153014 -1.48528e+07
-59214.9 153014 2.38702e+08 59214.9 -153014 -1.48425e+07
-59175.6 153014 2.38581e+08 59175.6 -153014 -1.48321e+07
-59136.3 153014 2.3846e+08 59136.3 -153014 -1.48218e+07
-59096.9 153014 2.38338e+08 59096.9 -153014 -1.48115e+07
-59057.6 153014 2.38217e+08 59057.6 -153014 -1.48011e+07
-59018.3 153014 2.38096e+08 59018.3 -153014 -1.47908e+07
-58979 153014 2.37975e+08 58979 -153014 -1.47804e+07
-58939.7 153014 2.37854e+08 58939.7 -153014 -1.47701e+07
-58900.4 153014 2.37733e+08 58900.4 -153014 -1.47598e+07
-58861.1 153014 2.37612e+08 58861.1 -153014 -1.47495e+07
-58821.8 153014 2.37491e+08 58821.8 -153014 -1.47391e+07
-58782.5 153014 2.3737e+08 58782.5 -153014 -1.47288e+07
-58743.2 153014 2.37249e+08 58743.2 -153014 -1.47185e+07
-58703.9 153014 2.37128e+08 58703.9 -153014 -1.47082e+07
-58664.6 153014 2.37007e+08 58664.6 -153014 -1.46978e+07
-58625.2 153014 2.36886e+08 58625.2 -153014 -1.46875e+07
-58585.9 153014 2.36765e+08 58585.9 -153014 -1.46772e+07
-58546.6 153014 2.36644e+08 58546.6 -153014 -1.46668e+07
-58507.3 153014 2.36523e+08 58507.3 -153014 -1.46565e+07
-58468 153014 2.36402e+08 58468 -153014 -1.46462e+07
-58428.7 153014 2.36281e+08 58428.7 -153014 -1.46359e+07
-58389.4 153014 2.3616e+08 58389.4 -153014 -1.46255e+07
-58350.1 153014 2.36038e+08 58350.1 -153014 -1.46152e+07
-58310.8 153014 2.35917e+08 58310.8 -153014 -1.46049e+07
-58271.5 153014 2.35796e+08 58271.5 -153014 -1.45946e+07
-58232.2 153014 2.35675e+08 58232.2 -153014 -1.45843e+07
-58192.9 153014 2.35554e+08 58192.9 -153014 -1.45739e+07
-58134.8 153014 2.35368e+08 58134.8 -153014 -1.4559e+07
-58074.7 153014 2.35175e+08 58074.7 -153014 -1.45435e+07
-58014.6 153014 2.34982e+08 58014.6 -153014 -1.4528e+07
-57954.4 153014 2.34789e+08 57954.4 -153014 -1.45125e+07
-57894.3 153014 2.34596e+08 57894.3 -153014 -1.44971e+07
-57834.2 153014 2.34402e+08 57834.2 -153014 -1.44816e+07
-57774 153014 2.34209e+08 57774 -153014 -1.44661e+07
-57713.9 153014 2.34016e+08 57713.9 -153014 -1.44507e+07
-57653.8 153014 2.33823e+08 57653.8 -153014 -1.44352e+07
-57593.7 153014 2.3363e+08 57593.7 -153014 -1.44197e+07
-57533.5 153014 2.33436e+08 57533.5 -153014 -1.44042e+07
-57473.4 153014 2.33243e+08 57473.4 -153014 -1.43888e+07
-57413.3 153014 2.3305e+08 57413.3 -153014 -1.43733e+07
-57353.1 153014 2.32857e+08 57353.1 -153014 -1.43578e+07
-57293 153014 2.32664e+08 57293 -153014 -1.43424e+07
-57232.9 153014 2.3247e+08 57232.9 -153014 -1.43269e+07
-57172.7 153014 2.32277e+08 57172.7 -153014 -1.43114e+07
-57112.6 153014 2.32084e+08 57112.6 -153014 -1.4296e+07
-57052.5 153014 2.31891e+08 57052.5 -153014 -1.42805e+07
-56992.4 153014 2.31698e+08 56992.4 -153014 -1.4265e+07
-56932.2 153014 2.31504e+08 56932.2 -153014 -1.42496e+07
-56872.1 153014 2.31311e+08 56872.1 -153014 -1.42341e+07
-56812 153014 2.31118e+08 56812 -153014 -1.42187e+07
-56751.8 153014 2.30925e+08 56751.8 -153014 -1.42032e+07
-56691.7 153014 2.30732e+08 56691.7 -153014 -1.41877e+07
-56631.6 153014 2.30538e+08 56631.6 -153014 -1.41723e+07
-56571.5 153014 2.30345e+08 56571.5 -153014 -1.41568e+07
-56511.3 153014 2.30152e+08 56511.3 -153014 -1.41414e+07
-56451.2 153014 2.29959e+08 56451.2 -153014 -1.41259e+07
-56391.1 153014 2.29766e+08 56391.1 -153014 -1.41105e+07
-56330.9 153014 2.29573e+08 56330.9 -153014 -1.4095e+07
-56270.8 153014 2.29379e+08 56270.8 -153014 -1.40796e+07
-56210.7 153014 2.29186e+08 56210.7 -153014 -1.40641e+07
-56150.6 153014 2.28993e+08 56150.6 -153014 -1.40487e+07
-56090.4 153014 2.288e+08 56090.4 -153014 -1.40332e+07
-56030.3 153014 2.28607e+08 56030.3 -153014 -1.40178e+07
-55970.2 153014 2.28414e+08 55970.2 -153014 -1.40023e+07
-55910 153014 2.2822e+08 55910 -153014 -1.39869e+07
-55849.9 153014 2.28027e+08 55849.9 -153014 -1.39714e+07
-55789.8 153014 2.27834e+08 55789.8 -153014 -1.3956e+07
-55729.7 153014 2.27641e+08 55729.7 -153014 -1.39406e+07
-55669.5 153014 2.27448e+08 55669.5 -153014 -1.39251e+07
-55609.4 153014 2.27255e+08 55609.4 -153014 -1.39097e+07
-55549.3 153014 2.27061e+08 55549.3 -153014 -1.38942e+07
-55489.2 153014 2.26868e+08 55489.2 -153014 -1.38788e+07
-55429 153014 2.26675e+08 55429 -153014 -1.38633e+07
-55368.9 153014 2.26482e+08 55368.9 -153014 -1.38479e+07
-55308.8 153014 2.26289e+08 55308.8 -153014 -1.38324e+07
-55248.6 153014 2.26096e+08 55248.6 -153014 -1.3817e+07
-55188.5 153014 2.25902e+08 55188.5 -153014 -1.38016e+07
-55128.4 153014 2.25709e+08 55128.4 -153014 -1.37862e+07
-55068.3 153014 2.25516e+08 55068.3 -153014 -1.37707e+07
-55008.1 153014 2.25323e+08 55008.1 -153014 -1.37553e+07
-54948 153014 2.2513e+08 54948 -153014 -1.37399e+07
-54887.9 153014 2.24937e+08 54887.9 -153014 -1.37244e+07
-54827.8 153014 2.24744e+08 54827.8 -153014 -1.3709e+07
-54767.6 153014 2.2455e+08 54767.6 -153014 -1.36936e+07
-54707.5 153014 2.24357e+08 54707.5 -153014 -1.36781e+07
-54647.4 153014 2.24164e+08 54647.4 -153014 -1.36627e+07
-54587.2 153014 2.23971e+08 54587.2 -153014 -1.36473e+07
-54527.1 153014 2.23778e+08 54527.1 -153014 -1.36319e+07
-54467 153014 2.23585e+08 54467 -153014 -1.36164e+07
-54406.9 153014 2.23392e+08 54406.9 -153014 -1.3601e+07
-54346.7 153014 2.23198e+08 54346.7 -153014 -1.35856e+07
-54286.6 153014 2.23005e+08 54286.6 -153014 -1.35702e+07
-54226.5 153014 2.22812e+08 54226.5 -153014 -1.35547e+07
-54166.4 153014 2.22619e+08 54166.4 -153014 -1.35393e+07
-54106.2 153014 2.22426e+08 54106.2 -153014 -1.35239e+07
-54046.1 153014 2.22233e+08 54046.1 -153014 -1.35085e+07
-53986 153014 2.2204e+08 53986 -153014 -1.34931e+07
-53925.9 153014 2.21846e+08 53925.9 -153014 -1.34776e+07
-53865.7 153014 2.21653e+08 53865.7 -153014 -1.34622e+07
-53805.6 153014 2.2146e+08 53805.6 -153014 -1.34468e+07
-53745.5 153014 2.21267e+08 53745.5 -153014 -1.34314e+07
-53685.4 153014 2.21074e+08 53685.4 -153014 -1.3416e+07
-53625.2 153014 2.20881e+08 53625.2 -153014 -1.34006e+07
-53565.1 153014 2.20688e+08 53565.1 -153014 -1.33852e+07
-53505 153014 2.20495e+08 53505 -153014 -1.33698e+07
-53444.9 153014 2.20301e+08 53444.9 -153014 -1.33543e+07
-53384.7 153014 2.20108e+08 53384.7 -153014 -1.33389e+07
-53324.6 153014 2.19915e+08 53324.6 -153014 -1.33235e+07
-53264.5 153014 2.19722e+08 53264.5 -153014 -1.33081e+07
-53204.3 153014 2.19529e+08 53204.3 -153014 -1.32927e+07
-53144.2 153014 2.19336e+08 53144.2 -153014 -1.32773e+07
-53084.1 153014 2.19143e+08 53084.1 -153014 -1.32619e+07
-53024 153014 2.1895e+08 53024 -153014 -1.32465e+07
-52963.8 153014 2.18756e+08 52963.8 -153014 -1.32311e+07
-52903.7 153014 2.18563e+08 52903.7 -153014 -1.32157e+07
-52843.6 153014 2.1837e+08 52843.6 -153014 -1.32003e+07
-52783.5 153014 2.18177e+08 52783.5 -153014 -1.31849e+07
-52723.3 153014 2.17984e+08 52723.3 -153014 -1.31695e+07
-52663.2 153014 2.17791e+08 52663.2 -153014 -1.31541e+07
-52603.1 153014 2.17598e+08 52603.1 -153014 -1.31387e+07
-52543 153014 2.17405e+08 52543 -153014 -1.31233e+07
-52482.8 153014 2.17212e+08 52482.8 -153014 -1.31079e+07
-52422.7 153014 2.17018e+08 52422.7 -153014 -1.30925e+07
-52362.6 153014 2.16825e+08 52362.6 -153014 -1.30771e+07
-52302.5 153014 2.16632e+08 52302.5 -153014 -1.30617e+07
-52242.3 153014 2.16439e+08 52242.3 -153014 -1.30463e+07
-52182.2 153014 2.16246e+08 52182.2 -153014 -1.30309e+07
-52122.1 153014 2.16053e+08 52122.1 -153014 -1.30155e+07
-52062 153014 2.1586e+08 52062 -153014 -1.30001e+07
-52001.8 153014 2.15667e+08 52001.8 -153014 -1.29848e+07
-51941.7 153014 2.15474e+08 51941.7 -153014 -1.29694e+07
-51881.6 153014 2.1528e+08 51881.6 -153014 -1.2954e+07
-51821.5 153014 2.15087e+08 51821.5 -153014 -1.29386e+07
-51761.4 153014 2.14894e+08 51761.4 -153014 -1.29232e+07
-51701.2 153014 2.14701e+08 51701.2 -153014 -1.29078e+07
-51641.1 153014 2.14508e+08 51641.1 -153014 -1.28924e+07
-51581 153014 2.14315e+08 51581 -153014 -1.28771e+07
-51520.9 153014 2.14122e+08 51520.9 -153014 -1.28617e+07
-51460.7 153014 2.13929e+08 51460.7 -153014 -1.28463e+07
-51400.6 153014 2.13736e+08 51400.6 -153014 -1.28309e+07
-51340.5 153014 2.13543e+08 51340.5 -153014 -1.28155e+07
-51280.4 153014 2.1335e+08 51280.4 -153014 -1.28002e+07
-51220.2 153014 2.13157e+08 51220.2 -153014 -1.27848e+07
-51160.1 153014 2.12963e+08 51160.1 -153014 -1.27694e+07
-51100 153014 2.1277e+08 51100 -153014 -1.2754e+07
-51039.9 153014 2.12577e+08 51039.9 -153014 -1.27387e+07
-50979.7 153014 2.12384e+08 50979.7 -153014 -1.27233e+07
-50919.6 153014 2.12191e+08 50919.6 -153014 -1.27079e+07
-50859.5 153014 2.11998e+08 50859.5 -153014 -1.26925e+07
-50799.4 153014 2.11805e+08 50799.4 -153014 -1.26772e+07
-50739.2 153014 2.11612e+08 50739.2 -153014 -1.26618e+07
-50679.1 153014 2.11419e+08 50679.1 -153014 -1.26464e+07
-50619 153014 2.11226e+08 50619 -153014 -1.2631e+07
-50558.9 153014 2.11033e+08 50558.9 -153014 -1.26157e+07
-50498.8 153014 2.1084e+08 50498.8 -153014 -1.26003e+07
-50438.6 153014 2.10646e+08 50438.6 -153014 -1.25849e+07
-50378.5 153014 2.10453e+08 50378.5 -153014 -1.25696e+07
-50318.4 153014 2.1026e+08 50318.4 -153014 -1.25542e+07
-50258.3 153014 2.10067e+08 50258.3 -153014 -1.25389e+07
-50198.1 153014 2.09874e+08 50198.1 -153014 -1.25235e+07
-50138 153014 2.09681e+08 50138 -153014 -1.25081e+07
-50077.9 153014 2.09488e+08 50077.9 -153014 -1.24928e+07
-50017.8 153014 2.09295e+08 50017.8 -153014 -1.24774e+07
-49957.7 153014 2.09102e+08 49957.7 -153014 -1.24621e+07
-49897.5 153014 2.08909e+08 49897.5 -153014 -1.24467e+07
-49837.4 153014 2.08716e+08 49837.4 -153014 -1.24313e+07
-49777.3 153014 2.08523e+08 49777.3 -153014 -1.2416e+07
-49717.2 153014 2.0833e+08 49717.2 -153014 -1.24006e+07
-49657 153014 2.08137e+08 49657 -153014 -1.23853e+07
-49596.9 153014 2.07944e+08 49596.9 -153014 -1.23699e+07
-49536.8 153014 2.07751e+08 49536.8 -153014 -1.23546e+07
-49476.7 153014 2.07557e+08 49476.7 -153014 -1.23392e+07
-49416.5 153014 2.07364e+08 49416.5 -153014 -1.23239e+07
-49356.4 153014 2.07171e+08 49356.4 -153014 -1.23085e+07
-49296.3 153014 2.06978e+08 49296.3 -153014 -1.22932e+07
-49236.2 153014 2.06785e+08 49236.2 -153014 -1.22778e+07
-49176.1 153014 2.06592e+08 49176.1 -153014 -1.22625e+07
-49115.9 153014 2.06399e+08 49115.9 -153014 -1.22471e+07
-49055.8 153014 2.06206e+08 49055.8 -153014 -1.22318e+07
-48995.7 153014 2.06013e+08 48995.7 -153014 -1.22164e+07
-48935.6 153014 2.0582e+08 48935.6 -153014 -1.22011e+07
-48875.5 153014 2.05627e+08 48875.5 -153014 -1.21858e+07
-48815.3 153014 2.05434e+08 48815.3 -153014 -1.21704e+07
-48755.2 153014 2.05241e+08 48755.2 -153014 -1.21551e+07
-48695.1 153014 2.05048e+08 48695.1 -153014 -1.21397e+07
-48635 153014 2.04855e+08 48635 -153014 -1.21244e+07
-48574.8 153014 2.04662e+08 48574.8 -153014 -1.2109e+07
-48514.7 153014 2.04469e+08 48514.7 -153014 -1.20937e+07
-48454.6 153014 2.04276e+08 48454.6 -153014 -1.20784e+07
-48394.5 153014 2.04083e+08 48394.5 -153014 -1.2063e+07
-48334.4 153014 2.0389e+08 48334.4 -153014 -1.20477e+07
-48274.2 153014 2.03697e+08 48274.2 -153014 -1.20324e+07
-48214.1 153014 2.03504e+08 48214.1 -153014 -1.2017e+07
-48154 153014 2.03311e+08 48154 -153014 -1.20017e+07
-48093.9 153014 2.03118e+08 48093.9 -153014 -1.19864e+07
-48033.8 153014 2.02924e+08 48033.8 -153014 -1.1971e+07
-47973.6 153014 2.02731e+08 47973.6 -153014 -1.19557e+07
-47913.5 153014 2.02538e+08 47913.5 -153014 -1.19404e+07
-47853.4 153014 2.02345e+08 47853.4 -153014 -1.19251e+07
-47793.3 153014 2.02152e+08 47793.3 -153014 -1.19097e+07
-47733.2 153014 2.01959e+08 47733.2 -153014 -1.18944e+07
-47673 153014 2.01766e+08 47673 -153014 -1.18791e+07
-47612.9 153014 2.01573e+08 47612.9 -153014 -1.18637e+07
-47552.8 153014 2.0138e+08 47552.8 -153014 -1.18484e+07
-47492.7 153014 2.01187e+08 47492.7 -153014 -1.18331e+07
-47432.5 153014 2.00994e+08 47432.5 -153014 -1.18178e+07
-47372.4 153014 2.00801e+08 47372.4 -153014 -1.18024e+07
-47312.3 153014 2.00608e+08 47312.3 -153014 -1.17871e+07
-47252.2 153014 2.00415e+08 47252.2 -153014 -1.17718e+07
-47192.1 153014 2.00222e+08 47192.1 -153014 -1.17565e+07
-47131.9 153014 2.00029e+08 47131.9 -153014 -1.17412e+07
-47071.8 153014 1.99836e+08 47071.8 -153014 -1.17259e+07
-47011.7 153014 1.99643e+08 47011.7 -153014 -1.17105e+07
-46951.6 153014 1.9945e+08 46951.6 -153014 -1.16952e+07
-46891.5 153014 1.99257e+08 46891.5 -153014 -1.16799e+07
-46831.3 153014 1.99064e+08 46831.3 -153014 -1.16646e+07
-46771.2 153014 1.98871e+08 46771.2 -153014 -1.16493e+07
-46711.1 153014 1.98678e+08 46711.1 -153014 -1.1634e+07
-46651 153014 1.98485e+08 46651 -153014 -1.16187e+07
-46590.9 153014 1.98292e+08 46590.9 -153014 -1.16034e+07
-46530.7 153014 1.98099e+08 46530.7 -153014 -1.15881e+07
-46470.6 153014 1.97906e+08 46470.6 -153014 -1.15727e+07
-46410.5 153014 1.97713e+08 46410.5 -153014 -1.15574e+07
-46350.4 153014 1.9752e+08 46350.4 -153014 -1.15421e+07
-46290.3 153014 1.97327e+08 46290.3 -153014 -1.15268e+07
-46230.2 153014 1.97134e+08 46230.2 -153014 -1.15115e+07
-46170 153014 1.96941e+08 46170 -153014 -1.14962e+07
-46109.9 153014 1.96748e+08 46109.9 -153014 -1.14809e+07
-46049.8 153014 1.96555e+08 46049.8 -153014 -1.14656e+07
-45989.7 153014 1.96362e+08 45989.7 -153014 -1.14503e+07
-45929.6 153014 1.96169e+08 45929.6 -153014 -1.1435e+07
-45869.4 153014 1.95976e+08 45869.4 -153014 -1.14197e+07
-45809.3 153014 1.95783e+08 45809.3 -153014 -1.14044e+07
-45749.2 153014 1.9559e+08 45749.2 -153014 -1.13891e+07
-45689.1 153014 1.95397e+08 45689.1 -153014 -1.13738e+07
-45629 153014 1.95204e+08 45629 -153014 -1.13585e+07
-45568.8 153014 1.95011e+08 45568.8 -153014 -1.13432e+07
-45508.7 153014 1.94818e+08 45508.7 -153014 -1.13279e+07
-45448.6 153014 1.94625e+08 45448.6 -153014 -1.13126e+07
-45388.5 153014 1.94432e+08 45388.5 -153014 -1.12974e+07
-45328.4 153014 1.94239e+08 45328.4 -153014 -1.12821e+07
-45268.3 153014 1.94046e+08 45268.3 -153014 -1.12668e+07
-45208.1 153014 1.93853e+08 45208.1 -153014 -1.12515e+07
-45148 153014 1.9366e+08 45148 -153014 -1.12362e+07
-45087.9 153014 1.93467e+08 45087.9 -153014 -1.12209e+07
-45027.8 153014 1.93274e+08 45027.8 -153014 -1.12056e+07
-44967.7 153014 1.93081e+08 44967.7 -153014 -1.11903e+07
-44907.5 153014 1.92888e+08 44907.5 -153014 -1.11751e+07
-44847.4 153014 1.92695e+08 44847.4 -153014 -1.11598e+07
-44787.3 153014 1.92502e+08 44787.3 -153014 -1.11445e+07
-44727.2 153014 1.9231e+08 44727.2 -153014 -1.11292e+07
-44667.1 153014 1.92117e+08 44667.1 -153014 -1.11139e+07
-44607 153014 1.91924e+08 44607 -153014 -1.10986e+07
-44546.8 153014 1.91731e+08 44546.8 -153014 -1.10834e+07
-44486.7 153014 1.91538e+08 44486.7 -153014 -1.10681e+07
-44426.6 153014 1.91345e+08 44426.6 -153014 -1.10528e+07
-44366.5 153014 1.91152e+08 44366.5 -153014 -1.10375e+07
-44306.4 153014 1.90959e+08 44306.4 -153014 -1.10222e+07
-44246.2 153014 1.90766e+08 44246.2 -153014 -1.1007e+07
-44186.1 153014 1.90573e+08 44186.1 -153014 -1.09917e+07
-44126 153014 1.9038e+08 44126 -153014 -1.09764e+07
-44065.9 153014 1.90187e+08 44065.9 -153014 -1.09612e+07
-44005.8 153014 1.89994e+08 44005.8 -153014 -1.09459e+07
-43945.7 153014 1.89801e+08 43945.7 -153014 -1.09306e+07
-43885.5 153014 1.89608e+08 43885.5 -153014 -1.09153e+07
-43825.4 153014 1.89415e+08 43825.4 -153014 -1.09001e+07
-43765.3 153014 1.89222e+08 43765.3 -153014 -1.08848e+07
-43705.2 153014 1.89029e+08 43705.2 -153014 -1.08695e+07
-43645.1 153014 1.88836e+08 43645.1 -153014 -1.08543e+07
-43585 153014 1.88643e+08 43585 -153014 -1.0839e+07
-43524.8 153014 1.8845e+08 43524.8 -153014 -1.08237e+07
-43464.7 153014 1.88257e+08 43464.7 -153014 -1.08085e+07
-43404.6 153014 1.88064e+08 43404.6 -153014 -1.07932e+07
-43344.5 153014 1.87872e+08 43344.5 -153014 -1.07779e+07
-43284.4 153014 1.87679e+08 43284.4 -153014 -1.07627e+07
-43224.3 153014 1.87486e+08 43224.3 -153014 -1.07474e+07
-43164.1 153014 1.87293e+08 43164.1 -153014 -1.07322e+07
-43104 153014 1.871e+08 43104 -153014 -1.07169e+07
-43043.9 153014 1.86907e+08 43043.9 -153014 -1.07016e+07
-42983.8 153014 1.86714e+08 42983.8 -153014 -1.06864e+07
-42923.7 153014 1.86521e+08 42923.7 -153014 -1.06711e+07
-42863.6 153014 1.86328e+08 42863.6 -153014 -1.06559e+07
-42803.4 153014 1.86135e+08 42803.4 -153014 -1.06406e+07
-42743.3 153014 1.85942e+08 42743.3 -153014 -1.06254e+07
-42683.2 153014 1.85749e+08 42683.2 -153014 -1.06101e+07
-42623.1 153014 1.85556e+08 42623.1 -153014 -1.05949e+07
-42563 153014 1.85363e+08 42563 -153014 -1.05796e+07
-42502.9 153014 1.8517e+08 42502.9 -153014 -1.05644e+07
-42442.7 153014 1.84977e+08 42442.7 -153014 -1.05491e+07
-42382.6 153014 1.84784e+08 42382.6 -153014 -1.05339e+07
-42322.5 153014 1.84592e+08 42322.5 -153014 -1.05186e+07
-42262.4 153014 1.84399e+08 42262.4 -153014 -1.05034e+07
-42202.3 153014 1.84206e+08 42202.3 -153014 -1.04881e+07
-42142.2 153014 1.84013e+08 42142.2 -153014 -1.04729e+07
-42082.1 153014 1.8382e+08 42082.1 -153014 -1.04576e+07
-42021.9 153014 1.83627e+08 42021.9 -153014 -1.04424e+07
-41961.8 153014 1.83434e+08 41961.8 -153014 -1.04272e+07
-41901.7 153014 1.83241e+08 41901.7 -153014 -1.04119e+07
-41841.6 153014 1.83048e+08 41841.6 -153014 -1.03967e+07
-41781.5 153014 1.82855e+08 41781.5 -153014 -1.03815e+07
-41721.4 153014 1.82662e+08 41721.4 -153014 -1.03662e+07
-41661.2 153014 1.82469e+08 41661.2 -153014 -1.0351e+07
-41601.1 153014 1.82277e+08 41601.1 -153014 -1.03357e+07
-41541 153014 1.82084e+08 41541 -153014 -1.03205e+07
-41480.9 153014 1.81891e+08 41480.9 -153014 -1.03053e+07
-41420.8 153014 1.81698e+08 41420.8 -153014 -1.029e+07
-41360.7 153014 1.81505e+08 41360.7 -153014 -1.02748e+07
-41300.6 153014 1.81312e+08 41300.6 -153014 -1.02596e+07
-41240.4 153014 1.81119e+08 41240.4 -153014 -1.02443e+07
-41180.3 153014 1.80926e+08 41180.3 -153014 -1.02291e+07
-41120.2 153014 1.80733e+08 41120.2 -153014 -1.02139e+07
-41060.1 153014 1.8054e+08 41060.1 -153014 -1.01986e+07
-41000 153014 1.80347e+08 41000 -153014 -1.01834e+07
-40939.9 153014 1.80155e+08 40939.9 -153014 -1.01682e+07
-40879.8 153014 1.79962e+08 40879.8 -153014 -1.01529e+07
-40819.6 153014 1.79769e+08 40819.6 -153014 -1.01377e+07
-40759.5 153014 1.79576e+08 40759.5 -153014 -1.01225e+07
-40699.4 153014 1.79383e+08 40699.4 -153014 -1.01073e+07
-40639.3 153014 1.7919e+08 40639.3 -153014 -1.00921e+07
-40579.2 153014 1.78997e+08 40579.2 -153014 -1.00768e+07
-40519.1 153014 1.78804e+08 40519.1 -153014 -1.00616e+07
-40459 153014 1.78611e+08 40459 -153014 -1.00464e+07
-40398.8 153014 1.78418e+08 40398.8 -153014 -1.00312e+07
-40338.7 153014 1.78226e+08 40338.7 -153014 -1.0016e+07
-40278.6 153014 1.78033e+08 40278.6 -153014 -1.00008e+07
-40218.5 153014 1.7784e+08 40218.5 -153014 -9.98553e+06
-40158.4 153014 1.77647e+08 40158.4 -153014 -9.97032e+06
-40098.3 153014 1.77454e+08 40098.3 -153014 -9.9551e+06
-40038.2 153014 1.77261e+08 40038.2 -153014 -9.93989e+06
-39978 153014 1.77068e+08 39978 -153014 -9.92467e+06
-39917.9 153014 1.76875e+08 39917.9 -153014 -9.90946e+06
-39857.8 153014 1.76682e+08 39857.8 -153014 -9.89426e+06
-39797.7 153014 1.7649e+08 39797.7 -153014 -9.87904e+06
-39737.6 153014 1.76297e+08 39737.6 -153014 -9.86384e+06
-39677.5 153014 1.76104e+08 39677.5 -153014 -9.84863e+06
-39617.4 153014 1.75911e+08 39617.4 -153014 -9.83342e+06
-39557.2 153014 1.75718e+08 39557.2 -153014 -9.81819e+06
-39497.1 153014 1.75525e+08 39497.1 -153014 -9.803e+06
-39437 153014 1.75332e+08 39437 -153014 -9.78781e+06
-39376.9 153014 1.75139e+08 39376.9 -153014 -9.7726e+06
-39316.8 153014 1.74947e+08 39316.8 -153014 -9.75738e+06
-39256.7 153014 1.74754e+08 39256.7 -153014 -9.74219e+06
-39196.6 153014 1.74561e+08 39196.6 -153014 -9.72699e+06
-39136.5 153014 1.74368e+08 39136.5 -153014 -9.71179e+06
-39076.3 153014 1.74175e+08 39076.3 -153014 -9.69661e+06
-39016.2 153014 1.73982e+08 39016.2 -153014 -9.68138e+06
-38956.1 153014 1.73789e+08 38956.1 -153014 -9.66619e+06
-38896 153014 1.73596e+08 38896 -153014 -9.65101e+06
-38835.9 153014 1.73404e+08 38835.9 -153014 -9.6358e+06
-38775.8 153014 1.73211e+08 38775.8 -153014 -9.62061e+06
-38715.7 153014 1.73018e+08 38715.7 -153014 -9.6054e+06
-38655.6 153014 1.72825e+08 38655.6 -153014 -9.59022e+06
-38595.4 153014 1.72632e+08 38595.4 -153014 -9.57503e+06
-38535.3 153014 1.72439e+08 38535.3 -153014 -9.55983e+06
-38475.2 153014 1.72246e+08 38475.2 -153014 -9.54465e+06
-38415.1 153014 1.72054e+08 38415.1 -153014 -9.52945e+06
-38355 153014 1.71861e+08 38355 -153014 -9.51426e+06
-38294.9 153014 1.71668e+08 38294.9 -153014 -9.49908e+06
-38234.8 153014 1.71475e+08 38234.8 -153014 -9.48389e+06
-38174.7 153014 1.71282e+08 38174.7 -153014 -9.4687e+06
-38114.5 153014 1.71089e+08 38114.5 -153014 -9.45351e+06
-38054.4 153014 1.70896e+08 38054.4 -153014 -9.43834e+06
-37994.3 153014 1.70704e+08 37994.3 -153014 -9.42315e+06
-37934.2 153014 1.70511e+08 37934.2 -153014 -9.40797e+06
-37874.1 153014 1.70318e+08 37874.1 -153014 -9.39279e+06
-37814 153014 1.70125e+08 37814 -153014 -9.3776e+06
-37753.9 153014 1.69932e+08 37753.9 -153014 -9.36242e+06
-37693.8 153014 1.69739e+08 37693.8 -153014 -9.34725e+06
-37633.7 153014 1.69547e+08 37633.7 -153014 -9.33209e+06
-37573.5 153014 1.69354e+08 37573.5 -153014 -9.31689e+06
-37513.4 153014 1.69161e+08 37513.4 -153014 -9.30172e+06
-37453.3 153014 1.68968e+08 37453.3 -153014 -9.28653e+06
-37393.2 153014 1.68775e+08 37393.2 -153014 -9.27136e+06
-37333.1 153014 1.68582e+08 37333.1 -153014 -9.25617e+06
-37273 153014 1.68389e+08 37273 -153014 -9.24102e+06
-37212.9 153014 1.68197e+08 37212.9 -153014 -9.22584e+06
-37152.8 153014 1.68004e+08 37152.8 -153014 -9.21067e+06
-37092.7 153014 1.67811e+08 37092.7 -153014 -9.1955e+06
-37032.5 153014 1.67618e+08 37032.5 -153014 -9.18032e+06
-36972.4 153014 1.67425e+08 36972.4 -153014 -9.16517e+06
-36912.3 153014 1.67232e+08 36912.3 -153014 -9.15e+06
-36852.2 153014 1.6704e+08 36852.2 -153014 -9.13483e+06
-36792.1 153014 1.66847e+08 36792.1 -153014 -9.11966e+06
-36732 153014 1.66654e+08 36732 -153014 -9.10451e+06
-36671.9 153014 1.66461e+08 36671.9 -153014 -9.08934e+06
-36611.8 153014 1.66268e+08 36611.8 -153014 -9.07417e+06
-36551.7 153014 1.66075e+08 36551.7 -153014 -9.059e+06
-36491.5 153014 1.65883e+08 36491.5 -153014 -9.04386e+06
-36431.4 153014 1.6569e+08 36431.4 -153014 -9.02869e+06
-36371.3 153014 1.65497e+08 36371.3 -153014 -9.01353e+06
-36311.2 153014 1.65304e+08 36311.2 -153014 -8.99837e+06
-36251.1 153014 1.65111e+08 36251.1 -153014 -8.98321e+06
-36191 153014 1.64919e+08 36191 -153014 -8.96805e+06
-36130.9 153014 1.64726e+08 36130.9 -153014 -8.9529e+06
-36070.8 153014 1.64533e+08 36070.8 -153014 -8.93774e+06
-36010.7 153014 1.6434e+08 36010.7 -153014 -8.92259e+06
-35950.5 153014 1.64147e+08 35950.5 -153014 -8.90743e+06
-35890.4 153014 1.63954e+08 35890.4 -153014 -8.89227e+06
-35830.3 153014 1.63762e+08 35830.3 -153014 -8.87713e+06
-35770.2 153014 1.63569e+08 35770.2 -153014 -8.86198e+06
-35710.1 153014 1.63376e+08 35710.1 -153014 -8.84683e+06
-35650 153014 1.63183e+08 35650 -153014 -8.83168e+06
-35589.9 153014 1.6299e+08 35589.9 -153014 -8.81653e+06
-35529.8 153014 1.62798e+08 35529.8 -153014 -8.80139e+06
-35469.7 153014 1.62605e+08 35469.7 -153014 -8.78624e+06
-35409.6 153014 1.62412e+08 35409.6 -153014 -8.77109e+06
-35349.5 153014 1.62219e+08 35349.5 -153014 -8.75595e+06
-35289.3 153014 1.62026e+08 35289.3 -153014 -8.7408e+06
-35229.2 153014 1.61834e+08 35229.2 -153014 -8.72567e+06
-35169.1 153014 1.61641e+08 35169.1 -153014 -8.71052e+06
-35109 153014 1.61448e+08 35109 -153014 -8.69538e+06
-35048.9 153014 1.61255e+08 35048.9 -153014 -8.68024e+06
-34988.8 153014 1.61062e+08 34988.8 -153014 -8.66509e+06
-34928.7 153014 1.6087e+08 34928.7 -153014 -8.64995e+06
-34868.6 153014 1.60677e+08 34868.6 -153014 -8.63481e+06
-34808.5 153014 1.60484e+08 34808.5 -153014 -8.61969e+06
-34748.4 153014 1.60291e+08 34748.4 -153014 -8.60456e+06
-34688.3 153014 1.60098e+08 34688.3 -153014 -8.5894e+06
-34628.1 153014 1.59906e+08 34628.1 -153014 -8.57427e+06
-34568 153014 1.59713e+08 34568 -153014 -8.55916e+06
-34507.9 153014 1.5952e+08 34507.9 -153014 -8.54401e+06
-34447.8 153014 1.59327e+08 34447.8 -153014 -8.52888e+06
-34387.7 153014 1.59134e+08 34387.7 -153014 -8.51376e+06
-34327.6 153014 1.58942e+08 34327.6 -153014 -8.49861e+06
-34267.5 153014 1.58749e+08 34267.5 -153014 -8.48349e+06
-34207.4 153014 1.58556e+08 34207.4 -153014 -8.46836e+06
-34147.3 153014 1.58363e+08 34147.3 -153014 -8.45324e+06
-34087.2 153014 1.58171e+08 34087.2 -153014 -8.43811e+06
-34027.1 153014 1.57978e+08 34027.1 -153014 -8.42298e+06
-33967 153014 1.57785e+08 33967 -153014 -8.40786e+06
-33906.8 153014 1.57592e+08 33906.8 -153014 -8.39274e+06
-33846.7 153014 1.57399e+08 33846.7 -153014 -8.37761e+06
-33786.6 153014 1.57207e+08 33786.6 -153014 -8.36249e+06
-33726.5 153014 1.57014e+08 33726.5 -153014 -8.34737e+06
-33666.4 153014 1.56821e+08 33666.4 -153014 -8.33224e+06
-33606.3 153014 1.56628e+08 33606.3 -153014 -8.31712e+06
-33546.2 153014 1.56436e+08 33546.2 -153014 -8.30201e+06
-33486.1 153014 1.56243e+08 33486.1 -153014 -8.2869e+06
-33426 153014 1.5605e+08 33426 -153014 -8.27176e+06
-33365.9 153014 1.55857e+08 33365.9 -153014 -8.25666e+06
-33305.8 153014 1.55664e+08 33305.8 -153014 -8.24155e+06
-33245.7 153014 1.55472e+08 33245.7 -153014 -8.22644e+06
-33185.5 153014 1.55279e+08 33185.5 -153014 -8.21132e+06
-33125.4 153014 1.55086e+08 33125.4 -153014 -8.19622e+06
-33065.3 153014 1.54893e+08 33065.3 -153014 -8.18107e+06
-33005.2 153014 1.54701e+08 33005.2 -153014 -8.16599e+06
-32945.1 153014 1.54508e+08 32945.1 -153014 -8.15088e+06
-32885 153014 1.54315e+08 32885 -153014 -8.13577e+06
-32824.9 153014 1.54122e+08 32824.9 -153014 -8.12064e+06
-32764.8 153014 1.5393e+08 32764.8 -153014 -8.10556e+06
-32704.7 153014 1.53737e+08 32704.7 -153014 -8.09045e+06
-32644.6 153014 1.53544e+08 32644.6 -153014 -8.07534e+06
-32584.5 153014 1.53351e+08 32584.5 -153014 -8.06025e+06
-32524.4 153014 1.53159e+08 32524.4 -153014 -8.04514e+06
-32464.3 153014 1.52966e+08 32464.3 -153014 -8.03002e+06
-32404.2 153014 1.52773e+08 32404.2 -153014 -8.01493e+06
-32344.1 153014 1.5258e+08 32344.1 -153014 -7.99983e+06
-32283.9 153014 1.52388e+08 32283.9 -153014 -7.98472e+06
-32223.8 153014 1.52195e+08 32223.8 -153014 -7.96963e+06
-32163.7 153014 1.52002e+08 32163.7 -153014 -7.95452e+06
-32103.6 153014 1.51809e+08 32103.6 -153014 -7.93943e+06
-32043.5 153014 1.51617e+08 32043.5 -153014 -7.92435e+06
-31983.4 153014 1.51424e+08 31983.4 -153014 -7.90925e+06
-31923.3 153014 1.51231e+08 31923.3 -153014 -7.89416e+06
-31863.2 153014 1.51038e+08 31863.2 -153014 -7.87905e+06
-31803.1 153014 1.50846e+08 31803.1 -153014 -7.86397e+06
-31743 153014 1.50653e+08 31743 -153014 -7.84886e+06
-31682.9 153014 1.5046e+08 31682.9 -153014 -7.83378e+06
-31622.8 153014 1.50267e+08 31622.8 -153014 -7.81869e+06
-31562.7 153014 1.50075e+08 31562.7 -153014 -7.80359e+06
-31502.6 153014 1.49882e+08 31502.6 -153014 -7.78851e+06
-31442.5 153014 1.49689e+08 31442.5 -153014 -7.77343e+06
-31382.3 153014 1.49496e+08 31382.3 -153014 -7.75834e+06
-31322.2 153014 1.49304e+08 31322.2 -153014 -7.74325e+06
-31262.1 153014 1.49111e+08 31262.1 -153014 -7.72815e+06
-31202 153014 1.48918e+08 31202 -153014 -7.71309e+06
-31141.9 153014 1.48726e+08 31141.9 -153014 -7.698e+06
-31081.8 153014 1.48533e+08 31081.8 -153014 -7.68291e+06
-31021.7 153014 1.4834e+08 31021.7 -153014 -7.66785e+06
-30961.6 153014 1.48147e+08 30961.6 -153014 -7.65274e+06
-30901.5 153014 1.47955e+08 30901.5 -153014 -7.63768e+06
-30841.4 153014 1.47762e+08 30841.4 -153014 -7.6226e+06
-30781.3 153014 1.47569e+08 30781.3 -153014 -7.60752e+06
-30721.2 153014 1.47376e+08 30721.2 -153014 -7.59244e+06
-30661.1 153014 1.47184e+08 30661.1 -153014 -7.57737e+06
-30601 153014 1.46991e+08 30601 -153014 -7.5623e+06
-30540.9 153014 1.46798e+08 30540.9 -153014 -7.54722e+06
-30480.8 153014 1.46606e+08 30480.8 -153014 -7.53214e+06
-30420.7 153014 1.46413e+08 30420.7 -153014 -7.51708e+06
-30360.6 153014 1.4622e+08 30360.6 -153014 -7.502e+06
-30300.4 153014 1.46027e+08 30300.4 -153014 -7.48692e+06
-30240.3 153014 1.45835e+08 30240.3 -153014 -7.47187e+06
-30180.2 153014 1.45642e+08 30180.2 -153014 -7.4568e+06
-30120.1 153014 1.45449e+08 30120.1 -153014 -7.44173e+06
-30060 153014 1.45257e+08 30060 -153014 -7.42666e+06
-29999.9 153014 1.45064e+08 29999.9 -153014 -7.41158e+06
-29939.8 153014 1.44871e+08 29939.8 -153014 -7.39653e+06
-29879.7 153014 1.44678e+08 29879.7 -153014 -7.38146e+06
-29819.6 153014 1.44486e+08 29819.6 -153014 -7.3664e+06
-29759.5 153014 1.44293e+08 29759.5 -153014 -7.35132e+06
-29699.4 153014 1.441e+08 29699.4 -153014 -7.33626e+06
-29639.3 153014 1.43908e+08 29639.3 -153014 -7.32121e+06
-29579.2 153014 1.43715e+08 29579.2 -153014 -7.30615e+06
-29519.1 153014 1.43522e+08 29519.1 -153014 -7.29109e+06
-29459 153014 1.4333e+08 29459 -153014 -7.27603e+06
-29398.9 153014 1.43137e+08 29398.9 -153014 -7.26098e+06
-29338.8 153014 1.42944e+08 29338.8 -153014 -7.24591e+06
-29278.7 153014 1.42751e+08 29278.7 -153014 -7.23086e+06
-29218.6 153014 1.42559e+08 29218.6 -153014 -7.21581e+06
-29158.5 153014 1.42366e+08 29158.5 -153014 -7.20076e+06
-29098.4 153014 1.42173e+08 29098.4 -153014 -7.18571e+06
-29038.3 153014 1.41981e+08 29038.3 -153014 -7.17065e+06
-28978.2 153014 1.41788e+08 28978.2 -153014 -7.15559e+06
-28918 153014 1.41595e+08 28918 -153014 -7.14054e+06
-28857.9 153014 1.41403e+08 28857.9 -153014 -7.1255e+06
-28797.8 153014 1.4121e+08 28797.8 -153014 -7.11046e+06
-28737.7 153014 1.41017e+08 28737.7 -153014 -7.09539e+06
-28677.6 153014 1.40825e+08 28677.6 -153014 -7.08036e+06
-28617.5 153014 1.40632e+08 28617.5 -153014 -7.06531e+06
-28557.4 153014 1.40439e+08 28557.4 -153014 -7.05026e+06
-28497.3 153014 1.40246e+08 28497.3 -153014 -7.03522e+06
-28437.2 153014 1.40054e+08 28437.2 -153014 -7.02018e+06
-28377.1 153014 1.39861e+08 28377.1 -153014 -7.00513e+06
-28317 153014 1.39668e+08 28317 -153014 -6.99009e+06
-28256.9 153014 1.39476e+08 28256.9 -153014 -6.97505e+06
-28196.8 153014 1.39283e+08 28196.8 -153014 -6.96e+06
-28136.7 153014 1.3909e+08 28136.7 -153014 -6.94497e+06
-28076.6 153014 1.38898e+08 28076.6 -153014 -6.92994e+06
-28016.5 153014 1.38705e+08 28016.5 -153014 -6.91489e+06
-27956.4 153014 1.38512e+08 27956.4 -153014 -6.89984e+06
-27896.3 153014 1.3832e+08 27896.3 -153014 -6.88482e+06
-27836.2 153014 1.38127e+08 27836.2 -153014 -6.86979e+06
-27776.1 153014 1.37934e+08 27776.1 -153014 -6.85475e+06
-27716 153014 1.37742e+08 27716 -153014 -6.83973e+06
-27655.9 153014 1.37549e+08 27655.9 -153014 -6.82469e+06
-27595.8 153014 1.37356e+08 27595.8 -153014 -6.80966e+06
-27535.7 153014 1.37164e+08 27535.7 -153014 -6.79462e+06
-27475.6 153014 1.36971e+08 27475.6 -153014 -6.77961e+06
-27415.5 153014 1.36778e+08 27415.5 -153014 -6.76456e+06
-27355.4 153014 1.36586e+08 27355.4 -153014 -6.74953e+06
-27295.3 153014 1.36393e+08 27295.3 -153014 -6.73453e+06
-27235.2 153014 1.362e+08 27235.2 -153014 -6.7195e+06
-27175.1 153014 1.36008e+08 27175.1 -153014 -6.70447e+06
-27115 153014 1.35815e+08 27115 -153014 -6.68944e+06
-27054.9 153014 1.35622e+08 27054.9 -153014 -6.67442e+06
-26994.8 153014 1.3543e+08 26994.8 -153014 -6.6594e+06
-26934.7 153014 1.35237e+08 26934.7 -153014 -6.64437e+06
-26874.6 153014 1.35044e+08 26874.6 -153014 -6.62934e+06
-26814.5 153014 1.34852e+08 26814.5 -153014 -6.61433e+06
-26754.3 153014 1.34659e+08 26754.3 -153014 -6.59932e+06
-26694.2 153014 1.34466e+08 26694.2 -153014 -6.58429e+06
-26634.1 153014 1.34274e+08 26634.1 -153014 -6.56928e+06
-26574 153014 1.34081e+08 26574 -153014 -6.55427e+06
-26513.9 153014 1.33889e+08 26513.9 -153014 -6.53926e+06
-26453.8 153014 1.33696e+08 26453.8 -153014 -6.52424e+06
-26393.7 153014 1.33503e+08 26393.7 -153014 -6.50922e+06
-26333.6 153014 1.33311e+08 26333.6 -153014 -6.49421e+06
-26273.5 153014 1.33118e+08 26273.5 -153014 -6.4792e+06
-26213.4 153014 1.32925e+08 26213.4 -153014 -6.46417e+06
-26153.3 153014 1.32733e+08 26153.3 -153014 -6.44917e+06
-26093.2 153014 1.3254e+08 26093.2 -153014 -6.43416e+06
-26033.1 153014 1.32347e+08 26033.1 -153014 -6.41916e+06
-25973 153014 1.32155e+08 25973 -153014 -6.40415e+06
-25912.9 153014 1.31962e+08 25912.9 -153014 -6.38914e+06
-25852.8 153014 1.31769e+08 25852.8 -153014 -6.37413e+06
-25792.7 153014 1.31577e+08 25792.7 -153014 -6.35914e+06
-25732.6 153014 1.31384e+08 25732.6 -153014 -6.34413e+06
-25672.5 153014 1.31192e+08 25672.5 -153014 -6.32913e+06
-25612.4 153014 1.30999e+08 25612.4 -153014 -6.31412e+06
-25552.3 153014 1.30806e+08 25552.3 -153014 -6.29912e+06
-25492.2 153014 1.30614e+08 25492.2 -153014 -6.28412e+06
-25432.1 153014 1.30421e+08 25432.1 -153014 -6.26913e+06
-25372 153014 1.30228e+08 25372 -153014 -6.25414e+06
-25311.9 153014 1.30036e+08 25311.9 -153014 -6.23913e+06
-25251.8 153014 1.29843e+08 25251.8 -153014 -6.22412e+06
-25191.7 153014 1.29651e+08 25191.7 -153014 -6.20914e+06
-25131.6 153014 1.29458e+08 25131.6 -153014 -6.19415e+06
-25071.5 153014 1.29265e+08 25071.5 -153014 -6.17915e+06
-25011.4 153014 1.29073e+08 25011.4 -153014 -6.16415e+06
-24951.3 153014 1.2888e+08 24951.3 -153014 -6.14917e+06
-24891.2 153014 1.28687e+08 24891.2 -153014 -6.13418e+06
-24831.1 153014 1.28495e+08 24831.1 -153014 -6.11917e+06
-24771 153014 1.28302e+08 24771 -153014 -6.1042e+06
-24710.9 153014 1.2811e+08 24710.9 -153014 -6.08921e+06
-24650.8 153014 1.27917e+08 24650.8 -153014 -6.0742e+06
-24590.7 153014 1.27724e+08 24590.7 -153014 -6.05923e+06
-24530.6 153014 1.27532e+08 24530.6 -153014 -6.04425e+06
-24470.5 153014 1.27339e+08 24470.5 -153014 -6.02926e+06
-24410.4 153014 1.27147e+08 24410.4 -153014 -6.01428e+06
-24350.3 153014 1.26954e+08 24350.3 -153014 -5.9993e+06
-24290.2 153014 1.26761e+08 24290.2 -153014 -5.98431e+06
-24230.1 153014 1.26569e+08 24230.1 -153014 -5.96931e+06
-24170 153014 1.26376e+08 24170 -153014 -5.95435e+06
-24109.9 153014 1.26183e+08 24109.9 -153014 -5.93937e+06
-24049.8 153014 1.25991e+08 24049.8 -153014 -5.92438e+06
-23989.7 153014 1.25798e+08 23989.7 -153014 -5.90941e+06
-23929.6 153014 1.25606e+08 23929.6 -153014 -5.89443e+06
-23869.5 153014 1.25413e+08 23869.5 -153014 -5.87946e+06
-23809.4 153014 1.2522e+08 23809.4 -153014 -5.86448e+06
-23749.3 153014 1.25028e+08 23749.3 -153014 -5.84952e+06
-23689.2 153014 1.24835e+08 23689.2 -153014 -5.83452e+06
-23629.1 153014 1.24643e+08 23629.1 -153014 -5.81957e+06
-23569 153014 1.2445e+08 23569 -153014 -5.80459e+06
-23508.9 153014 1.24257e+08 23508.9 -153014 -5.78962e+06
-23448.8 153014 1.24065e+08 23448.8 -153014 -5.77465e+06
-23388.7 153014 1.23872e+08 23388.7 -153014 -5.75968e+06
-23328.6 153014 1.2368e+08 23328.6 -153014 -5.7447e+06
-23268.5 153014 1.23487e+08 23268.5 -153014 -5.72974e+06
-23208.4 153014 1.23295e+08 23208.4 -153014 -5.71478e+06
-23148.3 153014 1.23102e+08 23148.3 -153014 -5.69981e+06
-23088.2 153014 1.22909e+08 23088.2 -153014 -5.68483e+06
-23028.1 153014 1.22717e+08 23028.1 -153014 -5.66987e+06
-22968 153014 1.22524e+08 22968 -153014 -5.6549e+06
-22907.9 153014 1.22332e+08 22907.9 -153014 -5.63994e+06
-22847.8 153014 1.22139e+08 22847.8 -153014 -5.62499e+06
-22787.7 153014 1.21946e+08 22787.7 -153014 -5.61003e+06
-22727.6 153014 1.21754e+08 22727.6 -153014 -5.59507e+06
-22667.6 153014 1.21561e+08 22667.6 -153014 -5.58011e+06
-22607.5 153014 1.21369e+08 22607.5 -153014 -5.56515e+06
-22547.4 153014 1.21176e+08 22547.4 -153014 -5.5502e+06
-22487.3 153014 1.20984e+08 22487.3 -153014 -5.53524e+06
-22427.2 153014 1.20791e+08 22427.2 -153014 -5.52028e+06
-22367.1 153014 1.20598e+08 22367.1 -153014 -5.50533e+06
-22307 153014 1.20406e+08 22307 -153014 -5.49038e+06
-22246.9 153014 1.20213e+08 22246.9 -153014 -5.47543e+06
-22186.8 153014 1.20021e+08 22186.8 -153014 -5.46048e+06
-22126.7 153014 1.19828e+08 22126.7 -153014 -5.44553e+06
-22066.6 153014 1.19636e+08 22066.6 -153014 -5.43058e+06
-22006.5 153014 1.19443e+08 22006.5 -153014 -5.41563e+06
-21946.4 153014 1.1925e+08 21946.4 -153014 -5.40068e+06
-21886.3 153014 1.19058e+08 21886.3 -153014 -5.38571e+06
-21826.2 153014 1.18865e+08 21826.2 -153014 -5.37078e+06
-21766.1 153014 1.18673e+08 21766.1 -153014 -5.35583e+06
-21706 153014 1.1848e+08 21706 -153014 -5.34089e+06
-21645.9 153014 1.18288e+08 21645.9 -153014 -5.32594e+06
-21585.8 153014 1.18095e+08 21585.8 -153014 -5.31101e+06
-21525.7 153014 1.17902e+08 21525.7 -153014 -5.29606e+06
-21465.6 153014 1.1771e+08 21465.6 -153014 -5.28114e+06
-21405.5 153014 1.17517e+08 21405.5 -153014 -5.26618e+06
-21345.4 153014 1.17325e+08 21345.4 -153014 -5.25124e+06
-21285.3 153014 1.17132e+08 21285.3 -153014 -5.23631e+06
-21225.2 153014 1.1694e+08 21225.2 -153014 -5.22137e+06
-21165.1 153014 1.16747e+08 21165.1 -153014 -5.20642e+06
-21105 153014 1.16555e+08 21105 -153014 -5.1915e+06
-21044.9 153014 1.16362e+08 21044.9 -153014 -5.17656e+06
-20984.8 153014 1.16169e+08 20984.8 -153014 -5.16163e+06
-20924.7 153014 1.15977e+08 20924.7 -153014 -5.14669e+06
-20864.6 153014 1.15784e+08 20864.6 -153014 -5.13176e+06
-20804.5 153014 1.15592e+08 20804.5 -153014 -5.11684e+06
-20744.4 153014 1.15399e+08 20744.4 -153014 -5.10189e+06
-20684.3 153014 1.15207e+08 20684.3 -153014 -5.08697e+06
-20624.2 153014 1.15014e+08 20624.2 -153014 -5.07204e+06
-20564.2 153014 1.14822e+08 20564.2 -153014 -5.05712e+06
-20504.1 153014 1.14629e+08 20504.1 -153014 -5.04218e+06
-20444 153014 1.14437e+08 20444 -153014 -5.02726e+06
-20383.9 153014 1.14244e+08 20383.9 -153014 -5.01233e+06
-20323.8 153014 1.14051e+08 20323.8 -153014 -4.99741e+06
-20263.7 153014 1.13859e+08 20263.7 -153014 -4.98249e+06
-20203.6 153014 1.13666e+08 20203.6 -153014 -4.96756e+06
-20143.5 153014 1.13474e+08 20143.5 -153014 -4.95264e+06
-20083.4 153014 1.13281e+08 20083.4 -153014 -4.93771e+06
-20023.3 153014 1.13089e+08 20023.3 -153014 -4.92279e+06
-19963.2 153014 1.12896e+08 19963.2 -153014 -4.90787e+06
-19903.1 153014 1.12704e+08 19903.1 -153014 -4.89296e+06
-19843 153014 1.12511e+08 19843 -153014 -4.87805e+06
-19782.9 153014 1.12319e+08 19782.9 -153014 -4.86313e+06
-19722.8 153014 1.12126e+08 19722.8 -153014 -4.84821e+06
-19662.7 153014 1.11934e+08 19662.7 -153014 -4.83331e+06
-19602.6 153014 1.11741e+08 19602.6 -153014 -4.81839e+06
-19542.5 153014 1.11549e+08 19542.5 -153014 -4.80347e+06
-19482.4 153014 1.11356e+08 19482.4 -153014 -4.78856e+06
-19422.3 153014 1.11164e+08 19422.3 -153014 -4.77364e+06
-19362.2 153014 1.10971e+08 19362.2 -153014 -4.75873e+06
-19302.1 153014 1.10779e+08 19302.1 -153014 -4.74382e+06
-19242 153014 1.10586e+08 19242 -153014 -4.72891e+06
-19182 153014 1.10393e+08 19182 -153014 -4.714e+06
-19121.9 153014 1.10201e+08 19121.9 -153014 -4.69911e+06
-19061.8 153014 1.10008e+08 19061.8 -153014 -4.68419e+06
-19001.7 153014 1.09816e+08 19001.7 -153014 -4.6693e+06
-18941.6 153014 1.09623e+08 18941.6 -153014 -4.65439e+06
-18881.5 153014 1.09431e+08 18881.5 -153014 -4.63949e+06
-18821.4 153014 1.09238e+08 18821.4 -153014 -4.62459e+06
-18761.3 153014 1.09046e+08 18761.3 -153014 -4.60969e+06
-18701.2 153014 1.08853e+08 18701.2 -153014 -4.59478e+06
-18641.1 153014 1.08661e+08 18641.1 -153014 -4.57989e+06
-18581 153014 1.08468e+08 18581 -153014 -4.56499e+06
-18520.9 153014 1.08276e+08 18520.9 -153014 -4.55009e+06
-18460.8 153014 1.08083e+08 18460.8 -153014 -4.53519e+06
-18400.7 153014 1.07891e+08 18400.7 -153014 -4.5203e+06
-18340.6 153014 1.07698e+08 18340.6 -153014 -4.5054e+06
-18280.5 153014 1.07506e+08 18280.5 -153014 -4.49051e+06
-18220.4 153014 1.07313e+08 18220.4 -153014 -4.47561e+06
-18160.3 153014 1.07121e+08 18160.3 -153014 -4.46072e+06
-18100.2 153014 1.06928e+08 18100.2 -153014 -4.44583e+06
-18040.2 153014 1.06736e+08 18040.2 -153014 -4.43094e+06
-17980.1 153014 1.06543e+08 17980.1 -153014 -4.41605e+06
-17920 153014 1.06351e+08 17920 -153014 -4.40116e+06
-17859.9 153014 1.06158e+08 17859.9 -153014 -4.38627e+06
-17799.8 153014 1.05966e+08 17799.8 -153014 -4.37138e+06
-17739.7 153014 1.05773e+08 17739.7 -153014 -4.3565e+06
-17679.6 153014 1.05581e+08 17679.6 -153014 -4.3416e+06
-17619.5 153014 1.05388e+08 17619.5 -153014 -4.32673e+06
-17559.4 153014 1.05196e+08 17559.4 -153014 -4.31184e+06
-17499.3 153014 1.05003e+08 17499.3 -153014 -4.29695e+06
-17439.2 153014 1.04811e+08 17439.2 -153014 -4.28208e+06
-17379.1 153014 1.04618e+08 17379.1 -153014 -4.2672e+06
-17319 153014 1.04426e+08 17319 -153014 -4.25232e+06
-17258.9 153014 1.04233e+08 17258.9 -153014 -4.23743e+06
-17198.8 153014 1.04041e+08 17198.8 -153014 -4.22256e+06
-17138.8 153014 1.03848e+08 17138.8 -153014 -4.20768e+06
-17078.7 153014 1.03656e+08 17078.7 -153014 -4.19282e+06
-17018.6 153014 1.03464e+08 17018.6 -153014 -4.17791e+06
-16958.5 153014 1.03271e+08 16958.5 -153014 -4.16305e+06
-16898.4 153014 1.03079e+08 16898.4 -153014 -4.14818e+06
-16838.3 153014 1.02886e+08 16838.3 -153014 -4.1333e+06
-16778.2 153014 1.02694e+08 16778.2 -153014 -4.11844e+06
-16718.1 153014 1.02501e+08 16718.1 -153014 -4.10355e+06
-16658 153014 1.02309e+08 16658 -153014 -4.08868e+06
-16597.9 153014 1.02116e+08 16597.9 -153014 -4.07382e+06
-16537.8 153014 1.01924e+08 16537.8 -153014 -4.05895e+06
-16477.7 153014 1.01731e+08 16477.7 -153014 -4.04407e+06
-16417.6 153014 1.01539e+08 16417.6 -153014 -4.02921e+06
-16357.5 153014 1.01346e+08 16357.5 -153014 -4.01435e+06
-16297.5 153014 1.01154e+08 16297.5 -153014 -3.99949e+06
-16237.4 153014 1.00961e+08 16237.4 -153014 -3.98462e+06
-16177.3 153014 1.00769e+08 16177.3 -153014 -3.96976e+06
-16117.2 153014 1.00576e+08 16117.2 -153014 -3.95491e+06
-16057.1 153014 1.00384e+08 16057.1 -153014 -3.94002e+06
-15997 153014 1.00192e+08 15997 -153014 -3.92518e+06
-15936.9 153014 9.99991e+07 15936.9 -153014 -3.91031e+06
-15876.8 153014 9.98066e+07 15876.8 -153014 -3.89544e+06
-15816.7 153014 9.96142e+07 15816.7 -153014 -3.8806e+06
-15756.6 153014 9.94217e+07 15756.6 -153014 -3.86573e+06
-15696.5 153014 9.92293e+07 15696.5 -153014 -3.85087e+06
-15636.4 153014 9.90368e+07 15636.4 -153014 -3.83603e+06
-15576.3 153014 9.88444e+07 15576.3 -153014 -3.82117e+06
-15516.3 153014 9.86519e+07 15516.3 -153014 -3.80632e+06
-15456.2 153014 9.84594e+07 15456.2 -153014 -3.79145e+06
-15396.1 153014 9.8267e+07 15396.1 -153014 -3.77661e+06
-15336 153014 9.80745e+07 15336 -153014 -3.76176e+06
-15275.9 153014 9.78821e+07 15275.9 -153014 -3.7469e+06
-15215.8 153014 9.76897e+07 15215.8 -153014 -3.73206e+06
-15155.7 153014 9.74972e+07 15155.7 -153014 -3.71721e+06
-15095.6 153014 9.73048e+07 15095.6 -153014 -3.70236e+06
-15035.5 153014 9.71123e+07 15035.5 -153014 -3.68752e+06
-14975.4 153014 9.69199e+07 14975.4 -153014 -3.67268e+06
-14915.3 153014 9.67274e+07 14915.3 -153014 -3.65783e+06
-14855.2 153014 9.6535e+07 14855.2 -153014 -3.64299e+06
-14795.2 153014 9.63425e+07 14795.2 -153014 -3.62814e+06
-14735.1 153014 9.61501e+07 14735.1 -153014 -3.6133e+06
-14675 153014 9.59577e+07 14675 -153014 -3.59846e+06
-14614.9 153014 9.57652e+07 14614.9 -153014 -3.58362e+06
-14554.8 153014 9.55728e+07 14554.8 -153014 -3.56877e+06
-14494.7 153014 9.53804e+07 14494.7 -153014 -3.55393e+06
-14434.6 153014 9.51879e+07 14434.6 -153014 -3.53907e+06
-14374.5 153014 9.49955e+07 14374.5 -153014 -3.52425e+06
-14314.4 153014 9.48031e+07 14314.4 -153014 -3.50943e+06
-14254.3 153014 9.46106e+07 14254.3 -153014 -3.49459e+06
-14194.2 153014 9.44182e+07 14194.2 -153014 -3.47975e+06
-14134.2 153014 9.42258e+07 14134.2 -153014 -3.46492e+06
-14074.1 153014 9.40333e+07 14074.1 -153014 -3.45009e+06
-14014 153014 9.38409e+07 14014 -153014 -3.43526e+06
-13953.9 153014 9.36485e+07 13953.9 -153014 -3.42043e+06
-13893.8 153014 9.34561e+07 13893.8 -153014 -3.40559e+06
-13833.7 153014 9.32636e+07 13833.7 -153014 -3.39076e+06
-13773.6 153014 9.30712e+07 13773.6 -153014 -3.37595e+06
-13713.5 153014 9.28788e+07 13713.5 -153014 -3.36111e+06
-13653.4 153014 9.26864e+07 13653.4 -153014 -3.34629e+06
-13593.3 153014 9.2494e+07 13593.3 -153014 -3.33146e+06
-13533.3 153014 9.23015e+07 13533.3 -153014 -3.31663e+06
-13473.2 153014 9.21092e+07 13473.2 -153014 -3.30182e+06
-13413.1 153014 9.19167e+07 13413.1 -153014 -3.28699e+06
-13353 153014 9.17243e+07 13353 -153014 -3.27217e+06
-13292.9 153014 9.15319e+07 13292.9 -153014 -3.25735e+06
-13232.8 153014 9.13395e+07 13232.8 -153014 -3.24252e+06
-13172.7 153014 9.11471e+07 13172.7 -153014 -3.2277e+06
-13112.6 153014 9.09547e+07 13112.6 -153014 -3.21288e+06
-13052.5 153014 9.07622e+07 13052.5 -153014 -3.19806e+06
-12992.5 153014 9.05698e+07 12992.5 -153014 -3.18325e+06
-12932.4 153014 9.03774e+07 12932.4 -153014 -3.16845e+06
-12872.3 153014 9.0185e+07 12872.3 -153014 -3.15361e+06
-12812.2 153014 8.99926e+07 12812.2 -153014 -3.13882e+06
-12752.1 153014 8.98002e+07 12752.1 -153014 -3.12397e+06
-12692 153014 8.96078e+07 12692 -153014 -3.10917e+06
-12631.9 153014 8.94154e+07 12631.9 -153014 -3.09436e+06
-12571.8 153014 8.9223e+07 12571.8 -153014 -3.07956e+06
-12511.7 153014 8.90306e+07 12511.7 -153014 -3.06475e+06
-12451.6 153014 8.88382e+07 12451.6 -153014 -3.04994e+06
-12391.6 153014 8.86458e+07 12391.6 -153014 -3.03513e+06
-12331.5 153014 8.84534e+07 12331.5 -153014 -3.02033e+06
-12271.4 153014 8.8261e+07 12271.4 -153014 -3.00552e+06
-12211.3 153014 8.80686e+07 12211.3 -153014 -2.99072e+06
-12151.2 153014 8.78762e+07 12151.2 -153014 -2.97591e+06
-12091.1 153014 8.76838e+07 12091.1 -153014 -2.96111e+06
-12031 153014 8.74915e+07 12031 -153014 -2.94631e+06
-11970.9 153014 8.72991e+07 11970.9 -153014 -2.9315e+06
-11910.9 153014 8.71067e+07 11910.9 -153014 -2.9167e+06
-11850.8 153014 8.69143e+07 11850.8 -153014 -2.9019e+06
-11790.7 153014 8.67219e+07 11790.7 -153014 -2.8871e+06
-11730.6 153014 8.65295e+07 11730.6 -153014 -2.8723e+06
-11670.5 153014 8.63371e+07 11670.5 -153014 -2.8575e+06
-11610.4 153014 8.61447e+07 11610.4 -153014 -2.84271e+06
-11550.3 153014 8.59524e+07 11550.3 -153014 -2.8279e+06
-11490.2 153014 8.576e+07 11490.2 -153014 -2.81312e+06
-11430.1 153014 8.55676e+07 11430.1 -153014 -2.79833e+06
-11370.1 153014 8.53752e+07 11370.1 -153014 -2.78353e+06
-11310 153014 8.51829e+07 11310 -153014 -2.76874e+06
-11249.9 153014 8.49905e+07 11249.9 -153014 -2.75396e+06
-11189.8 153014 8.47981e+07 11189.8 -153014 -2.73915e+06
-11129.7 153014 8.46057e+07 11129.7 -153014 -2.72437e+06
-11069.6 153014 8.44133e+07 11069.6 -153014 -2.70958e+06
-11009.5 153014 8.4221e+07 11009.5 -153014 -2.69479e+06
-10949.4 153014 8.40286e+07 10949.4 -153014 -2.68001e+06
-10889.4 153014 8.38362e+07 10889.4 -153014 -2.66522e+06
-10829.3 153014 8.36439e+07 10829.3 -153014 -2.65043e+06
-10769.2 153014 8.34515e+07 10769.2 -153014 -2.63565e+06
-10709.1 153014 8.32591e+07 10709.1 -153014 -2.62085e+06
-10649 153014 8.30668e+07 10649 -153014 -2.60609e+06
-10588.9 153014 8.28744e+07 10588.9 -153014 -2.5913e+06
-10528.8 153014 8.2682e+07 10528.8 -153014 -2.57652e+06
-10468.7 153014 8.24897e+07 10468.7 -153014 -2.56175e+06
-10408.7 153014 8.22973e+07 10408.7 -153014 -2.54697e+06
-10348.6 153014 8.21049e+07 10348.6 -153014 -2.53219e+06
-10288.5 153014 8.19126e+07 10288.5 -153014 -2.51741e+06
-10228.4 153014 8.17202e+07 10228.4 -153014 -2.50264e+06
-10168.3 153014 8.15279e+07 10168.3 -153014 -2.48786e+06
-10108.2 153014 8.13355e+07 10108.2 -153014 -2.47309e+06
-10048.1 153014 8.11432e+07 10048.1 -153014 -2.45831e+06
-9988.04 153014 8.09508e+07 9988.04 -153014 -2.44354e+06
-9927.96 153014 8.07584e+07 9927.96 -153014 -2.42877e+06
-9867.87 153014 8.05661e+07 9867.87 -153014 -2.41399e+06
-9807.78 153014 8.03737e+07 9807.78 -153014 -2.39923e+06
-9747.7 153014 8.01814e+07 9747.7 -153014 -2.38446e+06
-9687.61 153014 7.9989e+07 9687.61 -153014 -2.36969e+06
-9627.52 153014 7.97967e+07 9627.52 -153014 -2.35492e+06
-9567.44 153014 7.96043e+07 9567.44 -153014 -2.34014e+06
-9507.35 153014 7.9412e+07 9507.35 -153014 -2.32539e+06
-9447.27 153014 7.92196e+07 9447.27 -153014 -2.31061e+06
-9387.18 153014 7.90273e+07 9387.18 -153014 -2.29585e+06
-9327.09 153014 7.8835e+07 9327.09 -153014 -2.2811e+06
-9267.01 153014 7.86426e+07 9267.01 -153014 -2.26633e+06
-9206.92 153014 7.84503e+07 9206.92 -153014 -2.25157e+06
-9146.83 153014 7.82579e+07 9146.83 -153014 -2.23681e+06
-9086.75 153014 7.80656e+07 9086.75 -153014 -2.22206e+06
-9026.66 153014 7.78733e+07 9026.66 -153014 -2.2073e+06
-8966.57 153014 7.76809e+07 8966.57 -153014 -2.19253e+06
-8906.49 153014 7.74886e+07 8906.49 -153014 -2.17777e+06
-8846.41 153014 7.72963e+07 8846.41 -153014 -2.16303e+06
-8786.32 153014 7.71039e+07 8786.32 -153014 -2.14827e+06
-8726.23 153014 7.69116e+07 8726.23 -153014 -2.13352e+06
-8666.15 153014 7.67193e+07 8666.15 -153014 -2.11876e+06
-8606.06 153014 7.65269e+07 8606.06 -153014 -2.10401e+06
-8545.98 153014 7.63346e+07 8545.98 -153014 -2.08926e+06
-8485.89 153014 7.61423e+07 8485.89 -153014 -2.07451e+06
-8425.8 153014 7.59499e+07 8425.8 -153014 -2.05975e+06
-8365.72 153014 7.57576e+07 8365.72 -153014 -2.04501e+06
-8305.64 153014 7.55653e+07 8305.64 -153014 -2.03026e+06
-8245.55 153014 7.5373e+07 8245.55 -153014 -2.01552e+06
-8185.46 153014 7.51806e+07 8185.46 -153014 -2.00077e+06
-8125.38 153014 7.49883e+07 8125.38 -153014 -1.98601e+06
-8065.29 153014 7.4796e+07 8065.29 -153014 -1.97128e+06
-8005.21 153014 7.46037e+07 8005.21 -153014 -1.95652e+06
-7945.12 153014 7.44114e+07 7945.12 -153014 -1.94179e+06
-7885.04 153014 7.4219e+07 7885.04 -153014 -1.92705e+06
-7824.95 153014 7.40267e+07 7824.95 -153014 -1.91231e+06
-7764.87 153014 7.38344e+07 7764.87 -153014 -1.89756e+06
-7704.79 153014 7.36421e+07 7704.79 -153014 -1.88282e+06
-7644.7 153014 7.34498e+07 7644.7 -153014 -1.86809e+06
-7584.62 153014 7.32575e+07 7584.62 -153014 -1.85335e+06
-7524.53 153014 7.30652e+07 7524.53 -153014 -1.83862e+06
-7464.45 153014 7.28728e+07 7464.45 -153014 -1.82387e+06
-7404.36 153014 7.26805e+07 7404.36 -153014 -1.80915e+06
-7344.28 153014 7.24882e+07 7344.28 -153014 -1.79441e+06
-7284.19 153014 7.22959e+07 7284.19 -153014 -1.77969e+06
-7224.11 153014 7.21036e+07 7224.11 -153014 -1.76495e+06
-7164.03 153014 7.19113e+07 7164.03 -153014 -1.75022e+06
-7103.94 153014 7.1719e+07 7103.94 -153014 -1.7355e+06
-7043.86 153014 7.15267e+07 7043.86 -153014 -1.72076e+06
-6983.77 153014 7.13344e+07 6983.77 -153014 -1.70603e+06
-6923.69 153014 7.11421e+07 6923.69 -153014 -1.69129e+06
-6863.6 153014 7.09498e+07 6863.6 -153014 -1.67658e+06
-6803.52 153014 7.07575e+07 6803.52 -153014 -1.66184e+06
-6743.44 153014 7.05652e+07 6743.44 -153014 -1.64712e+06
-6683.35 153014 7.03729e+07 6683.35 -153014 -1.63239e+06
-6623.27 153014 7.01806e+07 6623.27 -153014 -1.61767e+06
-6563.19 153014 6.99883e+07 6563.19 -153014 -1.60295e+06
-6503.1 153014 6.9796e+07 6503.1 -153014 -1.58822e+06
-6443.02 153014 6.96037e+07 6443.02 -153014 -1.57351e+06
-6382.93 153014 6.94115e+07 6382.93 -153014 -1.55879e+06
-6322.85 153014 6.92192e+07 6322.85 -153014 -1.54407e+06
-6262.77 153014 6.90269e+07 6262.77 -153014 -1.52936e+06
-6202.68 153014 6.88346e+07 6202.68 -153014 -1.51464e+06
-6142.6 153014 6.86423e+07 6142.6 -153014 -1.49993e+06
-6082.52 153014 6.845e+07 6082.52 -153014 -1.48521e+06
-6022.43 153014 6.82577e+07 6022.43 -153014 -1.47049e+06
-5962.35 153014 6.80655e+07 5962.35 -153014 -1.45577e+06
-5902.27 153014 6.78732e+07 5902.27 -153014 -1.44106e+06
-5842.18 153014 6.76809e+07 5842.18 -153014 -1.42634e+06
-5782.1 153014 6.74886e+07 5782.1 -153014 -1.41164e+06
-5722.02 153014 6.72963e+07 5722.02 -153014 -1.39693e+06
-5661.94 153014 6.7104e+07 5661.94 -153014 -1.38222e+06
-5601.85 153014 6.69118e+07 5601.85 -153014 -1.36751e+06
-5541.76 153014 6.67195e+07 5541.76 -153014 -1.3528e+06
-5481.69 153014 6.65272e+07 5481.69 -153014 -1.3381e+06
-5421.6 153014 6.63349e+07 5421.6 -153014 -1.3234e+06
-5361.52 153014 6.61427e+07 5361.52 -153014 -1.3087e+06
-5301.44 153014 6.59504e+07 5301.44 -153014 -1.29399e+06
-5241.36 153014 6.57581e+07 5241.36 -153014 -1.27926e+06
-5181.27 153014 6.55659e+07 5181.27 -153014 -1.26458e+06
-5121.19 153014 6.53736e+07 5121.19 -153014 -1.24988e+06
-5061.11 153014 6.51813e+07 5061.11 -153014 -1.23518e+06
-5001.03 153014 6.49891e+07 5001.03 -153014 -1.22049e+06
-4940.94 153014 6.47968e+07 4940.94 -153014 -1.20579e+06
-4880.86 153014 6.46045e+07 4880.86 -153014 -1.19109e+06
-4820.78 153014 6.44123e+07 4820.78 -153014 -1.17639e+06
-4760.7 153014 6.422e+07 4760.7 -153014 -1.16169e+06
-4700.62 153014 6.40278e+07 4700.62 -153014 -1.14701e+06
-4640.53 153014 6.38355e+07 4640.53 -153014 -1.1323e+06
-4580.45 153014 6.36432e+07 4580.45 -153014 -1.11762e+06
-4520.37 153014 6.3451e+07 4520.37 -153014 -1.10292e+06
-4460.29 153014 6.32587e+07 4460.29 -153014 -1.08823e+06
-4400.21 153014 6.30664e+07 4400.21 -153014 -1.07354e+06
-4340.12 153014 6.28742e+07 4340.12 -153014 -1.05885e+06
-4280.04 153014 6.26819e+07 4280.04 -153014 -1.04414e+06
-4219.96 153014 6.24897e+07 4219.96 -153014 -1.02947e+06
-4159.88 153014 6.22974e+07 4159.88 -153014 -1.01478e+06
-4099.8 153014 6.21052e+07 4099.8 -153014 -1.0001e+06
-4039.71 153014 6.19129e+07 4039.71 -153014 -985388
-3979.63 153014 6.17207e+07 3979.63 -153014 -970746
-3919.55 153014 6.15284e+07 3919.55 -153014 -956042
-3859.47 153014 6.13362e+07 3859.47 -153014 -941359
-3799.39 153014 6.1144e+07 3799.39 -153014 -926678
-3739.31 153014 6.09517e+07 3739.31 -153014 -911996
-3679.23 153014 6.07595e+07 3679.23 -153014 -897317
-3619.15 153014 6.05672e+07 3619.15 -153014 -882649
-3559.07 153014 6.0375e+07 3559.07 -153014 -867964
-3498.99 153014 6.01827e+07 3498.99 -153014 -853274
-3438.9 153014 5.99905e+07 3438.9 -153014 -838605
-3378.82 153014 5.97982e+07 3378.82 -153014 -823916
-3318.74 153014 5.9606e+07 3318.74 -153014 -809251
-3258.66 153014 5.94138e+07 3258.66 -153014 -794566
-3198.58 153014 5.92216e+07 3198.58 -153014 -779907
-3138.5 153014 5.90293e+07 3138.5 -153014 -765238
-3078.42 153014 5.88371e+07 3078.42 -153014 -750564
-3018.34 153014 5.86449e+07 3018.34 -153014 -735895
-2958.26 153014 5.84526e+07 2958.26 -153014 -721216
-2898.18 153014 5.82604e+07 2898.18 -153014 -706550
-2838.1 153014 5.80682e+07 2838.1 -153014 -691889
-2778.02 153014 5.7876e+07 2778.02 -153014 -677228
-2717.94 153014 5.76837e+07 2717.94 -153014 -662566
-2657.86 153014 5.74915e+07 2657.86 -153014 -647890
-2597.78 153014 5.72993e+07 2597.78 -153014 -633227
-2537.7 153014 5.7107e+07 2537.7 -153014 -618563
-2477.62 153014 5.69148e+07 2477.62 -153014 -603892
-2417.54 153014 5.67226e+07 2417.54 -153014 -589239
-2357.46 153014 5.65304e+07 2357.46 -153014 -574581
-2297.38 153014 5.63381e+07 2297.38 -153014 -559902
-2237.3 153014 5.6146e+07 2237.3 -153014 -545260
-2177.22 153014 5.59537e+07 2177.22 -153014 -530597
-2117.14 153014 5.57615e+07 2117.14 -153014 -515945
-2057.06 153014 5.55693e+07 2057.06 -153014 -501288
-1996.98 153014 5.53771e+07 1996.98 -153014 -486617
-1936.9 153014 5.51849e+07 1936.9 -153014 -471959
-1876.82 153014 5.49927e+07 1876.82 -153014 -457327
-1816.74 153014 5.48005e+07 1816.74 -153014 -442672
-1756.66 153014 5.46083e+07 1756.66 -153014 -428020
-1696.58 153014 5.4416e+07 1696.58 -153014 -413359
-1636.5 153014 5.42238e+07 1636.5 -153014 -398719
-1576.42 153014 5.40316e+07 1576.42 -153014 -384060
-1516.34 153014 5.38394e+07 1516.34 -153014 -369424
-1456.26 153014 5.36472e+07 1456.26 -153014 -354774
-1396.18 153014 5.3455e+07 1396.18 -153014 -340139
-1336.1 153014 5.32628e+07 1336.1 -153014 -325473
-1276.03 153014 5.30706e+07 1276.03 -153014 -310837
-1215.95 153014 5.28784e+07 1215.95 -153014 -296192
-1155.87 153014 5.26862e+07 1155.87 -153014 -281550
-1095.79 153014 5.2494e+07 1095.79 -153014 -266908
-1035.71 153014 5.23018e+07 1035.71 -153014 -252266
-975.633 153014 5.21096e+07 975.633 -153014 -237629
-915.554 153014 5.19174e+07 915.554 -153014 -222991
-855.475 153014 5.17252e+07 855.475 -153014 -208348
-795.397 153014 5.15331e+07 795.397 -153014 -193711
-735.318 153014 5.13409e+07 735.318 -153014 -179074
-675.238 153014 5.11487e+07 675.238 -153014 -164429
-615.161 153014 5.09565e+07 615.161 -153014 -149799
-555.08 153014 5.07643e+07 555.08 -153014 -135146
-495.003 153014 5.05721e+07 495.003 -153014 -120554
-434.926 153014 5.03799e+07 434.926 -153014 -105893
-374.847 153014 5.01877e+07 374.847 -153014 -91252.8
-314.768 153014 4.99956e+07 314.768 -153014 -76675.1
-254.692 153014 4.98034e+07 254.692 -153014 -62010.9
-194.614 153014 4.96112e+07 194.614 -153014 -47381.9
-134.536 153014 4.9419e+07 134.536 -153014 -32754.1
-74.4593 153014 4.92268e+07 74.4593 -153014 -18129.3
-14.3828 153014 4.90347e+07 14.3828 -153014 -3496.2
45.6972 153014 4.88425e+07 -45.6972 -153014 11131.3
105.776 153014 4.86503e+07 -105.776 -153014 25740.4
165.853 153014 4.84581e+07 -165.853 -153014 40373
225.929 153014 4.8266e+07 -225.929 -153014 55005.2
286.008 153014 4.80738e+07 -286.008 -153014 69606.6
346.087 153014 4.78816e+07 -346.087 -153014 84246.2
406.164 153014 4.76894e+07 -406.164 -153014 98859.5
466.241 153014 4.74973e+07 -466.241 -153014 113478
526.319 153014 4.73051e+07 -526.319 -153014 128095
586.397 153014 4.71129e+07 -586.397 -153014 142737
646.473 153014 4.69208e+07 -646.473 -153014 157330
706.549 153014 4.67286e+07 -706.549 -153014 171959
766.628 153014 4.65364e+07 -766.628 -153014 186568
826.705 153014 4.63443e+07 -826.705 -153014 201174
886.782 153014 4.61521e+07 -886.782 -153014 215799
946.859 153014 4.596e+07 -946.859 -153014 230400
1006.94 153014 4.57678e+07 -1006.94 -153014 245010
1067.01 153014 4.55756e+07 -1067.01 -153014 259621
1127.09 153014 4.53835e+07 -1127.09 -153014 274231
1187.17 153014 4.51913e+07 -1187.17 -153014 288835
1247.24 153014 4.49992e+07 -1247.24 -153014 303446
1307.32 153014 4.4807e+07 -1307.32 -153014 318053
1367.4 153014 4.46148e+07 -1367.4 -153014 332683
1427.47 153014 4.44227e+07 -1427.47 -153014 347265
1487.55 153014 4.42306e+07 -1487.55 -153014 361874
1547.63 153014 4.40384e+07 -1547.63 -153014 376470
1607.7 153014 4.38463e+07 -1607.7 -153014 391060
1667.78 153014 4.36541e+07 -1667.78 -153014 405679
1727.86 153014 4.34619e+07 -1727.86 -153014 420293
1787.93 153014 4.32698e+07 -1787.93 -153014 434871
1848.01 153014 4.30777e+07 -1848.01 -153014 449478
1908.08 153014 4.28855e+07 -1908.08 -153014 464079
1968.16 153014 4.26934e+07 -1968.16 -153014 478690
2028.24 153014 4.25012e+07 -2028.24 -153014 493269
2088.31 153014 4.23091e+07 -2088.31 -153014 507885
2148.39 153014 4.2117e+07 -2148.39 -153014 522457
2208.46 153014 4.19248e+07 -2208.46 -153014 537051
2268.54 153014 4.17327e+07 -2268.54 -153014 551646
2328.62 153014 4.15405e+07 -2328.62 -153014 566235
2388.69 153014 4.13484e+07 -2388.69 -153014 580825
2448.77 153014 4.11563e+07 -2448.77 -153014 595407
2508.84 153014 4.09641e+07 -2508.84 -153014 610016
2568.92 153014 4.0772e+07 -2568.92 -153014 624581
2628.99 153014 4.05799e+07 -2628.99 -153014 639175
2689.07 153014 4.03877e+07 -2689.07 -153014 653774
2749.14 153014 4.01956e+07 -2749.14 -153014 668354
2809.22 153014 4.00035e+07 -2809.22 -153014 682955
2869.3 153014 3.98114e+07 -2869.3 -153014 697526
2929.37 153014 3.96192e+07 -2929.37 -153014 712105
2989.45 153014 3.94271e+07 -2989.45 -153014 726700
3049.52 153014 3.9235e+07 -3049.52 -153014 741268
3109.6 153014 3.90429e+07 -3109.6 -153014 755865
3169.66 153014 3.88508e+07 -3169.66 -153014 770435
3229.75 153014 3.86586e+07 -3229.75 -153014 785019
3289.82 153014 3.84665e+07 -3289.82 -153014 799612
3349.9 153014 3.82744e+07 -3349.9 -153014 814162
3409.97 153014 3.80823e+07 -3409.97 -153014 828737
3470.04 153014 3.78902e+07 -3470.04 -153014 843313
3530.12 153014 3.7698e+07 -3530.12 -153014 857887
3590.19 153014 3.75059e+07 -3590.19 -153014 872461
3650.27 153014 3.73138e+07 -3650.27 -153014 887034
3710.34 153014 3.71217e+07 -3710.34 -153014 901604
3770.42 153014 3.69296e+07 -3770.42 -153014 916175
3830.49 153014 3.67375e+07 -3830.49 -153014 930755
3890.56 153014 3.65454e+07 -3890.56 -153014 945311
3950.64 153014 3.63533e+07 -3950.64 -153014 959880
4010.72 153014 3.61612e+07 -4010.72 -153014 974448
4070.79 153014 3.59691e+07 -4070.79 -153014 989019
4130.86 153014 3.5777e+07 -4130.86 -153014 1.00358e+06
4190.94 153014 3.55848e+07 -4190.94 -153014 1.01815e+06
4251.01 153014 3.53927e+07 -4251.01 -153014 1.03273e+06
4311.08 153014 3.52006e+07 -4311.08 -153014 1.04727e+06
4371.16 153014 3.50085e+07 -4371.16 -153014 1.06183e+06
4431.23 153014 3.48164e+07 -4431.23 -153014 1.07641e+06
4491.31 153014 3.46243e+07 -4491.31 -153014 1.09095e+06
4551.38 153014 3.44322e+07 -4551.38 -153014 1.10553e+06
4611.46 153014 3.42402e+07 -4611.46 -153014 1.12007e+06
4671.53 153014 3.40481e+07 -4671.53 -153014 1.13463e+06
4731.6 153014 3.3856e+07 -4731.6 -153014 1.14919e+06
4791.68 153014 3.36639e+07 -4791.68 -153014 1.16374e+06
4851.74 153014 3.34718e+07 -4851.74 -153014 1.17831e+06
4911.82 153014 3.32797e+07 -4911.82 -153014 1.19285e+06
4971.9 153014 3.30876e+07 -4971.9 -153014 1.2074e+06
5031.97 153014 3.28955e+07 -5031.97 -153014 1.22195e+06
5092.04 153014 3.27034e+07 -5092.04 -153014 1.23651e+06
5152.12 153014 3.25113e+07 -5152.12 -153014 1.25105e+06
5212.19 153014 3.23192e+07 -5212.19 -153014 1.26562e+06
5272.26 153014 3.21272e+07 -5272.26 -153014 1.28016e+06
5332.34 153014 3.19351e+07 -5332.34 -153014 1.2947e+06
5392.41 153014 3.1743e+07 -5392.41 -153014 1.30925e+06
5452.48 153014 3.15509e+07 -5452.48 -153014 1.32382e+06
5512.56 153014 3.13588e+07 -5512.56 -153014 1.33836e+06
5572.63 153014 3.11668e+07 -5572.63 -153014 1.35288e+06
5632.7 153014 3.09747e+07 -5632.7 -153014 1.36743e+06
5692.77 153014 3.07826e+07 -5692.77 -153014 1.38197e+06
5752.85 153014 3.05905e+07 -5752.85 -153014 1.39651e+06
5812.92 153014 3.03985e+07 -5812.92 -153014 1.41104e+06
5872.99 153014 3.02064e+07 -5872.99 -153014 1.42559e+06
5933.06 153014 3.00143e+07 -5933.06 -153014 1.44013e+06
5993.14 153014 2.98222e+07 -5993.14 -153014 1.45467e+06
6053.21 153014 2.96302e+07 -6053.21 -153014 1.46921e+06
6113.28 153014 2.94381e+07 -6113.28 -153014 1.48374e+06
6173.35 153014 2.9246e+07 -6173.35 -153014 1.49828e+06
6233.43 153014 2.9054e+07 -6233.43 -153014 1.51281e+06
6293.5 153014 2.88619e+07 -6293.5 -153014 1.52735e+06
6353.57 153014 2.86698e+07 -6353.57 -153014 1.54188e+06
6413.64 153014 2.84778e+07 -6413.64 -153014 1.55642e+06
6473.71 153014 2.82857e+07 -6473.71 -153014 1.57094e+06
6533.79 153014 2.80936e+07 -6533.79 -153014 1.58548e+06
6593.86 153014 2.79016e+07 -6593.86 -153014 1.60001e+06
6653.93 153014 2.77095e+07 -6653.93 -153014 1.61453e+06
6714 153014 2.75175e+07 -6714 -153014 1.62906e+06
6774.07 153014 2.73254e+07 -6774.07 -153014 1.64361e+06
6834.15 153014 2.71333e+07 -6834.15 -153014 1.65812e+06
6894.22 153014 2.69413e+07 -6894.22 -153014 1.67266e+06
6954.29 153014 2.67492e+07 -6954.29 -153014 1.68716e+06
7014.36 153014 2.65572e+07 -7014.36 -153014 1.70167e+06
7074.43 153014 2.63651e+07 -7074.43 -153014 1.7162e+06
7134.5 153014 2.61731e+07 -7134.5 -153014 1.73072e+06
7194.58 153014 2.5981e+07 -7194.58 -153014 1.74525e+06
7254.65 153014 2.5789e+07 -7254.65 -153014 1.75976e+06
7314.72 153014 2.55969e+07 -7314.72 -153014 1.77428e+06
7374.79 153014 2.54049e+07 -7374.79 -153014 1.7888e+06
7434.86 153014 2.52128e+07 -7434.86 -153014 1.80331e+06
7494.93 153014 2.50208e+07 -7494.93 -153014 1.81784e+06
7555 153014 2.48288e+07 -7555 -153014 1.83235e+06
7615.07 153014 2.46367e+07 -7615.07 -153014 1.84686e+06
7675.15 153014 2.44447e+07 -7675.15 -153014 1.86137e+06
