0.000170278 33638.8 -0.747425 -0.000170278 -33638.8 0.222904
0.000362873 67277.6 -1.59111 -0.000362873 -67277.6 0.472069
0.000583149 100916 -2.56404 -0.000583149 -100916 0.761058
0.000838271 134555 -3.70964 -0.000838271 -134555 1.10754
0.00113751 168194 -5.08456 -0.00113751 -168194 1.53476
0.00149231 201833 -6.76074 -0.00149231 -201833 2.07311
0.00191937 235472 -8.8401 -0.00191937 -235472 2.76456
0.00244079 269110 -11.4602 -0.00244079 -269110 3.66681
0.00308678 302749 -14.8104 -0.00308678 -302749 4.86003
0.003902 336388 -19.1698 -0.003902 -336388 6.46184
-153.755 336388 909474 153.755 -336388 -393162
-307.514 336388 1.81896e+06 307.514 -336388 -786317
-461.273 336388 2.72844e+06 461.273 -336388 -1.17948e+06
-615.036 336388 3.63792e+06 615.036 -336388 -1.57262e+06
-768.794 336388 4.54742e+06 768.794 -336388 -1.96579e+06
-922.553 336388 5.45689e+06 922.553 -336388 -2.35893e+06
-1076.32 336388 6.36633e+06 1076.32 -336388 -2.75203e+06
-1230.08 336388 7.27585e+06 1230.08 -336388 -3.14522e+06
-1383.84 336388 8.18534e+06 1383.84 -336388 -3.53838e+06
-1537.6 336388 9.09479e+06 1537.6 -336388 -3.93149e+06
-1691.37 336388 1.00043e+07 1691.37 -336388 -4.32462e+06
-1845.13 336388 1.09137e+07 1845.13 -336388 -4.71774e+06
-1998.9 336388 1.18232e+07 1998.9 -336388 -5.11087e+06
-2152.66 336388 1.27327e+07 2152.66 -336388 -5.50398e+06
-2306.43 336388 1.36421e+07 2306.43 -336388 -5.8971e+06
-2460.19 336388 1.45516e+07 2460.19 -336388 -6.29024e+06
-2613.96 336388 1.5461e+07 2613.96 -336388 -6.68333e+06
-2767.73 336388 1.63705e+07 2767.73 -336388 -7.07643e+06
-2921.49 336388 1.72799e+07 2921.49 -336388 -7.46953e+06
-3075.26 336388 1.81894e+07 3075.26 -336388 -7.86263e+06
-3229.03 336388 1.90989e+07 3229.03 -336388 -8.25573e+06
-3382.8 336388 2.00083e+07 3382.8 -336388 -8.64883e+06
-3536.57 336388 2.09177e+07 3536.57 -336388 -9.0419e+06
-3690.33 336388 2.18272e+07 3690.33 -336388 -9.43502e+06
-3844.11 336388 2.27366e+07 3844.11 -336388 -9.82808e+06
-3997.88 336388 2.36461e+07 3997.88 -336388 -1.02212e+07
-4151.65 336388 2.45555e+07 4151.65 -336388 -1.06143e+07
-4305.42 336388 2.5465e+07 4305.42 -336388 -1.10073e+07
-4459.19 336388 2.63744e+07 4459.19 -336388 -1.14004e+07
-4612.97 336388 2.72838e+07 4612.97 -336388 -1.17935e+07
-4766.74 336388 2.81933e+07 4766.74 -336388 -1.21865e+07
-4920.51 336388 2.91027e+07 4920.51 -336388 -1.25796e+07
-5074.28 336388 3.00121e+07 5074.28 -336388 -1.29726e+07
-5228.06 336388 3.09216e+07 5228.06 -336388 -1.33657e+07
-5381.83 336388 3.1831e+07 5381.83 -336388 -1.37587e+07
-5535.61 336388 3.27404e+07 5535.61 -336388 -1.41518e+07
-5689.39 336388 3.36498e+07 5689.39 -336388 -1.45448e+07
-5843.16 336388 3.45592e+07 5843.16 -336388 -1.49378e+07
-5996.94 336388 3.54686e+07 5996.94 -336388 -1.53309e+07
-6150.71 336388 3.6378e+07 6150.71 -336388 -1.57239e+07
-6304.49 336388 3.72875e+07 6304.49 -336388 -1.6117e+07
-6458.27 336388 3.81969e+07 6458.27 -336388 -1.651e+07
-6612.05 336388 3.91063e+07 6612.05 -336388 -1.6903e+07
-6765.83 336388 4.00157e+07 6765.83 -336388 -1.7296e+07
-6919.61 336388 4.09251e+07 6919.61 -336388 -1.7689e+07
-7073.39 336388 4.18345e+07 7073.39 -336388 -1.8082e+07
-7227.17 336388 4.27439e+07 7227.17 -336388 -1.8475e+07
-7380.95 336388 4.36533e+07 7380.95 -336388 -1.88681e+07
-7534.73 336388 4.45627e+07 7534.73 -336388 -1.9261e+07
-7688.52 336388 4.54721e+07 7688.52 -336388 -1.9654e+07
-7842.3 336388 4.63815e+07 7842.3 -336388 -2.0047e+07
-7996.08 336388 4.72909e+07 7996.08 -336388 -2.044e+07
-8149.86 336388 4.82002e+07 8149.86 -336388 -2.0833e+07
-8303.65 336388 4.91096e+07 8303.65 -336388 -2.1226e+07
-8457.43 336388 5.0019e+07 8457.43 -336388 -2.1619e+07
-8611.22 336388 5.09284e+07 8611.22 -336388 -2.20119e+07
-8765 336388 5.18378e+07 8765 -336388 -2.24049e+07
-8918.78 336388 5.27472e+07 8918.78 -336388 -2.27979e+07
-9072.57 336388 5.36565e+07 9072.57 -336388 -2.31909e+07
-9226.36 336388 5.45659e+07 9226.36 -336388 -2.35838e+07
-9380.15 336388 5.54753e+07 9380.15 -336388 -2.39768e+07
-9533.93 336388 5.63846e+07 9533.93 -336388 -2.43697e+07
-9687.72 336388 5.7294e+07 9687.72 -336388 -2.47627e+07
-9841.51 336388 5.82034e+07 9841.51 -336388 -2.51556e+07
-9995.3 336388 5.91127e+07 9995.3 -336388 -2.55486e+07
-10149.1 336388 6.00221e+07 10149.1 -336388 -2.59415e+07
-10302.9 336388 6.09315e+07 10302.9 -336388 -2.63345e+07
-10456.7 336388 6.18408e+07 10456.7 -336388 -2.67274e+07
-10610.5 336388 6.27502e+07 10610.5 -336388 -2.71203e+07
-10764.3 336388 6.36595e+07 10764.3 -336388 -2.75133e+07
-10918 336388 6.45689e+07 10918 -336388 -2.79062e+07
-11071.8 336388 6.54782e+07 11071.8 -336388 -2.82991e+07
-11225.6 336388 6.63876e+07 11225.6 -336388 -2.8692e+07
-11379.4 336388 6.72969e+07 11379.4 -336388 -2.90849e+07
-11533.2 336388 6.82063e+07 11533.2 -336388 -2.94778e+07
-11687 336388 6.91156e+07 11687 -336388 -2.98708e+07
-11840.8 336388 7.0025e+07 11840.8 -336388 -3.02637e+07
-11994.6 336388 7.09343e+07 11994.6 -336388 -3.06565e+07
-12148.4 336388 7.18436e+07 12148.4 -336388 -3.10495e+07
-12302.2 336388 7.2753e+07 12302.2 -336388 -3.14423e+07
-12456 336388 7.36623e+07 12456 -336388 -3.18352e+07
-12609.8 336388 7.45716e+07 12609.8 -336388 -3.22281e+07
-12763.6 336388 7.5481e+07 12763.6 -336388 -3.2621e+07
-12917.4 336388 7.63903e+07 12917.4 -336388 -3.30139e+07
-13071.2 336388 7.72996e+07 13071.2 -336388 -3.34068e+07
-13225 336388 7.8209e+07 13225 -336388 -3.37997e+07
-13378.8 336388 7.91183e+07 13378.8 -336388 -3.41925e+07
-13532.6 336388 8.00276e+07 13532.6 -336388 -3.45854e+07
-13686.4 336388 8.09368e+07 13686.4 -336388 -3.49782e+07
-13840.2 336388 8.18462e+07 13840.2 -336388 -3.53711e+07
-13994 336388 8.27555e+07 13994 -336388 -3.5764e+07
-14147.8 336388 8.36648e+07 14147.8 -336388 -3.61568e+07
-14301.6 336388 8.45741e+07 14301.6 -336388 -3.65497e+07
-14455.4 336388 8.54834e+07 14455.4 -336388 -3.69425e+07
-14609.2 336388 8.63927e+07 14609.2 -336388 -3.73353e+07
-14763 336388 8.73021e+07 14763 -336388 -3.77282e+07
-14916.8 336388 8.82113e+07 14916.8 -336388 -3.8121e+07
-15070.6 336388 8.91207e+07 15070.6 -336388 -3.85139e+07
-15224.4 336388 9.003e+07 15224.4 -336388 -3.89067e+07
-15378.2 336388 9.09392e+07 15378.2 -336388 -3.92995e+07
-15532 336388 9.18485e+07 15532 -336388 -3.96923e+07
-15685.8 336388 9.27578e+07 15685.8 -336388 -4.00851e+07
-15839.6 336388 9.36671e+07 15839.6 -336388 -4.0478e+07
-15993.4 336388 9.45764e+07 15993.4 -336388 -4.08708e+07
-16147.3 336388 9.54857e+07 16147.3 -336388 -4.12636e+07
-16301.1 336388 9.6395e+07 16301.1 -336388 -4.16564e+07
-16454.9 336388 9.73043e+07 16454.9 -336388 -4.20492e+07
-16608.7 336388 9.82136e+07 16608.7 -336388 -4.2442e+07
-16762.5 336388 9.91228e+07 16762.5 -336388 -4.28348e+07
-16916.3 336388 1.00032e+08 16916.3 -336388 -4.32276e+07
-17070.1 336388 1.00941e+08 17070.1 -336388 -4.36204e+07
-17223.9 336388 1.01851e+08 17223.9 -336388 -4.40131e+07
-17377.7 336388 1.0276e+08 17377.7 -336388 -4.44059e+07
-17531.5 336388 1.03669e+08 17531.5 -336388 -4.47987e+07
-17685.4 336388 1.04578e+08 17685.4 -336388 -4.51915e+07
-17839.2 336388 1.05488e+08 17839.2 -336388 -4.55842e+07
-17993 336388 1.06397e+08 17993 -336388 -4.5977e+07
-18146.8 336388 1.07306e+08 18146.8 -336388 -4.63698e+07
-18300.6 336388 1.08215e+08 18300.6 -336388 -4.67626e+07
-18454.4 336388 1.09125e+08 18454.4 -336388 -4.71553e+07
-18608.2 336388 1.10034e+08 18608.2 -336388 -4.75481e+07
-18762.1 336388 1.10943e+08 18762.1 -336388 -4.79408e+07
-18915.9 336388 1.11852e+08 18915.9 -336388 -4.83336e+07
-19069.7 336388 1.12762e+08 19069.7 -336388 -4.87263e+07
-19223.5 336388 1.13671e+08 19223.5 -336388 -4.9119e+07
-19377.3 336388 1.1458e+08 19377.3 -336388 -4.95118e+07
-19531.1 336388 1.15489e+08 19531.1 -336388 -4.99045e+07
-19685 336388 1.16399e+08 19685 -336388 -5.02972e+07
-19838.8 336388 1.17308e+08 19838.8 -336388 -5.069e+07
-19992.6 336388 1.18217e+08 19992.6 -336388 -5.10827e+07
-20146.4 336388 1.19126e+08 20146.4 -336388 -5.14754e+07
-20300.2 336388 1.20036e+08 20300.2 -336388 -5.18681e+07
-20454.1 336388 1.20945e+08 20454.1 -336388 -5.22608e+07
-20607.9 336388 1.21854e+08 20607.9 -336388 -5.26536e+07
-20761.7 336388 1.22763e+08 20761.7 -336388 -5.30462e+07
-20915.5 336388 1.23673e+08 20915.5 -336388 -5.34389e+07
-21069.4 336388 1.24582e+08 21069.4 -336388 -5.38316e+07
-21223.2 336388 1.25491e+08 21223.2 -336388 -5.42243e+07
-21377 336388 1.264e+08 21377 -336388 -5.4617e+07
-21530.8 336388 1.27309e+08 21530.8 -336388 -5.50097e+07
-21684.7 336388 1.28219e+08 21684.7 -336388 -5.54024e+07
-21838.5 336388 1.29128e+08 21838.5 -336388 -5.57951e+07
-21992.3 336388 1.30037e+08 21992.3 -336388 -5.61878e+07
-22146.1 336388 1.30946e+08 22146.1 -336388 -5.65804e+07
-22300 336388 1.31855e+08 22300 -336388 -5.69731e+07
-22453.8 336388 1.32765e+08 22453.8 -336388 -5.73658e+07
-22607.6 336388 1.33674e+08 22607.6 -336388 -5.77584e+07
-22761.4 336388 1.34583e+08 22761.4 -336388 -5.81511e+07
-22915.3 336388 1.35492e+08 22915.3 -336388 -5.85438e+07
-23069.1 336388 1.36401e+08 23069.1 -336388 -5.89364e+07
-23222.9 336388 1.37311e+08 23222.9 -336388 -5.93291e+07
-23376.8 336388 1.3822e+08 23376.8 -336388 -5.97217e+07
-23530.6 336388 1.39129e+08 23530.6 -336388 -6.01144e+07
-23684.4 336388 1.40038e+08 23684.4 -336388 -6.0507e+07
-23838.3 336388 1.40947e+08 23838.3 -336388 -6.08996e+07
-23992.1 336388 1.41857e+08 23992.1 -336388 -6.12923e+07
-24145.9 336388 1.42766e+08 24145.9 -336388 -6.16849e+07
-24299.8 336388 1.43675e+08 24299.8 -336388 -6.20775e+07
-24453.6 336388 1.44584e+08 24453.6 -336388 -6.24702e+07
-24607.4 336388 1.45493e+08 24607.4 -336388 -6.28628e+07
-24761.3 336388 1.46403e+08 24761.3 -336388 -6.32554e+07
-24915.1 336388 1.47312e+08 24915.1 -336388 -6.3648e+07
-25068.9 336388 1.48221e+08 25068.9 -336388 -6.40406e+07
-25222.8 336388 1.4913e+08 25222.8 -336388 -6.44332e+07
-25376.6 336388 1.50039e+08 25376.6 -336388 -6.48258e+07
-25530.4 336388 1.50948e+08 25530.4 -336388 -6.52184e+07
-25684.3 336388 1.51858e+08 25684.3 -336388 -6.5611e+07
-25838.1 336388 1.52767e+08 25838.1 -336388 -6.60036e+07
-25991.9 336388 1.53676e+08 25991.9 -336388 -6.63962e+07
-26145.8 336388 1.54585e+08 26145.8 -336388 -6.67888e+07
-26299.6 336388 1.55494e+08 26299.6 -336388 -6.71814e+07
-26453.5 336388 1.56403e+08 26453.5 -336388 -6.75739e+07
-26607.3 336388 1.57312e+08 26607.3 -336388 -6.79665e+07
-26761.1 336388 1.58222e+08 26761.1 -336388 -6.83591e+07
-26915 336388 1.59131e+08 26915 -336388 -6.87516e+07
-27068.8 336388 1.6004e+08 27068.8 -336388 -6.91442e+07
-27222.7 336388 1.60949e+08 27222.7 -336388 -6.95368e+07
-27376.5 336388 1.61858e+08 27376.5 -336388 -6.99293e+07
-27530.4 336388 1.62767e+08 27530.4 -336388 -7.03219e+07
-27684.2 336388 1.63676e+08 27684.2 -336388 -7.07144e+07
-27838 336388 1.64586e+08 27838 -336388 -7.1107e+07
-27991.9 336388 1.65495e+08 27991.9 -336388 -7.14995e+07
-28145.7 336388 1.66404e+08 28145.7 -336388 -7.18921e+07
-28299.6 336388 1.67313e+08 28299.6 -336388 -7.22846e+07
-28453.4 336388 1.68222e+08 28453.4 -336388 -7.26772e+07
-28607.3 336388 1.69131e+08 28607.3 -336388 -7.30697e+07
-28761.1 336388 1.7004e+08 28761.1 -336388 -7.34622e+07
-28915 336388 1.70949e+08 28915 -336388 -7.38547e+07
-29068.8 336388 1.71859e+08 29068.8 -336388 -7.42473e+07
-29222.7 336388 1.72768e+08 29222.7 -336388 -7.46398e+07
-29376.5 336388 1.73677e+08 29376.5 -336388 -7.50323e+07
-29530.4 336388 1.74586e+08 29530.4 -336388 -7.54248e+07
-29684.2 336388 1.75495e+08 29684.2 -336388 -7.58173e+07
-29838.1 336388 1.76404e+08 29838.1 -336388 -7.62098e+07
-29991.9 336388 1.77313e+08 29991.9 -336388 -7.66023e+07
-30145.8 336388 1.78222e+08 30145.8 -336388 -7.69948e+07
-30299.6 336388 1.79131e+08 30299.6 -336388 -7.73873e+07
-30453.5 336388 1.80041e+08 30453.5 -336388 -7.77798e+07
-30607.3 336388 1.8095e+08 30607.3 -336388 -7.81723e+07
-30761.2 336388 1.81859e+08 30761.2 -336388 -7.85647e+07
-30915 336388 1.82768e+08 30915 -336388 -7.89572e+07
-31068.9 336388 1.83677e+08 31068.9 -336388 -7.93497e+07
-31222.7 336388 1.84586e+08 31222.7 -336388 -7.97422e+07
-31376.6 336388 1.85495e+08 31376.6 -336388 -8.01347e+07
-31530.4 336388 1.86404e+08 31530.4 -336388 -8.05271e+07
-31684.3 336388 1.87313e+08 31684.3 -336388 -8.09196e+07
-31838.2 336388 1.88222e+08 31838.2 -336388 -8.1312e+07
-31992 336388 1.89132e+08 31992 -336388 -8.17045e+07
-32145.9 336388 1.90041e+08 32145.9 -336388 -8.20969e+07
-32299.7 336388 1.9095e+08 32299.7 -336388 -8.24894e+07
-32453.6 336388 1.91859e+08 32453.6 -336388 -8.28818e+07
-32607.4 336388 1.92768e+08 32607.4 -336388 -8.32743e+07
-32761.3 336388 1.93677e+08 32761.3 -336388 -8.36667e+07
-32915.2 336388 1.94586e+08 32915.2 -336388 -8.40591e+07
-33069 336388 1.95495e+08 33069 -336388 -8.44516e+07
-33222.9 336388 1.96404e+08 33222.9 -336388 -8.4844e+07
-33376.7 336388 1.97313e+08 33376.7 -336388 -8.52364e+07
-33530.6 336388 1.98222e+08 33530.6 -336388 -8.56289e+07
-33684.5 336388 1.99131e+08 33684.5 -336388 -8.60213e+07
-33838.3 336388 2.0004e+08 33838.3 -336388 -8.64137e+07
-33992.2 336388 2.00949e+08 33992.2 -336388 -8.68061e+07
-34146.1 336388 2.01858e+08 34146.1 -336388 -8.71985e+07
-34299.9 336388 2.02768e+08 34299.9 -336388 -8.75909e+07
-34453.8 336388 2.03677e+08 34453.8 -336388 -8.79833e+07
-34607.6 336388 2.04586e+08 34607.6 -336388 -8.83757e+07
-34761.5 336388 2.05495e+08 34761.5 -336388 -8.87681e+07
-34915.4 336388 2.06404e+08 34915.4 -336388 -8.91605e+07
-35069.2 336388 2.07313e+08 35069.2 -336388 -8.95529e+07
-35223.1 336388 2.08222e+08 35223.1 -336388 -8.99453e+07
-35377 336388 2.09131e+08 35377 -336388 -9.03377e+07
-35530.8 336388 2.1004e+08 35530.8 -336388 -9.073e+07
-35684.7 336388 2.10949e+08 35684.7 -336388 -9.11224e+07
-35838.6 336388 2.11858e+08 35838.6 -336388 -9.15148e+07
-35992.4 336388 2.12767e+08 35992.4 -336388 -9.19071e+07
-36146.3 336388 2.13676e+08 36146.3 -336388 -9.22995e+07
-36300.2 336388 2.14585e+08 36300.2 -336388 -9.26919e+07
-36454.1 336388 2.15494e+08 36454.1 -336388 -9.30842e+07
-36607.9 336388 2.16403e+08 36607.9 -336388 -9.34766e+07
-36761.8 336388 2.17312e+08 36761.8 -336388 -9.38689e+07
-36915.7 336388 2.18221e+08 36915.7 -336388 -9.42613e+07
-37069.5 336388 2.1913e+08 37069.5 -336388 -9.46536e+07
-37223.4 336388 2.20039e+08 37223.4 -336388 -9.50459e+07
-37377.3 336388 2.20948e+08 37377.3 -336388 -9.54383e+07
-37531.2 336388 2.21857e+08 37531.2 -336388 -9.58306e+07
-37685 336388 2.22766e+08 37685 -336388 -9.62229e+07
-37838.9 336388 2.23675e+08 37838.9 -336388 -9.66153e+07
-37992.8 336388 2.24584e+08 37992.8 -336388 -9.70076e+07
-38146.7 336388 2.25493e+08 38146.7 -336388 -9.73999e+07
-38300.5 336388 2.26402e+08 38300.5 -336388 -9.77922e+07
-38454.4 336388 2.27311e+08 38454.4 -336388 -9.81845e+07
-38608.3 336388 2.2822e+08 38608.3 -336388 -9.85768e+07
-38762.2 336388 2.29129e+08 38762.2 -336388 -9.89691e+07
-38916.1 336388 2.30038e+08 38916.1 -336388 -9.93614e+07
-39069.9 336388 2.30947e+08 39069.9 -336388 -9.97538e+07
-39223.8 336388 2.31856e+08 39223.8 -336388 -1.00146e+08
-39377.7 336388 2.32765e+08 39377.7 -336388 -1.00538e+08
-39531.6 336388 2.33674e+08 39531.6 -336388 -1.00931e+08
-39685.4 336388 2.34583e+08 39685.4 -336388 -1.01323e+08
-39839.3 336388 2.35492e+08 39839.3 -336388 -1.01715e+08
-39993.2 336388 2.36401e+08 39993.2 -336388 -1.02107e+08
-40147.1 336388 2.3731e+08 40147.1 -336388 -1.025e+08
-40301 336388 2.38219e+08 40301 -336388 -1.02892e+08
-40454.9 336388 2.39128e+08 40454.9 -336388 -1.03284e+08
-40608.7 336388 2.40037e+08 40608.7 -336388 -1.03677e+08
-40762.6 336388 2.40946e+08 40762.6 -336388 -1.04069e+08
-40916.5 336388 2.41855e+08 40916.5 -336388 -1.04461e+08
-41070.4 336388 2.42764e+08 41070.4 -336388 -1.04853e+08
-41224.3 336388 2.43673e+08 41224.3 -336388 -1.05246e+08
-41378.2 336388 2.44582e+08 41378.2 -336388 -1.05638e+08
-41532.1 336388 2.45491e+08 41532.1 -336388 -1.0603e+08
-41685.9 336388 2.464e+08 41685.9 -336388 -1.06422e+08
-41839.8 336388 2.47309e+08 41839.8 -336388 -1.06815e+08
-41993.7 336388 2.48218e+08 41993.7 -336388 -1.07207e+08
-42147.6 336388 2.49127e+08 42147.6 -336388 -1.07599e+08
-42301.5 336388 2.50036e+08 42301.5 -336388 -1.07991e+08
-42455.4 336388 2.50944e+08 42455.4 -336388 -1.08383e+08
-42609.3 336388 2.51853e+08 42609.3 -336388 -1.08776e+08
-42763.2 336388 2.52762e+08 42763.2 -336388 -1.09168e+08
-42917 336388 2.53671e+08 42917 -336388 -1.0956e+08
-43070.9 336388 2.5458e+08 43070.9 -336388 -1.09952e+08
-43224.8 336388 2.55489e+08 43224.8 -336388 -1.10344e+08
-43378.7 336388 2.56398e+08 43378.7 -336388 -1.10737e+08
-43532.6 336388 2.57307e+08 43532.6 -336388 -1.11129e+08
-43686.5 336388 2.58216e+08 43686.5 -336388 -1.11521e+08
-43840.4 336388 2.59125e+08 43840.4 -336388 -1.11913e+08
-43994.3 336388 2.60034e+08 43994.3 -336388 -1.12305e+08
-44148.2 336388 2.60943e+08 44148.2 -336388 -1.12698e+08
-44302.1 336388 2.61852e+08 44302.1 -336388 -1.1309e+08
-44456 336388 2.62761e+08 44456 -336388 -1.13482e+08
-44609.9 336388 2.6367e+08 44609.9 -336388 -1.13874e+08
-44763.8 336388 2.64578e+08 44763.8 -336388 -1.14266e+08
-44917.7 336388 2.65487e+08 44917.7 -336388 -1.14659e+08
-45071.6 336388 2.66396e+08 45071.6 -336388 -1.15051e+08
-45225.5 336388 2.67305e+08 45225.5 -336388 -1.15443e+08
-45379.4 336388 2.68214e+08 45379.4 -336388 -1.15835e+08
-45533.3 336388 2.69123e+08 45533.3 -336388 -1.16227e+08
-45687.2 336388 2.70032e+08 45687.2 -336388 -1.16619e+08
-45841.1 336388 2.70941e+08 45841.1 -336388 -1.17011e+08
-45995 336388 2.7185e+08 45995 -336388 -1.17404e+08
-46148.9 336388 2.72759e+08 46148.9 -336388 -1.17796e+08
-46302.8 336388 2.73668e+08 46302.8 -336388 -1.18188e+08
-46456.7 336388 2.74576e+08 46456.7 -336388 -1.1858e+08
-46610.6 336388 2.75485e+08 46610.6 -336388 -1.18972e+08
-46764.5 336388 2.76394e+08 46764.5 -336388 -1.19364e+08
-46918.4 336388 2.77303e+08 46918.4 -336388 -1.19756e+08
-47072.3 336388 2.78212e+08 47072.3 -336388 -1.20149e+08
-47226.2 336388 2.79121e+08 47226.2 -336388 -1.20541e+08
-47380.1 336388 2.8003e+08 47380.1 -336388 -1.20933e+08
-47534 336388 2.80939e+08 47534 -336388 -1.21325e+08
-47687.9 336388 2.81848e+08 47687.9 -336388 -1.21717e+08
-47841.8 336388 2.82756e+08 47841.8 -336388 -1.22109e+08
-47995.7 336388 2.83665e+08 47995.7 -336388 -1.22501e+08
-48149.6 336388 2.84574e+08 48149.6 -336388 -1.22893e+08
-48303.5 336388 2.85483e+08 48303.5 -336388 -1.23285e+08
-48457.4 336388 2.86392e+08 48457.4 -336388 -1.23677e+08
-48611.3 336388 2.87301e+08 48611.3 -336388 -1.2407e+08
-48765.2 336388 2.8821e+08 48765.2 -336388 -1.24462e+08
-48919.1 336388 2.89119e+08 48919.1 -336388 -1.24854e+08
-49073 336388 2.90027e+08 49073 -336388 -1.25246e+08
-49227 336388 2.90936e+08 49227 -336388 -1.25638e+08
-49380.9 336388 2.91845e+08 49380.9 -336388 -1.2603e+08
-49534.8 336388 2.92754e+08 49534.8 -336388 -1.26422e+08
-49688.7 336388 2.93663e+08 49688.7 -336388 -1.26814e+08
-49842.6 336388 2.94572e+08 49842.6 -336388 -1.27206e+08
-49996.5 336388 2.95481e+08 49996.5 -336388 -1.27598e+08
-50150.4 336388 2.96389e+08 50150.4 -336388 -1.2799e+08
-50304.3 336388 2.97298e+08 50304.3 -336388 -1.28382e+08
-50458.3 336388 2.98207e+08 50458.3 -336388 -1.28774e+08
-50612.2 336388 2.99116e+08 50612.2 -336388 -1.29166e+08
-50766.1 336388 3.00025e+08 50766.1 -336388 -1.29558e+08
-50920 336388 3.00934e+08 50920 -336388 -1.2995e+08
-51073.9 336388 3.01842e+08 51073.9 -336388 -1.30342e+08
-51227.8 336388 3.02751e+08 51227.8 -336388 -1.30734e+08
-51381.7 336388 3.0366e+08 51381.7 -336388 -1.31126e+08
-51535.7 336388 3.04569e+08 51535.7 -336388 -1.31518e+08
-51689.6 336388 3.05478e+08 51689.6 -336388 -1.31911e+08
-51843.5 336388 3.06387e+08 51843.5 -336388 -1.32303e+08
-51997.4 336388 3.07295e+08 51997.4 -336388 -1.32695e+08
-52151.3 336388 3.08204e+08 52151.3 -336388 -1.33087e+08
-52305.3 336388 3.09113e+08 52305.3 -336388 -1.33479e+08
-52459.2 336388 3.10022e+08 52459.2 -336388 -1.33871e+08
-52613.1 336388 3.10931e+08 52613.1 -336388 -1.34263e+08
-52767 336388 3.1184e+08 52767 -336388 -1.34655e+08
-52920.9 336388 3.12748e+08 52920.9 -336388 -1.35047e+08
-53074.9 336388 3.13657e+08 53074.9 -336388 -1.35438e+08
-53228.8 336388 3.14566e+08 53228.8 -336388 -1.3583e+08
-53382.7 336388 3.15475e+08 53382.7 -336388 -1.36222e+08
-53536.6 336388 3.16384e+08 53536.6 -336388 -1.36614e+08
-53690.5 336388 3.17292e+08 53690.5 -336388 -1.37006e+08
-53844.5 336388 3.18201e+08 53844.5 -336388 -1.37398e+08
-53998.4 336388 3.1911e+08 53998.4 -336388 -1.3779e+08
-54152.3 336388 3.20019e+08 54152.3 -336388 -1.38182e+08
-54306.2 336388 3.20928e+08 54306.2 -336388 -1.38574e+08
-54460.2 336388 3.21836e+08 54460.2 -336388 -1.38966e+08
-54614.1 336388 3.22745e+08 54614.1 -336388 -1.39358e+08
-54768 336388 3.23654e+08 54768 -336388 -1.3975e+08
-54922 336388 3.24563e+08 54922 -336388 -1.40142e+08
-55075.9 336388 3.25472e+08 55075.9 -336388 -1.40534e+08
-55229.8 336388 3.2638e+08 55229.8 -336388 -1.40926e+08
-55383.7 336388 3.27289e+08 55383.7 -336388 -1.41318e+08
-55537.7 336388 3.28198e+08 55537.7 -336388 -1.4171e+08
-55691.6 336388 3.29107e+08 55691.6 -336388 -1.42102e+08
-55845.5 336388 3.30015e+08 55845.5 -336388 -1.42494e+08
-55999.5 336388 3.30924e+08 55999.5 -336388 -1.42886e+08
-56153.4 336388 3.31833e+08 56153.4 -336388 -1.43277e+08
-56307.3 336388 3.32742e+08 56307.3 -336388 -1.43669e+08
-56461.3 336388 3.33651e+08 56461.3 -336388 -1.44061e+08
-56615.2 336388 3.34559e+08 56615.2 -336388 -1.44453e+08
-56769.1 336388 3.35468e+08 56769.1 -336388 -1.44845e+08
-56923.1 336388 3.36377e+08 56923.1 -336388 -1.45237e+08
-57077 336388 3.37286e+08 57077 -336388 -1.45629e+08
-57230.9 336388 3.38194e+08 57230.9 -336388 -1.46021e+08
-57384.9 336388 3.39103e+08 57384.9 -336388 -1.46413e+08
-57538.8 336388 3.40012e+08 57538.8 -336388 -1.46805e+08
-57692.7 336388 3.40921e+08 57692.7 -336388 -1.47196e+08
-57846.7 336388 3.41829e+08 57846.7 -336388 -1.47588e+08
-58000.6 336388 3.42738e+08 58000.6 -336388 -1.4798e+08
-58154.5 336388 3.43647e+08 58154.5 -336388 -1.48372e+08
-58308.5 336388 3.44556e+08 58308.5 -336388 -1.48764e+08
-58462.4 336388 3.45464e+08 58462.4 -336388 -1.49156e+08
-58616.4 336388 3.46373e+08 58616.4 -336388 -1.49548e+08
-58770.3 336388 3.47282e+08 58770.3 -336388 -1.4994e+08
-58924.2 336388 3.48191e+08 58924.2 -336388 -1.50331e+08
-59078.2 336388 3.49099e+08 59078.2 -336388 -1.50723e+08
-59232.1 336388 3.50008e+08 59232.1 -336388 -1.51115e+08
-59386.1 336388 3.50917e+08 59386.1 -336388 -1.51507e+08
-59540 336388 3.51825e+08 59540 -336388 -1.51899e+08
-59693.9 336388 3.52734e+08 59693.9 -336388 -1.52291e+08
-59847.9 336388 3.53643e+08 59847.9 -336388 -1.52682e+08
-60001.8 336388 3.54552e+08 60001.8 -336388 -1.53074e+08
-60155.8 336388 3.5546e+08 60155.8 -336388 -1.53466e+08
-60309.7 336388 3.56369e+08 60309.7 -336388 -1.53858e+08
-60463.7 336388 3.57278e+08 60463.7 -336388 -1.5425e+08
-60617.6 336388 3.58187e+08 60617.6 -336388 -1.54642e+08
-60771.5 336388 3.59095e+08 60771.5 -336388 -1.55033e+08
-60925.5 336388 3.60004e+08 60925.5 -336388 -1.55425e+08
-61079.4 336388 3.60913e+08 61079.4 -336388 -1.55817e+08
-61233.4 336388 3.61821e+08 61233.4 -336388 -1.56209e+08
-61387.3 336388 3.6273e+08 61387.3 -336388 -1.56601e+08
-61541.3 336388 3.63639e+08 61541.3 -336388 -1.56992e+08
-61695.2 336388 3.64547e+08 61695.2 -336388 -1.57384e+08
-61849.2 336388 3.65456e+08 61849.2 -336388 -1.57776e+08
-62003.1 336388 3.66365e+08 62003.1 -336388 -1.58168e+08
-62157.1 336388 3.67274e+08 62157.1 -336388 -1.5856e+08
-62311 336388 3.68182e+08 62311 -336388 -1.58951e+08
-62465 336388 3.69091e+08 62465 -336388 -1.59343e+08
-62618.9 336388 3.7e+08 62618.9 -336388 -1.59735e+08
-62772.9 336388 3.70908e+08 62772.9 -336388 -1.60127e+08
-62926.8 336388 3.71817e+08 62926.8 -336388 -1.60518e+08
-63080.8 336388 3.72726e+08 63080.8 -336388 -1.6091e+08
-63234.7 336388 3.73634e+08 63234.7 -336388 -1.61302e+08
-63388.7 336388 3.74543e+08 63388.7 -336388 -1.61694e+08
-63542.6 336388 3.75452e+08 63542.6 -336388 -1.62085e+08
-63696.6 336388 3.7636e+08 63696.6 -336388 -1.62477e+08
-63850.5 336388 3.77269e+08 63850.5 -336388 -1.62869e+08
-64004.5 336388 3.78178e+08 64004.5 -336388 -1.63261e+08
-64158.5 336388 3.79086e+08 64158.5 -336388 -1.63652e+08
-64312.4 336388 3.79995e+08 64312.4 -336388 -1.64044e+08
-64466.4 336388 3.80904e+08 64466.4 -336388 -1.64436e+08
-64620.3 336388 3.81812e+08 64620.3 -336388 -1.64828e+08
-64774.3 336388 3.82721e+08 64774.3 -336388 -1.65219e+08
-64928.2 336388 3.8363e+08 64928.2 -336388 -1.65611e+08
-65082.2 336388 3.84538e+08 65082.2 -336388 -1.66003e+08
-65236.2 336388 3.85447e+08 65236.2 -336388 -1.66395e+08
-65390.1 336388 3.86356e+08 65390.1 -336388 -1.66786e+08
-65544.1 336388 3.87264e+08 65544.1 -336388 -1.67178e+08
-65698 336388 3.88173e+08 65698 -336388 -1.6757e+08
-65852 336388 3.89082e+08 65852 -336388 -1.67961e+08
-66006 336388 3.8999e+08 66006 -336388 -1.68353e+08
-66159.9 336388 3.90899e+08 66159.9 -336388 -1.68745e+08
-66313.9 336388 3.91808e+08 66313.9 -336388 -1.69136e+08
-66467.9 336388 3.92716e+08 66467.9 -336388 -1.69528e+08
-66621.8 336388 3.93625e+08 66621.8 -336388 -1.6992e+08
-66775.8 336388 3.94534e+08 66775.8 -336388 -1.70311e+08
-66929.7 336388 3.95442e+08 66929.7 -336388 -1.70703e+08
-67083.7 336388 3.96351e+08 67083.7 -336388 -1.71095e+08
-67237.7 336388 3.97259e+08 67237.7 -336388 -1.71487e+08
-67391.6 336388 3.98168e+08 67391.6 -336388 -1.71878e+08
-67545.6 336388 3.99077e+08 67545.6 -336388 -1.7227e+08
-67699.6 336388 3.99985e+08 67699.6 -336388 -1.72662e+08
-67853.5 336388 4.00894e+08 67853.5 -336388 -1.73053e+08
-68007.5 336388 4.01803e+08 68007.5 -336388 -1.73445e+08
-68161.5 336388 4.02711e+08 68161.5 -336388 -1.73836e+08
-68315.4 336388 4.0362e+08 68315.4 -336388 -1.74228e+08
-68469.4 336388 4.04528e+08 68469.4 -336388 -1.7462e+08
-68623.4 336388 4.05437e+08 68623.4 -336388 -1.75011e+08
-68777.4 336388 4.06346e+08 68777.4 -336388 -1.75403e+08
-68931.3 336388 4.07254e+08 68931.3 -336388 -1.75795e+08
-69085.3 336388 4.08163e+08 69085.3 -336388 -1.76186e+08
-69239.3 336388 4.09071e+08 69239.3 -336388 -1.76578e+08
-69393.2 336388 4.0998e+08 69393.2 -336388 -1.7697e+08
-69547.2 336388 4.10889e+08 69547.2 -336388 -1.77361e+08
-69701.2 336388 4.11797e+08 69701.2 -336388 -1.77753e+08
-69855.2 336388 4.12706e+08 69855.2 -336388 -1.78144e+08
-70009.1 336388 4.13614e+08 70009.1 -336388 -1.78536e+08
-70163.1 336388 4.14523e+08 70163.1 -336388 -1.78928e+08
-70317.1 336388 4.15432e+08 70317.1 -336388 -1.79319e+08
-70471.1 336388 4.1634e+08 70471.1 -336388 -1.79711e+08
-70625 336388 4.17249e+08 70625 -336388 -1.80102e+08
-70779 336388 4.18157e+08 70779 -336388 -1.80494e+08
-70933 336388 4.19066e+08 70933 -336388 -1.80886e+08
-71087 336388 4.19975e+08 71087 -336388 -1.81277e+08
-71240.9 336388 4.20883e+08 71240.9 -336388 -1.81669e+08
-71394.9 336388 4.21792e+08 71394.9 -336388 -1.8206e+08
-71548.9 336388 4.227e+08 71548.9 -336388 -1.82452e+08
-71702.9 336388 4.23609e+08 71702.9 -336388 -1.82843e+08
-71856.9 336388 4.24517e+08 71856.9 -336388 -1.83235e+08
-72010.8 336388 4.25426e+08 72010.8 -336388 -1.83627e+08
-72164.8 336388 4.26335e+08 72164.8 -336388 -1.84018e+08
-72318.8 336388 4.27243e+08 72318.8 -336388 -1.8441e+08
-72472.8 336388 4.28152e+08 72472.8 -336388 -1.84801e+08
-72626.8 336388 4.2906e+08 72626.8 -336388 -1.85193e+08
-72780.7 336388 4.29969e+08 72780.7 -336388 -1.85584e+08
-72934.7 336388 4.30877e+08 72934.7 -336388 -1.85976e+08
-73088.7 336388 4.31786e+08 73088.7 -336388 -1.86367e+08
-73242.7 336388 4.32695e+08 73242.7 -336388 -1.86759e+08
-73396.7 336388 4.33603e+08 73396.7 -336388 -1.87151e+08
-73550.7 336388 4.34512e+08 73550.7 -336388 -1.87542e+08
-73704.6 336388 4.3542e+08 73704.6 -336388 -1.87934e+08
-73858.6 336388 4.36329e+08 73858.6 -336388 -1.88325e+08
-74012.6 336388 4.37237e+08 74012.6 -336388 -1.88717e+08
-74166.6 336388 4.38146e+08 74166.6 -336388 -1.89108e+08
-74320.6 336388 4.39054e+08 74320.6 -336388 -1.895e+08
-74474.6 336388 4.39963e+08 74474.6 -336388 -1.89891e+08
-74628.6 336388 4.40871e+08 74628.6 -336388 -1.90283e+08
-74782.6 336388 4.4178e+08 74782.6 -336388 -1.90674e+08
-74936.5 336388 4.42688e+08 74936.5 -336388 -1.91066e+08
-75090.5 336388 4.43597e+08 75090.5 -336388 -1.91457e+08
-75244.5 336388 4.44506e+08 75244.5 -336388 -1.91849e+08
-75398.5 336388 4.45414e+08 75398.5 -336388 -1.9224e+08
-75552.5 336388 4.46323e+08 75552.5 -336388 -1.92632e+08
-75706.5 336388 4.47231e+08 75706.5 -336388 -1.93023e+08
-75860.5 336388 4.4814e+08 75860.5 -336388 -1.93415e+08
-76014.5 336388 4.49048e+08 76014.5 -336388 -1.93806e+08
-76168.5 336388 4.49957e+08 76168.5 -336388 -1.94198e+08
-76322.5 336388 4.50865e+08 76322.5 -336388 -1.94589e+08
-76476.5 336388 4.51774e+08 76476.5 -336388 -1.9498e+08
-76630.5 336388 4.52682e+08 76630.5 -336388 -1.95372e+08
-76784.4 336388 4.53591e+08 76784.4 -336388 -1.95763e+08
-76938.4 336388 4.54499e+08 76938.4 -336388 -1.96155e+08
-77092.4 336388 4.55408e+08 77092.4 -336388 -1.96546e+08
-77246.4 336388 4.56316e+08 77246.4 -336388 -1.96938e+08
-77400.4 336388 4.57225e+08 77400.4 -336388 -1.97329e+08
-77554.4 336388 4.58133e+08 77554.4 -336388 -1.97721e+08
-77708.4 336388 4.59042e+08 77708.4 -336388 -1.98112e+08
-77862.4 336388 4.5995e+08 77862.4 -336388 -1.98503e+08
-78016.4 336388 4.60859e+08 78016.4 -336388 -1.98895e+08
-78170.4 336388 4.61767e+08 78170.4 -336388 -1.99286e+08
-78324.4 336388 4.62676e+08 78324.4 -336388 -1.99678e+08
-78478.4 336388 4.63584e+08 78478.4 -336388 -2.00069e+08
-78632.4 336388 4.64493e+08 78632.4 -336388 -2.00461e+08
-78786.4 336388 4.65401e+08 78786.4 -336388 -2.00852e+08
-78940.4 336388 4.6631e+08 78940.4 -336388 -2.01243e+08
-79094.4 336388 4.67218e+08 79094.4 -336388 -2.01635e+08
-79248.4 336388 4.68127e+08 79248.4 -336388 -2.02026e+08
-79402.4 336388 4.69035e+08 79402.4 -336388 -2.02418e+08
-79556.4 336388 4.69944e+08 79556.4 -336388 -2.02809e+08
-79710.4 336388 4.70852e+08 79710.4 -336388 -2.032e+08
-79864.4 336388 4.7176e+08 79864.4 -336388 -2.03592e+08
-80018.4 336388 4.72669e+08 80018.4 -336388 -2.03983e+08
-80172.4 336388 4.73577e+08 80172.4 -336388 -2.04375e+08
-80326.5 336388 4.74486e+08 80326.5 -336388 -2.04766e+08
-80480.5 336388 4.75394e+08 80480.5 -336388 -2.05157e+08
-80634.5 336388 4.76303e+08 80634.5 -336388 -2.05549e+08
-80788.5 336388 4.77211e+08 80788.5 -336388 -2.0594e+08
-80942.5 336388 4.7812e+08 80942.5 -336388 -2.06331e+08
-81096.5 336388 4.79028e+08 81096.5 -336388 -2.06723e+08
-81250.5 336388 4.79937e+08 81250.5 -336388 -2.07114e+08
-81404.5 336388 4.80845e+08 81404.5 -336388 -2.07506e+08
-81558.5 336388 4.81754e+08 81558.5 -336388 -2.07897e+08
-81712.5 336388 4.82662e+08 81712.5 -336388 -2.08288e+08
-81866.5 336388 4.8357e+08 81866.5 -336388 -2.0868e+08
-82020.5 336388 4.84479e+08 82020.5 -336388 -2.09071e+08
-82174.6 336388 4.85387e+08 82174.6 -336388 -2.09462e+08
-82328.6 336388 4.86296e+08 82328.6 -336388 -2.09854e+08
-82482.6 336388 4.87204e+08 82482.6 -336388 -2.10245e+08
-82636.6 336388 4.88113e+08 82636.6 -336388 -2.10636e+08
-82790.6 336388 4.89021e+08 82790.6 -336388 -2.11028e+08
-82944.6 336388 4.89929e+08 82944.6 -336388 -2.11419e+08
-83098.6 336388 4.90838e+08 83098.6 -336388 -2.1181e+08
-83252.6 336388 4.91746e+08 83252.6 -336388 -2.12201e+08
-83406.7 336388 4.92655e+08 83406.7 -336388 -2.12593e+08
-83560.7 336388 4.93563e+08 83560.7 -336388 -2.12984e+08
-83714.7 336388 4.94472e+08 83714.7 -336388 -2.13375e+08
-83868.7 336388 4.9538e+08 83868.7 -336388 -2.13767e+08
-84022.7 336388 4.96288e+08 84022.7 -336388 -2.14158e+08
-84176.7 336388 4.97197e+08 84176.7 -336388 -2.14549e+08
-84330.8 336388 4.98105e+08 84330.8 -336388 -2.14941e+08
-84484.8 336388 4.99014e+08 84484.8 -336388 -2.15332e+08
-84638.8 336388 4.99922e+08 84638.8 -336388 -2.15723e+08
-84792.8 336388 5.0083e+08 84792.8 -336388 -2.16114e+08
-84946.8 336388 5.01739e+08 84946.8 -336388 -2.16506e+08
-85100.9 336388 5.02647e+08 85100.9 -336388 -2.16897e+08
-85254.9 336388 5.03556e+08 85254.9 -336388 -2.17288e+08
-85408.9 336388 5.04464e+08 85408.9 -336388 -2.1768e+08
-85562.9 336388 5.05372e+08 85562.9 -336388 -2.18071e+08
-85716.9 336388 5.06281e+08 85716.9 -336388 -2.18462e+08
-85871 336388 5.07189e+08 85871 -336388 -2.18853e+08
-86025 336388 5.08098e+08 86025 -336388 -2.19245e+08
-86179 336388 5.09006e+08 86179 -336388 -2.19636e+08
-86333 336388 5.09914e+08 86333 -336388 -2.20027e+08
-86487.1 336388 5.10823e+08 86487.1 -336388 -2.20418e+08
-86641.1 336388 5.11731e+08 86641.1 -336388 -2.2081e+08
-86795.1 336388 5.1264e+08 86795.1 -336388 -2.21201e+08
-86949.1 336388 5.13548e+08 86949.1 -336388 -2.21592e+08
-87103.2 336388 5.14456e+08 87103.2 -336388 -2.21983e+08
-87257.2 336388 5.15365e+08 87257.2 -336388 -2.22374e+08
-87411.2 336388 5.16273e+08 87411.2 -336388 -2.22766e+08
-87565.2 336388 5.17181e+08 87565.2 -336388 -2.23157e+08
-87719.3 336388 5.1809e+08 87719.3 -336388 -2.23548e+08
-87873.3 336388 5.18998e+08 87873.3 -336388 -2.23939e+08
-88027.3 336388 5.19907e+08 88027.3 -336388 -2.24331e+08
-88181.4 336388 5.20815e+08 88181.4 -336388 -2.24722e+08
-88335.4 336388 5.21723e+08 88335.4 -336388 -2.25113e+08
-88489.4 336388 5.22632e+08 88489.4 -336388 -2.25504e+08
-88643.5 336388 5.2354e+08 88643.5 -336388 -2.25895e+08
-88797.5 336388 5.24448e+08 88797.5 -336388 -2.26287e+08
-88951.5 336388 5.25357e+08 88951.5 -336388 -2.26678e+08
-89105.6 336388 5.26265e+08 89105.6 -336388 -2.27069e+08
-89259.6 336388 5.27173e+08 89259.6 -336388 -2.2746e+08
-89413.6 336388 5.28082e+08 89413.6 -336388 -2.27851e+08
-89567.7 336388 5.2899e+08 89567.7 -336388 -2.28242e+08
-89721.7 336388 5.29898e+08 89721.7 -336388 -2.28634e+08
-89875.7 336388 5.30807e+08 89875.7 -336388 -2.29025e+08
-90029.8 336388 5.31715e+08 90029.8 -336388 -2.29416e+08
-90183.8 336388 5.32623e+08 90183.8 -336388 -2.29807e+08
-90337.8 336388 5.33532e+08 90337.8 -336388 -2.30198e+08
-90491.9 336388 5.3444e+08 90491.9 -336388 -2.30589e+08
-90645.9 336388 5.35348e+08 90645.9 -336388 -2.30981e+08
-90799.9 336388 5.36257e+08 90799.9 -336388 -2.31372e+08
-90954 336388 5.37165e+08 90954 -336388 -2.31763e+08
-91108 336388 5.38073e+08 91108 -336388 -2.32154e+08
-91262.1 336388 5.38982e+08 91262.1 -336388 -2.32545e+08
-91416.1 336388 5.3989e+08 91416.1 -336388 -2.32936e+08
-91570.1 336388 5.40798e+08 91570.1 -336388 -2.33327e+08
-91724.2 336388 5.41707e+08 91724.2 -336388 -2.33718e+08
-91878.2 336388 5.42615e+08 91878.2 -336388 -2.3411e+08
-92032.3 336388 5.43523e+08 92032.3 -336388 -2.34501e+08
-92186.3 336388 5.44432e+08 92186.3 -336388 -2.34892e+08
-92340.3 336388 5.4534e+08 92340.3 -336388 -2.35283e+08
-92494.4 336388 5.46248e+08 92494.4 -336388 -2.35674e+08
-92648.4 336388 5.47157e+08 92648.4 -336388 -2.36065e+08
-92802.5 336388 5.48065e+08 92802.5 -336388 -2.36456e+08
-92956.5 336388 5.48973e+08 92956.5 -336388 -2.36847e+08
-93110.6 336388 5.49881e+08 93110.6 -336388 -2.37238e+08
-93264.6 336388 5.5079e+08 93264.6 -336388 -2.3763e+08
-93418.7 336388 5.51698e+08 93418.7 -336388 -2.38021e+08
-93572.7 336388 5.52606e+08 93572.7 -336388 -2.38412e+08
-93726.8 336388 5.53515e+08 93726.8 -336388 -2.38803e+08
-93880.8 336388 5.54423e+08 93880.8 -336388 -2.39194e+08
-94034.8 336388 5.55331e+08 94034.8 -336388 -2.39585e+08
-94188.9 336388 5.56239e+08 94188.9 -336388 -2.39976e+08
-94342.9 336388 5.57148e+08 94342.9 -336388 -2.40367e+08
-94497 336388 5.58056e+08 94497 -336388 -2.40758e+08
-94651 336388 5.58964e+08 94651 -336388 -2.41149e+08
-94805.1 336388 5.59873e+08 94805.1 -336388 -2.4154e+08
-94959.1 336388 5.60781e+08 94959.1 -336388 -2.41931e+08
-95113.2 336388 5.61689e+08 95113.2 -336388 -2.42322e+08
-95267.2 336388 5.62597e+08 95267.2 -336388 -2.42713e+08
-95421.3 336388 5.63506e+08 95421.3 -336388 -2.43104e+08
-95575.3 336388 5.64414e+08 95575.3 -336388 -2.43495e+08
-95729.4 336388 5.65322e+08 95729.4 -336388 -2.43886e+08
-95883.5 336388 5.6623e+08 95883.5 -336388 -2.44278e+08
-96037.5 336388 5.67139e+08 96037.5 -336388 -2.44669e+08
-96191.6 336388 5.68047e+08 96191.6 -336388 -2.4506e+08
-96345.6 336388 5.68955e+08 96345.6 -336388 -2.45451e+08
-96499.7 336388 5.69864e+08 96499.7 -336388 -2.45842e+08
-96653.7 336388 5.70772e+08 96653.7 -336388 -2.46233e+08
-96807.8 336388 5.7168e+08 96807.8 -336388 -2.46624e+08
-96961.8 336388 5.72588e+08 96961.8 -336388 -2.47015e+08
-97115.9 336388 5.73497e+08 97115.9 -336388 -2.47406e+08
-97270 336388 5.74405e+08 97270 -336388 -2.47797e+08
-97424 336388 5.75313e+08 97424 -336388 -2.48188e+08
-97578.1 336388 5.76221e+08 97578.1 -336388 -2.48579e+08
-97732.1 336388 5.7713e+08 97732.1 -336388 -2.4897e+08
-97886.2 336388 5.78038e+08 97886.2 -336388 -2.49361e+08
-98040.3 336388 5.78946e+08 98040.3 -336388 -2.49752e+08
-98194.3 336388 5.79854e+08 98194.3 -336388 -2.50143e+08
-98348.4 336388 5.80762e+08 98348.4 -336388 -2.50534e+08
-98502.4 336388 5.81671e+08 98502.4 -336388 -2.50925e+08
-98656.5 336388 5.82579e+08 98656.5 -336388 -2.51316e+08
-98810.6 336388 5.83487e+08 98810.6 -336388 -2.51706e+08
-98964.6 336388 5.84395e+08 98964.6 -336388 -2.52097e+08
-99118.7 336388 5.85304e+08 99118.7 -336388 -2.52488e+08
-99272.7 336388 5.86212e+08 99272.7 -336388 -2.52879e+08
-99426.8 336388 5.8712e+08 99426.8 -336388 -2.5327e+08
-99580.9 336388 5.88028e+08 99580.9 -336388 -2.53661e+08
-99734.9 336388 5.88936e+08 99734.9 -336388 -2.54052e+08
-99889 336388 5.89845e+08 99889 -336388 -2.54443e+08
-100043 336388 5.90753e+08 100043 -336388 -2.54834e+08
-100197 336388 5.91661e+08 100197 -336388 -2.55225e+08
-100351 336388 5.92569e+08 100351 -336388 -2.55616e+08
-100505 336388 5.93478e+08 100505 -336388 -2.56007e+08
-100659 336388 5.94386e+08 100659 -336388 -2.56398e+08
-100813 336388 5.95294e+08 100813 -336388 -2.56789e+08
-100967 336388 5.96202e+08 100967 -336388 -2.5718e+08
-101122 336388 5.9711e+08 101122 -336388 -2.57571e+08
-101276 336388 5.98019e+08 101276 -336388 -2.57961e+08
-101430 336388 5.98927e+08 101430 -336388 -2.58352e+08
-101584 336388 5.99835e+08 101584 -336388 -2.58743e+08
-101738 336388 6.00743e+08 101738 -336388 -2.59134e+08
-101892 336388 6.01651e+08 101892 -336388 -2.59525e+08
-102046 336388 6.02559e+08 102046 -336388 -2.59916e+08
-102200 336388 6.03468e+08 102200 -336388 -2.60307e+08
-102354 336388 6.04376e+08 102354 -336388 -2.60698e+08
-102508 336388 6.05284e+08 102508 -336388 -2.61089e+08
-102662 336388 6.06192e+08 102662 -336388 -2.6148e+08
-102816 336388 6.071e+08 102816 -336388 -2.6187e+08
-102970 336388 6.08009e+08 102970 -336388 -2.62261e+08
-103125 336388 6.08917e+08 103125 -336388 -2.62652e+08
-103279 336388 6.09825e+08 103279 -336388 -2.63043e+08
-103433 336388 6.10733e+08 103433 -336388 -2.63434e+08
-103587 336388 6.11641e+08 103587 -336388 -2.63825e+08
-103741 336388 6.12549e+08 103741 -336388 -2.64216e+08
-103895 336388 6.13458e+08 103895 -336388 -2.64606e+08
-104049 336388 6.14366e+08 104049 -336388 -2.64997e+08
-104203 336388 6.15274e+08 104203 -336388 -2.65388e+08
-104357 336388 6.16182e+08 104357 -336388 -2.65779e+08
-104511 336388 6.1709e+08 104511 -336388 -2.6617e+08
-104665 336388 6.17998e+08 104665 -336388 -2.66561e+08
-104819 336388 6.18906e+08 104819 -336388 -2.66952e+08
-104973 336388 6.19815e+08 104973 -336388 -2.67342e+08
-105128 336388 6.20723e+08 105128 -336388 -2.67733e+08
-105282 336388 6.21631e+08 105282 -336388 -2.68124e+08
-105436 336388 6.22539e+08 105436 -336388 -2.68515e+08
-105590 336388 6.23447e+08 105590 -336388 -2.68906e+08
-105744 336388 6.24355e+08 105744 -336388 -2.69296e+08
-105898 336388 6.25263e+08 105898 -336388 -2.69687e+08
-106052 336388 6.26172e+08 106052 -336388 -2.70078e+08
-106206 336388 6.2708e+08 106206 -336388 -2.70469e+08
-106360 336388 6.27988e+08 106360 -336388 -2.7086e+08
-106514 336388 6.28896e+08 106514 -336388 -2.7125e+08
-106668 336388 6.29804e+08 106668 -336388 -2.71641e+08
-106822 336388 6.30712e+08 106822 -336388 -2.72032e+08
-106977 336388 6.3162e+08 106977 -336388 -2.72423e+08
-107131 336388 6.32528e+08 107131 -336388 -2.72814e+08
-107285 336388 6.33437e+08 107285 -336388 -2.73204e+08
-107439 336388 6.34345e+08 107439 -336388 -2.73595e+08
-107593 336388 6.35253e+08 107593 -336388 -2.73986e+08
-107747 336388 6.36161e+08 107747 -336388 -2.74377e+08
-107901 336388 6.37069e+08 107901 -336388 -2.74767e+08
-108055 336388 6.37977e+08 108055 -336388 -2.75158e+08
-108209 336388 6.38885e+08 108209 -336388 -2.75549e+08
-108363 336388 6.39793e+08 108363 -336388 -2.7594e+08
-108517 336388 6.40701e+08 108517 -336388 -2.7633e+08
-108672 336388 6.4161e+08 108672 -336388 -2.76721e+08
-108826 336388 6.42518e+08 108826 -336388 -2.77112e+08
-108980 336388 6.43426e+08 108980 -336388 -2.77503e+08
-109134 336388 6.44334e+08 109134 -336388 -2.77893e+08
-109288 336388 6.45242e+08 109288 -336388 -2.78284e+08
-109442 336388 6.4615e+08 109442 -336388 -2.78675e+08
-109596 336388 6.47058e+08 109596 -336388 -2.79066e+08
-109750 336388 6.47966e+08 109750 -336388 -2.79456e+08
-109904 336388 6.48874e+08 109904 -336388 -2.79847e+08
-110058 336388 6.49782e+08 110058 -336388 -2.80238e+08
-110212 336388 6.5069e+08 110212 -336388 -2.80629e+08
-110367 336388 6.51599e+08 110367 -336388 -2.81019e+08
-110521 336388 6.52507e+08 110521 -336388 -2.8141e+08
-110675 336388 6.53415e+08 110675 -336388 -2.81801e+08
-110829 336388 6.54323e+08 110829 -336388 -2.82191e+08
-110983 336388 6.55231e+08 110983 -336388 -2.82582e+08
-111137 336388 6.56139e+08 111137 -336388 -2.82973e+08
-111291 336388 6.57047e+08 111291 -336388 -2.83363e+08
-111445 336388 6.57955e+08 111445 -336388 -2.83754e+08
-111599 336388 6.58863e+08 111599 -336388 -2.84145e+08
-111753 336388 6.59771e+08 111753 -336388 -2.84535e+08
-111908 336388 6.60679e+08 111908 -336388 -2.84926e+08
-112062 336388 6.61587e+08 112062 -336388 -2.85317e+08
-112216 336388 6.62495e+08 112216 -336388 -2.85707e+08
-112370 336388 6.63403e+08 112370 -336388 -2.86098e+08
-112524 336388 6.64311e+08 112524 -336388 -2.86489e+08
-112678 336388 6.65219e+08 112678 -336388 -2.86879e+08
-112832 336388 6.66128e+08 112832 -336388 -2.8727e+08
-112986 336388 6.67036e+08 112986 -336388 -2.87661e+08
-113140 336388 6.67944e+08 113140 -336388 -2.88051e+08
-113295 336388 6.68852e+08 113295 -336388 -2.88442e+08
-113449 336388 6.6976e+08 113449 -336388 -2.88833e+08
-113603 336388 6.70668e+08 113603 -336388 -2.89223e+08
-113757 336388 6.71576e+08 113757 -336388 -2.89614e+08
-113911 336388 6.72484e+08 113911 -336388 -2.90005e+08
-114065 336388 6.73392e+08 114065 -336388 -2.90395e+08
-114219 336388 6.743e+08 114219 -336388 -2.90786e+08
-114373 336388 6.75208e+08 114373 -336388 -2.91176e+08
-114527 336388 6.76116e+08 114527 -336388 -2.91567e+08
-114682 336388 6.77024e+08 114682 -336388 -2.91958e+08
-114836 336388 6.77932e+08 114836 -336388 -2.92348e+08
-114990 336388 6.7884e+08 114990 -336388 -2.92739e+08
-115144 336388 6.79748e+08 115144 -336388 -2.9313e+08
-115298 336388 6.80656e+08 115298 -336388 -2.9352e+08
-115452 336388 6.81564e+08 115452 -336388 -2.93911e+08
-115606 336388 6.82472e+08 115606 -336388 -2.94301e+08
-115760 336388 6.8338e+08 115760 -336388 -2.94692e+08
-115914 336388 6.84288e+08 115914 -336388 -2.95083e+08
-116069 336388 6.85196e+08 116069 -336388 -2.95473e+08
-116223 336388 6.86104e+08 116223 -336388 -2.95864e+08
-116377 336388 6.87012e+08 116377 -336388 -2.96254e+08
-116531 336388 6.8792e+08 116531 -336388 -2.96645e+08
-116685 336388 6.88828e+08 116685 -336388 -2.97035e+08
-116839 336388 6.89736e+08 116839 -336388 -2.97426e+08
-116993 336388 6.90644e+08 116993 -336388 -2.97816e+08
-117147 336388 6.91552e+08 117147 -336388 -2.98207e+08
-117301 336388 6.9246e+08 117301 -336388 -2.98598e+08
-117456 336388 6.93368e+08 117456 -336388 -2.98988e+08
-117610 336388 6.94276e+08 117610 -336388 -2.99379e+08
-117764 336388 6.95184e+08 117764 -336388 -2.99769e+08
-117918 336388 6.96092e+08 117918 -336388 -3.0016e+08
-118072 336388 6.97e+08 118072 -336388 -3.0055e+08
-118226 336388 6.97908e+08 118226 -336388 -3.00941e+08
-118380 336388 6.98816e+08 118380 -336388 -3.01331e+08
-118534 336388 6.99724e+08 118534 -336388 -3.01722e+08
-118689 336388 7.00632e+08 118689 -336388 -3.02112e+08
-118843 336388 7.0154e+08 118843 -336388 -3.02503e+08
-118997 336388 7.02448e+08 118997 -336388 -3.02893e+08
-119151 336388 7.03356e+08 119151 -336388 -3.03284e+08
-119305 336388 7.04264e+08 119305 -336388 -3.03675e+08
-119459 336388 7.05172e+08 119459 -336388 -3.04065e+08
-119613 336388 7.0608e+08 119613 -336388 -3.04456e+08
-119767 336388 7.06988e+08 119767 -336388 -3.04846e+08
-119922 336388 7.07896e+08 119922 -336388 -3.05237e+08
-120076 336388 7.08804e+08 120076 -336388 -3.05627e+08
-120230 336388 7.09711e+08 120230 -336388 -3.06018e+08
-120384 336388 7.10619e+08 120384 -336388 -3.06408e+08
-120538 336388 7.11527e+08 120538 -336388 -3.06798e+08
-120692 336388 7.12435e+08 120692 -336388 -3.07189e+08
-120846 336388 7.13343e+08 120846 -336388 -3.07579e+08
-121001 336388 7.14251e+08 121001 -336388 -3.0797e+08
-121155 336388 7.15159e+08 121155 -336388 -3.0836e+08
-121309 336388 7.16067e+08 121309 -336388 -3.08751e+08
-121463 336388 7.16975e+08 121463 -336388 -3.09141e+08
-121617 336388 7.17883e+08 121617 -336388 -3.09532e+08
-121771 336388 7.18791e+08 121771 -336388 -3.09922e+08
-121925 336388 7.19699e+08 121925 -336388 -3.10313e+08
-122079 336388 7.20607e+08 122079 -336388 -3.10703e+08
-122234 336388 7.21515e+08 122234 -336388 -3.11094e+08
-122388 336388 7.22423e+08 122388 -336388 -3.11484e+08
-122542 336388 7.23331e+08 122542 -336388 -3.11874e+08
-122696 336388 7.24238e+08 122696 -336388 -3.12265e+08
-122850 336388 7.25146e+08 122850 -336388 -3.12655e+08
-123004 336388 7.26054e+08 123004 -336388 -3.13046e+08
-123158 336388 7.26962e+08 123158 -336388 -3.13436e+08
-123313 336388 7.2787e+08 123313 -336388 -3.13827e+08
-123467 336388 7.28778e+08 123467 -336388 -3.14217e+08
-123621 336388 7.29686e+08 123621 -336388 -3.14607e+08
-123775 336388 7.30594e+08 123775 -336388 -3.14998e+08
-123929 336388 7.31502e+08 123929 -336388 -3.15388e+08
-124083 336388 7.3241e+08 124083 -336388 -3.15779e+08
-124237 336388 7.33318e+08 124237 -336388 -3.16169e+08
-124392 336388 7.34225e+08 124392 -336388 -3.16559e+08
-124546 336388 7.35133e+08 124546 -336388 -3.1695e+08
-124700 336388 7.36041e+08 124700 -336388 -3.1734e+08
-124854 336388 7.36949e+08 124854 -336388 -3.17731e+08
-125008 336388 7.37857e+08 125008 -336388 -3.18121e+08
-125162 336388 7.38765e+08 125162 -336388 -3.18511e+08
-125316 336388 7.39673e+08 125316 -336388 -3.18902e+08
-125471 336388 7.40581e+08 125471 -336388 -3.19292e+08
-125625 336388 7.41489e+08 125625 -336388 -3.19682e+08
-125779 336388 7.42396e+08 125779 -336388 -3.20073e+08
-125933 336388 7.43304e+08 125933 -336388 -3.20463e+08
-126087 336388 7.44212e+08 126087 -336388 -3.20854e+08
-126241 336388 7.4512e+08 126241 -336388 -3.21244e+08
-126395 336388 7.46028e+08 126395 -336388 -3.21634e+08
-126550 336388 7.46936e+08 126550 -336388 -3.22025e+08
-126704 336388 7.47844e+08 126704 -336388 -3.22415e+08
-126858 336388 7.48752e+08 126858 -336388 -3.22805e+08
-127012 336388 7.49659e+08 127012 -336388 -3.23196e+08
-127166 336388 7.50567e+08 127166 -336388 -3.23586e+08
-127320 336388 7.51475e+08 127320 -336388 -3.23976e+08
-127474 336388 7.52383e+08 127474 -336388 -3.24367e+08
-127629 336388 7.53291e+08 127629 -336388 -3.24757e+08
-127783 336388 7.54199e+08 127783 -336388 -3.25147e+08
-127937 336388 7.55107e+08 127937 -336388 -3.25538e+08
-128091 336388 7.56014e+08 128091 -336388 -3.25928e+08
-128245 336388 7.56922e+08 128245 -336388 -3.26318e+08
-128399 336388 7.5783e+08 128399 -336388 -3.26709e+08
-128553 336388 7.58738e+08 128553 -336388 -3.27099e+08
-128708 336388 7.59646e+08 128708 -336388 -3.27489e+08
-128862 336388 7.60554e+08 128862 -336388 -3.27879e+08
-129016 336388 7.61461e+08 129016 -336388 -3.2827e+08
-129170 336388 7.62369e+08 129170 -336388 -3.2866e+08
-129324 336388 7.63277e+08 129324 -336388 -3.2905e+08
-129478 336388 7.64185e+08 129478 -336388 -3.29441e+08
-129633 336388 7.65093e+08 129633 -336388 -3.29831e+08
-129787 336388 7.66001e+08 129787 -336388 -3.30221e+08
-129941 336388 7.66908e+08 129941 -336388 -3.30611e+08
-130095 336388 7.67816e+08 130095 -336388 -3.31002e+08
-130249 336388 7.68724e+08 130249 -336388 -3.31392e+08
-130403 336388 7.69632e+08 130403 -336388 -3.31782e+08
-130558 336388 7.7054e+08 130558 -336388 -3.32172e+08
-130712 336388 7.71448e+08 130712 -336388 -3.32563e+08
-130866 336388 7.72355e+08 130866 -336388 -3.32953e+08
-131020 336388 7.73263e+08 131020 -336388 -3.33343e+08
-131174 336388 7.74171e+08 131174 -336388 -3.33734e+08
-131328 336388 7.75079e+08 131328 -336388 -3.34124e+08
-131483 336388 7.75987e+08 131483 -336388 -3.34514e+08
-131637 336388 7.76894e+08 131637 -336388 -3.34904e+08
-131753 336388 7.77641e+08 131753 -336388 -3.3525e+08
-131802 336388 7.78098e+08 131802 -336388 -3.35517e+08
-131851 336388 7.78556e+08 131851 -336388 -3.35784e+08
-131900 336388 7.79013e+08 131900 -336388 -3.36051e+08
-131950 336388 7.7947e+08 131950 -336388 -3.36318e+08
-131999 336388 7.79927e+08 131999 -336388 -3.36584e+08
-132048 336388 7.80384e+08 132048 -336388 -3.36851e+08
-132097 336388 7.80842e+08 132097 -336388 -3.37118e+08
-132124 336388 7.81113e+08 132124 -336388 -3.3727e+08
-132114 336388 7.81082e+08 132114 -336388 -3.37235e+08
-132105 336388 7.81051e+08 132105 -336388 -3.372e+08
-132095 336388 7.8102e+08 132095 -336388 -3.37164e+08
-132086 336388 7.80989e+08 132086 -336388 -3.37129e+08
-132076 336388 7.80957e+08 132076 -336388 -3.37094e+08
-132067 336388 7.80926e+08 132067 -336388 -3.37059e+08
-132057 336388 7.80895e+08 132057 -336388 -3.37024e+08
-132048 336388 7.80864e+08 132048 -336388 -3.36988e+08
-132038 336388 7.80833e+08 132038 -336388 -3.36953e+08
-132029 336388 7.80802e+08 132029 -336388 -3.36918e+08
-132019 336388 7.80771e+08 132019 -336388 -3.36883e+08
-132010 336388 7.8074e+08 132010 -336388 -3.36848e+08
-132000 336388 7.80708e+08 132000 -336388 -3.36812e+08
-131991 336388 7.80677e+08 131991 -336388 -3.36777e+08
-131981 336388 7.80646e+08 131981 -336388 -3.36742e+08
-131972 336388 7.80615e+08 131972 -336388 -3.36707e+08
-131962 336388 7.80584e+08 131962 -336388 -3.36672e+08
-131953 336388 7.80553e+08 131953 -336388 -3.36637e+08
-131943 336388 7.80522e+08 131943 -336388 -3.36601e+08
-131934 336388 7.80491e+08 131934 -336388 -3.36566e+08
-131924 336388 7.80459e+08 131924 -336388 -3.36531e+08
-131915 336388 7.80428e+08 131915 -336388 -3.36496e+08
-131906 336388 7.80397e+08 131906 -336388 -3.36461e+08
-131896 336388 7.80366e+08 131896 -336388 -3.36425e+08
-131887 336388 7.80335e+08 131887 -336388 -3.3639e+08
-131877 336388 7.80304e+08 131877 -336388 -3.36355e+08
-131868 336388 7.80273e+08 131868 -336388 -3.3632e+08
-131858 336388 7.80242e+08 131858 -336388 -3.36285e+08
-131849 336388 7.8021e+08 131849 -336388 -3.3625e+08
-131839 336388 7.80179e+08 131839 -336388 -3.36214e+08
-131830 336388 7.80148e+08 131830 -336388 -3.36179e+08
-131820 336388 7.80117e+08 131820 -336388 -3.36144e+08
-131811 336388 7.80086e+08 131811 -336388 -3.36109e+08
-131801 336388 7.80055e+08 131801 -336388 -3.36074e+08
-131792 336388 7.80024e+08 131792 -336388 -3.36038e+08
-131782 336388 7.79993e+08 131782 -336388 -3.36003e+08
-131773 336388 7.79961e+08 131773 -336388 -3.35968e+08
-131763 336388 7.7993e+08 131763 -336388 -3.35933e+08
-131754 336388 7.79899e+08 131754 -336388 -3.35898e+08
-131744 336388 7.79868e+08 131744 -336388 -3.35863e+08
-131735 336388 7.79837e+08 131735 -336388 -3.35827e+08
-131725 336388 7.79806e+08 131725 -336388 -3.35792e+08
-131716 336388 7.79775e+08 131716 -336388 -3.35757e+08
-131706 336388 7.79744e+08 131706 -336388 -3.35722e+08
-131697 336388 7.79713e+08 131697 -336388 -3.35687e+08
-131688 336388 7.79681e+08 131688 -336388 -3.35651e+08
-131678 336388 7.7965e+08 131678 -336388 -3.35616e+08
-131669 336388 7.79619e+08 131669 -336388 -3.35581e+08
-131659 336388 7.79588e+08 131659 -336388 -3.35546e+08
-131650 336388 7.79557e+08 131650 -336388 -3.35511e+08
-131640 336388 7.79526e+08 131640 -336388 -3.35476e+08
-131631 336388 7.79495e+08 131631 -336388 -3.3544e+08
-131621 336388 7.79464e+08 131621 -336388 -3.35405e+08
-131612 336388 7.79433e+08 131612 -336388 -3.3537e+08
-131602 336388 7.79401e+08 131602 -336388 -3.35335e+08
-131593 336388 7.7937e+08 131593 -336388 -3.353e+08
-131583 336388 7.79339e+08 131583 -336388 -3.35265e+08
-131574 336388 7.79308e+08 131574 -336388 -3.35229e+08
-131564 336388 7.79277e+08 131564 -336388 -3.35194e+08
-131555 336388 7.79246e+08 131555 -336388 -3.35159e+08
-131545 336388 7.79215e+08 131545 -336388 -3.35124e+08
-131536 336388 7.79184e+08 131536 -336388 -3.35089e+08
-131526 336388 7.79153e+08 131526 -336388 -3.35054e+08
-131517 336388 7.79121e+08 131517 -336388 -3.35018e+08
-131507 336388 7.7909e+08 131507 -336388 -3.34983e+08
-131498 336388 7.79059e+08 131498 -336388 -3.34948e+08
-131489 336388 7.79028e+08 131489 -336388 -3.34913e+08
-131479 336388 7.78997e+08 131479 -336388 -3.34878e+08
-131470 336388 7.78966e+08 131470 -336388 -3.34843e+08
-131460 336388 7.78935e+08 131460 -336388 -3.34807e+08
-131451 336388 7.78904e+08 131451 -336388 -3.34772e+08
-131441 336388 7.78873e+08 131441 -336388 -3.34737e+08
-131432 336388 7.78842e+08 131432 -336388 -3.34702e+08
-131422 336388 7.7881e+08 131422 -336388 -3.34667e+08
-131413 336388 7.78779e+08 131413 -336388 -3.34631e+08
-131403 336388 7.78748e+08 131403 -336388 -3.34596e+08
-131394 336388 7.78717e+08 131394 -336388 -3.34561e+08
-131384 336388 7.78686e+08 131384 -336388 -3.34526e+08
-131375 336388 7.78655e+08 131375 -336388 -3.34491e+08
-131365 336388 7.78624e+08 131365 -336388 -3.34456e+08
-131356 336388 7.78593e+08 131356 -336388 -3.3442e+08
-131346 336388 7.78562e+08 131346 -336388 -3.34385e+08
-131337 336388 7.78531e+08 131337 -336388 -3.3435e+08
-131327 336388 7.785e+08 131327 -336388 -3.34315e+08
-131318 336388 7.78468e+08 131318 -336388 -3.3428e+08
-131308 336388 7.78437e+08 131308 -336388 -3.34245e+08
-131299 336388 7.78406e+08 131299 -336388 -3.34209e+08
-131290 336388 7.78375e+08 131290 -336388 -3.34174e+08
-131280 336388 7.78344e+08 131280 -336388 -3.34139e+08
-131271 336388 7.78313e+08 131271 -336388 -3.34104e+08
-131261 336388 7.78282e+08 131261 -336388 -3.34069e+08
-131252 336388 7.78251e+08 131252 -336388 -3.34034e+08
-131242 336388 7.7822e+08 131242 -336388 -3.33999e+08
-131233 336388 7.78189e+08 131233 -336388 -3.33963e+08
-131223 336388 7.78157e+08 131223 -336388 -3.33928e+08
-131214 336388 7.78126e+08 131214 -336388 -3.33893e+08
-131204 336388 7.78095e+08 131204 -336388 -3.33858e+08
-131195 336388 7.78064e+08 131195 -336388 -3.33823e+08
-131185 336388 7.78033e+08 131185 -336388 -3.33788e+08
-131176 336388 7.78002e+08 131176 -336388 -3.33752e+08
-131166 336388 7.77971e+08 131166 -336388 -3.33717e+08
-131157 336388 7.7794e+08 131157 -336388 -3.33682e+08
-131147 336388 7.77909e+08 131147 -336388 -3.33647e+08
-131138 336388 7.77878e+08 131138 -336388 -3.33612e+08
-131128 336388 7.77847e+08 131128 -336388 -3.33577e+08
-131119 336388 7.77816e+08 131119 -336388 -3.33541e+08
-131109 336388 7.77784e+08 131109 -336388 -3.33506e+08
-131100 336388 7.77753e+08 131100 -336388 -3.33471e+08
-131091 336388 7.77722e+08 131091 -336388 -3.33436e+08
-131081 336388 7.77691e+08 131081 -336388 -3.33401e+08
-131072 336388 7.7766e+08 131072 -336388 -3.33366e+08
-131062 336388 7.77629e+08 131062 -336388 -3.3333e+08
-131053 336388 7.77598e+08 131053 -336388 -3.33295e+08
-131043 336388 7.77567e+08 131043 -336388 -3.3326e+08
-131034 336388 7.77536e+08 131034 -336388 -3.33225e+08
-131024 336388 7.77505e+08 131024 -336388 -3.3319e+08
-131015 336388 7.77474e+08 131015 -336388 -3.33155e+08
-131005 336388 7.77443e+08 131005 -336388 -3.3312e+08
-130996 336388 7.77411e+08 130996 -336388 -3.33084e+08
-130986 336388 7.7738e+08 130986 -336388 -3.33049e+08
-130977 336388 7.77349e+08 130977 -336388 -3.33014e+08
-130967 336388 7.77318e+08 130967 -336388 -3.32979e+08
-130958 336388 7.77287e+08 130958 -336388 -3.32944e+08
-130948 336388 7.77256e+08 130948 -336388 -3.32909e+08
-130939 336388 7.77225e+08 130939 -336388 -3.32873e+08
-130929 336388 7.77194e+08 130929 -336388 -3.32838e+08
-130920 336388 7.77163e+08 130920 -336388 -3.32803e+08
-130911 336388 7.77132e+08 130911 -336388 -3.32768e+08
-130901 336388 7.77101e+08 130901 -336388 -3.32733e+08
-130892 336388 7.7707e+08 130892 -336388 -3.32698e+08
-130882 336388 7.77039e+08 130882 -336388 -3.32663e+08
-130873 336388 7.77007e+08 130873 -336388 -3.32627e+08
-130863 336388 7.76976e+08 130863 -336388 -3.32592e+08
-130854 336388 7.76945e+08 130854 -336388 -3.32557e+08
-130844 336388 7.76914e+08 130844 -336388 -3.32522e+08
-130835 336388 7.76883e+08 130835 -336388 -3.32487e+08
-130825 336388 7.76852e+08 130825 -336388 -3.32452e+08
-130816 336388 7.76821e+08 130816 -336388 -3.32417e+08
-130806 336388 7.7679e+08 130806 -336388 -3.32381e+08
-130797 336388 7.76759e+08 130797 -336388 -3.32346e+08
-130787 336388 7.76728e+08 130787 -336388 -3.32311e+08
-130778 336388 7.76697e+08 130778 -336388 -3.32276e+08
-130768 336388 7.76666e+08 130768 -336388 -3.32241e+08
-130759 336388 7.76635e+08 130759 -336388 -3.32206e+08
-130749 336388 7.76604e+08 130749 -336388 -3.3217e+08
-130740 336388 7.76573e+08 130740 -336388 -3.32135e+08
-130731 336388 7.76541e+08 130731 -336388 -3.321e+08
-130721 336388 7.7651e+08 130721 -336388 -3.32065e+08
-130712 336388 7.76479e+08 130712 -336388 -3.3203e+08
-130702 336388 7.76448e+08 130702 -336388 -3.31995e+08
-130693 336388 7.76417e+08 130693 -336388 -3.3196e+08
-130683 336388 7.76386e+08 130683 -336388 -3.31924e+08
-130674 336388 7.76355e+08 130674 -336388 -3.31889e+08
-130664 336388 7.76324e+08 130664 -336388 -3.31854e+08
-130655 336388 7.76293e+08 130655 -336388 -3.31819e+08
-130645 336388 7.76262e+08 130645 -336388 -3.31784e+08
-130636 336388 7.76231e+08 130636 -336388 -3.31749e+08
-130626 336388 7.762e+08 130626 -336388 -3.31714e+08
-130617 336388 7.76169e+08 130617 -336388 -3.31678e+08
-130607 336388 7.76138e+08 130607 -336388 -3.31643e+08
-130598 336388 7.76107e+08 130598 -336388 -3.31608e+08
-130588 336388 7.76075e+08 130588 -336388 -3.31573e+08
-130579 336388 7.76044e+08 130579 -336388 -3.31538e+08
-130569 336388 7.76013e+08 130569 -336388 -3.31503e+08
-130560 336388 7.75982e+08 130560 -336388 -3.31468e+08
-130551 336388 7.75951e+08 130551 -336388 -3.31432e+08
-130541 336388 7.7592e+08 130541 -336388 -3.31397e+08
-130532 336388 7.75889e+08 130532 -336388 -3.31362e+08
-130522 336388 7.75858e+08 130522 -336388 -3.31327e+08
-130513 336388 7.75827e+08 130513 -336388 -3.31292e+08
-130503 336388 7.75796e+08 130503 -336388 -3.31257e+08
-130494 336388 7.75765e+08 130494 -336388 -3.31222e+08
-130484 336388 7.75734e+08 130484 -336388 -3.31186e+08
-130475 336388 7.75703e+08 130475 -336388 -3.31151e+08
-130465 336388 7.75672e+08 130465 -336388 -3.31116e+08
-130456 336388 7.75641e+08 130456 -336388 -3.31081e+08
-130446 336388 7.7561e+08 130446 -336388 -3.31046e+08
-130437 336388 7.75579e+08 130437 -336388 -3.31011e+08
-130427 336388 7.75548e+08 130427 -336388 -3.30976e+08
-130418 336388 7.75516e+08 130418 -336388 -3.30941e+08
-130408 336388 7.75485e+08 130408 -336388 -3.30905e+08
-130399 336388 7.75454e+08 130399 -336388 -3.3087e+08
-130390 336388 7.75423e+08 130390 -336388 -3.30835e+08
-130380 336388 7.75392e+08 130380 -336388 -3.308e+08
-130371 336388 7.75361e+08 130371 -336388 -3.30765e+08
-130361 336388 7.7533e+08 130361 -336388 -3.3073e+08
-130352 336388 7.75299e+08 130352 -336388 -3.30695e+08
-130342 336388 7.75268e+08 130342 -336388 -3.30659e+08
-130333 336388 7.75237e+08 130333 -336388 -3.30624e+08
-130323 336388 7.75206e+08 130323 -336388 -3.30589e+08
-130314 336388 7.75175e+08 130314 -336388 -3.30554e+08
-130304 336388 7.75144e+08 130304 -336388 -3.30519e+08
-130295 336388 7.75113e+08 130295 -336388 -3.30484e+08
-130285 336388 7.75082e+08 130285 -336388 -3.30449e+08
-130276 336388 7.75051e+08 130276 -336388 -3.30414e+08
-130266 336388 7.7502e+08 130266 -336388 -3.30378e+08
-130257 336388 7.74989e+08 130257 -336388 -3.30343e+08
-130247 336388 7.74958e+08 130247 -336388 -3.30308e+08
-130238 336388 7.74927e+08 130238 -336388 -3.30273e+08
-130229 336388 7.74896e+08 130229 -336388 -3.30238e+08
-130219 336388 7.74864e+08 130219 -336388 -3.30203e+08
-130210 336388 7.74833e+08 130210 -336388 -3.30168e+08
-130200 336388 7.74802e+08 130200 -336388 -3.30132e+08
-130191 336388 7.74771e+08 130191 -336388 -3.30097e+08
-130181 336388 7.7474e+08 130181 -336388 -3.30062e+08
-130172 336388 7.74709e+08 130172 -336388 -3.30027e+08
-130162 336388 7.74678e+08 130162 -336388 -3.29992e+08
-130153 336388 7.74647e+08 130153 -336388 -3.29957e+08
-130143 336388 7.74616e+08 130143 -336388 -3.29922e+08
-130134 336388 7.74585e+08 130134 -336388 -3.29887e+08
-130124 336388 7.74554e+08 130124 -336388 -3.29851e+08
-130115 336388 7.74523e+08 130115 -336388 -3.29816e+08
-130105 336388 7.74492e+08 130105 -336388 -3.29781e+08
-130096 336388 7.74461e+08 130096 -336388 -3.29746e+08
-130086 336388 7.7443e+08 130086 -336388 -3.29711e+08
-130077 336388 7.74399e+08 130077 -336388 -3.29676e+08
-130068 336388 7.74368e+08 130068 -336388 -3.29641e+08
-130058 336388 7.74337e+08 130058 -336388 -3.29606e+08
-130049 336388 7.74306e+08 130049 -336388 -3.2957e+08
-130039 336388 7.74275e+08 130039 -336388 -3.29535e+08
-130030 336388 7.74244e+08 130030 -336388 -3.295e+08
-130020 336388 7.74213e+08 130020 -336388 -3.29465e+08
-130011 336388 7.74182e+08 130011 -336388 -3.2943e+08
-130001 336388 7.74151e+08 130001 -336388 -3.29395e+08
-129992 336388 7.7412e+08 129992 -336388 -3.2936e+08
-129982 336388 7.74089e+08 129982 -336388 -3.29325e+08
-129973 336388 7.74058e+08 129973 -336388 -3.29289e+08
-129963 336388 7.74026e+08 129963 -336388 -3.29254e+08
-129954 336388 7.73995e+08 129954 -336388 -3.29219e+08
-129944 336388 7.73964e+08 129944 -336388 -3.29184e+08
-129935 336388 7.73933e+08 129935 -336388 -3.29149e+08
-129926 336388 7.73902e+08 129926 -336388 -3.29114e+08
-129916 336388 7.73871e+08 129916 -336388 -3.29079e+08
-129907 336388 7.7384e+08 129907 -336388 -3.29044e+08
-129897 336388 7.73809e+08 129897 -336388 -3.29008e+08
-129888 336388 7.73778e+08 129888 -336388 -3.28973e+08
-129878 336388 7.73747e+08 129878 -336388 -3.28938e+08
-129869 336388 7.73716e+08 129869 -336388 -3.28903e+08
-129859 336388 7.73685e+08 129859 -336388 -3.28868e+08
-129850 336388 7.73654e+08 129850 -336388 -3.28833e+08
-129840 336388 7.73623e+08 129840 -336388 -3.28798e+08
-129831 336388 7.73592e+08 129831 -336388 -3.28763e+08
-129821 336388 7.73561e+08 129821 -336388 -3.28727e+08
-129812 336388 7.7353e+08 129812 -336388 -3.28692e+08
-129802 336388 7.73499e+08 129802 -336388 -3.28657e+08
-129793 336388 7.73468e+08 129793 -336388 -3.28622e+08
-129783 336388 7.73437e+08 129783 -336388 -3.28587e+08
-129774 336388 7.73406e+08 129774 -336388 -3.28552e+08
-129765 336388 7.73375e+08 129765 -336388 -3.28517e+08
-129755 336388 7.73344e+08 129755 -336388 -3.28482e+08
-129746 336388 7.73313e+08 129746 -336388 -3.28447e+08
-129736 336388 7.73282e+08 129736 -336388 -3.28411e+08
-129727 336388 7.73251e+08 129727 -336388 -3.28376e+08
-129717 336388 7.7322e+08 129717 -336388 -3.28341e+08
-129708 336388 7.73189e+08 129708 -336388 -3.28306e+08
-129698 336388 7.73158e+08 129698 -336388 -3.28271e+08
-129689 336388 7.73127e+08 129689 -336388 -3.28236e+08
-129679 336388 7.73096e+08 129679 -336388 -3.28201e+08
-129670 336388 7.73065e+08 129670 -336388 -3.28166e+08
-129660 336388 7.73034e+08 129660 -336388 -3.28131e+08
-129651 336388 7.73003e+08 129651 -336388 -3.28095e+08
-129641 336388 7.72972e+08 129641 -336388 -3.2806e+08
-129632 336388 7.72941e+08 129632 -336388 -3.28025e+08
-129623 336388 7.7291e+08 129623 -336388 -3.2799e+08
-129613 336388 7.72879e+08 129613 -336388 -3.27955e+08
-129604 336388 7.72848e+08 129604 -336388 -3.2792e+08
-129594 336388 7.72817e+08 129594 -336388 -3.27885e+08
-129585 336388 7.72786e+08 129585 -336388 -3.2785e+08
-129575 336388 7.72755e+08 129575 -336388 -3.27815e+08
-129566 336388 7.72724e+08 129566 -336388 -3.27779e+08
-129556 336388 7.72693e+08 129556 -336388 -3.27744e+08
-129547 336388 7.72662e+08 129547 -336388 -3.27709e+08
-129537 336388 7.72631e+08 129537 -336388 -3.27674e+08
-129528 336388 7.726e+08 129528 -336388 -3.27639e+08
-129518 336388 7.72569e+08 129518 -336388 -3.27604e+08
-129509 336388 7.72538e+08 129509 -336388 -3.27569e+08
-129499 336388 7.72507e+08 129499 -336388 -3.27534e+08
-129490 336388 7.72476e+08 129490 -336388 -3.27499e+08
-129481 336388 7.72445e+08 129481 -336388 -3.27463e+08
-129471 336388 7.72414e+08 129471 -336388 -3.27428e+08
-129462 336388 7.72383e+08 129462 -336388 -3.27393e+08
-129452 336388 7.72352e+08 129452 -336388 -3.27358e+08
-129443 336388 7.72321e+08 129443 -336388 -3.27323e+08
-129433 336388 7.7229e+08 129433 -336388 -3.27288e+08
-129424 336388 7.72259e+08 129424 -336388 -3.27253e+08
-129414 336388 7.72228e+08 129414 -336388 -3.27218e+08
-129405 336388 7.72197e+08 129405 -336388 -3.27183e+08
-129395 336388 7.72165e+08 129395 -336388 -3.27147e+08
-129386 336388 7.72134e+08 129386 -336388 -3.27112e+08
-129376 336388 7.72103e+08 129376 -336388 -3.27077e+08
-129367 336388 7.72072e+08 129367 -336388 -3.27042e+08
-129357 336388 7.72042e+08 129357 -336388 -3.27007e+08
-129348 336388 7.7201e+08 129348 -336388 -3.26972e+08
-129339 336388 7.71979e+08 129339 -336388 -3.26937e+08
-129329 336388 7.71948e+08 129329 -336388 -3.26902e+08
-129320 336388 7.71917e+08 129320 -336388 -3.26867e+08
-129310 336388 7.71886e+08 129310 -336388 -3.26832e+08
-129301 336388 7.71855e+08 129301 -336388 -3.26796e+08
-129291 336388 7.71825e+08 129291 -336388 -3.26761e+08
-129282 336388 7.71793e+08 129282 -336388 -3.26726e+08
-129272 336388 7.71762e+08 129272 -336388 -3.26691e+08
-129263 336388 7.71732e+08 129263 -336388 -3.26656e+08
-129253 336388 7.71701e+08 129253 -336388 -3.26621e+08
-129244 336388 7.7167e+08 129244 -336388 -3.26586e+08
-129234 336388 7.71639e+08 129234 -336388 -3.26551e+08
-129225 336388 7.71608e+08 129225 -336388 -3.26516e+08
-129215 336388 7.71577e+08 129215 -336388 -3.26481e+08
-129206 336388 7.71546e+08 129206 -336388 -3.26445e+08
-129197 336388 7.71515e+08 129197 -336388 -3.2641e+08
-129187 336388 7.71484e+08 129187 -336388 -3.26375e+08
-129178 336388 7.71453e+08 129178 -336388 -3.2634e+08
-129168 336388 7.71422e+08 129168 -336388 -3.26305e+08
-129159 336388 7.71391e+08 129159 -336388 -3.2627e+08
-129149 336388 7.7136e+08 129149 -336388 -3.26235e+08
-129140 336388 7.71329e+08 129140 -336388 -3.262e+08
-129130 336388 7.71298e+08 129130 -336388 -3.26165e+08
-129121 336388 7.71267e+08 129121 -336388 -3.2613e+08
-129111 336388 7.71236e+08 129111 -336388 -3.26095e+08
-129102 336388 7.71205e+08 129102 -336388 -3.26059e+08
-129092 336388 7.71174e+08 129092 -336388 -3.26024e+08
-129083 336388 7.71143e+08 129083 -336388 -3.25989e+08
-129074 336388 7.71112e+08 129074 -336388 -3.25954e+08
-129064 336388 7.71081e+08 129064 -336388 -3.25919e+08
-129055 336388 7.7105e+08 129055 -336388 -3.25884e+08
-129045 336388 7.71019e+08 129045 -336388 -3.25849e+08
-129036 336388 7.70988e+08 129036 -336388 -3.25814e+08
-129026 336388 7.70957e+08 129026 -336388 -3.25779e+08
-129017 336388 7.70926e+08 129017 -336388 -3.25744e+08
-129007 336388 7.70895e+08 129007 -336388 -3.25708e+08
-128998 336388 7.70864e+08 128998 -336388 -3.25673e+08
-128988 336388 7.70833e+08 128988 -336388 -3.25638e+08
-128979 336388 7.70802e+08 128979 -336388 -3.25603e+08
-128969 336388 7.70771e+08 128969 -336388 -3.25568e+08
-128960 336388 7.7074e+08 128960 -336388 -3.25533e+08
-128950 336388 7.70709e+08 128950 -336388 -3.25498e+08
-128941 336388 7.70678e+08 128941 -336388 -3.25463e+08
-128932 336388 7.70647e+08 128932 -336388 -3.25428e+08
-128922 336388 7.70616e+08 128922 -336388 -3.25393e+08
-128913 336388 7.70585e+08 128913 -336388 -3.25358e+08
-128903 336388 7.70554e+08 128903 -336388 -3.25322e+08
-128894 336388 7.70523e+08 128894 -336388 -3.25287e+08
-128884 336388 7.70492e+08 128884 -336388 -3.25252e+08
-128875 336388 7.70461e+08 128875 -336388 -3.25217e+08
-128865 336388 7.7043e+08 128865 -336388 -3.25182e+08
-128856 336388 7.70399e+08 128856 -336388 -3.25147e+08
-128846 336388 7.70368e+08 128846 -336388 -3.25112e+08
-128837 336388 7.70337e+08 128837 -336388 -3.25077e+08
-128827 336388 7.70306e+08 128827 -336388 -3.25042e+08
-128818 336388 7.70275e+08 128818 -336388 -3.25007e+08
-128809 336388 7.70244e+08 128809 -336388 -3.24972e+08
-128799 336388 7.70213e+08 128799 -336388 -3.24937e+08
-128790 336388 7.70182e+08 128790 -336388 -3.24901e+08
-128780 336388 7.70151e+08 128780 -336388 -3.24866e+08
-128771 336388 7.7012e+08 128771 -336388 -3.24831e+08
-128761 336388 7.70089e+08 128761 -336388 -3.24796e+08
-128752 336388 7.70058e+08 128752 -336388 -3.24761e+08
-128742 336388 7.70027e+08 128742 -336388 -3.24726e+08
-128733 336388 7.69996e+08 128733 -336388 -3.24691e+08
-128723 336388 7.69965e+08 128723 -336388 -3.24656e+08
-128714 336388 7.69934e+08 128714 -336388 -3.24621e+08
-128704 336388 7.69903e+08 128704 -336388 -3.24586e+08
-128695 336388 7.69873e+08 128695 -336388 -3.24551e+08
-128686 336388 7.69842e+08 128686 -336388 -3.24516e+08
-128676 336388 7.69811e+08 128676 -336388 -3.2448e+08
-128667 336388 7.6978e+08 128667 -336388 -3.24445e+08
-128657 336388 7.69749e+08 128657 -336388 -3.2441e+08
-128648 336388 7.69718e+08 128648 -336388 -3.24375e+08
-128638 336388 7.69687e+08 128638 -336388 -3.2434e+08
-128629 336388 7.69656e+08 128629 -336388 -3.24305e+08
-128619 336388 7.69625e+08 128619 -336388 -3.2427e+08
-128610 336388 7.69594e+08 128610 -336388 -3.24235e+08
-128600 336388 7.69563e+08 128600 -336388 -3.242e+08
-128591 336388 7.69532e+08 128591 -336388 -3.24165e+08
-128581 336388 7.69501e+08 128581 -336388 -3.2413e+08
-128572 336388 7.6947e+08 128572 -336388 -3.24095e+08
-128563 336388 7.69439e+08 128563 -336388 -3.24059e+08
-128553 336388 7.69408e+08 128553 -336388 -3.24024e+08
-128544 336388 7.69377e+08 128544 -336388 -3.23989e+08
-128534 336388 7.69346e+08 128534 -336388 -3.23954e+08
-128525 336388 7.69315e+08 128525 -336388 -3.23919e+08
-128515 336388 7.69284e+08 128515 -336388 -3.23884e+08
-128506 336388 7.69253e+08 128506 -336388 -3.23849e+08
-128496 336388 7.69222e+08 128496 -336388 -3.23814e+08
-128487 336388 7.69191e+08 128487 -336388 -3.23779e+08
-128477 336388 7.6916e+08 128477 -336388 -3.23744e+08
-128468 336388 7.69129e+08 128468 -336388 -3.23709e+08
-128458 336388 7.69098e+08 128458 -336388 -3.23674e+08
-128449 336388 7.69067e+08 128449 -336388 -3.23639e+08
-128440 336388 7.69036e+08 128440 -336388 -3.23603e+08
-128430 336388 7.69006e+08 128430 -336388 -3.23568e+08
-128421 336388 7.68975e+08 128421 -336388 -3.23533e+08
-128411 336388 7.68944e+08 128411 -336388 -3.23498e+08
-128402 336388 7.68913e+08 128402 -336388 -3.23463e+08
-128392 336388 7.68882e+08 128392 -336388 -3.23428e+08
-128383 336388 7.68851e+08 128383 -336388 -3.23393e+08
-128373 336388 7.6882e+08 128373 -336388 -3.23358e+08
-128364 336388 7.68789e+08 128364 -336388 -3.23323e+08
-128354 336388 7.68758e+08 128354 -336388 -3.23288e+08
-128345 336388 7.68727e+08 128345 -336388 -3.23253e+08
-128335 336388 7.68696e+08 128335 -336388 -3.23218e+08
-128326 336388 7.68665e+08 128326 -336388 -3.23183e+08
-128317 336388 7.68634e+08 128317 -336388 -3.23148e+08
-128307 336388 7.68603e+08 128307 -336388 -3.23112e+08
-128298 336388 7.68572e+08 128298 -336388 -3.23077e+08
-128288 336388 7.68541e+08 128288 -336388 -3.23042e+08
-128279 336388 7.6851e+08 128279 -336388 -3.23007e+08
-128269 336388 7.68479e+08 128269 -336388 -3.22972e+08
-128260 336388 7.68448e+08 128260 -336388 -3.22937e+08
-128250 336388 7.68417e+08 128250 -336388 -3.22902e+08
-128241 336388 7.68386e+08 128241 -336388 -3.22867e+08
-128231 336388 7.68356e+08 128231 -336388 -3.22832e+08
-128222 336388 7.68325e+08 128222 -336388 -3.22797e+08
-128212 336388 7.68294e+08 128212 -336388 -3.22762e+08
-128203 336388 7.68263e+08 128203 -336388 -3.22727e+08
-128194 336388 7.68232e+08 128194 -336388 -3.22692e+08
-128184 336388 7.68201e+08 128184 -336388 -3.22657e+08
-128175 336388 7.6817e+08 128175 -336388 -3.22622e+08
-128165 336388 7.68139e+08 128165 -336388 -3.22586e+08
-128156 336388 7.68108e+08 128156 -336388 -3.22551e+08
-128146 336388 7.68077e+08 128146 -336388 -3.22516e+08
-128137 336388 7.68046e+08 128137 -336388 -3.22481e+08
-128127 336388 7.68015e+08 128127 -336388 -3.22446e+08
-128118 336388 7.67984e+08 128118 -336388 -3.22411e+08
-128108 336388 7.67953e+08 128108 -336388 -3.22376e+08
-128099 336388 7.67922e+08 128099 -336388 -3.22341e+08
-128090 336388 7.67891e+08 128090 -336388 -3.22306e+08
-128080 336388 7.6786e+08 128080 -336388 -3.22271e+08
-128071 336388 7.67829e+08 128071 -336388 -3.22236e+08
-128061 336388 7.67799e+08 128061 -336388 -3.22201e+08
-128052 336388 7.67768e+08 128052 -336388 -3.22166e+08
-128042 336388 7.67737e+08 128042 -336388 -3.22131e+08
-128033 336388 7.67706e+08 128033 -336388 -3.22096e+08
-128023 336388 7.67675e+08 128023 -336388 -3.2206e+08
-128014 336388 7.67644e+08 128014 -336388 -3.22025e+08
-128004 336388 7.67613e+08 128004 -336388 -3.2199e+08
-127995 336388 7.67582e+08 127995 -336388 -3.21955e+08
-127985 336388 7.67551e+08 127985 -336388 -3.2192e+08
-127976 336388 7.6752e+08 127976 -336388 -3.21885e+08
-127967 336388 7.67489e+08 127967 -336388 -3.2185e+08
-127957 336388 7.67458e+08 127957 -336388 -3.21815e+08
-127948 336388 7.67427e+08 127948 -336388 -3.2178e+08
-127938 336388 7.67396e+08 127938 -336388 -3.21745e+08
-127929 336388 7.67365e+08 127929 -336388 -3.2171e+08
-127919 336388 7.67335e+08 127919 -336388 -3.21675e+08
-127910 336388 7.67304e+08 127910 -336388 -3.2164e+08
-127900 336388 7.67273e+08 127900 -336388 -3.21605e+08
-127891 336388 7.67242e+08 127891 -336388 -3.2157e+08
-127881 336388 7.67211e+08 127881 -336388 -3.21535e+08
-127872 336388 7.6718e+08 127872 -336388 -3.215e+08
-127863 336388 7.67149e+08 127863 -336388 -3.21464e+08
-127853 336388 7.67118e+08 127853 -336388 -3.21429e+08
-127844 336388 7.67087e+08 127844 -336388 -3.21394e+08
-127834 336388 7.67056e+08 127834 -336388 -3.21359e+08
-127825 336388 7.67025e+08 127825 -336388 -3.21324e+08
-127815 336388 7.66994e+08 127815 -336388 -3.21289e+08
-127806 336388 7.66963e+08 127806 -336388 -3.21254e+08
-127796 336388 7.66932e+08 127796 -336388 -3.21219e+08
-127787 336388 7.66902e+08 127787 -336388 -3.21184e+08
-127777 336388 7.66871e+08 127777 -336388 -3.21149e+08
-127768 336388 7.6684e+08 127768 -336388 -3.21114e+08
-127758 336388 7.66809e+08 127758 -336388 -3.21079e+08
-127749 336388 7.66778e+08 127749 -336388 -3.21044e+08
-127740 336388 7.66747e+08 127740 -336388 -3.21009e+08
-127730 336388 7.66716e+08 127730 -336388 -3.20974e+08
-127721 336388 7.66685e+08 127721 -336388 -3.20939e+08
-127711 336388 7.66654e+08 127711 -336388 -3.20904e+08
-127702 336388 7.66623e+08 127702 -336388 -3.20869e+08
-127692 336388 7.66592e+08 127692 -336388 -3.20834e+08
-127683 336388 7.66561e+08 127683 -336388 -3.20798e+08
-127673 336388 7.6653e+08 127673 -336388 -3.20763e+08
-127664 336388 7.66499e+08 127664 -336388 -3.20728e+08
-127654 336388 7.66469e+08 127654 -336388 -3.20693e+08
-127645 336388 7.66438e+08 127645 -336388 -3.20658e+08
-127636 336388 7.66407e+08 127636 -336388 -3.20623e+08
-127626 336388 7.66376e+08 127626 -336388 -3.20588e+08
-127617 336388 7.66345e+08 127617 -336388 -3.20553e+08
-127607 336388 7.66314e+08 127607 -336388 -3.20518e+08
-127598 336388 7.66283e+08 127598 -336388 -3.20483e+08
-127588 336388 7.66252e+08 127588 -336388 -3.20448e+08
-127579 336388 7.66221e+08 127579 -336388 -3.20413e+08
-127569 336388 7.6619e+08 127569 -336388 -3.20378e+08
-127560 336388 7.66159e+08 127560 -336388 -3.20343e+08
-127550 336388 7.66128e+08 127550 -336388 -3.20308e+08
-127541 336388 7.66098e+08 127541 -336388 -3.20273e+08
-127532 336388 7.66067e+08 127532 -336388 -3.20238e+08
-127522 336388 7.66036e+08 127522 -336388 -3.20203e+08
-127513 336388 7.66005e+08 127513 -336388 -3.20168e+08
-127503 336388 7.65974e+08 127503 -336388 -3.20133e+08
-127494 336388 7.65943e+08 127494 -336388 -3.20098e+08
-127484 336388 7.65912e+08 127484 -336388 -3.20063e+08
-127475 336388 7.65881e+08 127475 -336388 -3.20027e+08
-127465 336388 7.6585e+08 127465 -336388 -3.19992e+08
-127456 336388 7.65819e+08 127456 -336388 -3.19957e+08
-127446 336388 7.65788e+08 127446 -336388 -3.19922e+08
-127437 336388 7.65758e+08 127437 -336388 -3.19887e+08
-127427 336388 7.65727e+08 127427 -336388 -3.19852e+08
-127418 336388 7.65696e+08 127418 -336388 -3.19817e+08
-127409 336388 7.65665e+08 127409 -336388 -3.19782e+08
-127399 336388 7.65634e+08 127399 -336388 -3.19747e+08
-127390 336388 7.65603e+08 127390 -336388 -3.19712e+08
-127380 336388 7.65572e+08 127380 -336388 -3.19677e+08
-127371 336388 7.65541e+08 127371 -336388 -3.19642e+08
-127361 336388 7.6551e+08 127361 -336388 -3.19607e+08
-127352 336388 7.65479e+08 127352 -336388 -3.19572e+08
-127342 336388 7.65448e+08 127342 -336388 -3.19537e+08
-127333 336388 7.65418e+08 127333 -336388 -3.19502e+08
-127323 336388 7.65387e+08 127323 -336388 -3.19467e+08
-127314 336388 7.65356e+08 127314 -336388 -3.19432e+08
-127305 336388 7.65325e+08 127305 -336388 -3.19397e+08
-127295 336388 7.65294e+08 127295 -336388 -3.19362e+08
-127286 336388 7.65263e+08 127286 -336388 -3.19327e+08
-127276 336388 7.65232e+08 127276 -336388 -3.19292e+08
-127267 336388 7.65201e+08 127267 -336388 -3.19257e+08
-127257 336388 7.6517e+08 127257 -336388 -3.19222e+08
-127248 336388 7.65139e+08 127248 -336388 -3.19186e+08
-127238 336388 7.65109e+08 127238 -336388 -3.19151e+08
-127229 336388 7.65078e+08 127229 -336388 -3.19116e+08
-127219 336388 7.65047e+08 127219 -336388 -3.19081e+08
-127210 336388 7.65016e+08 127210 -336388 -3.19046e+08
-127201 336388 7.64985e+08 127201 -336388 -3.19011e+08
-127191 336388 7.64954e+08 127191 -336388 -3.18976e+08
-127182 336388 7.64923e+08 127182 -336388 -3.18941e+08
-127172 336388 7.64892e+08 127172 -336388 -3.18906e+08
-127163 336388 7.64861e+08 127163 -336388 -3.18871e+08
-127153 336388 7.6483e+08 127153 -336388 -3.18836e+08
-127144 336388 7.648e+08 127144 -336388 -3.18801e+08
-127134 336388 7.64769e+08 127134 -336388 -3.18766e+08
-127125 336388 7.64738e+08 127125 -336388 -3.18731e+08
-127115 336388 7.64707e+08 127115 -336388 -3.18696e+08
-127106 336388 7.64676e+08 127106 -336388 -3.18661e+08
-127097 336388 7.64645e+08 127097 -336388 -3.18626e+08
-127087 336388 7.64614e+08 127087 -336388 -3.18591e+08
-127078 336388 7.64583e+08 127078 -336388 -3.18556e+08
-127068 336388 7.64552e+08 127068 -336388 -3.18521e+08
-127059 336388 7.64522e+08 127059 -336388 -3.18486e+08
-127049 336388 7.64491e+08 127049 -336388 -3.18451e+08
-127040 336388 7.6446e+08 127040 -336388 -3.18416e+08
-127030 336388 7.64429e+08 127030 -336388 -3.18381e+08
-127021 336388 7.64398e+08 127021 -336388 -3.18346e+08
-127011 336388 7.64367e+08 127011 -336388 -3.18311e+08
-127002 336388 7.64336e+08 127002 -336388 -3.18276e+08
-126993 336388 7.64305e+08 126993 -336388 -3.18241e+08
-126983 336388 7.64274e+08 126983 -336388 -3.18206e+08
-126974 336388 7.64243e+08 126974 -336388 -3.18171e+08
-126964 336388 7.64213e+08 126964 -336388 -3.18136e+08
-126955 336388 7.64182e+08 126955 -336388 -3.18101e+08
-126945 336388 7.64151e+08 126945 -336388 -3.18065e+08
-126936 336388 7.6412e+08 126936 -336388 -3.1803e+08
-126926 336388 7.64089e+08 126926 -336388 -3.17995e+08
-126917 336388 7.64058e+08 126917 -336388 -3.1796e+08
-126908 336388 7.64027e+08 126908 -336388 -3.17925e+08
-126898 336388 7.63996e+08 126898 -336388 -3.1789e+08
-126889 336388 7.63966e+08 126889 -336388 -3.17855e+08
-126879 336388 7.63935e+08 126879 -336388 -3.1782e+08
-126870 336388 7.63904e+08 126870 -336388 -3.17785e+08
-126860 336388 7.63873e+08 126860 -336388 -3.1775e+08
-126851 336388 7.63842e+08 126851 -336388 -3.17715e+08
-126841 336388 7.63811e+08 126841 -336388 -3.1768e+08
-126832 336388 7.6378e+08 126832 -336388 -3.17645e+08
-126822 336388 7.63749e+08 126822 -336388 -3.1761e+08
-126813 336388 7.63718e+08 126813 -336388 -3.17575e+08
-126804 336388 7.63688e+08 126804 -336388 -3.1754e+08
-126794 336388 7.63657e+08 126794 -336388 -3.17505e+08
-126785 336388 7.63626e+08 126785 -336388 -3.1747e+08
-126775 336388 7.63595e+08 126775 -336388 -3.17435e+08
-126766 336388 7.63564e+08 126766 -336388 -3.174e+08
-126756 336388 7.63533e+08 126756 -336388 -3.17365e+08
-126747 336388 7.63502e+08 126747 -336388 -3.1733e+08
-126737 336388 7.63471e+08 126737 -336388 -3.17295e+08
-126728 336388 7.63441e+08 126728 -336388 -3.1726e+08
-126718 336388 7.6341e+08 126718 -336388 -3.17225e+08
-126709 336388 7.63379e+08 126709 -336388 -3.1719e+08
-126700 336388 7.63348e+08 126700 -336388 -3.17155e+08
-126690 336388 7.63317e+08 126690 -336388 -3.1712e+08
-126681 336388 7.63286e+08 126681 -336388 -3.17085e+08
-126671 336388 7.63255e+08 126671 -336388 -3.1705e+08
-126662 336388 7.63224e+08 126662 -336388 -3.17015e+08
-126652 336388 7.63194e+08 126652 -336388 -3.1698e+08
-126643 336388 7.63163e+08 126643 -336388 -3.16945e+08
-126633 336388 7.63132e+08 126633 -336388 -3.1691e+08
-126624 336388 7.63101e+08 126624 -336388 -3.16875e+08
-126614 336388 7.6307e+08 126614 -336388 -3.1684e+08
-126605 336388 7.63039e+08 126605 -336388 -3.16805e+08
-126596 336388 7.63008e+08 126596 -336388 -3.1677e+08
-126586 336388 7.62977e+08 126586 -336388 -3.16735e+08
-126577 336388 7.62947e+08 126577 -336388 -3.167e+08
-126567 336388 7.62916e+08 126567 -336388 -3.16665e+08
-126558 336388 7.62885e+08 126558 -336388 -3.1663e+08
-126548 336388 7.62854e+08 126548 -336388 -3.16595e+08
-126539 336388 7.62823e+08 126539 -336388 -3.1656e+08
-126529 336388 7.62792e+08 126529 -336388 -3.16525e+08
-126520 336388 7.62761e+08 126520 -336388 -3.1649e+08
-126511 336388 7.62731e+08 126511 -336388 -3.16455e+08
-126501 336388 7.627e+08 126501 -336388 -3.1642e+08
-126492 336388 7.62669e+08 126492 -336388 -3.16385e+08
-126482 336388 7.62638e+08 126482 -336388 -3.1635e+08
-126473 336388 7.62607e+08 126473 -336388 -3.16315e+08
-126463 336388 7.62576e+08 126463 -336388 -3.1628e+08
-126454 336388 7.62545e+08 126454 -336388 -3.16244e+08
-126444 336388 7.62515e+08 126444 -336388 -3.16209e+08
-126435 336388 7.62484e+08 126435 -336388 -3.16174e+08
-126425 336388 7.62453e+08 126425 -336388 -3.16139e+08
-126416 336388 7.62422e+08 126416 -336388 -3.16104e+08
-126407 336388 7.62391e+08 126407 -336388 -3.16069e+08
-126397 336388 7.6236e+08 126397 -336388 -3.16034e+08
-126388 336388 7.62329e+08 126388 -336388 -3.15999e+08
-126378 336388 7.62298e+08 126378 -336388 -3.15964e+08
-126369 336388 7.62268e+08 126369 -336388 -3.15929e+08
-126359 336388 7.62237e+08 126359 -336388 -3.15894e+08
-126350 336388 7.62206e+08 126350 -336388 -3.15859e+08
-126340 336388 7.62175e+08 126340 -336388 -3.15824e+08
-126331 336388 7.62144e+08 126331 -336388 -3.15789e+08
-126322 336388 7.62113e+08 126322 -336388 -3.15754e+08
-126312 336388 7.62082e+08 126312 -336388 -3.15719e+08
-126303 336388 7.62052e+08 126303 -336388 -3.15684e+08
-126293 336388 7.62021e+08 126293 -336388 -3.15649e+08
-126284 336388 7.6199e+08 126284 -336388 -3.15614e+08
-126274 336388 7.61959e+08 126274 -336388 -3.15579e+08
-126265 336388 7.61928e+08 126265 -336388 -3.15544e+08
-126255 336388 7.61897e+08 126255 -336388 -3.15509e+08
-126246 336388 7.61866e+08 126246 -336388 -3.15474e+08
-126236 336388 7.61836e+08 126236 -336388 -3.15439e+08
-126227 336388 7.61805e+08 126227 -336388 -3.15404e+08
-126218 336388 7.61774e+08 126218 -336388 -3.15369e+08
-126208 336388 7.61743e+08 126208 -336388 -3.15334e+08
-126199 336388 7.61712e+08 126199 -336388 -3.15299e+08
-126189 336388 7.61681e+08 126189 -336388 -3.15264e+08
-126180 336388 7.61651e+08 126180 -336388 -3.15229e+08
-126170 336388 7.6162e+08 126170 -336388 -3.15194e+08
-126161 336388 7.61589e+08 126161 -336388 -3.15159e+08
-126151 336388 7.61558e+08 126151 -336388 -3.15124e+08
-126142 336388 7.61527e+08 126142 -336388 -3.15089e+08
-126133 336388 7.61496e+08 126133 -336388 -3.15054e+08
-126123 336388 7.61465e+08 126123 -336388 -3.15019e+08
-126114 336388 7.61435e+08 126114 -336388 -3.14984e+08
-126104 336388 7.61404e+08 126104 -336388 -3.14949e+08
-126095 336388 7.61373e+08 126095 -336388 -3.14914e+08
-126085 336388 7.61342e+08 126085 -336388 -3.14879e+08
-126076 336388 7.61311e+08 126076 -336388 -3.14844e+08
-126066 336388 7.6128e+08 126066 -336388 -3.14809e+08
-126057 336388 7.6125e+08 126057 -336388 -3.14774e+08
-126048 336388 7.61219e+08 126048 -336388 -3.14739e+08
-126038 336388 7.61188e+08 126038 -336388 -3.14704e+08
-126029 336388 7.61157e+08 126029 -336388 -3.14669e+08
-126019 336388 7.61126e+08 126019 -336388 -3.14634e+08
-126010 336388 7.61095e+08 126010 -336388 -3.14599e+08
-126000 336388 7.61064e+08 126000 -336388 -3.14564e+08
-125991 336388 7.61034e+08 125991 -336388 -3.14529e+08
-125981 336388 7.61003e+08 125981 -336388 -3.14494e+08
-125972 336388 7.60972e+08 125972 -336388 -3.14459e+08
-125962 336388 7.60941e+08 125962 -336388 -3.14424e+08
-125953 336388 7.6091e+08 125953 -336388 -3.14389e+08
-125944 336388 7.60879e+08 125944 -336388 -3.14354e+08
-125934 336388 7.60849e+08 125934 -336388 -3.14319e+08
-125925 336388 7.60818e+08 125925 -336388 -3.14284e+08
-125915 336388 7.60787e+08 125915 -336388 -3.14249e+08
-125906 336388 7.60756e+08 125906 -336388 -3.14214e+08
-125896 336388 7.60725e+08 125896 -336388 -3.14179e+08
-125887 336388 7.60694e+08 125887 -336388 -3.14144e+08
-125877 336388 7.60664e+08 125877 -336388 -3.14109e+08
-125868 336388 7.60633e+08 125868 -336388 -3.14074e+08
-125859 336388 7.60602e+08 125859 -336388 -3.14039e+08
-125849 336388 7.60571e+08 125849 -336388 -3.14004e+08
-125840 336388 7.6054e+08 125840 -336388 -3.13969e+08
-125830 336388 7.60509e+08 125830 -336388 -3.13934e+08
-125821 336388 7.60479e+08 125821 -336388 -3.13899e+08
-125811 336388 7.60448e+08 125811 -336388 -3.13864e+08
-125802 336388 7.60417e+08 125802 -336388 -3.13829e+08
-125792 336388 7.60386e+08 125792 -336388 -3.13794e+08
-125783 336388 7.60355e+08 125783 -336388 -3.13759e+08
-125774 336388 7.60324e+08 125774 -336388 -3.13724e+08
-125764 336388 7.60294e+08 125764 -336388 -3.13689e+08
-125755 336388 7.60263e+08 125755 -336388 -3.13654e+08
-125745 336388 7.60232e+08 125745 -336388 -3.13619e+08
-125736 336388 7.60201e+08 125736 -336388 -3.13584e+08
-125726 336388 7.6017e+08 125726 -336388 -3.13549e+08
-125717 336388 7.60139e+08 125717 -336388 -3.13514e+08
-125707 336388 7.60109e+08 125707 -336388 -3.1348e+08
-125698 336388 7.60078e+08 125698 -336388 -3.13445e+08
-125688 336388 7.60047e+08 125688 -336388 -3.1341e+08
-125679 336388 7.60016e+08 125679 -336388 -3.13375e+08
-125670 336388 7.59985e+08 125670 -336388 -3.1334e+08
-125660 336388 7.59954e+08 125660 -336388 -3.13305e+08
-125651 336388 7.59924e+08 125651 -336388 -3.1327e+08
-125641 336388 7.59893e+08 125641 -336388 -3.13235e+08
-125632 336388 7.59862e+08 125632 -336388 -3.132e+08
-125622 336388 7.59831e+08 125622 -336388 -3.13165e+08
-125613 336388 7.598e+08 125613 -336388 -3.1313e+08
-125603 336388 7.5977e+08 125603 -336388 -3.13095e+08
-125594 336388 7.59739e+08 125594 -336388 -3.1306e+08
-125585 336388 7.59708e+08 125585 -336388 -3.13025e+08
-125575 336388 7.59677e+08 125575 -336388 -3.1299e+08
-125566 336388 7.59646e+08 125566 -336388 -3.12955e+08
-125556 336388 7.59615e+08 125556 -336388 -3.1292e+08
-125547 336388 7.59585e+08 125547 -336388 -3.12885e+08
-125537 336388 7.59554e+08 125537 -336388 -3.1285e+08
-125528 336388 7.59523e+08 125528 -336388 -3.12815e+08
-125518 336388 7.59492e+08 125518 -336388 -3.1278e+08
-125509 336388 7.59461e+08 125509 -336388 -3.12745e+08
-125500 336388 7.59431e+08 125500 -336388 -3.1271e+08
-125490 336388 7.594e+08 125490 -336388 -3.12675e+08
-125481 336388 7.59369e+08 125481 -336388 -3.1264e+08
-125471 336388 7.59338e+08 125471 -336388 -3.12605e+08
-125462 336388 7.59307e+08 125462 -336388 -3.1257e+08
-125452 336388 7.59276e+08 125452 -336388 -3.12535e+08
-125443 336388 7.59246e+08 125443 -336388 -3.125e+08
-125433 336388 7.59215e+08 125433 -336388 -3.12465e+08
-125424 336388 7.59184e+08 125424 -336388 -3.1243e+08
-125415 336388 7.59153e+08 125415 -336388 -3.12395e+08
-125405 336388 7.59122e+08 125405 -336388 -3.1236e+08
-125396 336388 7.59092e+08 125396 -336388 -3.12325e+08
-125386 336388 7.59061e+08 125386 -336388 -3.1229e+08
-125377 336388 7.5903e+08 125377 -336388 -3.12255e+08
-125367 336388 7.58999e+08 125367 -336388 -3.1222e+08
-125358 336388 7.58968e+08 125358 -336388 -3.12185e+08
-125348 336388 7.58938e+08 125348 -336388 -3.1215e+08
-125339 336388 7.58907e+08 125339 -336388 -3.12115e+08
-125330 336388 7.58876e+08 125330 -336388 -3.1208e+08
-125320 336388 7.58845e+08 125320 -336388 -3.12045e+08
-125311 336388 7.58814e+08 125311 -336388 -3.1201e+08
-125301 336388 7.58783e+08 125301 -336388 -3.11975e+08
-125292 336388 7.58753e+08 125292 -336388 -3.1194e+08
-125282 336388 7.58722e+08 125282 -336388 -3.11905e+08
-125273 336388 7.58691e+08 125273 -336388 -3.1187e+08
-125263 336388 7.5866e+08 125263 -336388 -3.11835e+08
-125254 336388 7.58629e+08 125254 -336388 -3.118e+08
-125245 336388 7.58599e+08 125245 -336388 -3.11765e+08
-125235 336388 7.58568e+08 125235 -336388 -3.1173e+08
-125226 336388 7.58537e+08 125226 -336388 -3.11695e+08
-125216 336388 7.58506e+08 125216 -336388 -3.11661e+08
-125207 336388 7.58475e+08 125207 -336388 -3.11626e+08
-125197 336388 7.58445e+08 125197 -336388 -3.11591e+08
-125188 336388 7.58414e+08 125188 -336388 -3.11556e+08
-125178 336388 7.58383e+08 125178 -336388 -3.11521e+08
-125169 336388 7.58352e+08 125169 -336388 -3.11486e+08
-125160 336388 7.58321e+08 125160 -336388 -3.11451e+08
-125150 336388 7.58291e+08 125150 -336388 -3.11416e+08
-125141 336388 7.5826e+08 125141 -336388 -3.11381e+08
-125131 336388 7.58229e+08 125131 -336388 -3.11346e+08
-125122 336388 7.58198e+08 125122 -336388 -3.11311e+08
-125112 336388 7.58167e+08 125112 -336388 -3.11276e+08
-125103 336388 7.58137e+08 125103 -336388 -3.11241e+08
-125093 336388 7.58106e+08 125093 -336388 -3.11206e+08
-125084 336388 7.58075e+08 125084 -336388 -3.11171e+08
-125075 336388 7.58044e+08 125075 -336388 -3.11136e+08
-125065 336388 7.58013e+08 125065 -336388 -3.11101e+08
-125056 336388 7.57983e+08 125056 -336388 -3.11066e+08
-125046 336388 7.57952e+08 125046 -336388 -3.11031e+08
-125037 336388 7.57921e+08 125037 -336388 -3.10996e+08
-125027 336388 7.5789e+08 125027 -336388 -3.10961e+08
-125018 336388 7.57859e+08 125018 -336388 -3.10926e+08
-125008 336388 7.57829e+08 125008 -336388 -3.10891e+08
-124999 336388 7.57798e+08 124999 -336388 -3.10856e+08
-124990 336388 7.57767e+08 124990 -336388 -3.10821e+08
-124980 336388 7.57736e+08 124980 -336388 -3.10786e+08
-124971 336388 7.57705e+08 124971 -336388 -3.10751e+08
-124961 336388 7.57675e+08 124961 -336388 -3.10716e+08
-124952 336388 7.57644e+08 124952 -336388 -3.10681e+08
-124942 336388 7.57613e+08 124942 -336388 -3.10646e+08
-124933 336388 7.57582e+08 124933 -336388 -3.10611e+08
-124923 336388 7.57552e+08 124923 -336388 -3.10577e+08
-124914 336388 7.57521e+08 124914 -336388 -3.10542e+08
-124905 336388 7.5749e+08 124905 -336388 -3.10507e+08
-124895 336388 7.57459e+08 124895 -336388 -3.10472e+08
-124886 336388 7.57428e+08 124886 -336388 -3.10437e+08
-124876 336388 7.57398e+08 124876 -336388 -3.10402e+08
-124867 336388 7.57367e+08 124867 -336388 -3.10367e+08
-124857 336388 7.57336e+08 124857 -336388 -3.10332e+08
-124848 336388 7.57305e+08 124848 -336388 -3.10297e+08
-124839 336388 7.57274e+08 124839 -336388 -3.10262e+08
-124829 336388 7.57244e+08 124829 -336388 -3.10227e+08
-124820 336388 7.57213e+08 124820 -336388 -3.10192e+08
-124810 336388 7.57182e+08 124810 -336388 -3.10157e+08
-124801 336388 7.57151e+08 124801 -336388 -3.10122e+08
-124791 336388 7.57121e+08 124791 -336388 -3.10087e+08
-124782 336388 7.5709e+08 124782 -336388 -3.10052e+08
-124772 336388 7.57059e+08 124772 -336388 -3.10017e+08
-124763 336388 7.57028e+08 124763 -336388 -3.09982e+08
-124754 336388 7.56997e+08 124754 -336388 -3.09947e+08
-124744 336388 7.56967e+08 124744 -336388 -3.09912e+08
-124735 336388 7.56936e+08 124735 -336388 -3.09877e+08
-124725 336388 7.56905e+08 124725 -336388 -3.09842e+08
-124716 336388 7.56874e+08 124716 -336388 -3.09807e+08
-124706 336388 7.56843e+08 124706 -336388 -3.09772e+08
-124697 336388 7.56813e+08 124697 -336388 -3.09737e+08
-124687 336388 7.56782e+08 124687 -336388 -3.09703e+08
-124678 336388 7.56751e+08 124678 -336388 -3.09668e+08
-124669 336388 7.5672e+08 124669 -336388 -3.09633e+08
-124659 336388 7.5669e+08 124659 -336388 -3.09598e+08
-124650 336388 7.56659e+08 124650 -336388 -3.09563e+08
-124640 336388 7.56628e+08 124640 -336388 -3.09528e+08
-124631 336388 7.56597e+08 124631 -336388 -3.09493e+08
-124621 336388 7.56566e+08 124621 -336388 -3.09458e+08
-124612 336388 7.56536e+08 124612 -336388 -3.09423e+08
-124602 336388 7.56505e+08 124602 -336388 -3.09388e+08
-124593 336388 7.56474e+08 124593 -336388 -3.09353e+08
-124584 336388 7.56443e+08 124584 -336388 -3.09318e+08
-124574 336388 7.56413e+08 124574 -336388 -3.09283e+08
-124565 336388 7.56382e+08 124565 -336388 -3.09248e+08
-124555 336388 7.56351e+08 124555 -336388 -3.09213e+08
-124546 336388 7.5632e+08 124546 -336388 -3.09178e+08
-124536 336388 7.5629e+08 124536 -336388 -3.09143e+08
-124527 336388 7.56259e+08 124527 -336388 -3.09108e+08
-124517 336388 7.56228e+08 124517 -336388 -3.09073e+08
-124508 336388 7.56197e+08 124508 -336388 -3.09038e+08
-124499 336388 7.56166e+08 124499 -336388 -3.09003e+08
-124489 336388 7.56136e+08 124489 -336388 -3.08969e+08
-124480 336388 7.56105e+08 124480 -336388 -3.08934e+08
-124470 336388 7.56074e+08 124470 -336388 -3.08899e+08
-124461 336388 7.56043e+08 124461 -336388 -3.08864e+08
-124451 336388 7.56013e+08 124451 -336388 -3.08829e+08
-124442 336388 7.55982e+08 124442 -336388 -3.08794e+08
-124433 336388 7.55951e+08 124433 -336388 -3.08759e+08
-124423 336388 7.5592e+08 124423 -336388 -3.08724e+08
-124414 336388 7.5589e+08 124414 -336388 -3.08689e+08
-124404 336388 7.55859e+08 124404 -336388 -3.08654e+08
-124395 336388 7.55828e+08 124395 -336388 -3.08619e+08
-124385 336388 7.55797e+08 124385 -336388 -3.08584e+08
-124376 336388 7.55766e+08 124376 -336388 -3.08549e+08
-124366 336388 7.55736e+08 124366 -336388 -3.08514e+08
-124357 336388 7.55705e+08 124357 -336388 -3.08479e+08
-124348 336388 7.55674e+08 124348 -336388 -3.08444e+08
-124338 336388 7.55643e+08 124338 -336388 -3.08409e+08
-124329 336388 7.55613e+08 124329 -336388 -3.08374e+08
-124319 336388 7.55582e+08 124319 -336388 -3.08339e+08
-124310 336388 7.55551e+08 124310 -336388 -3.08305e+08
-124300 336388 7.5552e+08 124300 -336388 -3.0827e+08
-124291 336388 7.5549e+08 124291 -336388 -3.08235e+08
-124282 336388 7.55459e+08 124282 -336388 -3.082e+08
-124272 336388 7.55428e+08 124272 -336388 -3.08165e+08
-124263 336388 7.55397e+08 124263 -336388 -3.0813e+08
-124253 336388 7.55367e+08 124253 -336388 -3.08095e+08
-124244 336388 7.55336e+08 124244 -336388 -3.0806e+08
-124234 336388 7.55305e+08 124234 -336388 -3.08025e+08
-124225 336388 7.55274e+08 124225 -336388 -3.0799e+08
-124215 336388 7.55244e+08 124215 -336388 -3.07955e+08
-124206 336388 7.55213e+08 124206 -336388 -3.0792e+08
-124197 336388 7.55182e+08 124197 -336388 -3.07885e+08
-124187 336388 7.55151e+08 124187 -336388 -3.0785e+08
-124178 336388 7.55121e+08 124178 -336388 -3.07815e+08
-124168 336388 7.5509e+08 124168 -336388 -3.0778e+08
-124159 336388 7.55059e+08 124159 -336388 -3.07745e+08
-124149 336388 7.55028e+08 124149 -336388 -3.07711e+08
-124140 336388 7.54998e+08 124140 -336388 -3.07676e+08
-124130 336388 7.54967e+08 124130 -336388 -3.07641e+08
-124121 336388 7.54936e+08 124121 -336388 -3.07606e+08
-124112 336388 7.54905e+08 124112 -336388 -3.07571e+08
-124102 336388 7.54874e+08 124102 -336388 -3.07536e+08
-124093 336388 7.54844e+08 124093 -336388 -3.07501e+08
-124083 336388 7.54813e+08 124083 -336388 -3.07466e+08
-124074 336388 7.54782e+08 124074 -336388 -3.07431e+08
-124064 336388 7.54751e+08 124064 -336388 -3.07396e+08
-124055 336388 7.54721e+08 124055 -336388 -3.07361e+08
-124046 336388 7.5469e+08 124046 -336388 -3.07326e+08
-124036 336388 7.54659e+08 124036 -336388 -3.07291e+08
-124027 336388 7.54629e+08 124027 -336388 -3.07256e+08
-124017 336388 7.54598e+08 124017 -336388 -3.07221e+08
-124008 336388 7.54567e+08 124008 -336388 -3.07186e+08
-123998 336388 7.54536e+08 123998 -336388 -3.07152e+08
-123989 336388 7.54506e+08 123989 -336388 -3.07117e+08
-123979 336388 7.54475e+08 123979 -336388 -3.07082e+08
-123970 336388 7.54444e+08 123970 -336388 -3.07047e+08
-123961 336388 7.54413e+08 123961 -336388 -3.07012e+08
-123951 336388 7.54383e+08 123951 -336388 -3.06977e+08
-123942 336388 7.54352e+08 123942 -336388 -3.06942e+08
-123932 336388 7.54321e+08 123932 -336388 -3.06907e+08
-123923 336388 7.5429e+08 123923 -336388 -3.06872e+08
-123913 336388 7.5426e+08 123913 -336388 -3.06837e+08
-123904 336388 7.54229e+08 123904 -336388 -3.06802e+08
-123895 336388 7.54198e+08 123895 -336388 -3.06767e+08
-123885 336388 7.54167e+08 123885 -336388 -3.06732e+08
-123876 336388 7.54137e+08 123876 -336388 -3.06697e+08
-123866 336388 7.54106e+08 123866 -336388 -3.06663e+08
-123857 336388 7.54075e+08 123857 -336388 -3.06628e+08
-123847 336388 7.54044e+08 123847 -336388 -3.06593e+08
-123838 336388 7.54014e+08 123838 -336388 -3.06558e+08
-123828 336388 7.53983e+08 123828 -336388 -3.06523e+08
-123819 336388 7.53952e+08 123819 -336388 -3.06488e+08
-123810 336388 7.53921e+08 123810 -336388 -3.06453e+08
-123800 336388 7.53891e+08 123800 -336388 -3.06418e+08
-123791 336388 7.5386e+08 123791 -336388 -3.06383e+08
-123781 336388 7.53829e+08 123781 -336388 -3.06348e+08
-123772 336388 7.53798e+08 123772 -336388 -3.06313e+08
-123762 336388 7.53768e+08 123762 -336388 -3.06278e+08
-123753 336388 7.53737e+08 123753 -336388 -3.06243e+08
-123744 336388 7.53706e+08 123744 -336388 -3.06208e+08
-123734 336388 7.53676e+08 123734 -336388 -3.06173e+08
-123725 336388 7.53645e+08 123725 -336388 -3.06139e+08
-123715 336388 7.53614e+08 123715 -336388 -3.06104e+08
-123706 336388 7.53583e+08 123706 -336388 -3.06069e+08
-123696 336388 7.53553e+08 123696 -336388 -3.06034e+08
-123687 336388 7.53522e+08 123687 -336388 -3.05999e+08
-123677 336388 7.53491e+08 123677 -336388 -3.05964e+08
-123668 336388 7.5346e+08 123668 -336388 -3.05929e+08
-123659 336388 7.5343e+08 123659 -336388 -3.05894e+08
-123649 336388 7.53399e+08 123649 -336388 -3.05859e+08
-123640 336388 7.53368e+08 123640 -336388 -3.05824e+08
-123630 336388 7.53338e+08 123630 -336388 -3.05789e+08
-123621 336388 7.53307e+08 123621 -336388 -3.05754e+08
-123611 336388 7.53276e+08 123611 -336388 -3.05719e+08
-123602 336388 7.53245e+08 123602 -336388 -3.05685e+08
-123593 336388 7.53215e+08 123593 -336388 -3.0565e+08
-123583 336388 7.53184e+08 123583 -336388 -3.05615e+08
-123574 336388 7.53153e+08 123574 -336388 -3.0558e+08
-123564 336388 7.53122e+08 123564 -336388 -3.05545e+08
-123555 336388 7.53092e+08 123555 -336388 -3.0551e+08
-123545 336388 7.53061e+08 123545 -336388 -3.05475e+08
-123536 336388 7.5303e+08 123536 -336388 -3.0544e+08
-123527 336388 7.53e+08 123527 -336388 -3.05405e+08
-123517 336388 7.52969e+08 123517 -336388 -3.0537e+08
-123508 336388 7.52938e+08 123508 -336388 -3.05335e+08
-123498 336388 7.52907e+08 123498 -336388 -3.053e+08
-123489 336388 7.52877e+08 123489 -336388 -3.05266e+08
-123479 336388 7.52846e+08 123479 -336388 -3.05231e+08
-123470 336388 7.52815e+08 123470 -336388 -3.05196e+08
-123460 336388 7.52784e+08 123460 -336388 -3.05161e+08
-123451 336388 7.52754e+08 123451 -336388 -3.05126e+08
-123442 336388 7.52723e+08 123442 -336388 -3.05091e+08
-123432 336388 7.52692e+08 123432 -336388 -3.05056e+08
-123423 336388 7.52662e+08 123423 -336388 -3.05021e+08
-123413 336388 7.52631e+08 123413 -336388 -3.04986e+08
-123404 336388 7.526e+08 123404 -336388 -3.04951e+08
-123394 336388 7.52569e+08 123394 -336388 -3.04916e+08
-123385 336388 7.52539e+08 123385 -336388 -3.04881e+08
-123376 336388 7.52508e+08 123376 -336388 -3.04847e+08
-123366 336388 7.52477e+08 123366 -336388 -3.04812e+08
-123357 336388 7.52447e+08 123357 -336388 -3.04777e+08
-123347 336388 7.52416e+08 123347 -336388 -3.04742e+08
-123338 336388 7.52385e+08 123338 -336388 -3.04707e+08
-123328 336388 7.52354e+08 123328 -336388 -3.04672e+08
-123319 336388 7.52324e+08 123319 -336388 -3.04637e+08
-123310 336388 7.52293e+08 123310 -336388 -3.04602e+08
-123300 336388 7.52262e+08 123300 -336388 -3.04567e+08
-123291 336388 7.52232e+08 123291 -336388 -3.04532e+08
-123281 336388 7.52201e+08 123281 -336388 -3.04497e+08
-123272 336388 7.5217e+08 123272 -336388 -3.04462e+08
-123262 336388 7.52139e+08 123262 -336388 -3.04428e+08
-123253 336388 7.52109e+08 123253 -336388 -3.04393e+08
-123243 336388 7.52078e+08 123243 -336388 -3.04358e+08
-123234 336388 7.52047e+08 123234 -336388 -3.04323e+08
-123225 336388 7.52017e+08 123225 -336388 -3.04288e+08
-123215 336388 7.51986e+08 123215 -336388 -3.04253e+08
-123206 336388 7.51955e+08 123206 -336388 -3.04218e+08
-123196 336388 7.51925e+08 123196 -336388 -3.04183e+08
-123187 336388 7.51894e+08 123187 -336388 -3.04148e+08
-123177 336388 7.51863e+08 123177 -336388 -3.04113e+08
-123168 336388 7.51832e+08 123168 -336388 -3.04078e+08
-123159 336388 7.51802e+08 123159 -336388 -3.04044e+08
-123149 336388 7.51771e+08 123149 -336388 -3.04009e+08
-123140 336388 7.5174e+08 123140 -336388 -3.03974e+08
-123130 336388 7.5171e+08 123130 -336388 -3.03939e+08
-123121 336388 7.51679e+08 123121 -336388 -3.03904e+08
-123111 336388 7.51648e+08 123111 -336388 -3.03869e+08
-123102 336388 7.51617e+08 123102 -336388 -3.03834e+08
-123093 336388 7.51587e+08 123093 -336388 -3.03799e+08
-123083 336388 7.51556e+08 123083 -336388 -3.03764e+08
-123074 336388 7.51525e+08 123074 -336388 -3.03729e+08
-123064 336388 7.51495e+08 123064 -336388 -3.03695e+08
-123055 336388 7.51464e+08 123055 -336388 -3.0366e+08
-123045 336388 7.51433e+08 123045 -336388 -3.03625e+08
-123036 336388 7.51403e+08 123036 -336388 -3.0359e+08
-123027 336388 7.51372e+08 123027 -336388 -3.03555e+08
-123017 336388 7.51341e+08 123017 -336388 -3.0352e+08
-123008 336388 7.5131e+08 123008 -336388 -3.03485e+08
-122998 336388 7.5128e+08 122998 -336388 -3.0345e+08
-122989 336388 7.51249e+08 122989 -336388 -3.03415e+08
-122979 336388 7.51218e+08 122979 -336388 -3.0338e+08
-122970 336388 7.51188e+08 122970 -336388 -3.03345e+08
-122960 336388 7.51157e+08 122960 -336388 -3.03311e+08
-122951 336388 7.51126e+08 122951 -336388 -3.03276e+08
-122942 336388 7.51096e+08 122942 -336388 -3.03241e+08
-122932 336388 7.51065e+08 122932 -336388 -3.03206e+08
-122923 336388 7.51034e+08 122923 -336388 -3.03171e+08
-122913 336388 7.51004e+08 122913 -336388 -3.03136e+08
-122904 336388 7.50973e+08 122904 -336388 -3.03101e+08
-122894 336388 7.50942e+08 122894 -336388 -3.03066e+08
-122885 336388 7.50911e+08 122885 -336388 -3.03031e+08
-122876 336388 7.50881e+08 122876 -336388 -3.02996e+08
-122866 336388 7.5085e+08 122866 -336388 -3.02962e+08
-122857 336388 7.50819e+08 122857 -336388 -3.02927e+08
-122847 336388 7.50789e+08 122847 -336388 -3.02892e+08
-122838 336388 7.50758e+08 122838 -336388 -3.02857e+08
-122828 336388 7.50727e+08 122828 -336388 -3.02822e+08
-122819 336388 7.50697e+08 122819 -336388 -3.02787e+08
-122810 336388 7.50666e+08 122810 -336388 -3.02752e+08
-122800 336388 7.50635e+08 122800 -336388 -3.02717e+08
-122791 336388 7.50605e+08 122791 -336388 -3.02682e+08
-122781 336388 7.50574e+08 122781 -336388 -3.02647e+08
-122772 336388 7.50543e+08 122772 -336388 -3.02613e+08
-122762 336388 7.50512e+08 122762 -336388 -3.02578e+08
-122753 336388 7.50482e+08 122753 -336388 -3.02543e+08
-122744 336388 7.50451e+08 122744 -336388 -3.02508e+08
-122734 336388 7.5042e+08 122734 -336388 -3.02473e+08
-122725 336388 7.5039e+08 122725 -336388 -3.02438e+08
-122715 336388 7.50359e+08 122715 -336388 -3.02403e+08
-122706 336388 7.50328e+08 122706 -336388 -3.02368e+08
-122696 336388 7.50298e+08 122696 -336388 -3.02333e+08
-122687 336388 7.50267e+08 122687 -336388 -3.02299e+08
-122678 336388 7.50236e+08 122678 -336388 -3.02264e+08
-122668 336388 7.50206e+08 122668 -336388 -3.02229e+08
-122659 336388 7.50175e+08 122659 -336388 -3.02194e+08
-122649 336388 7.50144e+08 122649 -336388 -3.02159e+08
-122640 336388 7.50114e+08 122640 -336388 -3.02124e+08
-122630 336388 7.50083e+08 122630 -336388 -3.02089e+08
-122621 336388 7.50052e+08 122621 -336388 -3.02054e+08
-122612 336388 7.50022e+08 122612 -336388 -3.02019e+08
-122602 336388 7.49991e+08 122602 -336388 -3.01985e+08
-122593 336388 7.4996e+08 122593 -336388 -3.0195e+08
-122583 336388 7.49929e+08 122583 -336388 -3.01915e+08
-122574 336388 7.49899e+08 122574 -336388 -3.0188e+08
-122564 336388 7.49868e+08 122564 -336388 -3.01845e+08
-122555 336388 7.49837e+08 122555 -336388 -3.0181e+08
-122546 336388 7.49807e+08 122546 -336388 -3.01775e+08
-122536 336388 7.49776e+08 122536 -336388 -3.0174e+08
-122527 336388 7.49745e+08 122527 -336388 -3.01705e+08
-122517 336388 7.49715e+08 122517 -336388 -3.01671e+08
-122508 336388 7.49684e+08 122508 -336388 -3.01636e+08
-122498 336388 7.49653e+08 122498 -336388 -3.01601e+08
-122489 336388 7.49623e+08 122489 -336388 -3.01566e+08
-122480 336388 7.49592e+08 122480 -336388 -3.01531e+08
-122470 336388 7.49561e+08 122470 -336388 -3.01496e+08
-122461 336388 7.49531e+08 122461 -336388 -3.01461e+08
-122451 336388 7.495e+08 122451 -336388 -3.01426e+08
-122442 336388 7.49469e+08 122442 -336388 -3.01391e+08
-122432 336388 7.49439e+08 122432 -336388 -3.01357e+08
-122423 336388 7.49408e+08 122423 -336388 -3.01322e+08
-122414 336388 7.49377e+08 122414 -336388 -3.01287e+08
-122404 336388 7.49347e+08 122404 -336388 -3.01252e+08
-122395 336388 7.49316e+08 122395 -336388 -3.01217e+08
-122385 336388 7.49285e+08 122385 -336388 -3.01182e+08
-122376 336388 7.49255e+08 122376 -336388 -3.01147e+08
-122366 336388 7.49224e+08 122366 -336388 -3.01112e+08
-122357 336388 7.49193e+08 122357 -336388 -3.01077e+08
-122348 336388 7.49163e+08 122348 -336388 -3.01043e+08
-122338 336388 7.49132e+08 122338 -336388 -3.01008e+08
-122329 336388 7.49101e+08 122329 -336388 -3.00973e+08
-122319 336388 7.49071e+08 122319 -336388 -3.00938e+08
-122310 336388 7.4904e+08 122310 -336388 -3.00903e+08
-122300 336388 7.49009e+08 122300 -336388 -3.00868e+08
-122291 336388 7.48979e+08 122291 -336388 -3.00833e+08
-122281 336388 7.48948e+08 122281 -336388 -3.00798e+08
-122272 336388 7.48917e+08 122272 -336388 -3.00764e+08
-122263 336388 7.48887e+08 122263 -336388 -3.00729e+08
-122253 336388 7.48856e+08 122253 -336388 -3.00694e+08
-122244 336388 7.48825e+08 122244 -336388 -3.00659e+08
-122234 336388 7.48795e+08 122234 -336388 -3.00624e+08
-122225 336388 7.48764e+08 122225 -336388 -3.00589e+08
-122215 336388 7.48733e+08 122215 -336388 -3.00554e+08
-122206 336388 7.48703e+08 122206 -336388 -3.00519e+08
-122197 336388 7.48672e+08 122197 -336388 -3.00485e+08
-122187 336388 7.48641e+08 122187 -336388 -3.0045e+08
-122178 336388 7.48611e+08 122178 -336388 -3.00415e+08
-122168 336388 7.4858e+08 122168 -336388 -3.0038e+08
-122159 336388 7.48549e+08 122159 -336388 -3.00345e+08
-122149 336388 7.48519e+08 122149 -336388 -3.0031e+08
-122140 336388 7.48488e+08 122140 -336388 -3.00275e+08
-122131 336388 7.48457e+08 122131 -336388 -3.0024e+08
-122121 336388 7.48427e+08 122121 -336388 -3.00206e+08
-122112 336388 7.48396e+08 122112 -336388 -3.00171e+08
-122102 336388 7.48366e+08 122102 -336388 -3.00136e+08
-122093 336388 7.48335e+08 122093 -336388 -3.00101e+08
-122084 336388 7.48304e+08 122084 -336388 -3.00066e+08
-122074 336388 7.48274e+08 122074 -336388 -3.00031e+08
-122065 336388 7.48243e+08 122065 -336388 -2.99996e+08
-122055 336388 7.48212e+08 122055 -336388 -2.99961e+08
-122046 336388 7.48182e+08 122046 -336388 -2.99927e+08
-122036 336388 7.48151e+08 122036 -336388 -2.99892e+08
-122027 336388 7.4812e+08 122027 -336388 -2.99857e+08
-122018 336388 7.4809e+08 122018 -336388 -2.99822e+08
-122008 336388 7.48059e+08 122008 -336388 -2.99787e+08
-121999 336388 7.48028e+08 121999 -336388 -2.99752e+08
-121989 336388 7.47998e+08 121989 -336388 -2.99717e+08
-121980 336388 7.47967e+08 121980 -336388 -2.99682e+08
-121970 336388 7.47936e+08 121970 -336388 -2.99648e+08
-121961 336388 7.47906e+08 121961 -336388 -2.99613e+08
-121952 336388 7.47875e+08 121952 -336388 -2.99578e+08
-121942 336388 7.47844e+08 121942 -336388 -2.99543e+08
-121933 336388 7.47814e+08 121933 -336388 -2.99508e+08
-121923 336388 7.47783e+08 121923 -336388 -2.99473e+08
-121914 336388 7.47752e+08 121914 -336388 -2.99438e+08
-121904 336388 7.47722e+08 121904 -336388 -2.99403e+08
-121895 336388 7.47691e+08 121895 -336388 -2.99369e+08
-121886 336388 7.47661e+08 121886 -336388 -2.99334e+08
-121876 336388 7.4763e+08 121876 -336388 -2.99299e+08
-121867 336388 7.47599e+08 121867 -336388 -2.99264e+08
-121857 336388 7.47569e+08 121857 -336388 -2.99229e+08
-121848 336388 7.47538e+08 121848 -336388 -2.99194e+08
-121838 336388 7.47507e+08 121838 -336388 -2.99159e+08
-121829 336388 7.47477e+08 121829 -336388 -2.99125e+08
-121820 336388 7.47446e+08 121820 -336388 -2.9909e+08
-121810 336388 7.47415e+08 121810 -336388 -2.99055e+08
-121801 336388 7.47385e+08 121801 -336388 -2.9902e+08
-121791 336388 7.47354e+08 121791 -336388 -2.98985e+08
-121782 336388 7.47323e+08 121782 -336388 -2.9895e+08
-121772 336388 7.47293e+08 121772 -336388 -2.98915e+08
-121763 336388 7.47262e+08 121763 -336388 -2.9888e+08
-121754 336388 7.47232e+08 121754 -336388 -2.98846e+08
-121744 336388 7.47201e+08 121744 -336388 -2.98811e+08
-121735 336388 7.4717e+08 121735 -336388 -2.98776e+08
-121725 336388 7.4714e+08 121725 -336388 -2.98741e+08
-121716 336388 7.47109e+08 121716 -336388 -2.98706e+08
-121706 336388 7.47078e+08 121706 -336388 -2.98671e+08
-121697 336388 7.47048e+08 121697 -336388 -2.98636e+08
-121688 336388 7.47017e+08 121688 -336388 -2.98602e+08
-121678 336388 7.46986e+08 121678 -336388 -2.98567e+08
-121669 336388 7.46956e+08 121669 -336388 -2.98532e+08
-121659 336388 7.46925e+08 121659 -336388 -2.98497e+08
-121650 336388 7.46895e+08 121650 -336388 -2.98462e+08
-121640 336388 7.46864e+08 121640 -336388 -2.98427e+08
-121631 336388 7.46833e+08 121631 -336388 -2.98392e+08
-121622 336388 7.46803e+08 121622 -336388 -2.98358e+08
-121612 336388 7.46772e+08 121612 -336388 -2.98323e+08
-121603 336388 7.46741e+08 121603 -336388 -2.98288e+08
-121593 336388 7.46711e+08 121593 -336388 -2.98253e+08
-121584 336388 7.4668e+08 121584 -336388 -2.98218e+08
-121574 336388 7.4665e+08 121574 -336388 -2.98183e+08
-121565 336388 7.46619e+08 121565 -336388 -2.98148e+08
-121540 336388 7.46509e+08 121540 -336388 -2.98082e+08
-121475 336388 7.46191e+08 121475 -336388 -2.97935e+08
-121410 336388 7.45873e+08 121410 -336388 -2.97788e+08
-121344 336388 7.45556e+08 121344 -336388 -2.9764e+08
-121279 336388 7.45238e+08 121279 -336388 -2.97493e+08
-121214 336388 7.4492e+08 121214 -336388 -2.97346e+08
-121149 336388 7.44603e+08 121149 -336388 -2.97198e+08
-121084 336388 7.44285e+08 121084 -336388 -2.97051e+08
-121018 336388 7.43967e+08 121018 -336388 -2.96904e+08
-120953 336388 7.4365e+08 120953 -336388 -2.96756e+08
-120888 336388 7.43332e+08 120888 -336388 -2.96609e+08
-120823 336388 7.43015e+08 120823 -336388 -2.96462e+08
-120757 336388 7.42697e+08 120757 -336388 -2.96314e+08
-120692 336388 7.42379e+08 120692 -336388 -2.96167e+08
-120627 336388 7.42062e+08 120627 -336388 -2.9602e+08
-120562 336388 7.41744e+08 120562 -336388 -2.95872e+08
-120497 336388 7.41426e+08 120497 -336388 -2.95725e+08
-120431 336388 7.41109e+08 120431 -336388 -2.95578e+08
-120366 336388 7.40791e+08 120366 -336388 -2.9543e+08
-120301 336388 7.40474e+08 120301 -336388 -2.95283e+08
-120236 336388 7.40156e+08 120236 -336388 -2.95136e+08
-120170 336388 7.39838e+08 120170 -336388 -2.94988e+08
-120105 336388 7.39521e+08 120105 -336388 -2.94841e+08
-120040 336388 7.39203e+08 120040 -336388 -2.94694e+08
-119975 336388 7.38886e+08 119975 -336388 -2.94546e+08
-119910 336388 7.38568e+08 119910 -336388 -2.94399e+08
-119844 336388 7.3825e+08 119844 -336388 -2.94252e+08
-119779 336388 7.37933e+08 119779 -336388 -2.94105e+08
-119714 336388 7.37615e+08 119714 -336388 -2.93957e+08
-119649 336388 7.37298e+08 119649 -336388 -2.9381e+08
-119584 336388 7.3698e+08 119584 -336388 -2.93663e+08
-119518 336388 7.36662e+08 119518 -336388 -2.93515e+08
-119453 336388 7.36345e+08 119453 -336388 -2.93368e+08
-119388 336388 7.36027e+08 119388 -336388 -2.93221e+08
-119323 336388 7.3571e+08 119323 -336388 -2.93073e+08
-119257 336388 7.35392e+08 119257 -336388 -2.92926e+08
-119192 336388 7.35074e+08 119192 -336388 -2.92779e+08
-119127 336388 7.34757e+08 119127 -336388 -2.92631e+08
-119062 336388 7.34439e+08 119062 -336388 -2.92484e+08
-118997 336388 7.34122e+08 118997 -336388 -2.92337e+08
-118931 336388 7.33804e+08 118931 -336388 -2.9219e+08
-118866 336388 7.33486e+08 118866 -336388 -2.92042e+08
-118801 336388 7.33169e+08 118801 -336388 -2.91895e+08
-118736 336388 7.32851e+08 118736 -336388 -2.91748e+08
-118671 336388 7.32534e+08 118671 -336388 -2.916e+08
-118605 336388 7.32216e+08 118605 -336388 -2.91453e+08
-118540 336388 7.31899e+08 118540 -336388 -2.91306e+08
-118475 336388 7.31581e+08 118475 -336388 -2.91158e+08
-118410 336388 7.31264e+08 118410 -336388 -2.91011e+08
-118344 336388 7.30946e+08 118344 -336388 -2.90864e+08
-118279 336388 7.30628e+08 118279 -336388 -2.90717e+08
-118214 336388 7.30311e+08 118214 -336388 -2.90569e+08
-118149 336388 7.29993e+08 118149 -336388 -2.90422e+08
-118084 336388 7.29676e+08 118084 -336388 -2.90275e+08
-118018 336388 7.29358e+08 118018 -336388 -2.90127e+08
-117953 336388 7.29041e+08 117953 -336388 -2.8998e+08
-117888 336388 7.28723e+08 117888 -336388 -2.89833e+08
-117823 336388 7.28406e+08 117823 -336388 -2.89686e+08
-117758 336388 7.28088e+08 117758 -336388 -2.89538e+08
-117692 336388 7.2777e+08 117692 -336388 -2.89391e+08
-117627 336388 7.27453e+08 117627 -336388 -2.89244e+08
-117562 336388 7.27135e+08 117562 -336388 -2.89096e+08
-117497 336388 7.26818e+08 117497 -336388 -2.88949e+08
-117432 336388 7.265e+08 117432 -336388 -2.88802e+08
-117348 336388 7.2605e+08 117348 -336388 -2.88579e+08
-117263 336388 7.25585e+08 117263 -336388 -2.88349e+08
-117177 336388 7.2512e+08 117177 -336388 -2.88118e+08
-117092 336388 7.24655e+08 117092 -336388 -2.87887e+08
-117007 336388 7.2419e+08 117007 -336388 -2.87656e+08
-116921 336388 7.23726e+08 116921 -336388 -2.87425e+08
-116836 336388 7.23261e+08 116836 -336388 -2.87194e+08
-116751 336388 7.22796e+08 116751 -336388 -2.86963e+08
-116665 336388 7.22331e+08 116665 -336388 -2.86733e+08
-116580 336388 7.21866e+08 116580 -336388 -2.86502e+08
-116495 336388 7.21401e+08 116495 -336388 -2.86271e+08
-116409 336388 7.20936e+08 116409 -336388 -2.8604e+08
-116324 336388 7.20471e+08 116324 -336388 -2.85809e+08
-116238 336388 7.20006e+08 116238 -336388 -2.85578e+08
-116153 336388 7.19541e+08 116153 -336388 -2.85348e+08
-116068 336388 7.19076e+08 116068 -336388 -2.85117e+08
-115982 336388 7.18612e+08 115982 -336388 -2.84886e+08
-115897 336388 7.18147e+08 115897 -336388 -2.84655e+08
-115812 336388 7.17682e+08 115812 -336388 -2.84424e+08
-115726 336388 7.17217e+08 115726 -336388 -2.84193e+08
-115641 336388 7.16752e+08 115641 -336388 -2.83963e+08
-115556 336388 7.16287e+08 115556 -336388 -2.83732e+08
-115470 336388 7.15822e+08 115470 -336388 -2.83501e+08
-115385 336388 7.15357e+08 115385 -336388 -2.8327e+08
-115299 336388 7.14892e+08 115299 -336388 -2.83039e+08
-115214 336388 7.14428e+08 115214 -336388 -2.82808e+08
-115129 336388 7.13963e+08 115129 -336388 -2.82578e+08
-115043 336388 7.13498e+08 115043 -336388 -2.82347e+08
-114958 336388 7.13033e+08 114958 -336388 -2.82116e+08
-114873 336388 7.12568e+08 114873 -336388 -2.81885e+08
-114787 336388 7.12103e+08 114787 -336388 -2.81654e+08
-114702 336388 7.11638e+08 114702 -336388 -2.81423e+08
-114617 336388 7.11173e+08 114617 -336388 -2.81193e+08
-114531 336388 7.10709e+08 114531 -336388 -2.80962e+08
-114446 336388 7.10244e+08 114446 -336388 -2.80731e+08
-114360 336388 7.09779e+08 114360 -336388 -2.805e+08
-114275 336388 7.09314e+08 114275 -336388 -2.80269e+08
-114190 336388 7.08849e+08 114190 -336388 -2.80039e+08
-114104 336388 7.08384e+08 114104 -336388 -2.79808e+08
-114019 336388 7.07919e+08 114019 -336388 -2.79577e+08
-113934 336388 7.07455e+08 113934 -336388 -2.79346e+08
-113848 336388 7.0699e+08 113848 -336388 -2.79115e+08
-113763 336388 7.06525e+08 113763 -336388 -2.78885e+08
-113678 336388 7.0606e+08 113678 -336388 -2.78654e+08
-113592 336388 7.05595e+08 113592 -336388 -2.78423e+08
-113507 336388 7.0513e+08 113507 -336388 -2.78192e+08
-113421 336388 7.04665e+08 113421 -336388 -2.77961e+08
-113336 336388 7.04201e+08 113336 -336388 -2.77731e+08
-113251 336388 7.03736e+08 113251 -336388 -2.775e+08
-113165 336388 7.03271e+08 113165 -336388 -2.77269e+08
-113080 336388 7.02806e+08 113080 -336388 -2.77038e+08
-112995 336388 7.02341e+08 112995 -336388 -2.76807e+08
-112909 336388 7.01876e+08 112909 -336388 -2.76577e+08
-112824 336388 7.01412e+08 112824 -336388 -2.76346e+08
-112739 336388 7.00947e+08 112739 -336388 -2.76115e+08
-112653 336388 7.00482e+08 112653 -336388 -2.75884e+08
-112568 336388 7.00017e+08 112568 -336388 -2.75654e+08
-112482 336388 6.99552e+08 112482 -336388 -2.75423e+08
-112397 336388 6.99087e+08 112397 -336388 -2.75192e+08
-112312 336388 6.98623e+08 112312 -336388 -2.74961e+08
-112226 336388 6.98158e+08 112226 -336388 -2.7473e+08
-112141 336388 6.97693e+08 112141 -336388 -2.745e+08
-112056 336388 6.97228e+08 112056 -336388 -2.74269e+08
-111970 336388 6.96763e+08 111970 -336388 -2.74038e+08
-111885 336388 6.96299e+08 111885 -336388 -2.73807e+08
-111800 336388 6.95834e+08 111800 -336388 -2.73577e+08
-111714 336388 6.95369e+08 111714 -336388 -2.73346e+08
-111629 336388 6.94904e+08 111629 -336388 -2.73115e+08
-111543 336388 6.94439e+08 111543 -336388 -2.72884e+08
-111458 336388 6.93974e+08 111458 -336388 -2.72654e+08
-111373 336388 6.9351e+08 111373 -336388 -2.72423e+08
-111287 336388 6.93045e+08 111287 -336388 -2.72192e+08
-111202 336388 6.9258e+08 111202 -336388 -2.71961e+08
-111117 336388 6.92115e+08 111117 -336388 -2.71731e+08
-111031 336388 6.9165e+08 111031 -336388 -2.715e+08
-110946 336388 6.91186e+08 110946 -336388 -2.71269e+08
-110861 336388 6.90721e+08 110861 -336388 -2.71038e+08
-110775 336388 6.90256e+08 110775 -336388 -2.70808e+08
-110690 336388 6.89791e+08 110690 -336388 -2.70577e+08
-110604 336388 6.89327e+08 110604 -336388 -2.70346e+08
-110519 336388 6.88862e+08 110519 -336388 -2.70115e+08
-110434 336388 6.88397e+08 110434 -336388 -2.69885e+08
-110348 336388 6.87932e+08 110348 -336388 -2.69654e+08
-110263 336388 6.87467e+08 110263 -336388 -2.69423e+08
-110178 336388 6.87003e+08 110178 -336388 -2.69192e+08
-110092 336388 6.86538e+08 110092 -336388 -2.68962e+08
-110007 336388 6.86073e+08 110007 -336388 -2.68731e+08
-109922 336388 6.85608e+08 109922 -336388 -2.685e+08
-109836 336388 6.85143e+08 109836 -336388 -2.68269e+08
-109751 336388 6.84679e+08 109751 -336388 -2.68039e+08
-109666 336388 6.84214e+08 109666 -336388 -2.67808e+08
-109580 336388 6.83749e+08 109580 -336388 -2.67577e+08
-109495 336388 6.83284e+08 109495 -336388 -2.67347e+08
-109409 336388 6.8282e+08 109409 -336388 -2.67116e+08
-109324 336388 6.82355e+08 109324 -336388 -2.66885e+08
-109239 336388 6.8189e+08 109239 -336388 -2.66654e+08
-109153 336388 6.81425e+08 109153 -336388 -2.66424e+08
-109068 336388 6.80961e+08 109068 -336388 -2.66193e+08
-108983 336388 6.80496e+08 108983 -336388 -2.65962e+08
-108897 336388 6.80031e+08 108897 -336388 -2.65731e+08
-108812 336388 6.79566e+08 108812 -336388 -2.65501e+08
-108727 336388 6.79102e+08 108727 -336388 -2.6527e+08
-108641 336388 6.78637e+08 108641 -336388 -2.65039e+08
-108556 336388 6.78172e+08 108556 -336388 -2.64809e+08
-108470 336388 6.77707e+08 108470 -336388 -2.64578e+08
-108385 336388 6.77243e+08 108385 -336388 -2.64347e+08
-108300 336388 6.76778e+08 108300 -336388 -2.64117e+08
-108214 336388 6.76313e+08 108214 -336388 -2.63886e+08
-108129 336388 6.75848e+08 108129 -336388 -2.63655e+08
-108044 336388 6.75384e+08 108044 -336388 -2.63424e+08
-107958 336388 6.74919e+08 107958 -336388 -2.63194e+08
-107873 336388 6.74454e+08 107873 -336388 -2.62963e+08
-107788 336388 6.73989e+08 107788 -336388 -2.62732e+08
-107702 336388 6.73525e+08 107702 -336388 -2.62502e+08
-107617 336388 6.7306e+08 107617 -336388 -2.62271e+08
-107532 336388 6.72595e+08 107532 -336388 -2.6204e+08
-107446 336388 6.72131e+08 107446 -336388 -2.6181e+08
-107361 336388 6.71666e+08 107361 -336388 -2.61579e+08
-107275 336388 6.71201e+08 107275 -336388 -2.61348e+08
-107190 336388 6.70736e+08 107190 -336388 -2.61118e+08
-107105 336388 6.70272e+08 107105 -336388 -2.60887e+08
-107019 336388 6.69807e+08 107019 -336388 -2.60656e+08
-106934 336388 6.69342e+08 106934 -336388 -2.60425e+08
-106849 336388 6.68878e+08 106849 -336388 -2.60195e+08
-106763 336388 6.68413e+08 106763 -336388 -2.59964e+08
-106678 336388 6.67948e+08 106678 -336388 -2.59733e+08
-106593 336388 6.67483e+08 106593 -336388 -2.59503e+08
-106507 336388 6.67019e+08 106507 -336388 -2.59272e+08
-106422 336388 6.66554e+08 106422 -336388 -2.59041e+08
-106337 336388 6.66089e+08 106337 -336388 -2.58811e+08
-106251 336388 6.65625e+08 106251 -336388 -2.5858e+08
-106166 336388 6.6516e+08 106166 -336388 -2.58349e+08
-106080 336388 6.64695e+08 106080 -336388 -2.58119e+08
-105995 336388 6.64231e+08 105995 -336388 -2.57888e+08
-105910 336388 6.63766e+08 105910 -336388 -2.57657e+08
-105824 336388 6.63301e+08 105824 -336388 -2.57427e+08
-105739 336388 6.62836e+08 105739 -336388 -2.57196e+08
-105654 336388 6.62372e+08 105654 -336388 -2.56965e+08
-105568 336388 6.61907e+08 105568 -336388 -2.56735e+08
-105483 336388 6.61442e+08 105483 -336388 -2.56504e+08
-105398 336388 6.60978e+08 105398 -336388 -2.56273e+08
-105312 336388 6.60513e+08 105312 -336388 -2.56043e+08
-105227 336388 6.60048e+08 105227 -336388 -2.55812e+08
-105142 336388 6.59584e+08 105142 -336388 -2.55582e+08
-105056 336388 6.59119e+08 105056 -336388 -2.55351e+08
-104971 336388 6.58654e+08 104971 -336388 -2.5512e+08
-104885 336388 6.5819e+08 104885 -336388 -2.5489e+08
-104800 336388 6.57725e+08 104800 -336388 -2.54659e+08
-104715 336388 6.5726e+08 104715 -336388 -2.54428e+08
-104629 336388 6.56796e+08 104629 -336388 -2.54198e+08
-104544 336388 6.56331e+08 104544 -336388 -2.53967e+08
-104459 336388 6.55866e+08 104459 -336388 -2.53736e+08
-104373 336388 6.55402e+08 104373 -336388 -2.53506e+08
-104288 336388 6.54937e+08 104288 -336388 -2.53275e+08
-104203 336388 6.54472e+08 104203 -336388 -2.53044e+08
-104117 336388 6.54008e+08 104117 -336388 -2.52814e+08
-104032 336388 6.53543e+08 104032 -336388 -2.52583e+08
-103947 336388 6.53078e+08 103947 -336388 -2.52353e+08
-103861 336388 6.52614e+08 103861 -336388 -2.52122e+08
-103776 336388 6.52149e+08 103776 -336388 -2.51891e+08
-103691 336388 6.51684e+08 103691 -336388 -2.51661e+08
-103605 336388 6.5122e+08 103605 -336388 -2.5143e+08
-103520 336388 6.50755e+08 103520 -336388 -2.512e+08
-103434 336388 6.50291e+08 103434 -336388 -2.50969e+08
-103349 336388 6.49826e+08 103349 -336388 -2.50738e+08
-103264 336388 6.49361e+08 103264 -336388 -2.50508e+08
-103178 336388 6.48897e+08 103178 -336388 -2.50277e+08
-103093 336388 6.48432e+08 103093 -336388 -2.50046e+08
-103008 336388 6.47967e+08 103008 -336388 -2.49816e+08
-102922 336388 6.47503e+08 102922 -336388 -2.49585e+08
-102837 336388 6.47038e+08 102837 -336388 -2.49355e+08
-102752 336388 6.46573e+08 102752 -336388 -2.49124e+08
-102666 336388 6.46109e+08 102666 -336388 -2.48893e+08
-102581 336388 6.45644e+08 102581 -336388 -2.48663e+08
-102496 336388 6.4518e+08 102496 -336388 -2.48432e+08
-102410 336388 6.44715e+08 102410 -336388 -2.48202e+08
-102325 336388 6.4425e+08 102325 -336388 -2.47971e+08
-102240 336388 6.43786e+08 102240 -336388 -2.4774e+08
-102154 336388 6.43321e+08 102154 -336388 -2.4751e+08
-102069 336388 6.42856e+08 102069 -336388 -2.47279e+08
-101983 336388 6.42392e+08 101983 -336388 -2.47049e+08
-101898 336388 6.41927e+08 101898 -336388 -2.46818e+08
-101813 336388 6.41463e+08 101813 -336388 -2.46587e+08
-101727 336388 6.40998e+08 101727 -336388 -2.46357e+08
-101642 336388 6.40533e+08 101642 -336388 -2.46126e+08
-101557 336388 6.40069e+08 101557 -336388 -2.45896e+08
-101471 336388 6.39604e+08 101471 -336388 -2.45665e+08
-101386 336388 6.3914e+08 101386 -336388 -2.45434e+08
-101301 336388 6.38675e+08 101301 -336388 -2.45204e+08
-101215 336388 6.3821e+08 101215 -336388 -2.44973e+08
-101130 336388 6.37746e+08 101130 -336388 -2.44743e+08
-101045 336388 6.37281e+08 101045 -336388 -2.44512e+08
-100959 336388 6.36817e+08 100959 -336388 -2.44282e+08
-100874 336388 6.36352e+08 100874 -336388 -2.44051e+08
-100789 336388 6.35887e+08 100789 -336388 -2.4382e+08
-100703 336388 6.35423e+08 100703 -336388 -2.4359e+08
-100618 336388 6.34958e+08 100618 -336388 -2.43359e+08
-100532 336388 6.34494e+08 100532 -336388 -2.43129e+08
-100447 336388 6.34029e+08 100447 -336388 -2.42898e+08
-100362 336388 6.33565e+08 100362 -336388 -2.42668e+08
-100276 336388 6.331e+08 100276 -336388 -2.42437e+08
-100191 336388 6.32635e+08 100191 -336388 -2.42206e+08
-100106 336388 6.32171e+08 100106 -336388 -2.41976e+08
-100020 336388 6.31706e+08 100020 -336388 -2.41745e+08
-99935 336388 6.31242e+08 99935 -336388 -2.41515e+08
-99849.6 336388 6.30777e+08 99849.6 -336388 -2.41284e+08
-99764.3 336388 6.30313e+08 99764.3 -336388 -2.41054e+08
-99678.9 336388 6.29848e+08 99678.9 -336388 -2.40823e+08
-99593.6 336388 6.29383e+08 99593.6 -336388 -2.40593e+08
-99508.2 336388 6.28919e+08 99508.2 -336388 -2.40362e+08
-99422.9 336388 6.28454e+08 99422.9 -336388 -2.40131e+08
-99337.5 336388 6.2799e+08 99337.5 -336388 -2.39901e+08
-99252.2 336388 6.27525e+08 99252.2 -336388 -2.3967e+08
-99166.8 336388 6.27061e+08 99166.8 -336388 -2.3944e+08
-99081.5 336388 6.26596e+08 99081.5 -336388 -2.39209e+08
-98996.1 336388 6.26132e+08 98996.1 -336388 -2.38979e+08
-98910.8 336388 6.25667e+08 98910.8 -336388 -2.38748e+08
-98825.4 336388 6.25202e+08 98825.4 -336388 -2.38518e+08
-98740.1 336388 6.24738e+08 98740.1 -336388 -2.38287e+08
-98654.7 336388 6.24273e+08 98654.7 -336388 -2.38057e+08
-98569.4 336388 6.23809e+08 98569.4 -336388 -2.37826e+08
-98484.1 336388 6.23344e+08 98484.1 -336388 -2.37596e+08
-98398.7 336388 6.2288e+08 98398.7 -336388 -2.37365e+08
-98313.4 336388 6.22415e+08 98313.4 -336388 -2.37134e+08
-98228 336388 6.21951e+08 98228 -336388 -2.36904e+08
-98142.7 336388 6.21486e+08 98142.7 -336388 -2.36673e+08
-98057.3 336388 6.21022e+08 98057.3 -336388 -2.36443e+08
-97972 336388 6.20557e+08 97972 -336388 -2.36212e+08
-97886.6 336388 6.20093e+08 97886.6 -336388 -2.35982e+08
-97801.3 336388 6.19628e+08 97801.3 -336388 -2.35751e+08
-97715.9 336388 6.19163e+08 97715.9 -336388 -2.35521e+08
-97630.6 336388 6.18699e+08 97630.6 -336388 -2.3529e+08
-97545.2 336388 6.18234e+08 97545.2 -336388 -2.3506e+08
-97459.9 336388 6.1777e+08 97459.9 -336388 -2.34829e+08
-97374.5 336388 6.17305e+08 97374.5 -336388 -2.34599e+08
-97289.2 336388 6.16841e+08 97289.2 -336388 -2.34368e+08
-97203.8 336388 6.16376e+08 97203.8 -336388 -2.34138e+08
-97118.5 336388 6.15912e+08 97118.5 -336388 -2.33907e+08
-97033.1 336388 6.15447e+08 97033.1 -336388 -2.33677e+08
-96947.8 336388 6.14983e+08 96947.8 -336388 -2.33446e+08
-96862.4 336388 6.14518e+08 96862.4 -336388 -2.33216e+08
-96777.1 336388 6.14054e+08 96777.1 -336388 -2.32985e+08
-96691.7 336388 6.13589e+08 96691.7 -336388 -2.32755e+08
-96606.4 336388 6.13125e+08 96606.4 -336388 -2.32524e+08
-96521 336388 6.1266e+08 96521 -336388 -2.32294e+08
-96435.7 336388 6.12196e+08 96435.7 -336388 -2.32063e+08
-96350.3 336388 6.11731e+08 96350.3 -336388 -2.31833e+08
-96265 336388 6.11267e+08 96265 -336388 -2.31602e+08
-96179.6 336388 6.10802e+08 96179.6 -336388 -2.31372e+08
-96094.3 336388 6.10338e+08 96094.3 -336388 -2.31141e+08
-96008.9 336388 6.09873e+08 96008.9 -336388 -2.30911e+08
-95923.6 336388 6.09409e+08 95923.6 -336388 -2.3068e+08
-95838.3 336388 6.08944e+08 95838.3 -336388 -2.3045e+08
-95752.9 336388 6.0848e+08 95752.9 -336388 -2.30219e+08
-95667.6 336388 6.08015e+08 95667.6 -336388 -2.29989e+08
-95582.2 336388 6.07551e+08 95582.2 -336388 -2.29758e+08
-95496.9 336388 6.07086e+08 95496.9 -336388 -2.29528e+08
-95411.5 336388 6.06622e+08 95411.5 -336388 -2.29297e+08
-95326.2 336388 6.06157e+08 95326.2 -336388 -2.29067e+08
-95240.8 336388 6.05693e+08 95240.8 -336388 -2.28836e+08
-95155.5 336388 6.05229e+08 95155.5 -336388 -2.28606e+08
-95070.1 336388 6.04764e+08 95070.1 -336388 -2.28375e+08
-94984.8 336388 6.043e+08 94984.8 -336388 -2.28145e+08
-94899.4 336388 6.03835e+08 94899.4 -336388 -2.27915e+08
-94814.1 336388 6.03371e+08 94814.1 -336388 -2.27684e+08
-94728.7 336388 6.02906e+08 94728.7 -336388 -2.27454e+08
-94643.4 336388 6.02442e+08 94643.4 -336388 -2.27223e+08
-94558.1 336388 6.01977e+08 94558.1 -336388 -2.26993e+08
-94472.7 336388 6.01513e+08 94472.7 -336388 -2.26762e+08
-94387.4 336388 6.01048e+08 94387.4 -336388 -2.26532e+08
-94302 336388 6.00584e+08 94302 -336388 -2.26301e+08
-94216.7 336388 6.00119e+08 94216.7 -336388 -2.26071e+08
-94131.3 336388 5.99655e+08 94131.3 -336388 -2.2584e+08
-94046 336388 5.99191e+08 94046 -336388 -2.2561e+08
-93960.6 336388 5.98726e+08 93960.6 -336388 -2.25379e+08
-93875.3 336388 5.98262e+08 93875.3 -336388 -2.25149e+08
-93789.9 336388 5.97797e+08 93789.9 -336388 -2.24919e+08
-93704.6 336388 5.97333e+08 93704.6 -336388 -2.24688e+08
-93619.3 336388 5.96868e+08 93619.3 -336388 -2.24458e+08
-93533.9 336388 5.96404e+08 93533.9 -336388 -2.24227e+08
-93448.6 336388 5.95939e+08 93448.6 -336388 -2.23997e+08
-93363.2 336388 5.95475e+08 93363.2 -336388 -2.23766e+08
-93277.9 336388 5.95011e+08 93277.9 -336388 -2.23536e+08
-93192.5 336388 5.94546e+08 93192.5 -336388 -2.23305e+08
-93107.2 336388 5.94082e+08 93107.2 -336388 -2.23075e+08
-93021.8 336388 5.93617e+08 93021.8 -336388 -2.22845e+08
-92936.5 336388 5.93153e+08 92936.5 -336388 -2.22614e+08
-92851.2 336388 5.92688e+08 92851.2 -336388 -2.22384e+08
-92765.8 336388 5.92224e+08 92765.8 -336388 -2.22153e+08
-92680.5 336388 5.9176e+08 92680.5 -336388 -2.21923e+08
-92595.1 336388 5.91295e+08 92595.1 -336388 -2.21692e+08
-92509.8 336388 5.90831e+08 92509.8 -336388 -2.21462e+08
-92424.4 336388 5.90366e+08 92424.4 -336388 -2.21232e+08
-92339.1 336388 5.89902e+08 92339.1 -336388 -2.21001e+08
-92253.7 336388 5.89437e+08 92253.7 -336388 -2.20771e+08
-92168.4 336388 5.88973e+08 92168.4 -336388 -2.2054e+08
-92083.1 336388 5.88509e+08 92083.1 -336388 -2.2031e+08
-91997.7 336388 5.88044e+08 91997.7 -336388 -2.20079e+08
-91912.4 336388 5.8758e+08 91912.4 -336388 -2.19849e+08
-91827 336388 5.87115e+08 91827 -336388 -2.19619e+08
-91741.7 336388 5.86651e+08 91741.7 -336388 -2.19388e+08
-91656.3 336388 5.86187e+08 91656.3 -336388 -2.19158e+08
-91571 336388 5.85722e+08 91571 -336388 -2.18927e+08
-91485.7 336388 5.85258e+08 91485.7 -336388 -2.18697e+08
-91400.3 336388 5.84793e+08 91400.3 -336388 -2.18467e+08
-91315 336388 5.84329e+08 91315 -336388 -2.18236e+08
-91229.6 336388 5.83865e+08 91229.6 -336388 -2.18006e+08
-91144.3 336388 5.834e+08 91144.3 -336388 -2.17775e+08
-91058.9 336388 5.82936e+08 91058.9 -336388 -2.17545e+08
-90973.6 336388 5.82471e+08 90973.6 -336388 -2.17315e+08
-90888.3 336388 5.82007e+08 90888.3 -336388 -2.17084e+08
-90802.9 336388 5.81543e+08 90802.9 -336388 -2.16854e+08
-90717.6 336388 5.81078e+08 90717.6 -336388 -2.16623e+08
-90632.2 336388 5.80614e+08 90632.2 -336388 -2.16393e+08
-90546.9 336388 5.8015e+08 90546.9 -336388 -2.16163e+08
-90461.5 336388 5.79685e+08 90461.5 -336388 -2.15932e+08
-90376.2 336388 5.79221e+08 90376.2 -336388 -2.15702e+08
-90290.9 336388 5.78756e+08 90290.9 -336388 -2.15471e+08
-90205.5 336388 5.78292e+08 90205.5 -336388 -2.15241e+08
-90120.2 336388 5.77828e+08 90120.2 -336388 -2.15011e+08
-90034.8 336388 5.77363e+08 90034.8 -336388 -2.1478e+08
-89949.5 336388 5.76899e+08 89949.5 -336388 -2.1455e+08
-89864.2 336388 5.76435e+08 89864.2 -336388 -2.14319e+08
-89778.8 336388 5.7597e+08 89778.8 -336388 -2.14089e+08
-89693.5 336388 5.75506e+08 89693.5 -336388 -2.13859e+08
-89608.1 336388 5.75042e+08 89608.1 -336388 -2.13628e+08
-89522.8 336388 5.74577e+08 89522.8 -336388 -2.13398e+08
-89437.4 336388 5.74113e+08 89437.4 -336388 -2.13168e+08
-89352.1 336388 5.73648e+08 89352.1 -336388 -2.12937e+08
-89266.8 336388 5.73184e+08 89266.8 -336388 -2.12707e+08
-89181.4 336388 5.7272e+08 89181.4 -336388 -2.12476e+08
-89096.1 336388 5.72255e+08 89096.1 -336388 -2.12246e+08
-89010.7 336388 5.71791e+08 89010.7 -336388 -2.12016e+08
-88925.4 336388 5.71327e+08 88925.4 -336388 -2.11785e+08
-88840.1 336388 5.70862e+08 88840.1 -336388 -2.11555e+08
-88754.7 336388 5.70398e+08 88754.7 -336388 -2.11325e+08
-88669.4 336388 5.69934e+08 88669.4 -336388 -2.11094e+08
-88584 336388 5.69469e+08 88584 -336388 -2.10864e+08
-88498.7 336388 5.69005e+08 88498.7 -336388 -2.10634e+08
-88413.4 336388 5.68541e+08 88413.4 -336388 -2.10403e+08
-88328 336388 5.68076e+08 88328 -336388 -2.10173e+08
-88242.7 336388 5.67612e+08 88242.7 -336388 -2.09943e+08
-88157.3 336388 5.67148e+08 88157.3 -336388 -2.09712e+08
-88072 336388 5.66683e+08 88072 -336388 -2.09482e+08
-87986.7 336388 5.66219e+08 87986.7 -336388 -2.09251e+08
-87901.3 336388 5.65755e+08 87901.3 -336388 -2.09021e+08
-87816 336388 5.6529e+08 87816 -336388 -2.08791e+08
-87730.6 336388 5.64826e+08 87730.6 -336388 -2.0856e+08
-87645.3 336388 5.64362e+08 87645.3 -336388 -2.0833e+08
-87560 336388 5.63897e+08 87560 -336388 -2.081e+08
-87474.6 336388 5.63433e+08 87474.6 -336388 -2.07869e+08
-87389.3 336388 5.62969e+08 87389.3 -336388 -2.07639e+08
-87303.9 336388 5.62504e+08 87303.9 -336388 -2.07409e+08
-87218.6 336388 5.6204e+08 87218.6 -336388 -2.07178e+08
-87133.3 336388 5.61576e+08 87133.3 -336388 -2.06948e+08
-87047.9 336388 5.61112e+08 87047.9 -336388 -2.06718e+08
-86962.6 336388 5.60647e+08 86962.6 -336388 -2.06487e+08
-86877.2 336388 5.60183e+08 86877.2 -336388 -2.06257e+08
-86791.9 336388 5.59719e+08 86791.9 -336388 -2.06027e+08
-86706.6 336388 5.59254e+08 86706.6 -336388 -2.05796e+08
-86621.2 336388 5.5879e+08 86621.2 -336388 -2.05566e+08
-86535.9 336388 5.58326e+08 86535.9 -336388 -2.05336e+08
-86450.6 336388 5.57861e+08 86450.6 -336388 -2.05105e+08
-86365.2 336388 5.57397e+08 86365.2 -336388 -2.04875e+08
-86279.9 336388 5.56933e+08 86279.9 -336388 -2.04645e+08
-86194.5 336388 5.56469e+08 86194.5 -336388 -2.04414e+08
-86109.2 336388 5.56004e+08 86109.2 -336388 -2.04184e+08
-86023.9 336388 5.5554e+08 86023.9 -336388 -2.03954e+08
-85938.5 336388 5.55076e+08 85938.5 -336388 -2.03724e+08
-85853.2 336388 5.54611e+08 85853.2 -336388 -2.03493e+08
-85767.9 336388 5.54147e+08 85767.9 -336388 -2.03263e+08
-85682.5 336388 5.53683e+08 85682.5 -336388 -2.03033e+08
-85597.2 336388 5.53219e+08 85597.2 -336388 -2.02802e+08
-85511.8 336388 5.52754e+08 85511.8 -336388 -2.02572e+08
-85426.5 336388 5.5229e+08 85426.5 -336388 -2.02342e+08
-85341.2 336388 5.51826e+08 85341.2 -336388 -2.02111e+08
-85255.8 336388 5.51361e+08 85255.8 -336388 -2.01881e+08
-85170.5 336388 5.50897e+08 85170.5 -336388 -2.01651e+08
-85085.2 336388 5.50433e+08 85085.2 -336388 -2.01421e+08
-84999.8 336388 5.49969e+08 84999.8 -336388 -2.0119e+08
-84914.5 336388 5.49504e+08 84914.5 -336388 -2.0096e+08
-84829.1 336388 5.4904e+08 84829.1 -336388 -2.0073e+08
-84743.8 336388 5.48576e+08 84743.8 -336388 -2.00499e+08
-84658.5 336388 5.48112e+08 84658.5 -336388 -2.00269e+08
-84573.1 336388 5.47647e+08 84573.1 -336388 -2.00039e+08
-84487.8 336388 5.47183e+08 84487.8 -336388 -1.99808e+08
-84402.5 336388 5.46719e+08 84402.5 -336388 -1.99578e+08
-84317.1 336388 5.46255e+08 84317.1 -336388 -1.99348e+08
-84231.8 336388 5.4579e+08 84231.8 -336388 -1.99118e+08
-84146.4 336388 5.45326e+08 84146.4 -336388 -1.98887e+08
-84061.1 336388 5.44862e+08 84061.1 -336388 -1.98657e+08
-83975.8 336388 5.44398e+08 83975.8 -336388 -1.98427e+08
-83890.4 336388 5.43933e+08 83890.4 -336388 -1.98196e+08
-83805.1 336388 5.43469e+08 83805.1 -336388 -1.97966e+08
-83719.8 336388 5.43005e+08 83719.8 -336388 -1.97736e+08
-83634.4 336388 5.42541e+08 83634.4 -336388 -1.97506e+08
-83549.1 336388 5.42076e+08 83549.1 -336388 -1.97275e+08
-83463.8 336388 5.41612e+08 83463.8 -336388 -1.97045e+08
-83378.4 336388 5.41148e+08 83378.4 -336388 -1.96815e+08
-83293.1 336388 5.40684e+08 83293.1 -336388 -1.96585e+08
-83207.8 336388 5.4022e+08 83207.8 -336388 -1.96354e+08
-83122.4 336388 5.39755e+08 83122.4 -336388 -1.96124e+08
-83037.1 336388 5.39291e+08 83037.1 -336388 -1.95894e+08
-82951.7 336388 5.38827e+08 82951.7 -336388 -1.95664e+08
-82866.4 336388 5.38363e+08 82866.4 -336388 -1.95433e+08
-82781.1 336388 5.37898e+08 82781.1 -336388 -1.95203e+08
-82695.7 336388 5.37434e+08 82695.7 -336388 -1.94973e+08
-82610.4 336388 5.3697e+08 82610.4 -336388 -1.94743e+08
-82525.1 336388 5.36506e+08 82525.1 -336388 -1.94512e+08
-82439.7 336388 5.36042e+08 82439.7 -336388 -1.94282e+08
-82354.4 336388 5.35577e+08 82354.4 -336388 -1.94052e+08
-82269.1 336388 5.35113e+08 82269.1 -336388 -1.93822e+08
-82183.7 336388 5.34649e+08 82183.7 -336388 -1.93591e+08
-82098.4 336388 5.34185e+08 82098.4 -336388 -1.93361e+08
-82013.1 336388 5.33721e+08 82013.1 -336388 -1.93131e+08
-81927.7 336388 5.33256e+08 81927.7 -336388 -1.92901e+08
-81842.4 336388 5.32792e+08 81842.4 -336388 -1.9267e+08
-81757.1 336388 5.32328e+08 81757.1 -336388 -1.9244e+08
-81671.7 336388 5.31864e+08 81671.7 -336388 -1.9221e+08
-81586.4 336388 5.31399e+08 81586.4 -336388 -1.9198e+08
-81501.1 336388 5.30935e+08 81501.1 -336388 -1.91749e+08
-81415.7 336388 5.30471e+08 81415.7 -336388 -1.91519e+08
-81330.4 336388 5.30007e+08 81330.4 -336388 -1.91289e+08
-81245.1 336388 5.29543e+08 81245.1 -336388 -1.91059e+08
-81159.7 336388 5.29079e+08 81159.7 -336388 -1.90828e+08
-81074.4 336388 5.28614e+08 81074.4 -336388 -1.90598e+08
-80989.1 336388 5.2815e+08 80989.1 -336388 -1.90368e+08
-80903.7 336388 5.27686e+08 80903.7 -336388 -1.90138e+08
-80818.4 336388 5.27222e+08 80818.4 -336388 -1.89908e+08
-80733.1 336388 5.26758e+08 80733.1 -336388 -1.89677e+08
-80647.7 336388 5.26293e+08 80647.7 -336388 -1.89447e+08
-80562.4 336388 5.25829e+08 80562.4 -336388 -1.89217e+08
-80477.1 336388 5.25365e+08 80477.1 -336388 -1.88987e+08
-80391.7 336388 5.24901e+08 80391.7 -336388 -1.88756e+08
-80306.4 336388 5.24437e+08 80306.4 -336388 -1.88526e+08
-80221.1 336388 5.23973e+08 80221.1 -336388 -1.88296e+08
-80135.7 336388 5.23508e+08 80135.7 -336388 -1.88066e+08
-80050.4 336388 5.23044e+08 80050.4 -336388 -1.87836e+08
-79965.1 336388 5.2258e+08 79965.1 -336388 -1.87605e+08
-79879.7 336388 5.22116e+08 79879.7 -336388 -1.87375e+08
-79794.4 336388 5.21652e+08 79794.4 -336388 -1.87145e+08
-79709.1 336388 5.21188e+08 79709.1 -336388 -1.86915e+08
-79623.7 336388 5.20723e+08 79623.7 -336388 -1.86685e+08
-79538.4 336388 5.20259e+08 79538.4 -336388 -1.86454e+08
-79453.1 336388 5.19795e+08 79453.1 -336388 -1.86224e+08
-79367.7 336388 5.19331e+08 79367.7 -336388 -1.85994e+08
-79282.4 336388 5.18867e+08 79282.4 -336388 -1.85764e+08
-79197.1 336388 5.18403e+08 79197.1 -336388 -1.85534e+08
-79111.7 336388 5.17939e+08 79111.7 -336388 -1.85303e+08
-79026.4 336388 5.17474e+08 79026.4 -336388 -1.85073e+08
-78941.1 336388 5.1701e+08 78941.1 -336388 -1.84843e+08
-78855.7 336388 5.16546e+08 78855.7 -336388 -1.84613e+08
-78770.4 336388 5.16082e+08 78770.4 -336388 -1.84383e+08
-78685.1 336388 5.15618e+08 78685.1 -336388 -1.84152e+08
-78599.8 336388 5.15154e+08 78599.8 -336388 -1.83922e+08
-78514.4 336388 5.1469e+08 78514.4 -336388 -1.83692e+08
-78429.1 336388 5.14226e+08 78429.1 -336388 -1.83462e+08
-78343.8 336388 5.13761e+08 78343.8 -336388 -1.83232e+08
-78258.4 336388 5.13297e+08 78258.4 -336388 -1.83002e+08
-78173.1 336388 5.12833e+08 78173.1 -336388 -1.82771e+08
-78087.8 336388 5.12369e+08 78087.8 -336388 -1.82541e+08
-78002.4 336388 5.11905e+08 78002.4 -336388 -1.82311e+08
-77917.1 336388 5.11441e+08 77917.1 -336388 -1.82081e+08
-77831.8 336388 5.10977e+08 77831.8 -336388 -1.81851e+08
-77746.4 336388 5.10513e+08 77746.4 -336388 -1.8162e+08
-77661.1 336388 5.10048e+08 77661.1 -336388 -1.8139e+08
-77575.8 336388 5.09584e+08 77575.8 -336388 -1.8116e+08
-77490.5 336388 5.0912e+08 77490.5 -336388 -1.8093e+08
-77405.1 336388 5.08656e+08 77405.1 -336388 -1.807e+08
-77319.8 336388 5.08192e+08 77319.8 -336388 -1.8047e+08
-77234.5 336388 5.07728e+08 77234.5 -336388 -1.80239e+08
-77149.1 336388 5.07264e+08 77149.1 -336388 -1.80009e+08
-77063.8 336388 5.068e+08 77063.8 -336388 -1.79779e+08
-76978.5 336388 5.06336e+08 76978.5 -336388 -1.79549e+08
-76893.1 336388 5.05871e+08 76893.1 -336388 -1.79319e+08
-76807.8 336388 5.05407e+08 76807.8 -336388 -1.79089e+08
-76722.5 336388 5.04943e+08 76722.5 -336388 -1.78859e+08
-76637.2 336388 5.04479e+08 76637.2 -336388 -1.78628e+08
-76551.8 336388 5.04015e+08 76551.8 -336388 -1.78398e+08
-76466.5 336388 5.03551e+08 76466.5 -336388 -1.78168e+08
-76381.2 336388 5.03087e+08 76381.2 -336388 -1.77938e+08
-76295.8 336388 5.02623e+08 76295.8 -336388 -1.77708e+08
-76210.5 336388 5.02159e+08 76210.5 -336388 -1.77478e+08
-76125.2 336388 5.01695e+08 76125.2 -336388 -1.77248e+08
-76039.9 336388 5.01231e+08 76039.9 -336388 -1.77017e+08
-75954.5 336388 5.00766e+08 75954.5 -336388 -1.76787e+08
-75869.2 336388 5.00302e+08 75869.2 -336388 -1.76557e+08
-75783.9 336388 4.99838e+08 75783.9 -336388 -1.76327e+08
-75698.5 336388 4.99374e+08 75698.5 -336388 -1.76097e+08
-75613.2 336388 4.9891e+08 75613.2 -336388 -1.75867e+08
-75527.9 336388 4.98446e+08 75527.9 -336388 -1.75637e+08
-75442.6 336388 4.97982e+08 75442.6 -336388 -1.75406e+08
-75357.2 336388 4.97518e+08 75357.2 -336388 -1.75176e+08
-75271.9 336388 4.97054e+08 75271.9 -336388 -1.74946e+08
-75186.6 336388 4.9659e+08 75186.6 -336388 -1.74716e+08
-75101.2 336388 4.96126e+08 75101.2 -336388 -1.74486e+08
-75015.9 336388 4.95662e+08 75015.9 -336388 -1.74256e+08
-74930.6 336388 4.95198e+08 74930.6 -336388 -1.74026e+08
-74845.3 336388 4.94734e+08 74845.3 -336388 -1.73796e+08
-74759.9 336388 4.9427e+08 74759.9 -336388 -1.73565e+08
-74674.6 336388 4.93805e+08 74674.6 -336388 -1.73335e+08
-74589.3 336388 4.93341e+08 74589.3 -336388 -1.73105e+08
-74504 336388 4.92877e+08 74504 -336388 -1.72875e+08
-74418.6 336388 4.92413e+08 74418.6 -336388 -1.72645e+08
-74333.3 336388 4.91949e+08 74333.3 -336388 -1.72415e+08
-74248 336388 4.91485e+08 74248 -336388 -1.72185e+08
-74162.6 336388 4.91021e+08 74162.6 -336388 -1.71955e+08
-74077.3 336388 4.90557e+08 74077.3 -336388 -1.71725e+08
-73992 336388 4.90093e+08 73992 -336388 -1.71494e+08
-73906.7 336388 4.89629e+08 73906.7 -336388 -1.71264e+08
-73821.3 336388 4.89165e+08 73821.3 -336388 -1.71034e+08
-73736 336388 4.88701e+08 73736 -336388 -1.70804e+08
-73650.7 336388 4.88237e+08 73650.7 -336388 -1.70574e+08
-73565.4 336388 4.87773e+08 73565.4 -336388 -1.70344e+08
-73480 336388 4.87309e+08 73480 -336388 -1.70114e+08
-73394.7 336388 4.86845e+08 73394.7 -336388 -1.69884e+08
-73309.4 336388 4.86381e+08 73309.4 -336388 -1.69654e+08
-73224.1 336388 4.85917e+08 73224.1 -336388 -1.69424e+08
-73138.7 336388 4.85453e+08 73138.7 -336388 -1.69194e+08
-73053.4 336388 4.84989e+08 73053.4 -336388 -1.68963e+08
-72968.1 336388 4.84525e+08 72968.1 -336388 -1.68733e+08
-72882.7 336388 4.84061e+08 72882.7 -336388 -1.68503e+08
-72797.4 336388 4.83597e+08 72797.4 -336388 -1.68273e+08
-72712.1 336388 4.83133e+08 72712.1 -336388 -1.68043e+08
-72626.8 336388 4.82669e+08 72626.8 -336388 -1.67813e+08
-72541.4 336388 4.82205e+08 72541.4 -336388 -1.67583e+08
-72456.1 336388 4.81741e+08 72456.1 -336388 -1.67353e+08
-72370.8 336388 4.81277e+08 72370.8 -336388 -1.67123e+08
-72285.5 336388 4.80813e+08 72285.5 -336388 -1.66893e+08
-72200.1 336388 4.80349e+08 72200.1 -336388 -1.66663e+08
-72114.8 336388 4.79885e+08 72114.8 -336388 -1.66433e+08
-72029.5 336388 4.79421e+08 72029.5 -336388 -1.66203e+08
-71944.2 336388 4.78957e+08 71944.2 -336388 -1.65972e+08
-71858.8 336388 4.78493e+08 71858.8 -336388 -1.65742e+08
-71773.5 336388 4.78029e+08 71773.5 -336388 -1.65512e+08
-71688.2 336388 4.77565e+08 71688.2 -336388 -1.65282e+08
-71602.9 336388 4.77101e+08 71602.9 -336388 -1.65052e+08
-71517.5 336388 4.76637e+08 71517.5 -336388 -1.64822e+08
-71432.2 336388 4.76173e+08 71432.2 -336388 -1.64592e+08
-71346.9 336388 4.75709e+08 71346.9 -336388 -1.64362e+08
-71261.6 336388 4.75245e+08 71261.6 -336388 -1.64132e+08
-71176.2 336388 4.74781e+08 71176.2 -336388 -1.63902e+08
-71090.9 336388 4.74317e+08 71090.9 -336388 -1.63672e+08
-71005.6 336388 4.73853e+08 71005.6 -336388 -1.63442e+08
-70920.3 336388 4.73389e+08 70920.3 -336388 -1.63212e+08
-70834.9 336388 4.72925e+08 70834.9 -336388 -1.62982e+08
-70749.6 336388 4.72461e+08 70749.6 -336388 -1.62752e+08
-70664.3 336388 4.71997e+08 70664.3 -336388 -1.62522e+08
-70579 336388 4.71533e+08 70579 -336388 -1.62292e+08
-70493.7 336388 4.71069e+08 70493.7 -336388 -1.62062e+08
-70408.3 336388 4.70605e+08 70408.3 -336388 -1.61831e+08
-70323 336388 4.70141e+08 70323 -336388 -1.61601e+08
-70237.7 336388 4.69677e+08 70237.7 -336388 -1.61371e+08
-70152.4 336388 4.69213e+08 70152.4 -336388 -1.61141e+08
-70067 336388 4.68749e+08 70067 -336388 -1.60911e+08
-69981.7 336388 4.68285e+08 69981.7 -336388 -1.60681e+08
-69896.4 336388 4.67821e+08 69896.4 -336388 -1.60451e+08
-69811.1 336388 4.67357e+08 69811.1 -336388 -1.60221e+08
-69725.7 336388 4.66893e+08 69725.7 -336388 -1.59991e+08
-69640.4 336388 4.66429e+08 69640.4 -336388 -1.59761e+08
-69555.1 336388 4.65965e+08 69555.1 -336388 -1.59531e+08
-69469.8 336388 4.65501e+08 69469.8 -336388 -1.59301e+08
-69384.5 336388 4.65037e+08 69384.5 -336388 -1.59071e+08
-69299.1 336388 4.64574e+08 69299.1 -336388 -1.58841e+08
-69213.8 336388 4.6411e+08 69213.8 -336388 -1.58611e+08
-69128.5 336388 4.63646e+08 69128.5 -336388 -1.58381e+08
-69043.2 336388 4.63182e+08 69043.2 -336388 -1.58151e+08
-68957.8 336388 4.62718e+08 68957.8 -336388 -1.57921e+08
-68872.5 336388 4.62254e+08 68872.5 -336388 -1.57691e+08
-68787.2 336388 4.6179e+08 68787.2 -336388 -1.57461e+08
-68701.9 336388 4.61326e+08 68701.9 -336388 -1.57231e+08
-68616.5 336388 4.60862e+08 68616.5 -336388 -1.57001e+08
-68531.2 336388 4.60398e+08 68531.2 -336388 -1.56771e+08
-68445.9 336388 4.59934e+08 68445.9 -336388 -1.56541e+08
-68360.6 336388 4.5947e+08 68360.6 -336388 -1.56311e+08
-68275.3 336388 4.59006e+08 68275.3 -336388 -1.56081e+08
-68189.9 336388 4.58542e+08 68189.9 -336388 -1.55851e+08
-68104.6 336388 4.58078e+08 68104.6 -336388 -1.55621e+08
-68019.3 336388 4.57615e+08 68019.3 -336388 -1.55391e+08
-67934 336388 4.57151e+08 67934 -336388 -1.55161e+08
-67848.7 336388 4.56687e+08 67848.7 -336388 -1.54931e+08
-67763.3 336388 4.56223e+08 67763.3 -336388 -1.54701e+08
-67678 336388 4.55759e+08 67678 -336388 -1.54471e+08
-67592.7 336388 4.55295e+08 67592.7 -336388 -1.54241e+08
-67507.4 336388 4.54831e+08 67507.4 -336388 -1.54011e+08
-67422 336388 4.54367e+08 67422 -336388 -1.53781e+08
-67336.7 336388 4.53903e+08 67336.7 -336388 -1.53551e+08
-67251.4 336388 4.53439e+08 67251.4 -336388 -1.53321e+08
-67166.1 336388 4.52975e+08 67166.1 -336388 -1.53091e+08
-67080.8 336388 4.52512e+08 67080.8 -336388 -1.52861e+08
-66995.4 336388 4.52048e+08 66995.4 -336388 -1.52631e+08
-66910.1 336388 4.51584e+08 66910.1 -336388 -1.52401e+08
-66824.8 336388 4.5112e+08 66824.8 -336388 -1.52171e+08
-66739.5 336388 4.50656e+08 66739.5 -336388 -1.51941e+08
-66654.2 336388 4.50192e+08 66654.2 -336388 -1.51711e+08
-66568.8 336388 4.49728e+08 66568.8 -336388 -1.51481e+08
-66483.5 336388 4.49264e+08 66483.5 -336388 -1.51251e+08
-66398.2 336388 4.488e+08 66398.2 -336388 -1.51021e+08
-66312.9 336388 4.48337e+08 66312.9 -336388 -1.50791e+08
-66227.6 336388 4.47873e+08 66227.6 -336388 -1.50561e+08
-66142.2 336388 4.47409e+08 66142.2 -336388 -1.50331e+08
-66056.9 336388 4.46945e+08 66056.9 -336388 -1.50101e+08
-65971.6 336388 4.46481e+08 65971.6 -336388 -1.49871e+08
-65886.3 336388 4.46017e+08 65886.3 -336388 -1.49641e+08
-65801 336388 4.45553e+08 65801 -336388 -1.49411e+08
-65715.6 336388 4.45089e+08 65715.6 -336388 -1.49182e+08
-65630.3 336388 4.44626e+08 65630.3 -336388 -1.48952e+08
-65545 336388 4.44162e+08 65545 -336388 -1.48722e+08
-65459.7 336388 4.43698e+08 65459.7 -336388 -1.48492e+08
-65374.4 336388 4.43234e+08 65374.4 -336388 -1.48262e+08
-65289.1 336388 4.4277e+08 65289.1 -336388 -1.48032e+08
-65203.7 336388 4.42306e+08 65203.7 -336388 -1.47802e+08
-65118.4 336388 4.41842e+08 65118.4 -336388 -1.47572e+08
-65033.1 336388 4.41379e+08 65033.1 -336388 -1.47342e+08
-64947.8 336388 4.40915e+08 64947.8 -336388 -1.47112e+08
-64862.5 336388 4.40451e+08 64862.5 -336388 -1.46882e+08
-64777.1 336388 4.39987e+08 64777.1 -336388 -1.46652e+08
-64691.8 336388 4.39523e+08 64691.8 -336388 -1.46422e+08
-64606.5 336388 4.39059e+08 64606.5 -336388 -1.46192e+08
-64521.2 336388 4.38595e+08 64521.2 -336388 -1.45962e+08
-64435.9 336388 4.38132e+08 64435.9 -336388 -1.45732e+08
-64350.6 336388 4.37668e+08 64350.6 -336388 -1.45502e+08
-64265.2 336388 4.37204e+08 64265.2 -336388 -1.45272e+08
-64179.9 336388 4.3674e+08 64179.9 -336388 -1.45043e+08
-64094.6 336388 4.36276e+08 64094.6 -336388 -1.44813e+08
-64009.3 336388 4.35812e+08 64009.3 -336388 -1.44583e+08
-63924 336388 4.35349e+08 63924 -336388 -1.44353e+08
-63838.6 336388 4.34885e+08 63838.6 -336388 -1.44123e+08
-63753.3 336388 4.34421e+08 63753.3 -336388 -1.43893e+08
-63668 336388 4.33957e+08 63668 -336388 -1.43663e+08
-63582.7 336388 4.33493e+08 63582.7 -336388 -1.43433e+08
-63497.4 336388 4.33029e+08 63497.4 -336388 -1.43203e+08
-63412.1 336388 4.32566e+08 63412.1 -336388 -1.42973e+08
-63326.7 336388 4.32102e+08 63326.7 -336388 -1.42743e+08
-63241.4 336388 4.31638e+08 63241.4 -336388 -1.42513e+08
-63156.1 336388 4.31174e+08 63156.1 -336388 -1.42283e+08
-63070.8 336388 4.3071e+08 63070.8 -336388 -1.42054e+08
-62985.5 336388 4.30246e+08 62985.5 -336388 -1.41824e+08
-62900.2 336388 4.29783e+08 62900.2 -336388 -1.41594e+08
-62814.8 336388 4.29319e+08 62814.8 -336388 -1.41364e+08
-62729.5 336388 4.28855e+08 62729.5 -336388 -1.41134e+08
-62644.2 336388 4.28391e+08 62644.2 -336388 -1.40904e+08
-62558.9 336388 4.27927e+08 62558.9 -336388 -1.40674e+08
-62473.6 336388 4.27464e+08 62473.6 -336388 -1.40444e+08
-62388.3 336388 4.27e+08 62388.3 -336388 -1.40214e+08
-62302.9 336388 4.26536e+08 62302.9 -336388 -1.39984e+08
-62217.6 336388 4.26072e+08 62217.6 -336388 -1.39754e+08
-62132.3 336388 4.25608e+08 62132.3 -336388 -1.39525e+08
-62047 336388 4.25145e+08 62047 -336388 -1.39295e+08
-61961.7 336388 4.24681e+08 61961.7 -336388 -1.39065e+08
-61876.4 336388 4.24217e+08 61876.4 -336388 -1.38835e+08
-61791 336388 4.23753e+08 61791 -336388 -1.38605e+08
-61705.7 336388 4.23289e+08 61705.7 -336388 -1.38375e+08
-61620.4 336388 4.22826e+08 61620.4 -336388 -1.38145e+08
-61535.1 336388 4.22362e+08 61535.1 -336388 -1.37915e+08
-61449.8 336388 4.21898e+08 61449.8 -336388 -1.37685e+08
-61364.5 336388 4.21434e+08 61364.5 -336388 -1.37456e+08
-61279.2 336388 4.20971e+08 61279.2 -336388 -1.37226e+08
-61193.8 336388 4.20507e+08 61193.8 -336388 -1.36996e+08
-61108.5 336388 4.20043e+08 61108.5 -336388 -1.36766e+08
-61023.2 336388 4.19579e+08 61023.2 -336388 -1.36536e+08
-60937.9 336388 4.19115e+08 60937.9 -336388 -1.36306e+08
-60852.6 336388 4.18652e+08 60852.6 -336388 -1.36076e+08
-60767.3 336388 4.18188e+08 60767.3 -336388 -1.35846e+08
-60681.9 336388 4.17724e+08 60681.9 -336388 -1.35617e+08
-60596.6 336388 4.1726e+08 60596.6 -336388 -1.35387e+08
-60511.3 336388 4.16797e+08 60511.3 -336388 -1.35157e+08
-60426 336388 4.16333e+08 60426 -336388 -1.34927e+08
-60340.7 336388 4.15869e+08 60340.7 -336388 -1.34697e+08
-60255.4 336388 4.15405e+08 60255.4 -336388 -1.34467e+08
-60170.1 336388 4.14942e+08 60170.1 -336388 -1.34237e+08
-60084.7 336388 4.14478e+08 60084.7 -336388 -1.34008e+08
-59999.4 336388 4.14014e+08 59999.4 -336388 -1.33778e+08
-59914.1 336388 4.1355e+08 59914.1 -336388 -1.33548e+08
-59828.8 336388 4.13087e+08 59828.8 -336388 -1.33318e+08
-59743.5 336388 4.12623e+08 59743.5 -336388 -1.33088e+08
-59658.2 336388 4.12159e+08 59658.2 -336388 -1.32858e+08
-59572.9 336388 4.11695e+08 59572.9 -336388 -1.32628e+08
-59487.5 336388 4.11232e+08 59487.5 -336388 -1.32399e+08
-59402.2 336388 4.10768e+08 59402.2 -336388 -1.32169e+08
-59316.9 336388 4.10304e+08 59316.9 -336388 -1.31939e+08
-59231.6 336388 4.0984e+08 59231.6 -336388 -1.31709e+08
-59146.3 336388 4.09377e+08 59146.3 -336388 -1.31479e+08
-59061 336388 4.08913e+08 59061 -336388 -1.31249e+08
-58975.7 336388 4.08449e+08 58975.7 -336388 -1.3102e+08
-58890.4 336388 4.07985e+08 58890.4 -336388 -1.3079e+08
-58805 336388 4.07522e+08 58805 -336388 -1.3056e+08
-58719.7 336388 4.07058e+08 58719.7 -336388 -1.3033e+08
-58634.4 336388 4.06594e+08 58634.4 -336388 -1.301e+08
-58549.1 336388 4.0613e+08 58549.1 -336388 -1.2987e+08
-58463.8 336388 4.05667e+08 58463.8 -336388 -1.2964e+08
-58378.5 336388 4.05203e+08 58378.5 -336388 -1.29411e+08
-58293.2 336388 4.04739e+08 58293.2 -336388 -1.29181e+08
-58207.9 336388 4.04276e+08 58207.9 -336388 -1.28951e+08
-58122.5 336388 4.03812e+08 58122.5 -336388 -1.28721e+08
-58037.2 336388 4.03348e+08 58037.2 -336388 -1.28491e+08
-57951.9 336388 4.02884e+08 57951.9 -336388 -1.28262e+08
-57866.6 336388 4.02421e+08 57866.6 -336388 -1.28032e+08
-57781.3 336388 4.01957e+08 57781.3 -336388 -1.27802e+08
-57696 336388 4.01493e+08 57696 -336388 -1.27572e+08
-57610.7 336388 4.0103e+08 57610.7 -336388 -1.27342e+08
-57525.4 336388 4.00566e+08 57525.4 -336388 -1.27112e+08
-57440 336388 4.00102e+08 57440 -336388 -1.26883e+08
-57354.7 336388 3.99638e+08 57354.7 -336388 -1.26653e+08
-57269.4 336388 3.99175e+08 57269.4 -336388 -1.26423e+08
-57184.1 336388 3.98711e+08 57184.1 -336388 -1.26193e+08
-57098.8 336388 3.98247e+08 57098.8 -336388 -1.25963e+08
-57013.5 336388 3.97784e+08 57013.5 -336388 -1.25734e+08
-56928.2 336388 3.9732e+08 56928.2 -336388 -1.25504e+08
-56842.9 336388 3.96856e+08 56842.9 -336388 -1.25274e+08
-56757.6 336388 3.96393e+08 56757.6 -336388 -1.25044e+08
-56672.2 336388 3.95929e+08 56672.2 -336388 -1.24814e+08
-56586.9 336388 3.95465e+08 56586.9 -336388 -1.24585e+08
-56501.6 336388 3.95002e+08 56501.6 -336388 -1.24355e+08
-56416.3 336388 3.94538e+08 56416.3 -336388 -1.24125e+08
-56331 336388 3.94074e+08 56331 -336388 -1.23895e+08
-56245.7 336388 3.93611e+08 56245.7 -336388 -1.23665e+08
-56160.4 336388 3.93147e+08 56160.4 -336388 -1.23436e+08
-56075.1 336388 3.92683e+08 56075.1 -336388 -1.23206e+08
-55989.8 336388 3.9222e+08 55989.8 -336388 -1.22976e+08
-55904.4 336388 3.91756e+08 55904.4 -336388 -1.22746e+08
-55819.1 336388 3.91292e+08 55819.1 -336388 -1.22516e+08
-55733.8 336388 3.90829e+08 55733.8 -336388 -1.22287e+08
-55648.5 336388 3.90365e+08 55648.5 -336388 -1.22057e+08
-55563.2 336388 3.89901e+08 55563.2 -336388 -1.21827e+08
-55477.9 336388 3.89438e+08 55477.9 -336388 -1.21597e+08
-55392.6 336388 3.88974e+08 55392.6 -336388 -1.21368e+08
-55307.3 336388 3.8851e+08 55307.3 -336388 -1.21138e+08
-55222 336388 3.88047e+08 55222 -336388 -1.20908e+08
-55136.7 336388 3.87583e+08 55136.7 -336388 -1.20678e+08
-55051.4 336388 3.87119e+08 55051.4 -336388 -1.20448e+08
-54966 336388 3.86656e+08 54966 -336388 -1.20219e+08
-54880.7 336388 3.86192e+08 54880.7 -336388 -1.19989e+08
-54795.4 336388 3.85728e+08 54795.4 -336388 -1.19759e+08
-54710.1 336388 3.85265e+08 54710.1 -336388 -1.19529e+08
-54624.8 336388 3.84801e+08 54624.8 -336388 -1.193e+08
-54539.5 336388 3.84337e+08 54539.5 -336388 -1.1907e+08
-54454.2 336388 3.83874e+08 54454.2 -336388 -1.1884e+08
-54368.9 336388 3.8341e+08 54368.9 -336388 -1.1861e+08
-54283.6 336388 3.82946e+08 54283.6 -336388 -1.18381e+08
-54198.3 336388 3.82483e+08 54198.3 -336388 -1.18151e+08
-54113 336388 3.82019e+08 54113 -336388 -1.17921e+08
-54027.6 336388 3.81556e+08 54027.6 -336388 -1.17691e+08
-53942.3 336388 3.81092e+08 53942.3 -336388 -1.17462e+08
-53857 336388 3.80628e+08 53857 -336388 -1.17232e+08
-53771.7 336388 3.80165e+08 53771.7 -336388 -1.17002e+08
-53686.4 336388 3.79701e+08 53686.4 -336388 -1.16772e+08
-53601.1 336388 3.79237e+08 53601.1 -336388 -1.16543e+08
-53515.8 336388 3.78774e+08 53515.8 -336388 -1.16313e+08
-53430.5 336388 3.7831e+08 53430.5 -336388 -1.16083e+08
-53345.2 336388 3.77847e+08 53345.2 -336388 -1.15853e+08
-53259.9 336388 3.77383e+08 53259.9 -336388 -1.15624e+08
-53174.6 336388 3.76919e+08 53174.6 -336388 -1.15394e+08
-53089.3 336388 3.76456e+08 53089.3 -336388 -1.15164e+08
-53003.9 336388 3.75992e+08 53003.9 -336388 -1.14934e+08
-52918.6 336388 3.75528e+08 52918.6 -336388 -1.14705e+08
-52833.3 336388 3.75065e+08 52833.3 -336388 -1.14475e+08
-52748 336388 3.74601e+08 52748 -336388 -1.14245e+08
-52662.7 336388 3.74138e+08 52662.7 -336388 -1.14015e+08
-52577.4 336388 3.73674e+08 52577.4 -336388 -1.13786e+08
-52492.1 336388 3.7321e+08 52492.1 -336388 -1.13556e+08
-52406.8 336388 3.72747e+08 52406.8 -336388 -1.13326e+08
-52321.5 336388 3.72283e+08 52321.5 -336388 -1.13097e+08
-52236.2 336388 3.7182e+08 52236.2 -336388 -1.12867e+08
-52150.9 336388 3.71356e+08 52150.9 -336388 -1.12637e+08
-52065.6 336388 3.70892e+08 52065.6 -336388 -1.12407e+08
-51980.3 336388 3.70429e+08 51980.3 -336388 -1.12178e+08
-51895 336388 3.69965e+08 51895 -336388 -1.11948e+08
-51809.6 336388 3.69502e+08 51809.6 -336388 -1.11718e+08
-51724.3 336388 3.69038e+08 51724.3 -336388 -1.11488e+08
-51639 336388 3.68575e+08 51639 -336388 -1.11259e+08
-51553.7 336388 3.68111e+08 51553.7 -336388 -1.11029e+08
-51468.4 336388 3.67647e+08 51468.4 -336388 -1.10799e+08
-51383.1 336388 3.67184e+08 51383.1 -336388 -1.1057e+08
-51297.8 336388 3.6672e+08 51297.8 -336388 -1.1034e+08
-51212.5 336388 3.66257e+08 51212.5 -336388 -1.1011e+08
-51127.2 336388 3.65793e+08 51127.2 -336388 -1.09881e+08
-51041.9 336388 3.65329e+08 51041.9 -336388 -1.09651e+08
-50956.6 336388 3.64866e+08 50956.6 -336388 -1.09421e+08
-50871.3 336388 3.64402e+08 50871.3 -336388 -1.09191e+08
-50786 336388 3.63939e+08 50786 -336388 -1.08962e+08
-50700.7 336388 3.63475e+08 50700.7 -336388 -1.08732e+08
-50615.4 336388 3.63012e+08 50615.4 -336388 -1.08502e+08
-50530.1 336388 3.62548e+08 50530.1 -336388 -1.08273e+08
-50444.8 336388 3.62085e+08 50444.8 -336388 -1.08043e+08
-50359.4 336388 3.61621e+08 50359.4 -336388 -1.07813e+08
-50274.1 336388 3.61157e+08 50274.1 -336388 -1.07584e+08
-50188.8 336388 3.60694e+08 50188.8 -336388 -1.07354e+08
-50103.5 336388 3.6023e+08 50103.5 -336388 -1.07124e+08
-50018.2 336388 3.59767e+08 50018.2 -336388 -1.06894e+08
-49932.9 336388 3.59303e+08 49932.9 -336388 -1.06665e+08
-49847.6 336388 3.5884e+08 49847.6 -336388 -1.06435e+08
-49762.3 336388 3.58376e+08 49762.3 -336388 -1.06205e+08
-49677 336388 3.57913e+08 49677 -336388 -1.05976e+08
-49591.7 336388 3.57449e+08 49591.7 -336388 -1.05746e+08
-49506.4 336388 3.56985e+08 49506.4 -336388 -1.05516e+08
-49421.1 336388 3.56522e+08 49421.1 -336388 -1.05287e+08
-49335.8 336388 3.56058e+08 49335.8 -336388 -1.05057e+08
-49250.5 336388 3.55595e+08 49250.5 -336388 -1.04827e+08
-49165.2 336388 3.55131e+08 49165.2 -336388 -1.04598e+08
-49079.9 336388 3.54668e+08 49079.9 -336388 -1.04368e+08
-48994.6 336388 3.54204e+08 48994.6 -336388 -1.04138e+08
-48909.3 336388 3.53741e+08 48909.3 -336388 -1.03909e+08
-48824 336388 3.53277e+08 48824 -336388 -1.03679e+08
-48738.7 336388 3.52814e+08 48738.7 -336388 -1.03449e+08
-48653.4 336388 3.5235e+08 48653.4 -336388 -1.0322e+08
-48568.1 336388 3.51887e+08 48568.1 -336388 -1.0299e+08
-48482.8 336388 3.51423e+08 48482.8 -336388 -1.0276e+08
-48397.5 336388 3.5096e+08 48397.5 -336388 -1.02531e+08
-48312.1 336388 3.50496e+08 48312.1 -336388 -1.02301e+08
-48226.8 336388 3.50033e+08 48226.8 -336388 -1.02072e+08
-48141.5 336388 3.49569e+08 48141.5 -336388 -1.01842e+08
-48056.2 336388 3.49106e+08 48056.2 -336388 -1.01612e+08
-47970.9 336388 3.48642e+08 47970.9 -336388 -1.01383e+08
-47885.6 336388 3.48179e+08 47885.6 -336388 -1.01153e+08
-47800.3 336388 3.47715e+08 47800.3 -336388 -1.00923e+08
-47715 336388 3.47252e+08 47715 -336388 -1.00694e+08
-47629.7 336388 3.46788e+08 47629.7 -336388 -1.00464e+08
-47544.4 336388 3.46325e+08 47544.4 -336388 -1.00234e+08
-47459.1 336388 3.45861e+08 47459.1 -336388 -1.00005e+08
-47373.8 336388 3.45398e+08 47373.8 -336388 -9.9775e+07
-47288.5 336388 3.44934e+08 47288.5 -336388 -9.95454e+07
-47203.2 336388 3.44471e+08 47203.2 -336388 -9.93158e+07
-47117.9 336388 3.44007e+08 47117.9 -336388 -9.90861e+07
-47032.6 336388 3.43544e+08 47032.6 -336388 -9.88565e+07
-46947.3 336388 3.4308e+08 46947.3 -336388 -9.86269e+07
-46862 336388 3.42617e+08 46862 -336388 -9.83972e+07
-46776.7 336388 3.42153e+08 46776.7 -336388 -9.81676e+07
-46691.4 336388 3.4169e+08 46691.4 -336388 -9.7938e+07
-46606.1 336388 3.41226e+08 46606.1 -336388 -9.77084e+07
-46520.8 336388 3.40763e+08 46520.8 -336388 -9.74787e+07
-46435.5 336388 3.40299e+08 46435.5 -336388 -9.72491e+07
-46350.2 336388 3.39836e+08 46350.2 -336388 -9.70195e+07
-46264.9 336388 3.39372e+08 46264.9 -336388 -9.67899e+07
-46179.6 336388 3.38909e+08 46179.6 -336388 -9.65603e+07
-46094.3 336388 3.38445e+08 46094.3 -336388 -9.63306e+07
-46009 336388 3.37982e+08 46009 -336388 -9.6101e+07
-45923.7 336388 3.37518e+08 45923.7 -336388 -9.58714e+07
-45838.4 336388 3.37055e+08 45838.4 -336388 -9.56418e+07
-45753.1 336388 3.36591e+08 45753.1 -336388 -9.54122e+07
-45667.8 336388 3.36128e+08 45667.8 -336388 -9.51826e+07
-45582.5 336388 3.35665e+08 45582.5 -336388 -9.4953e+07
-45497.2 336388 3.35201e+08 45497.2 -336388 -9.47234e+07
-45411.9 336388 3.34738e+08 45411.9 -336388 -9.44938e+07
-45326.6 336388 3.34274e+08 45326.6 -336388 -9.42642e+07
-45241.3 336388 3.33811e+08 45241.3 -336388 -9.40346e+07
-45156 336388 3.33347e+08 45156 -336388 -9.3805e+07
-45070.7 336388 3.32884e+08 45070.7 -336388 -9.35754e+07
-44985.4 336388 3.3242e+08 44985.4 -336388 -9.33458e+07
-44900.1 336388 3.31957e+08 44900.1 -336388 -9.31162e+07
-44814.8 336388 3.31493e+08 44814.8 -336388 -9.28866e+07
-44729.5 336388 3.3103e+08 44729.5 -336388 -9.2657e+07
-44644.2 336388 3.30567e+08 44644.2 -336388 -9.24274e+07
-44558.9 336388 3.30103e+08 44558.9 -336388 -9.21978e+07
-44473.6 336388 3.2964e+08 44473.6 -336388 -9.19683e+07
-44388.3 336388 3.29176e+08 44388.3 -336388 -9.17387e+07
-44303 336388 3.28713e+08 44303 -336388 -9.1509e+07
-44217.7 336388 3.28249e+08 44217.7 -336388 -9.12795e+07
-44132.4 336388 3.27786e+08 44132.4 -336388 -9.10499e+07
-44047.1 336388 3.27323e+08 44047.1 -336388 -9.08203e+07
-43961.8 336388 3.26859e+08 43961.8 -336388 -9.05907e+07
-43876.5 336388 3.26396e+08 43876.5 -336388 -9.03612e+07
-43791.2 336388 3.25932e+08 43791.2 -336388 -9.01316e+07
-43705.9 336388 3.25469e+08 43705.9 -336388 -8.9902e+07
-43620.6 336388 3.25005e+08 43620.6 -336388 -8.96724e+07
-43535.3 336388 3.24542e+08 43535.3 -336388 -8.94429e+07
-43450 336388 3.24079e+08 43450 -336388 -8.92133e+07
-43364.7 336388 3.23615e+08 43364.7 -336388 -8.89837e+07
-43279.4 336388 3.23152e+08 43279.4 -336388 -8.87542e+07
-43194.1 336388 3.22688e+08 43194.1 -336388 -8.85246e+07
-43108.8 336388 3.22225e+08 43108.8 -336388 -8.8295e+07
-43023.5 336388 3.21762e+08 43023.5 -336388 -8.80655e+07
-42938.2 336388 3.21298e+08 42938.2 -336388 -8.78359e+07
-42852.9 336388 3.20835e+08 42852.9 -336388 -8.76064e+07
-42767.6 336388 3.20371e+08 42767.6 -336388 -8.73768e+07
-42682.3 336388 3.19908e+08 42682.3 -336388 -8.71472e+07
-42597 336388 3.19445e+08 42597 -336388 -8.69177e+07
-42511.7 336388 3.18981e+08 42511.7 -336388 -8.66882e+07
-42426.4 336388 3.18518e+08 42426.4 -336388 -8.64586e+07
-42341.1 336388 3.18054e+08 42341.1 -336388 -8.62291e+07
-42255.8 336388 3.17591e+08 42255.8 -336388 -8.59995e+07
-42170.5 336388 3.17128e+08 42170.5 -336388 -8.577e+07
-42085.2 336388 3.16664e+08 42085.2 -336388 -8.55404e+07
-41999.9 336388 3.16201e+08 41999.9 -336388 -8.53109e+07
-41914.6 336388 3.15737e+08 41914.6 -336388 -8.50813e+07
-41829.3 336388 3.15274e+08 41829.3 -336388 -8.48518e+07
-41744 336388 3.14811e+08 41744 -336388 -8.46222e+07
-41658.7 336388 3.14347e+08 41658.7 -336388 -8.43927e+07
-41573.4 336388 3.13884e+08 41573.4 -336388 -8.41632e+07
-41488.1 336388 3.1342e+08 41488.1 -336388 -8.39336e+07
-41402.8 336388 3.12957e+08 41402.8 -336388 -8.37041e+07
-41317.5 336388 3.12494e+08 41317.5 -336388 -8.34746e+07
-41232.2 336388 3.1203e+08 41232.2 -336388 -8.3245e+07
-41146.9 336388 3.11567e+08 41146.9 -336388 -8.30155e+07
-41061.7 336388 3.11104e+08 41061.7 -336388 -8.2786e+07
-40976.4 336388 3.1064e+08 40976.4 -336388 -8.25565e+07
-40891.1 336388 3.10177e+08 40891.1 -336388 -8.23269e+07
-40805.8 336388 3.09714e+08 40805.8 -336388 -8.20974e+07
-40720.5 336388 3.0925e+08 40720.5 -336388 -8.18679e+07
-40635.2 336388 3.08787e+08 40635.2 -336388 -8.16384e+07
-40549.9 336388 3.08323e+08 40549.9 -336388 -8.14088e+07
-40464.6 336388 3.0786e+08 40464.6 -336388 -8.11793e+07
-40379.3 336388 3.07397e+08 40379.3 -336388 -8.09498e+07
-40294 336388 3.06933e+08 40294 -336388 -8.07203e+07
-40208.7 336388 3.0647e+08 40208.7 -336388 -8.04908e+07
-40123.4 336388 3.06007e+08 40123.4 -336388 -8.02613e+07
-40038.1 336388 3.05543e+08 40038.1 -336388 -8.00318e+07
-39952.8 336388 3.0508e+08 39952.8 -336388 -7.98023e+07
-39867.5 336388 3.04617e+08 39867.5 -336388 -7.95727e+07
-39782.2 336388 3.04153e+08 39782.2 -336388 -7.93432e+07
-39696.9 336388 3.0369e+08 39696.9 -336388 -7.91137e+07
-39611.6 336388 3.03227e+08 39611.6 -336388 -7.88842e+07
-39526.3 336388 3.02763e+08 39526.3 -336388 -7.86547e+07
-39441 336388 3.023e+08 39441 -336388 -7.84252e+07
-39355.7 336388 3.01837e+08 39355.7 -336388 -7.81957e+07
-39270.4 336388 3.01373e+08 39270.4 -336388 -7.79663e+07
-39185.1 336388 3.0091e+08 39185.1 -336388 -7.77368e+07
-39099.9 336388 3.00447e+08 39099.9 -336388 -7.75073e+07
-39014.6 336388 2.99983e+08 39014.6 -336388 -7.72778e+07
-38929.3 336388 2.9952e+08 38929.3 -336388 -7.70483e+07
-38844 336388 2.99057e+08 38844 -336388 -7.68188e+07
-38758.7 336388 2.98593e+08 38758.7 -336388 -7.65893e+07
-38673.4 336388 2.9813e+08 38673.4 -336388 -7.63598e+07
-38588.1 336388 2.97667e+08 38588.1 -336388 -7.61303e+07
-38502.8 336388 2.97203e+08 38502.8 -336388 -7.59009e+07
-38417.5 336388 2.9674e+08 38417.5 -336388 -7.56714e+07
-38332.2 336388 2.96277e+08 38332.2 -336388 -7.54419e+07
-38246.9 336388 2.95813e+08 38246.9 -336388 -7.52124e+07
-38161.6 336388 2.9535e+08 38161.6 -336388 -7.49829e+07
-38076.3 336388 2.94887e+08 38076.3 -336388 -7.47534e+07
-37991 336388 2.94424e+08 37991 -336388 -7.4524e+07
-37905.7 336388 2.9396e+08 37905.7 -336388 -7.42945e+07
-37820.4 336388 2.93497e+08 37820.4 -336388 -7.4065e+07
-37735.1 336388 2.93034e+08 37735.1 -336388 -7.38356e+07
-37649.8 336388 2.9257e+08 37649.8 -336388 -7.36061e+07
-37564.6 336388 2.92107e+08 37564.6 -336388 -7.33766e+07
-37479.3 336388 2.91644e+08 37479.3 -336388 -7.31472e+07
-37394 336388 2.9118e+08 37394 -336388 -7.29177e+07
-37308.7 336388 2.90717e+08 37308.7 -336388 -7.26883e+07
-37223.4 336388 2.90254e+08 37223.4 -336388 -7.24588e+07
-37138.1 336388 2.89791e+08 37138.1 -336388 -7.22293e+07
-37052.8 336388 2.89327e+08 37052.8 -336388 -7.19999e+07
-36967.5 336388 2.88864e+08 36967.5 -336388 -7.17704e+07
-36882.2 336388 2.88401e+08 36882.2 -336388 -7.1541e+07
-36796.9 336388 2.87937e+08 36796.9 -336388 -7.13115e+07
-36711.6 336388 2.87474e+08 36711.6 -336388 -7.1082e+07
-36626.3 336388 2.87011e+08 36626.3 -336388 -7.08526e+07
-36541 336388 2.86548e+08 36541 -336388 -7.06232e+07
-36455.7 336388 2.86084e+08 36455.7 -336388 -7.03937e+07
-36370.5 336388 2.85621e+08 36370.5 -336388 -7.01643e+07
-36285.2 336388 2.85158e+08 36285.2 -336388 -6.99348e+07
-36199.9 336388 2.84695e+08 36199.9 -336388 -6.97054e+07
-36114.6 336388 2.84231e+08 36114.6 -336388 -6.94759e+07
-36029.3 336388 2.83768e+08 36029.3 -336388 -6.92465e+07
-35944 336388 2.83305e+08 35944 -336388 -6.90171e+07
-35858.7 336388 2.82842e+08 35858.7 -336388 -6.87876e+07
-35773.4 336388 2.82378e+08 35773.4 -336388 -6.85582e+07
-35688.1 336388 2.81915e+08 35688.1 -336388 -6.83288e+07
-35602.8 336388 2.81452e+08 35602.8 -336388 -6.80993e+07
-35517.5 336388 2.80988e+08 35517.5 -336388 -6.78699e+07
-35432.2 336388 2.80525e+08 35432.2 -336388 -6.76405e+07
-35347 336388 2.80062e+08 35347 -336388 -6.7411e+07
-35261.7 336388 2.79599e+08 35261.7 -336388 -6.71816e+07
-35176.4 336388 2.79135e+08 35176.4 -336388 -6.69522e+07
-35091.1 336388 2.78672e+08 35091.1 -336388 -6.67228e+07
-35005.8 336388 2.78209e+08 35005.8 -336388 -6.64934e+07
-34920.5 336388 2.77746e+08 34920.5 -336388 -6.62639e+07
-34835.2 336388 2.77282e+08 34835.2 -336388 -6.60345e+07
-34749.9 336388 2.76819e+08 34749.9 -336388 -6.58051e+07
-34664.6 336388 2.76356e+08 34664.6 -336388 -6.55757e+07
-34579.3 336388 2.75893e+08 34579.3 -336388 -6.53463e+07
-34494 336388 2.7543e+08 34494 -336388 -6.51169e+07
-34408.8 336388 2.74966e+08 34408.8 -336388 -6.48874e+07
-34323.5 336388 2.74503e+08 34323.5 -336388 -6.4658e+07
-34238.2 336388 2.7404e+08 34238.2 -336388 -6.44286e+07
-34152.9 336388 2.73577e+08 34152.9 -336388 -6.41992e+07
-34067.6 336388 2.73113e+08 34067.6 -336388 -6.39698e+07
-33982.3 336388 2.7265e+08 33982.3 -336388 -6.37404e+07
-33897 336388 2.72187e+08 33897 -336388 -6.3511e+07
-33811.7 336388 2.71724e+08 33811.7 -336388 -6.32816e+07
-33726.4 336388 2.71261e+08 33726.4 -336388 -6.30522e+07
-33641.1 336388 2.70797e+08 33641.1 -336388 -6.28228e+07
-33555.9 336388 2.70334e+08 33555.9 -336388 -6.25934e+07
-33470.6 336388 2.69871e+08 33470.6 -336388 -6.2364e+07
-33385.3 336388 2.69408e+08 33385.3 -336388 -6.21346e+07
-33300 336388 2.68944e+08 33300 -336388 -6.19052e+07
-33214.7 336388 2.68481e+08 33214.7 -336388 -6.16758e+07
-33129.4 336388 2.68018e+08 33129.4 -336388 -6.14465e+07
-33044.1 336388 2.67555e+08 33044.1 -336388 -6.12171e+07
-32958.8 336388 2.67092e+08 32958.8 -336388 -6.09877e+07
-32873.5 336388 2.66628e+08 32873.5 -336388 -6.07583e+07
-32788.3 336388 2.66165e+08 32788.3 -336388 -6.05289e+07
-32703 336388 2.65702e+08 32703 -336388 -6.02996e+07
-32617.7 336388 2.65239e+08 32617.7 -336388 -6.00702e+07
-32532.4 336388 2.64776e+08 32532.4 -336388 -5.98408e+07
-32447.1 336388 2.64312e+08 32447.1 -336388 -5.96114e+07
-32361.8 336388 2.63849e+08 32361.8 -336388 -5.9382e+07
-32276.5 336388 2.63386e+08 32276.5 -336388 -5.91526e+07
-32191.2 336388 2.62923e+08 32191.2 -336388 -5.89233e+07
-32105.9 336388 2.6246e+08 32105.9 -336388 -5.86939e+07
-32020.7 336388 2.61997e+08 32020.7 -336388 -5.84645e+07
-31935.4 336388 2.61533e+08 31935.4 -336388 -5.82352e+07
-31850.1 336388 2.6107e+08 31850.1 -336388 -5.80058e+07
-31764.8 336388 2.60607e+08 31764.8 -336388 -5.77764e+07
-31679.5 336388 2.60144e+08 31679.5 -336388 -5.75471e+07
-31594.2 336388 2.59681e+08 31594.2 -336388 -5.73177e+07
-31508.9 336388 2.59217e+08 31508.9 -336388 -5.70884e+07
-31423.6 336388 2.58754e+08 31423.6 -336388 -5.6859e+07
-31338.3 336388 2.58291e+08 31338.3 -336388 -5.66297e+07
-31253.1 336388 2.57828e+08 31253.1 -336388 -5.64003e+07
-31167.8 336388 2.57365e+08 31167.8 -336388 -5.61709e+07
-31082.5 336388 2.56902e+08 31082.5 -336388 -5.59416e+07
-30997.2 336388 2.56438e+08 30997.2 -336388 -5.57122e+07
-30911.9 336388 2.55975e+08 30911.9 -336388 -5.54829e+07
-30826.6 336388 2.55512e+08 30826.6 -336388 -5.52535e+07
-30741.3 336388 2.55049e+08 30741.3 -336388 -5.50242e+07
-30656.1 336388 2.54586e+08 30656.1 -336388 -5.47949e+07
-30570.8 336388 2.54123e+08 30570.8 -336388 -5.45655e+07
-30485.5 336388 2.5366e+08 30485.5 -336388 -5.43362e+07
-30400.2 336388 2.53196e+08 30400.2 -336388 -5.41068e+07
-30314.9 336388 2.52733e+08 30314.9 -336388 -5.38775e+07
-30229.6 336388 2.5227e+08 30229.6 -336388 -5.36481e+07
-30144.3 336388 2.51807e+08 30144.3 -336388 -5.34188e+07
-30059 336388 2.51344e+08 30059 -336388 -5.31895e+07
-29973.8 336388 2.50881e+08 29973.8 -336388 -5.29601e+07
-29888.5 336388 2.50418e+08 29888.5 -336388 -5.27308e+07
-29803.2 336388 2.49954e+08 29803.2 -336388 -5.25015e+07
-29717.9 336388 2.49491e+08 29717.9 -336388 -5.22721e+07
-29632.6 336388 2.49028e+08 29632.6 -336388 -5.20428e+07
-29547.3 336388 2.48565e+08 29547.3 -336388 -5.18135e+07
-29462 336388 2.48102e+08 29462 -336388 -5.15842e+07
-29376.8 336388 2.47639e+08 29376.8 -336388 -5.13548e+07
-29291.5 336388 2.47176e+08 29291.5 -336388 -5.11255e+07
-29206.2 336388 2.46712e+08 29206.2 -336388 -5.08962e+07
-29120.9 336388 2.46249e+08 29120.9 -336388 -5.06669e+07
-29035.6 336388 2.45786e+08 29035.6 -336388 -5.04376e+07
-28950.3 336388 2.45323e+08 28950.3 -336388 -5.02082e+07
-28865 336388 2.4486e+08 28865 -336388 -4.99789e+07
-28779.8 336388 2.44397e+08 28779.8 -336388 -4.97496e+07
-28694.5 336388 2.43934e+08 28694.5 -336388 -4.95203e+07
-28609.2 336388 2.43471e+08 28609.2 -336388 -4.9291e+07
-28523.9 336388 2.43008e+08 28523.9 -336388 -4.90617e+07
-28438.6 336388 2.42544e+08 28438.6 -336388 -4.88324e+07
-28353.3 336388 2.42081e+08 28353.3 -336388 -4.86031e+07
-28268 336388 2.41618e+08 28268 -336388 -4.83738e+07
-28182.8 336388 2.41155e+08 28182.8 -336388 -4.81445e+07
-28097.5 336388 2.40692e+08 28097.5 -336388 -4.79152e+07
-28012.2 336388 2.40229e+08 28012.2 -336388 -4.76859e+07
-27926.9 336388 2.39766e+08 27926.9 -336388 -4.74566e+07
-27841.6 336388 2.39303e+08 27841.6 -336388 -4.72273e+07
-27756.3 336388 2.3884e+08 27756.3 -336388 -4.6998e+07
-27671 336388 2.38377e+08 27671 -336388 -4.67687e+07
-27585.8 336388 2.37913e+08 27585.8 -336388 -4.65394e+07
-27500.5 336388 2.3745e+08 27500.5 -336388 -4.63101e+07
-27415.2 336388 2.36987e+08 27415.2 -336388 -4.60808e+07
-27329.9 336388 2.36524e+08 27329.9 -336388 -4.58515e+07
-27244.6 336388 2.36061e+08 27244.6 -336388 -4.56222e+07
-27159.3 336388 2.35598e+08 27159.3 -336388 -4.5393e+07
-27074.1 336388 2.35135e+08 27074.1 -336388 -4.51637e+07
-26988.8 336388 2.34672e+08 26988.8 -336388 -4.49344e+07
-26903.5 336388 2.34209e+08 26903.5 -336388 -4.47051e+07
-26818.2 336388 2.33746e+08 26818.2 -336388 -4.44759e+07
-26732.9 336388 2.33283e+08 26732.9 -336388 -4.42466e+07
-26647.6 336388 2.3282e+08 26647.6 -336388 -4.40173e+07
-26562.4 336388 2.32356e+08 26562.4 -336388 -4.3788e+07
-26477.1 336388 2.31893e+08 26477.1 -336388 -4.35588e+07
-26391.8 336388 2.3143e+08 26391.8 -336388 -4.33295e+07
-26306.5 336388 2.30967e+08 26306.5 -336388 -4.31002e+07
-26221.2 336388 2.30504e+08 26221.2 -336388 -4.28709e+07
-26135.9 336388 2.30041e+08 26135.9 -336388 -4.26417e+07
-26050.7 336388 2.29578e+08 26050.7 -336388 -4.24124e+07
-25965.4 336388 2.29115e+08 25965.4 -336388 -4.21832e+07
-25880.1 336388 2.28652e+08 25880.1 -336388 -4.19539e+07
-25794.8 336388 2.28189e+08 25794.8 -336388 -4.17246e+07
-25709.5 336388 2.27726e+08 25709.5 -336388 -4.14954e+07
-25624.3 336388 2.27263e+08 25624.3 -336388 -4.12661e+07
-25539 336388 2.268e+08 25539 -336388 -4.10369e+07
-25453.7 336388 2.26337e+08 25453.7 -336388 -4.08076e+07
-25368.4 336388 2.25874e+08 25368.4 -336388 -4.05784e+07
-25283.1 336388 2.25411e+08 25283.1 -336388 -4.03491e+07
-25197.8 336388 2.24948e+08 25197.8 -336388 -4.01198e+07
-25112.6 336388 2.24484e+08 25112.6 -336388 -3.98906e+07
-25027.3 336388 2.24021e+08 25027.3 -336388 -3.96613e+07
-24942 336388 2.23558e+08 24942 -336388 -3.94321e+07
-24856.7 336388 2.23095e+08 24856.7 -336388 -3.92029e+07
-24771.4 336388 2.22632e+08 24771.4 -336388 -3.89736e+07
-24686.1 336388 2.22169e+08 24686.1 -336388 -3.87444e+07
-24600.9 336388 2.21706e+08 24600.9 -336388 -3.85151e+07
-24515.6 336388 2.21243e+08 24515.6 -336388 -3.82859e+07
-24430.3 336388 2.2078e+08 24430.3 -336388 -3.80567e+07
-24345 336388 2.20317e+08 24345 -336388 -3.78274e+07
-24259.7 336388 2.19854e+08 24259.7 -336388 -3.75982e+07
-24174.5 336388 2.19391e+08 24174.5 -336388 -3.7369e+07
-24089.2 336388 2.18928e+08 24089.2 -336388 -3.71397e+07
-24003.9 336388 2.18465e+08 24003.9 -336388 -3.69105e+07
-23918.6 336388 2.18002e+08 23918.6 -336388 -3.66813e+07
