-9.01281e-05 10201 0.308538 9.01281e-05 -10201 -0.0247187
-0.000175716 20402 0.600576 0.000175716 -20402 -0.0481902
-0.000253819 30602.9 0.865067 0.000253819 -30602.9 -0.0696073
-0.000320616 40803.9 1.08766 0.000320616 -40803.9 -0.0879211
-0.000371063 51004.9 1.24943 0.000371063 -51004.9 -0.101747
-0.000398526 61205.9 1.32548 0.000398526 -61205.9 -0.109263
-0.000393898 71406.9 1.28162 0.000393898 -71406.9 -0.107971
-0.000344603 81607.8 1.07065 0.000344603 -81607.8 -0.094419
-0.000233135 91808.8 0.626859 0.000233135 -91808.8 -0.0638009
-3.37699e-05 102010 -0.146125 3.37699e-05 -102010 -0.00926473
-89.7708 102010 322755 89.7708 -102010 -24624.6
-179.539 102010 645498 179.539 -102010 -49245.9
-269.31 102010 968250 269.31 -102010 -73865.4
-359.077 102010 1.29098e+06 359.077 -102010 -98481
-448.853 102010 1.61375e+06 448.853 -102010 -123096
-538.623 102010 1.93649e+06 538.623 -102010 -147708
-628.382 102010 2.25918e+06 628.382 -102010 -172313
-718.165 102010 2.58196e+06 718.165 -102010 -196923
-807.944 102010 2.90472e+06 807.944 -102010 -221528
-897.709 102010 3.22743e+06 897.709 -102010 -246128
-987.481 102010 3.55017e+06 987.481 -102010 -270726
-1077.25 102010 3.8729e+06 1077.25 -102010 -295322
-1167.03 102010 4.19563e+06 1167.03 -102010 -319916
-1256.8 102010 4.51835e+06 1256.8 -102010 -344507
-1346.57 102010 4.84108e+06 1346.57 -102010 -369095
-1436.35 102010 5.16383e+06 1436.35 -102010 -393683
-1526.12 102010 5.48653e+06 1526.12 -102010 -418264
-1615.89 102010 5.80925e+06 1615.89 -102010 -442845
-1705.67 102010 6.13196e+06 1705.67 -102010 -467422
-1795.44 102010 6.45468e+06 1795.44 -102010 -491998
-1885.22 102010 6.77741e+06 1885.22 -102010 -516572
-1975 102010 7.10013e+06 1975 -102010 -541143
-2064.77 102010 7.42282e+06 2064.77 -102010 -565709
-2154.55 102010 7.74557e+06 2154.55 -102010 -590277
-2244.32 102010 8.06825e+06 2244.32 -102010 -614838
-2334.1 102010 8.39096e+06 2334.1 -102010 -639398
-2423.88 102010 8.71368e+06 2423.88 -102010 -663957
-2513.65 102010 9.03637e+06 2513.65 -102010 -688511
-2603.43 102010 9.35908e+06 2603.43 -102010 -713064
-2693.21 102010 9.68178e+06 2693.21 -102010 -737614
-2782.98 102010 1.00045e+07 2782.98 -102010 -762162
-2872.76 102010 1.03272e+07 2872.76 -102010 -786706
-2962.54 102010 1.06499e+07 2962.54 -102010 -811248
-3052.32 102010 1.09726e+07 3052.32 -102010 -835789
-3142.09 102010 1.12953e+07 3142.09 -102010 -860325
-3231.87 102010 1.16179e+07 3231.87 -102010 -884859
-3321.65 102010 1.19406e+07 3321.65 -102010 -909391
-3411.43 102010 1.22633e+07 3411.43 -102010 -933920
-3501.21 102010 1.2586e+07 3501.21 -102010 -958448
-3590.99 102010 1.29087e+07 3590.99 -102010 -982972
-3680.78 102010 1.32314e+07 3680.78 -102010 -1.0075e+06
-3770.55 102010 1.3554e+07 3770.55 -102010 -1.03201e+06
-3860.33 102010 1.38767e+07 3860.33 -102010 -1.05653e+06
-3950.11 102010 1.41994e+07 3950.11 -102010 -1.08104e+06
-4039.9 102010 1.45221e+07 4039.9 -102010 -1.10556e+06
-4129.68 102010 1.48447e+07 4129.68 -102010 -1.13006e+06
-4219.46 102010 1.51674e+07 4219.46 -102010 -1.15457e+06
-4309.24 102010 1.54901e+07 4309.24 -102010 -1.17907e+06
-4399.02 102010 1.58127e+07 4399.02 -102010 -1.20358e+06
-4488.8 102010 1.61354e+07 4488.8 -102010 -1.22807e+06
-4578.59 102010 1.64581e+07 4578.59 -102010 -1.25257e+06
-4668.37 102010 1.67807e+07 4668.37 -102010 -1.27706e+06
-4758.15 102010 1.71034e+07 4758.15 -102010 -1.30155e+06
-4847.94 102010 1.74261e+07 4847.94 -102010 -1.32604e+06
-4937.72 102010 1.77487e+07 4937.72 -102010 -1.35053e+06
-5027.5 102010 1.80714e+07 5027.5 -102010 -1.37501e+06
-5117.29 102010 1.8394e+07 5117.29 -102010 -1.39949e+06
-5207.08 102010 1.87167e+07 5207.08 -102010 -1.42397e+06
-5296.86 102010 1.90393e+07 5296.86 -102010 -1.44845e+06
-5386.64 102010 1.9362e+07 5386.64 -102010 -1.47292e+06
-5476.43 102010 1.96846e+07 5476.43 -102010 -1.49739e+06
-5566.22 102010 2.00073e+07 5566.22 -102010 -1.52186e+06
-5656 102010 2.03299e+07 5656 -102010 -1.54632e+06
-5745.79 102010 2.06525e+07 5745.79 -102010 -1.57079e+06
-5835.57 102010 2.09752e+07 5835.57 -102010 -1.59525e+06
-5925.36 102010 2.12978e+07 5925.36 -102010 -1.6197e+06
-6015.15 102010 2.16205e+07 6015.15 -102010 -1.64416e+06
-6104.93 102010 2.19431e+07 6104.93 -102010 -1.66861e+06
-6194.72 102010 2.22657e+07 6194.72 -102010 -1.69306e+06
-6284.51 102010 2.25884e+07 6284.51 -102010 -1.71751e+06
-6374.3 102010 2.2911e+07 6374.3 -102010 -1.74195e+06
-6464.08 102010 2.32336e+07 6464.08 -102010 -1.76639e+06
-6553.87 102010 2.35562e+07 6553.87 -102010 -1.79084e+06
-6643.66 102010 2.38789e+07 6643.66 -102010 -1.81527e+06
-6733.45 102010 2.42015e+07 6733.45 -102010 -1.83971e+06
-6823.24 102010 2.45241e+07 6823.24 -102010 -1.86414e+06
-6913.03 102010 2.48467e+07 6913.03 -102010 -1.88857e+06
-7002.82 102010 2.51693e+07 7002.82 -102010 -1.91299e+06
-7092.61 102010 2.54919e+07 7092.61 -102010 -1.93742e+06
-7182.4 102010 2.58146e+07 7182.4 -102010 -1.96184e+06
-7272.19 102010 2.61372e+07 7272.19 -102010 -1.98626e+06
-7361.98 102010 2.64598e+07 7361.98 -102010 -2.01068e+06
-7451.77 102010 2.67824e+07 7451.77 -102010 -2.03509e+06
-7541.56 102010 2.7105e+07 7541.56 -102010 -2.0595e+06
-7631.36 102010 2.74276e+07 7631.36 -102010 -2.08391e+06
-7721.16 102010 2.77502e+07 7721.16 -102010 -2.10832e+06
-7810.94 102010 2.80728e+07 7810.94 -102010 -2.13272e+06
-7900.73 102010 2.83954e+07 7900.73 -102010 -2.15712e+06
-7990.51 102010 2.87179e+07 7990.51 -102010 -2.18152e+06
-8080.32 102010 2.90406e+07 8080.32 -102010 -2.20592e+06
-8170.11 102010 2.93632e+07 8170.11 -102010 -2.23031e+06
-8259.91 102010 2.96858e+07 8259.91 -102010 -2.2547e+06
-8349.7 102010 3.00084e+07 8349.7 -102010 -2.27909e+06
-8439.49 102010 3.0331e+07 8439.49 -102010 -2.30347e+06
-8529.29 102010 3.06535e+07 8529.29 -102010 -2.32786e+06
-8619.08 102010 3.09761e+07 8619.08 -102010 -2.35224e+06
-8708.88 102010 3.12987e+07 8708.88 -102010 -2.37662e+06
-8798.67 102010 3.16213e+07 8798.67 -102010 -2.40099e+06
-8888.48 102010 3.19439e+07 8888.48 -102010 -2.42537e+06
-8978.26 102010 3.22664e+07 8978.26 -102010 -2.44974e+06
-9068.06 102010 3.2589e+07 9068.06 -102010 -2.4741e+06
-9157.85 102010 3.29116e+07 9157.85 -102010 -2.49847e+06
-9247.66 102010 3.32342e+07 9247.66 -102010 -2.52283e+06
-9337.45 102010 3.35567e+07 9337.45 -102010 -2.54719e+06
-9427.24 102010 3.38793e+07 9427.24 -102010 -2.57155e+06
-9517.04 102010 3.42019e+07 9517.04 -102010 -2.5959e+06
-9606.84 102010 3.45245e+07 9606.84 -102010 -2.62026e+06
-9696.64 102010 3.4847e+07 9696.64 -102010 -2.64461e+06
-9786.43 102010 3.51696e+07 9786.43 -102010 -2.66895e+06
-9876.23 102010 3.54921e+07 9876.23 -102010 -2.6933e+06
-9966.03 102010 3.58147e+07 9966.03 -102010 -2.71764e+06
-10055.8 102010 3.61372e+07 10055.8 -102010 -2.74198e+06
-10145.6 102010 3.64598e+07 10145.6 -102010 -2.76632e+06
-10235.4 102010 3.67824e+07 10235.4 -102010 -2.79065e+06
-10325.2 102010 3.71049e+07 10325.2 -102010 -2.81498e+06
-10415 102010 3.74275e+07 10415 -102010 -2.83931e+06
-10504.8 102010 3.775e+07 10504.8 -102010 -2.86364e+06
-10594.6 102010 3.80726e+07 10594.6 -102010 -2.88797e+06
-10684.4 102010 3.83951e+07 10684.4 -102010 -2.91229e+06
-10774.2 102010 3.87176e+07 10774.2 -102010 -2.93661e+06
-10864 102010 3.90402e+07 10864 -102010 -2.96092e+06
-10953.8 102010 3.93627e+07 10953.8 -102010 -2.98524e+06
-11043.6 102010 3.96853e+07 11043.6 -102010 -3.00955e+06
-11133.4 102010 4.00078e+07 11133.4 -102010 -3.03386e+06
-11223.2 102010 4.03303e+07 11223.2 -102010 -3.05816e+06
-11313 102010 4.06529e+07 11313 -102010 -3.08247e+06
-11402.8 102010 4.09754e+07 11402.8 -102010 -3.10677e+06
-11492.6 102010 4.12979e+07 11492.6 -102010 -3.13107e+06
-11582.4 102010 4.16204e+07 11582.4 -102010 -3.15536e+06
-11672.3 102010 4.1943e+07 11672.3 -102010 -3.17966e+06
-11762.1 102010 4.22655e+07 11762.1 -102010 -3.20395e+06
-11851.9 102010 4.2588e+07 11851.9 -102010 -3.22823e+06
-11941.7 102010 4.29105e+07 11941.7 -102010 -3.25252e+06
-12031.5 102010 4.32331e+07 12031.5 -102010 -3.27681e+06
-12121.3 102010 4.35556e+07 12121.3 -102010 -3.30108e+06
-12211.1 102010 4.38781e+07 12211.1 -102010 -3.32536e+06
-12300.9 102010 4.42006e+07 12300.9 -102010 -3.34964e+06
-12390.7 102010 4.45231e+07 12390.7 -102010 -3.37391e+06
-12480.5 102010 4.48456e+07 12480.5 -102010 -3.39818e+06
-12570.3 102010 4.51681e+07 12570.3 -102010 -3.42245e+06
-12660.1 102010 4.54906e+07 12660.1 -102010 -3.44672e+06
-12749.9 102010 4.58131e+07 12749.9 -102010 -3.47098e+06
-12839.7 102010 4.61356e+07 12839.7 -102010 -3.49524e+06
-12929.5 102010 4.64581e+07 12929.5 -102010 -3.51949e+06
-13019.3 102010 4.67806e+07 13019.3 -102010 -3.54375e+06
-13109.1 102010 4.71031e+07 13109.1 -102010 -3.568e+06
-13198.9 102010 4.74256e+07 13198.9 -102010 -3.59225e+06
-13288.8 102010 4.77481e+07 13288.8 -102010 -3.6165e+06
-13378.6 102010 4.80706e+07 13378.6 -102010 -3.64074e+06
-13468.4 102010 4.83931e+07 13468.4 -102010 -3.66499e+06
-13558.2 102010 4.87156e+07 13558.2 -102010 -3.68923e+06
-13648 102010 4.90381e+07 13648 -102010 -3.71346e+06
-13737.8 102010 4.93606e+07 13737.8 -102010 -3.7377e+06
-13827.6 102010 4.9683e+07 13827.6 -102010 -3.76193e+06
-13917.4 102010 5.00055e+07 13917.4 -102010 -3.78616e+06
-14007.2 102010 5.0328e+07 14007.2 -102010 -3.81039e+06
-14097 102010 5.06505e+07 14097 -102010 -3.83461e+06
-14186.9 102010 5.0973e+07 14186.9 -102010 -3.85883e+06
-14276.7 102010 5.12954e+07 14276.7 -102010 -3.88305e+06
-14366.5 102010 5.16179e+07 14366.5 -102010 -3.90727e+06
-14456.3 102010 5.19404e+07 14456.3 -102010 -3.93148e+06
-14546.1 102010 5.22628e+07 14546.1 -102010 -3.95569e+06
-14635.9 102010 5.25853e+07 14635.9 -102010 -3.9799e+06
-14725.7 102010 5.29078e+07 14725.7 -102010 -4.00411e+06
-14815.5 102010 5.32302e+07 14815.5 -102010 -4.02831e+06
-14905.3 102010 5.35527e+07 14905.3 -102010 -4.05251e+06
-14995.2 102010 5.38752e+07 14995.2 -102010 -4.07671e+06
-15085 102010 5.41976e+07 15085 -102010 -4.10091e+06
-15174.8 102010 5.45201e+07 15174.8 -102010 -4.1251e+06
-15264.6 102010 5.48425e+07 15264.6 -102010 -4.14929e+06
-15354.4 102010 5.5165e+07 15354.4 -102010 -4.17348e+06
-15444.2 102010 5.54874e+07 15444.2 -102010 -4.19767e+06
-15534.1 102010 5.58099e+07 15534.1 -102010 -4.22185e+06
-15623.9 102010 5.61323e+07 15623.9 -102010 -4.24603e+06
-15713.7 102010 5.64548e+07 15713.7 -102010 -4.27021e+06
-15803.5 102010 5.67772e+07 15803.5 -102010 -4.29438e+06
-15893.3 102010 5.70997e+07 15893.3 -102010 -4.31856e+06
-15983.1 102010 5.74221e+07 15983.1 -102010 -4.34273e+06
-16072.9 102010 5.77446e+07 16072.9 -102010 -4.36689e+06
-16162.8 102010 5.8067e+07 16162.8 -102010 -4.39106e+06
-16252.6 102010 5.83894e+07 16252.6 -102010 -4.41522e+06
-16342.4 102010 5.87119e+07 16342.4 -102010 -4.43938e+06
-16432.2 102010 5.90343e+07 16432.2 -102010 -4.46354e+06
-16522 102010 5.93567e+07 16522 -102010 -4.4877e+06
-16611.8 102010 5.96791e+07 16611.8 -102010 -4.51185e+06
-16701.7 102010 6.00016e+07 16701.7 -102010 -4.536e+06
-16791.5 102010 6.0324e+07 16791.5 -102010 -4.56014e+06
-16881.3 102010 6.06464e+07 16881.3 -102010 -4.58429e+06
-16971.1 102010 6.09688e+07 16971.1 -102010 -4.60843e+06
-17060.9 102010 6.12913e+07 17060.9 -102010 -4.63257e+06
-17150.8 102010 6.16137e+07 17150.8 -102010 -4.65671e+06
-17240.6 102010 6.19361e+07 17240.6 -102010 -4.68084e+06
-17330.4 102010 6.22585e+07 17330.4 -102010 -4.70497e+06
-17420.2 102010 6.25809e+07 17420.2 -102010 -4.7291e+06
-17510 102010 6.29033e+07 17510 -102010 -4.75323e+06
-17599.9 102010 6.32257e+07 17599.9 -102010 -4.77735e+06
-17689.7 102010 6.35482e+07 17689.7 -102010 -4.80148e+06
-17779.5 102010 6.38706e+07 17779.5 -102010 -4.82559e+06
-17869.3 102010 6.4193e+07 17869.3 -102010 -4.84971e+06
-17959.1 102010 6.45153e+07 17959.1 -102010 -4.87382e+06
-18049 102010 6.48378e+07 18049 -102010 -4.89794e+06
-18138.8 102010 6.51602e+07 18138.8 -102010 -4.92205e+06
-18228.6 102010 6.54826e+07 18228.6 -102010 -4.94615e+06
-18318.4 102010 6.5805e+07 18318.4 -102010 -4.97025e+06
-18408.3 102010 6.61274e+07 18408.3 -102010 -4.99436e+06
-18498.1 102010 6.64497e+07 18498.1 -102010 -5.01846e+06
-18587.9 102010 6.67721e+07 18587.9 -102010 -5.04255e+06
-18677.7 102010 6.70945e+07 18677.7 -102010 -5.06664e+06
-18767.6 102010 6.74169e+07 18767.6 -102010 -5.09074e+06
-18857.4 102010 6.77393e+07 18857.4 -102010 -5.11482e+06
-18947.2 102010 6.80617e+07 18947.2 -102010 -5.13891e+06
-19037 102010 6.83841e+07 19037 -102010 -5.16299e+06
-19126.9 102010 6.87064e+07 19126.9 -102010 -5.18707e+06
-19216.7 102010 6.90288e+07 19216.7 -102010 -5.21115e+06
-19306.5 102010 6.93512e+07 19306.5 -102010 -5.23523e+06
-19396.3 102010 6.96736e+07 19396.3 -102010 -5.2593e+06
-19486.2 102010 6.99959e+07 19486.2 -102010 -5.28337e+06
-19576 102010 7.03183e+07 19576 -102010 -5.30744e+06
-19665.8 102010 7.06407e+07 19665.8 -102010 -5.3315e+06
-19755.6 102010 7.0963e+07 19755.6 -102010 -5.35556e+06
-19845.5 102010 7.12854e+07 19845.5 -102010 -5.37963e+06
-19935.3 102010 7.16078e+07 19935.3 -102010 -5.40368e+06
-20025.1 102010 7.19302e+07 20025.1 -102010 -5.42774e+06
-20114.9 102010 7.22525e+07 20114.9 -102010 -5.45179e+06
-20204.8 102010 7.25748e+07 20204.8 -102010 -5.47584e+06
-20294.6 102010 7.28972e+07 20294.6 -102010 -5.49989e+06
-20384.4 102010 7.32196e+07 20384.4 -102010 -5.52393e+06
-20474.3 102010 7.35419e+07 20474.3 -102010 -5.54797e+06
-20564.1 102010 7.38643e+07 20564.1 -102010 -5.57201e+06
-20653.9 102010 7.41866e+07 20653.9 -102010 -5.59605e+06
-20743.7 102010 7.4509e+07 20743.7 -102010 -5.62008e+06
-20833.6 102010 7.48313e+07 20833.6 -102010 -5.64411e+06
-20923.4 102010 7.51537e+07 20923.4 -102010 -5.66815e+06
-21013.2 102010 7.5476e+07 21013.2 -102010 -5.69217e+06
-21103.1 102010 7.57983e+07 21103.1 -102010 -5.7162e+06
-21192.9 102010 7.61207e+07 21192.9 -102010 -5.74022e+06
-21282.7 102010 7.6443e+07 21282.7 -102010 -5.76424e+06
-21372.6 102010 7.67654e+07 21372.6 -102010 -5.78825e+06
-21462.4 102010 7.70877e+07 21462.4 -102010 -5.81227e+06
-21552.2 102010 7.741e+07 21552.2 -102010 -5.83628e+06
-21642.1 102010 7.77324e+07 21642.1 -102010 -5.86029e+06
-21731.9 102010 7.80547e+07 21731.9 -102010 -5.88429e+06
-21821.7 102010 7.8377e+07 21821.7 -102010 -5.90829e+06
-21911.6 102010 7.86993e+07 21911.6 -102010 -5.9323e+06
-22001.4 102010 7.90217e+07 22001.4 -102010 -5.9563e+06
-22091.2 102010 7.9344e+07 22091.2 -102010 -5.98029e+06
-22181.1 102010 7.96663e+07 22181.1 -102010 -6.00428e+06
-22270.9 102010 7.99886e+07 22270.9 -102010 -6.02828e+06
-22360.7 102010 8.03109e+07 22360.7 -102010 -6.05226e+06
-22450.6 102010 8.06333e+07 22450.6 -102010 -6.07625e+06
-22540.4 102010 8.09556e+07 22540.4 -102010 -6.10023e+06
-22630.2 102010 8.12779e+07 22630.2 -102010 -6.12421e+06
-22720.1 102010 8.16002e+07 22720.1 -102010 -6.14819e+06
-22809.9 102010 8.19225e+07 22809.9 -102010 -6.17217e+06
-22899.7 102010 8.22448e+07 22899.7 -102010 -6.19614e+06
-22989.6 102010 8.25671e+07 22989.6 -102010 -6.22011e+06
-23079.4 102010 8.28894e+07 23079.4 -102010 -6.24408e+06
-23169.3 102010 8.32117e+07 23169.3 -102010 -6.26804e+06
-23259.1 102010 8.3534e+07 23259.1 -102010 -6.29201e+06
-23348.9 102010 8.38563e+07 23348.9 -102010 -6.31597e+06
-23438.8 102010 8.41786e+07 23438.8 -102010 -6.33993e+06
-23528.6 102010 8.45009e+07 23528.6 -102010 -6.36388e+06
-23618.5 102010 8.48232e+07 23618.5 -102010 -6.38783e+06
-23708.3 102010 8.51455e+07 23708.3 -102010 -6.41178e+06
-23798.1 102010 8.54678e+07 23798.1 -102010 -6.43573e+06
-23888 102010 8.57901e+07 23888 -102010 -6.45967e+06
-23977.8 102010 8.61123e+07 23977.8 -102010 -6.48362e+06
-24067.6 102010 8.64346e+07 24067.6 -102010 -6.50755e+06
-24157.5 102010 8.67569e+07 24157.5 -102010 -6.53149e+06
-24247.3 102010 8.70792e+07 24247.3 -102010 -6.55542e+06
-24337.2 102010 8.74015e+07 24337.2 -102010 -6.57936e+06
-24427 102010 8.77237e+07 24427 -102010 -6.60329e+06
-24516.8 102010 8.8046e+07 24516.8 -102010 -6.62721e+06
-24606.7 102010 8.83683e+07 24606.7 -102010 -6.65114e+06
-24696.5 102010 8.86906e+07 24696.5 -102010 -6.67506e+06
-24786.4 102010 8.90128e+07 24786.4 -102010 -6.69897e+06
-24876.2 102010 8.93351e+07 24876.2 -102010 -6.72289e+06
-24966.1 102010 8.96574e+07 24966.1 -102010 -6.74681e+06
-25055.9 102010 8.99796e+07 25055.9 -102010 -6.77072e+06
-25145.7 102010 9.03019e+07 25145.7 -102010 -6.79463e+06
-25235.6 102010 9.06241e+07 25235.6 -102010 -6.81853e+06
-25325.4 102010 9.09464e+07 25325.4 -102010 -6.84244e+06
-25415.3 102010 9.12687e+07 25415.3 -102010 -6.86634e+06
-25505.1 102010 9.15909e+07 25505.1 -102010 -6.89024e+06
-25595 102010 9.19132e+07 25595 -102010 -6.91413e+06
-25684.8 102010 9.22354e+07 25684.8 -102010 -6.93802e+06
-25774.6 102010 9.25577e+07 25774.6 -102010 -6.96191e+06
-25864.5 102010 9.28799e+07 25864.5 -102010 -6.9858e+06
-25954.3 102010 9.32022e+07 25954.3 -102010 -7.00969e+06
-26044.2 102010 9.35244e+07 26044.2 -102010 -7.03357e+06
-26134 102010 9.38466e+07 26134 -102010 -7.05745e+06
-26223.9 102010 9.41689e+07 26223.9 -102010 -7.08133e+06
-26313.7 102010 9.44911e+07 26313.7 -102010 -7.1052e+06
-26403.6 102010 9.48134e+07 26403.6 -102010 -7.12908e+06
-26493.4 102010 9.51356e+07 26493.4 -102010 -7.15295e+06
-26583.3 102010 9.54578e+07 26583.3 -102010 -7.17682e+06
-26673.1 102010 9.57801e+07 26673.1 -102010 -7.20068e+06
-26762.9 102010 9.61023e+07 26762.9 -102010 -7.22454e+06
-26852.8 102010 9.64245e+07 26852.8 -102010 -7.2484e+06
-26942.6 102010 9.67468e+07 26942.6 -102010 -7.27226e+06
-27032.5 102010 9.7069e+07 27032.5 -102010 -7.29612e+06
-27122.3 102010 9.73912e+07 27122.3 -102010 -7.31997e+06
-27212.2 102010 9.77134e+07 27212.2 -102010 -7.34382e+06
-27302 102010 9.80356e+07 27302 -102010 -7.36766e+06
-27391.9 102010 9.83579e+07 27391.9 -102010 -7.39151e+06
-27481.7 102010 9.86801e+07 27481.7 -102010 -7.41535e+06
-27571.6 102010 9.90023e+07 27571.6 -102010 -7.43919e+06
-27661.4 102010 9.93245e+07 27661.4 -102010 -7.46303e+06
-27751.3 102010 9.96467e+07 27751.3 -102010 -7.48686e+06
-27841.1 102010 9.9969e+07 27841.1 -102010 -7.51069e+06
-27931 102010 1.00291e+08 27931 -102010 -7.53452e+06
-28020.8 102010 1.00613e+08 28020.8 -102010 -7.55835e+06
-28110.7 102010 1.00936e+08 28110.7 -102010 -7.58217e+06
-28200.5 102010 1.01258e+08 28200.5 -102010 -7.60599e+06
-28290.4 102010 1.0158e+08 28290.4 -102010 -7.62981e+06
-28380.3 102010 1.01902e+08 28380.3 -102010 -7.65363e+06
-28470.1 102010 1.02224e+08 28470.1 -102010 -7.67744e+06
-28560 102010 1.02547e+08 28560 -102010 -7.70126e+06
-28649.8 102010 1.02869e+08 28649.8 -102010 -7.72506e+06
-28739.7 102010 1.03191e+08 28739.7 -102010 -7.74887e+06
-28829.5 102010 1.03513e+08 28829.5 -102010 -7.77267e+06
-28919.4 102010 1.03835e+08 28919.4 -102010 -7.79647e+06
-29009.2 102010 1.04158e+08 29009.2 -102010 -7.82027e+06
-29099.1 102010 1.0448e+08 29099.1 -102010 -7.84407e+06
-29188.9 102010 1.04802e+08 29188.9 -102010 -7.86786e+06
-29278.8 102010 1.05124e+08 29278.8 -102010 -7.89165e+06
-29368.6 102010 1.05446e+08 29368.6 -102010 -7.91544e+06
-29458.5 102010 1.05768e+08 29458.5 -102010 -7.93922e+06
-29548.4 102010 1.06091e+08 29548.4 -102010 -7.96301e+06
-29638.2 102010 1.06413e+08 29638.2 -102010 -7.98679e+06
-29728.1 102010 1.06735e+08 29728.1 -102010 -8.01056e+06
-29817.9 102010 1.07057e+08 29817.9 -102010 -8.03434e+06
-29907.8 102010 1.07379e+08 29907.8 -102010 -8.05811e+06
-29997.6 102010 1.07701e+08 29997.6 -102010 -8.08188e+06
-30087.5 102010 1.08024e+08 30087.5 -102010 -8.10565e+06
-30177.4 102010 1.08346e+08 30177.4 -102010 -8.12942e+06
-30267.2 102010 1.08668e+08 30267.2 -102010 -8.15318e+06
-30357.1 102010 1.0899e+08 30357.1 -102010 -8.17694e+06
-30446.9 102010 1.09312e+08 30446.9 -102010 -8.2007e+06
-30536.8 102010 1.09634e+08 30536.8 -102010 -8.22445e+06
-30626.6 102010 1.09957e+08 30626.6 -102010 -8.2482e+06
-30716.5 102010 1.10279e+08 30716.5 -102010 -8.27195e+06
-30806.4 102010 1.10601e+08 30806.4 -102010 -8.2957e+06
-30896.2 102010 1.10923e+08 30896.2 -102010 -8.31945e+06
-30986.1 102010 1.11245e+08 30986.1 -102010 -8.34319e+06
-31075.9 102010 1.11567e+08 31075.9 -102010 -8.36693e+06
-31165.8 102010 1.11889e+08 31165.8 -102010 -8.39066e+06
-31255.7 102010 1.12212e+08 31255.7 -102010 -8.4144e+06
-31345.5 102010 1.12534e+08 31345.5 -102010 -8.43813e+06
-31435.4 102010 1.12856e+08 31435.4 -102010 -8.46186e+06
-31525.2 102010 1.13178e+08 31525.2 -102010 -8.48558e+06
-31615.1 102010 1.135e+08 31615.1 -102010 -8.50931e+06
-31705 102010 1.13822e+08 31705 -102010 -8.53303e+06
-31794.8 102010 1.14144e+08 31794.8 -102010 -8.55674e+06
-31884.7 102010 1.14467e+08 31884.7 -102010 -8.58047e+06
-31974.6 102010 1.14789e+08 31974.6 -102010 -8.60418e+06
-32064.4 102010 1.15111e+08 32064.4 -102010 -8.62789e+06
-32154.3 102010 1.15433e+08 32154.3 -102010 -8.6516e+06
-32244.1 102010 1.15755e+08 32244.1 -102010 -8.6753e+06
-32334 102010 1.16077e+08 32334 -102010 -8.699e+06
-32423.9 102010 1.16399e+08 32423.9 -102010 -8.72271e+06
-32513.7 102010 1.16721e+08 32513.7 -102010 -8.74641e+06
-32603.6 102010 1.17044e+08 32603.6 -102010 -8.7701e+06
-32693.5 102010 1.17366e+08 32693.5 -102010 -8.79379e+06
-32783.3 102010 1.17688e+08 32783.3 -102010 -8.81748e+06
-32873.2 102010 1.1801e+08 32873.2 -102010 -8.84117e+06
-32963.1 102010 1.18332e+08 32963.1 -102010 -8.86486e+06
-33052.9 102010 1.18654e+08 33052.9 -102010 -8.88854e+06
-33142.8 102010 1.18976e+08 33142.8 -102010 -8.91222e+06
-33232.7 102010 1.19298e+08 33232.7 -102010 -8.9359e+06
-33322.5 102010 1.1962e+08 33322.5 -102010 -8.95957e+06
-33412.4 102010 1.19943e+08 33412.4 -102010 -8.98325e+06
-33502.3 102010 1.20265e+08 33502.3 -102010 -9.00692e+06
-33592.1 102010 1.20587e+08 33592.1 -102010 -9.03058e+06
-33682 102010 1.20909e+08 33682 -102010 -9.05425e+06
-33771.9 102010 1.21231e+08 33771.9 -102010 -9.07791e+06
-33861.7 102010 1.21553e+08 33861.7 -102010 -9.10157e+06
-33951.6 102010 1.21875e+08 33951.6 -102010 -9.12523e+06
-34041.5 102010 1.22197e+08 34041.5 -102010 -9.14888e+06
-34131.3 102010 1.22519e+08 34131.3 -102010 -9.17253e+06
-34221.2 102010 1.22841e+08 34221.2 -102010 -9.19618e+06
-34311.1 102010 1.23163e+08 34311.1 -102010 -9.21983e+06
-34400.9 102010 1.23485e+08 34400.9 -102010 -9.24348e+06
-34490.8 102010 1.23808e+08 34490.8 -102010 -9.26712e+06
-34580.7 102010 1.2413e+08 34580.7 -102010 -9.29076e+06
-34670.6 102010 1.24452e+08 34670.6 -102010 -9.31439e+06
-34760.4 102010 1.24774e+08 34760.4 -102010 -9.33803e+06
-34850.3 102010 1.25096e+08 34850.3 -102010 -9.36166e+06
-34940.2 102010 1.25418e+08 34940.2 -102010 -9.38529e+06
-35030 102010 1.2574e+08 35030 -102010 -9.40891e+06
-35119.9 102010 1.26062e+08 35119.9 -102010 -9.43254e+06
-35209.8 102010 1.26384e+08 35209.8 -102010 -9.45616e+06
-35299.7 102010 1.26706e+08 35299.7 -102010 -9.47978e+06
-35389.5 102010 1.27028e+08 35389.5 -102010 -9.50339e+06
-35479.4 102010 1.2735e+08 35479.4 -102010 -9.52701e+06
-35569.3 102010 1.27672e+08 35569.3 -102010 -9.55062e+06
-35659.2 102010 1.27994e+08 35659.2 -102010 -9.57423e+06
-35749 102010 1.28316e+08 35749 -102010 -9.59783e+06
-35838.9 102010 1.28639e+08 35838.9 -102010 -9.62144e+06
-35928.8 102010 1.28961e+08 35928.8 -102010 -9.64504e+06
-36018.7 102010 1.29283e+08 36018.7 -102010 -9.66863e+06
-36108.5 102010 1.29605e+08 36108.5 -102010 -9.69223e+06
-36198.4 102010 1.29927e+08 36198.4 -102010 -9.71582e+06
-36288.3 102010 1.30249e+08 36288.3 -102010 -9.73941e+06
-36378.1 102010 1.30571e+08 36378.1 -102010 -9.763e+06
-36468 102010 1.30893e+08 36468 -102010 -9.78659e+06
-36557.9 102010 1.31215e+08 36557.9 -102010 -9.81017e+06
-36647.8 102010 1.31537e+08 36647.8 -102010 -9.83375e+06
-36737.7 102010 1.31859e+08 36737.7 -102010 -9.85733e+06
-36827.5 102010 1.32181e+08 36827.5 -102010 -9.8809e+06
-36917.4 102010 1.32503e+08 36917.4 -102010 -9.90447e+06
-37007.3 102010 1.32825e+08 37007.3 -102010 -9.92805e+06
-37097.2 102010 1.33147e+08 37097.2 -102010 -9.95161e+06
-37187 102010 1.33469e+08 37187 -102010 -9.97518e+06
-37276.9 102010 1.33791e+08 37276.9 -102010 -9.99874e+06
-37366.8 102010 1.34113e+08 37366.8 -102010 -1.00223e+07
-37456.7 102010 1.34435e+08 37456.7 -102010 -1.00459e+07
-37546.6 102010 1.34757e+08 37546.6 -102010 -1.00694e+07
-37636.4 102010 1.35079e+08 37636.4 -102010 -1.0093e+07
-37726.3 102010 1.35401e+08 37726.3 -102010 -1.01165e+07
-37816.2 102010 1.35723e+08 37816.2 -102010 -1.01401e+07
-37906.1 102010 1.36045e+08 37906.1 -102010 -1.01636e+07
-37996 102010 1.36367e+08 37996 -102010 -1.01871e+07
-38085.8 102010 1.36689e+08 38085.8 -102010 -1.02107e+07
-38175.7 102010 1.37011e+08 38175.7 -102010 -1.02342e+07
-38265.6 102010 1.37333e+08 38265.6 -102010 -1.02578e+07
-38355.5 102010 1.37655e+08 38355.5 -102010 -1.02813e+07
-38445.4 102010 1.37977e+08 38445.4 -102010 -1.03048e+07
-38535.2 102010 1.38299e+08 38535.2 -102010 -1.03283e+07
-38625.1 102010 1.38621e+08 38625.1 -102010 -1.03519e+07
-38715 102010 1.38943e+08 38715 -102010 -1.03754e+07
-38804.9 102010 1.39265e+08 38804.9 -102010 -1.03989e+07
-38894.8 102010 1.39587e+08 38894.8 -102010 -1.04224e+07
-38984.7 102010 1.39909e+08 38984.7 -102010 -1.04459e+07
-39074.5 102010 1.40231e+08 39074.5 -102010 -1.04694e+07
-39164.4 102010 1.40553e+08 39164.4 -102010 -1.0493e+07
-39254.3 102010 1.40875e+08 39254.3 -102010 -1.05165e+07
-39344.2 102010 1.41197e+08 39344.2 -102010 -1.054e+07
-39434.1 102010 1.41519e+08 39434.1 -102010 -1.05635e+07
-39524 102010 1.41841e+08 39524 -102010 -1.0587e+07
-39613.8 102010 1.42163e+08 39613.8 -102010 -1.06105e+07
-39703.7 102010 1.42485e+08 39703.7 -102010 -1.06339e+07
-39793.6 102010 1.42807e+08 39793.6 -102010 -1.06574e+07
-39883.5 102010 1.43129e+08 39883.5 -102010 -1.06809e+07
-39973.4 102010 1.43451e+08 39973.4 -102010 -1.07044e+07
-40063.3 102010 1.43773e+08 40063.3 -102010 -1.07279e+07
-40153.2 102010 1.44095e+08 40153.2 -102010 -1.07514e+07
-40243 102010 1.44417e+08 40243 -102010 -1.07749e+07
-40332.9 102010 1.44739e+08 40332.9 -102010 -1.07983e+07
-40422.8 102010 1.45061e+08 40422.8 -102010 -1.08218e+07
-40512.7 102010 1.45383e+08 40512.7 -102010 -1.08453e+07
-40602.6 102010 1.45705e+08 40602.6 -102010 -1.08687e+07
-40692.5 102010 1.46027e+08 40692.5 -102010 -1.08922e+07
-40782.4 102010 1.46349e+08 40782.4 -102010 -1.09157e+07
-40872.3 102010 1.46671e+08 40872.3 -102010 -1.09391e+07
-40962.2 102010 1.46993e+08 40962.2 -102010 -1.09626e+07
-41052 102010 1.47315e+08 41052 -102010 -1.0986e+07
-41141.9 102010 1.47637e+08 41141.9 -102010 -1.10095e+07
-41231.8 102010 1.47959e+08 41231.8 -102010 -1.10329e+07
-41321.7 102010 1.48281e+08 41321.7 -102010 -1.10564e+07
-41411.6 102010 1.48602e+08 41411.6 -102010 -1.10798e+07
-41501.5 102010 1.48924e+08 41501.5 -102010 -1.11033e+07
-41591.4 102010 1.49246e+08 41591.4 -102010 -1.11267e+07
-41681.3 102010 1.49568e+08 41681.3 -102010 -1.11501e+07
-41771.2 102010 1.4989e+08 41771.2 -102010 -1.11736e+07
-41861.1 102010 1.50212e+08 41861.1 -102010 -1.1197e+07
-41950.9 102010 1.50534e+08 41950.9 -102010 -1.12204e+07
-42040.8 102010 1.50856e+08 42040.8 -102010 -1.12439e+07
-42130.7 102010 1.51178e+08 42130.7 -102010 -1.12673e+07
-42220.6 102010 1.515e+08 42220.6 -102010 -1.12907e+07
-42310.5 102010 1.51822e+08 42310.5 -102010 -1.13141e+07
-42400.4 102010 1.52144e+08 42400.4 -102010 -1.13375e+07
-42490.3 102010 1.52466e+08 42490.3 -102010 -1.1361e+07
-42580.2 102010 1.52788e+08 42580.2 -102010 -1.13844e+07
-42670.1 102010 1.53109e+08 42670.1 -102010 -1.14078e+07
-42760 102010 1.53431e+08 42760 -102010 -1.14312e+07
-42849.9 102010 1.53753e+08 42849.9 -102010 -1.14546e+07
-42939.8 102010 1.54075e+08 42939.8 -102010 -1.1478e+07
-43029.7 102010 1.54397e+08 43029.7 -102010 -1.15014e+07
-43119.6 102010 1.54719e+08 43119.6 -102010 -1.15248e+07
-43209.5 102010 1.55041e+08 43209.5 -102010 -1.15482e+07
-43299.4 102010 1.55363e+08 43299.4 -102010 -1.15716e+07
-43389.3 102010 1.55685e+08 43389.3 -102010 -1.15949e+07
-43479.1 102010 1.56007e+08 43479.1 -102010 -1.16183e+07
-43569 102010 1.56329e+08 43569 -102010 -1.16417e+07
-43658.9 102010 1.56651e+08 43658.9 -102010 -1.16651e+07
-43748.8 102010 1.56972e+08 43748.8 -102010 -1.16885e+07
-43838.7 102010 1.57294e+08 43838.7 -102010 -1.17119e+07
-43928.6 102010 1.57616e+08 43928.6 -102010 -1.17352e+07
-44018.5 102010 1.57938e+08 44018.5 -102010 -1.17586e+07
-44108.4 102010 1.5826e+08 44108.4 -102010 -1.1782e+07
-44198.3 102010 1.58582e+08 44198.3 -102010 -1.18053e+07
-44288.2 102010 1.58904e+08 44288.2 -102010 -1.18287e+07
-44378.1 102010 1.59226e+08 44378.1 -102010 -1.1852e+07
-44468 102010 1.59548e+08 44468 -102010 -1.18754e+07
-44557.9 102010 1.59869e+08 44557.9 -102010 -1.18988e+07
-44647.8 102010 1.60191e+08 44647.8 -102010 -1.19221e+07
-44737.7 102010 1.60513e+08 44737.7 -102010 -1.19455e+07
-44827.6 102010 1.60835e+08 44827.6 -102010 -1.19688e+07
-44917.5 102010 1.61157e+08 44917.5 -102010 -1.19921e+07
-45007.4 102010 1.61479e+08 45007.4 -102010 -1.20155e+07
-45097.3 102010 1.61801e+08 45097.3 -102010 -1.20388e+07
-45187.2 102010 1.62123e+08 45187.2 -102010 -1.20622e+07
-45277.1 102010 1.62444e+08 45277.1 -102010 -1.20855e+07
-45367 102010 1.62766e+08 45367 -102010 -1.21088e+07
-45456.9 102010 1.63088e+08 45456.9 -102010 -1.21322e+07
-45546.8 102010 1.6341e+08 45546.8 -102010 -1.21555e+07
-45636.7 102010 1.63732e+08 45636.7 -102010 -1.21788e+07
-45726.6 102010 1.64054e+08 45726.6 -102010 -1.22021e+07
-45816.5 102010 1.64376e+08 45816.5 -102010 -1.22254e+07
-45906.4 102010 1.64697e+08 45906.4 -102010 -1.22488e+07
-45996.3 102010 1.65019e+08 45996.3 -102010 -1.22721e+07
-46086.3 102010 1.65341e+08 46086.3 -102010 -1.22954e+07
-46176.2 102010 1.65663e+08 46176.2 -102010 -1.23187e+07
-46266.1 102010 1.65985e+08 46266.1 -102010 -1.2342e+07
-46356 102010 1.66307e+08 46356 -102010 -1.23653e+07
-46445.9 102010 1.66629e+08 46445.9 -102010 -1.23886e+07
-46535.8 102010 1.6695e+08 46535.8 -102010 -1.24119e+07
-46625.7 102010 1.67272e+08 46625.7 -102010 -1.24352e+07
-46715.6 102010 1.67594e+08 46715.6 -102010 -1.24585e+07
-46805.5 102010 1.67916e+08 46805.5 -102010 -1.24818e+07
-46895.4 102010 1.68238e+08 46895.4 -102010 -1.25051e+07
-46985.3 102010 1.6856e+08 46985.3 -102010 -1.25284e+07
-47075.2 102010 1.68881e+08 47075.2 -102010 -1.25516e+07
-47165.1 102010 1.69203e+08 47165.1 -102010 -1.25749e+07
-47255 102010 1.69525e+08 47255 -102010 -1.25982e+07
-47344.9 102010 1.69847e+08 47344.9 -102010 -1.26215e+07
-47434.8 102010 1.70169e+08 47434.8 -102010 -1.26447e+07
-47524.8 102010 1.70491e+08 47524.8 -102010 -1.2668e+07
-47614.7 102010 1.70812e+08 47614.7 -102010 -1.26913e+07
-47704.6 102010 1.71134e+08 47704.6 -102010 -1.27145e+07
-47794.5 102010 1.71456e+08 47794.5 -102010 -1.27378e+07
-47884.4 102010 1.71778e+08 47884.4 -102010 -1.27611e+07
-47974.3 102010 1.721e+08 47974.3 -102010 -1.27843e+07
-48064.2 102010 1.72421e+08 48064.2 -102010 -1.28076e+07
-48154.1 102010 1.72743e+08 48154.1 -102010 -1.28308e+07
-48244 102010 1.73065e+08 48244 -102010 -1.28541e+07
-48333.9 102010 1.73387e+08 48333.9 -102010 -1.28773e+07
-48423.8 102010 1.73709e+08 48423.8 -102010 -1.29006e+07
-48513.8 102010 1.74031e+08 48513.8 -102010 -1.29238e+07
-48603.7 102010 1.74352e+08 48603.7 -102010 -1.2947e+07
-48693.6 102010 1.74674e+08 48693.6 -102010 -1.29703e+07
-48783.5 102010 1.74996e+08 48783.5 -102010 -1.29935e+07
-48873.4 102010 1.75318e+08 48873.4 -102010 -1.30167e+07
-48963.3 102010 1.7564e+08 48963.3 -102010 -1.304e+07
-49053.2 102010 1.75961e+08 49053.2 -102010 -1.30632e+07
-49143.1 102010 1.76283e+08 49143.1 -102010 -1.30864e+07
-49233.1 102010 1.76605e+08 49233.1 -102010 -1.31096e+07
-49323 102010 1.76927e+08 49323 -102010 -1.31329e+07
-49412.9 102010 1.77249e+08 49412.9 -102010 -1.31561e+07
-49502.8 102010 1.7757e+08 49502.8 -102010 -1.31793e+07
-49592.7 102010 1.77892e+08 49592.7 -102010 -1.32025e+07
-49682.6 102010 1.78214e+08 49682.6 -102010 -1.32257e+07
-49772.5 102010 1.78536e+08 49772.5 -102010 -1.32489e+07
-49862.5 102010 1.78857e+08 49862.5 -102010 -1.32721e+07
-49952.4 102010 1.79179e+08 49952.4 -102010 -1.32953e+07
-50042.3 102010 1.79501e+08 50042.3 -102010 -1.33185e+07
-50132.2 102010 1.79823e+08 50132.2 -102010 -1.33417e+07
-50222.1 102010 1.80145e+08 50222.1 -102010 -1.33649e+07
-50312 102010 1.80466e+08 50312 -102010 -1.33881e+07
-50401.9 102010 1.80788e+08 50401.9 -102010 -1.34113e+07
-50491.9 102010 1.8111e+08 50491.9 -102010 -1.34345e+07
-50581.8 102010 1.81432e+08 50581.8 -102010 -1.34576e+07
-50671.7 102010 1.81753e+08 50671.7 -102010 -1.34808e+07
-50761.6 102010 1.82075e+08 50761.6 -102010 -1.3504e+07
-50851.5 102010 1.82397e+08 50851.5 -102010 -1.35272e+07
-50941.5 102010 1.82719e+08 50941.5 -102010 -1.35503e+07
-51031.4 102010 1.8304e+08 51031.4 -102010 -1.35735e+07
-51121.3 102010 1.83362e+08 51121.3 -102010 -1.35967e+07
-51211.2 102010 1.83684e+08 51211.2 -102010 -1.36199e+07
-51301.1 102010 1.84006e+08 51301.1 -102010 -1.3643e+07
-51391 102010 1.84327e+08 51391 -102010 -1.36662e+07
-51481 102010 1.84649e+08 51481 -102010 -1.36893e+07
-51570.9 102010 1.84971e+08 51570.9 -102010 -1.37125e+07
-51660.8 102010 1.85293e+08 51660.8 -102010 -1.37356e+07
-51750.7 102010 1.85614e+08 51750.7 -102010 -1.37588e+07
-51840.7 102010 1.85936e+08 51840.7 -102010 -1.37819e+07
-51930.6 102010 1.86258e+08 51930.6 -102010 -1.38051e+07
-52020.5 102010 1.8658e+08 52020.5 -102010 -1.38282e+07
-52110.4 102010 1.86901e+08 52110.4 -102010 -1.38513e+07
-52200.3 102010 1.87223e+08 52200.3 -102010 -1.38745e+07
-52290.3 102010 1.87545e+08 52290.3 -102010 -1.38976e+07
-52380.2 102010 1.87867e+08 52380.2 -102010 -1.39208e+07
-52470.1 102010 1.88188e+08 52470.1 -102010 -1.39439e+07
-52560 102010 1.8851e+08 52560 -102010 -1.3967e+07
-52649.9 102010 1.88832e+08 52649.9 -102010 -1.39901e+07
-52739.9 102010 1.89153e+08 52739.9 -102010 -1.40132e+07
-52829.8 102010 1.89475e+08 52829.8 -102010 -1.40364e+07
-52919.7 102010 1.89797e+08 52919.7 -102010 -1.40595e+07
-53009.6 102010 1.90119e+08 53009.6 -102010 -1.40826e+07
-53099.6 102010 1.9044e+08 53099.6 -102010 -1.41057e+07
-53189.5 102010 1.90762e+08 53189.5 -102010 -1.41288e+07
-53279.4 102010 1.91084e+08 53279.4 -102010 -1.41519e+07
-53369.3 102010 1.91405e+08 53369.3 -102010 -1.4175e+07
-53459.3 102010 1.91727e+08 53459.3 -102010 -1.41981e+07
-53549.2 102010 1.92049e+08 53549.2 -102010 -1.42212e+07
-53639.1 102010 1.92371e+08 53639.1 -102010 -1.42443e+07
-53729 102010 1.92692e+08 53729 -102010 -1.42674e+07
-53819 102010 1.93014e+08 53819 -102010 -1.42905e+07
-53908.9 102010 1.93336e+08 53908.9 -102010 -1.43136e+07
-53998.8 102010 1.93657e+08 53998.8 -102010 -1.43367e+07
-54088.7 102010 1.93979e+08 54088.7 -102010 -1.43598e+07
-54178.7 102010 1.94301e+08 54178.7 -102010 -1.43828e+07
-54268.6 102010 1.94622e+08 54268.6 -102010 -1.44059e+07
-54358.5 102010 1.94944e+08 54358.5 -102010 -1.4429e+07
-54448.5 102010 1.95266e+08 54448.5 -102010 -1.44521e+07
-54538.4 102010 1.95588e+08 54538.4 -102010 -1.44751e+07
-54628.3 102010 1.95909e+08 54628.3 -102010 -1.44982e+07
-54718.2 102010 1.96231e+08 54718.2 -102010 -1.45213e+07
-54808.2 102010 1.96553e+08 54808.2 -102010 -1.45443e+07
-54898.1 102010 1.96874e+08 54898.1 -102010 -1.45674e+07
-54988 102010 1.97196e+08 54988 -102010 -1.45904e+07
-55078 102010 1.97518e+08 55078 -102010 -1.46135e+07
-55167.9 102010 1.97839e+08 55167.9 -102010 -1.46365e+07
-55257.8 102010 1.98161e+08 55257.8 -102010 -1.46596e+07
-55347.8 102010 1.98483e+08 55347.8 -102010 -1.46826e+07
-55437.7 102010 1.98804e+08 55437.7 -102010 -1.47057e+07
-55527.6 102010 1.99126e+08 55527.6 -102010 -1.47287e+07
-55617.6 102010 1.99448e+08 55617.6 -102010 -1.47518e+07
-55707.5 102010 1.99769e+08 55707.5 -102010 -1.47748e+07
-55797.4 102010 2.00091e+08 55797.4 -102010 -1.47978e+07
-55887.4 102010 2.00413e+08 55887.4 -102010 -1.48209e+07
-55977.3 102010 2.00734e+08 55977.3 -102010 -1.48439e+07
-56067.2 102010 2.01056e+08 56067.2 -102010 -1.48669e+07
-56157.1 102010 2.01378e+08 56157.1 -102010 -1.48899e+07
-56247.1 102010 2.01699e+08 56247.1 -102010 -1.4913e+07
-56337 102010 2.02021e+08 56337 -102010 -1.4936e+07
-56427 102010 2.02343e+08 56427 -102010 -1.4959e+07
-56516.9 102010 2.02664e+08 56516.9 -102010 -1.4982e+07
-56606.8 102010 2.02986e+08 56606.8 -102010 -1.5005e+07
-56696.8 102010 2.03308e+08 56696.8 -102010 -1.5028e+07
-56786.7 102010 2.03629e+08 56786.7 -102010 -1.5051e+07
-56876.6 102010 2.03951e+08 56876.6 -102010 -1.5074e+07
-56966.6 102010 2.04272e+08 56966.6 -102010 -1.5097e+07
-57056.5 102010 2.04594e+08 57056.5 -102010 -1.512e+07
-57146.4 102010 2.04916e+08 57146.4 -102010 -1.5143e+07
-57236.4 102010 2.05237e+08 57236.4 -102010 -1.5166e+07
-57326.3 102010 2.05559e+08 57326.3 -102010 -1.5189e+07
-57416.2 102010 2.05881e+08 57416.2 -102010 -1.5212e+07
-57506.2 102010 2.06202e+08 57506.2 -102010 -1.5235e+07
-57596.1 102010 2.06524e+08 57596.1 -102010 -1.5258e+07
-57686.1 102010 2.06846e+08 57686.1 -102010 -1.52809e+07
-57776 102010 2.07167e+08 57776 -102010 -1.53039e+07
-57865.9 102010 2.07489e+08 57865.9 -102010 -1.53269e+07
-57955.9 102010 2.0781e+08 57955.9 -102010 -1.53499e+07
-58045.8 102010 2.08132e+08 58045.8 -102010 -1.53728e+07
-58135.7 102010 2.08454e+08 58135.7 -102010 -1.53958e+07
-58225.7 102010 2.08775e+08 58225.7 -102010 -1.54188e+07
-58315.6 102010 2.09097e+08 58315.6 -102010 -1.54417e+07
-58405.6 102010 2.09419e+08 58405.6 -102010 -1.54647e+07
-58495.5 102010 2.0974e+08 58495.5 -102010 -1.54876e+07
-58585.4 102010 2.10062e+08 58585.4 -102010 -1.55106e+07
-58675.4 102010 2.10383e+08 58675.4 -102010 -1.55335e+07
-58765.3 102010 2.10705e+08 58765.3 -102010 -1.55565e+07
-58855.3 102010 2.11027e+08 58855.3 -102010 -1.55794e+07
-58945.2 102010 2.11348e+08 58945.2 -102010 -1.56024e+07
-59035.1 102010 2.1167e+08 59035.1 -102010 -1.56253e+07
-59125.1 102010 2.11991e+08 59125.1 -102010 -1.56483e+07
-59215 102010 2.12313e+08 59215 -102010 -1.56712e+07
-59305 102010 2.12635e+08 59305 -102010 -1.56941e+07
-59394.9 102010 2.12956e+08 59394.9 -102010 -1.57171e+07
-59484.9 102010 2.13278e+08 59484.9 -102010 -1.574e+07
-59574.8 102010 2.13599e+08 59574.8 -102010 -1.57629e+07
-59664.8 102010 2.13921e+08 59664.8 -102010 -1.57858e+07
-59754.7 102010 2.14243e+08 59754.7 -102010 -1.58088e+07
-59844.6 102010 2.14564e+08 59844.6 -102010 -1.58317e+07
-59934.6 102010 2.14886e+08 59934.6 -102010 -1.58546e+07
-60024.5 102010 2.15207e+08 60024.5 -102010 -1.58775e+07
-60114.5 102010 2.15529e+08 60114.5 -102010 -1.59004e+07
-60204.4 102010 2.1585e+08 60204.4 -102010 -1.59233e+07
-60294.4 102010 2.16172e+08 60294.4 -102010 -1.59462e+07
-60384.3 102010 2.16494e+08 60384.3 -102010 -1.59691e+07
-60474.3 102010 2.16815e+08 60474.3 -102010 -1.5992e+07
-60564.2 102010 2.17137e+08 60564.2 -102010 -1.60149e+07
-60654.1 102010 2.17458e+08 60654.1 -102010 -1.60378e+07
-60744.1 102010 2.1778e+08 60744.1 -102010 -1.60607e+07
-60834 102010 2.18101e+08 60834 -102010 -1.60836e+07
-60924 102010 2.18423e+08 60924 -102010 -1.61065e+07
-61013.9 102010 2.18745e+08 61013.9 -102010 -1.61294e+07
-61103.9 102010 2.19066e+08 61103.9 -102010 -1.61522e+07
-61193.8 102010 2.19388e+08 61193.8 -102010 -1.61751e+07
-61283.8 102010 2.19709e+08 61283.8 -102010 -1.6198e+07
-61373.7 102010 2.20031e+08 61373.7 -102010 -1.62209e+07
-61463.7 102010 2.20352e+08 61463.7 -102010 -1.62438e+07
-61553.6 102010 2.20674e+08 61553.6 -102010 -1.62666e+07
-61643.6 102010 2.20995e+08 61643.6 -102010 -1.62895e+07
-61733.5 102010 2.21317e+08 61733.5 -102010 -1.63123e+07
-61823.5 102010 2.21639e+08 61823.5 -102010 -1.63352e+07
-61913.4 102010 2.2196e+08 61913.4 -102010 -1.63581e+07
-62003.4 102010 2.22282e+08 62003.4 -102010 -1.63809e+07
-62093.3 102010 2.22603e+08 62093.3 -102010 -1.64038e+07
-62183.3 102010 2.22925e+08 62183.3 -102010 -1.64266e+07
-62273.2 102010 2.23246e+08 62273.2 -102010 -1.64495e+07
-62363.2 102010 2.23568e+08 62363.2 -102010 -1.64723e+07
-62453.1 102010 2.23889e+08 62453.1 -102010 -1.64952e+07
-62543.1 102010 2.24211e+08 62543.1 -102010 -1.6518e+07
-62633 102010 2.24532e+08 62633 -102010 -1.65408e+07
-62723 102010 2.24854e+08 62723 -102010 -1.65637e+07
-62812.9 102010 2.25175e+08 62812.9 -102010 -1.65865e+07
-62902.9 102010 2.25497e+08 62902.9 -102010 -1.66093e+07
-62992.8 102010 2.25818e+08 62992.8 -102010 -1.66322e+07
-63082.8 102010 2.2614e+08 63082.8 -102010 -1.6655e+07
-63172.8 102010 2.26462e+08 63172.8 -102010 -1.66778e+07
-63262.7 102010 2.26783e+08 63262.7 -102010 -1.67006e+07
-63352.7 102010 2.27105e+08 63352.7 -102010 -1.67235e+07
-63442.6 102010 2.27426e+08 63442.6 -102010 -1.67463e+07
-63532.6 102010 2.27748e+08 63532.6 -102010 -1.67691e+07
-63622.5 102010 2.28069e+08 63622.5 -102010 -1.67919e+07
-63712.5 102010 2.28391e+08 63712.5 -102010 -1.68147e+07
-63802.4 102010 2.28712e+08 63802.4 -102010 -1.68375e+07
-63892.4 102010 2.29034e+08 63892.4 -102010 -1.68603e+07
-63982.4 102010 2.29355e+08 63982.4 -102010 -1.68831e+07
-64072.3 102010 2.29677e+08 64072.3 -102010 -1.69059e+07
-64162.3 102010 2.29998e+08 64162.3 -102010 -1.69287e+07
-64252.2 102010 2.3032e+08 64252.2 -102010 -1.69515e+07
-64342.2 102010 2.30641e+08 64342.2 -102010 -1.69743e+07
-64432.1 102010 2.30963e+08 64432.1 -102010 -1.69971e+07
-64522.1 102010 2.31284e+08 64522.1 -102010 -1.70199e+07
-64612 102010 2.31606e+08 64612 -102010 -1.70426e+07
-64702 102010 2.31927e+08 64702 -102010 -1.70654e+07
-64792 102010 2.32249e+08 64792 -102010 -1.70882e+07
-64881.9 102010 2.3257e+08 64881.9 -102010 -1.7111e+07
-64971.9 102010 2.32892e+08 64971.9 -102010 -1.71337e+07
-65061.8 102010 2.33213e+08 65061.8 -102010 -1.71565e+07
-65151.8 102010 2.33535e+08 65151.8 -102010 -1.71793e+07
-65241.8 102010 2.33856e+08 65241.8 -102010 -1.7202e+07
-65331.7 102010 2.34177e+08 65331.7 -102010 -1.72248e+07
-65421.7 102010 2.34499e+08 65421.7 -102010 -1.72476e+07
-65511.6 102010 2.3482e+08 65511.6 -102010 -1.72703e+07
-65601.6 102010 2.35142e+08 65601.6 -102010 -1.72931e+07
-65691.6 102010 2.35463e+08 65691.6 -102010 -1.73158e+07
-65781.5 102010 2.35785e+08 65781.5 -102010 -1.73386e+07
-65871.5 102010 2.36106e+08 65871.5 -102010 -1.73613e+07
-65961.5 102010 2.36428e+08 65961.5 -102010 -1.73841e+07
-66051.4 102010 2.36749e+08 66051.4 -102010 -1.74068e+07
-66141.4 102010 2.37071e+08 66141.4 -102010 -1.74295e+07
-66231.3 102010 2.37392e+08 66231.3 -102010 -1.74523e+07
-66321.3 102010 2.37714e+08 66321.3 -102010 -1.7475e+07
-66411.3 102010 2.38035e+08 66411.3 -102010 -1.74977e+07
-66501.2 102010 2.38357e+08 66501.2 -102010 -1.75205e+07
-66591.2 102010 2.38678e+08 66591.2 -102010 -1.75432e+07
-66681.2 102010 2.38999e+08 66681.2 -102010 -1.75659e+07
-66771.1 102010 2.39321e+08 66771.1 -102010 -1.75886e+07
-66861.1 102010 2.39642e+08 66861.1 -102010 -1.76113e+07
-66951 102010 2.39964e+08 66951 -102010 -1.76341e+07
-67041 102010 2.40285e+08 67041 -102010 -1.76568e+07
-67131 102010 2.40607e+08 67131 -102010 -1.76795e+07
-67221 102010 2.40928e+08 67221 -102010 -1.77022e+07
-67310.9 102010 2.4125e+08 67310.9 -102010 -1.77249e+07
-67400.9 102010 2.41571e+08 67400.9 -102010 -1.77476e+07
-67490.8 102010 2.41892e+08 67490.8 -102010 -1.77703e+07
-67580.8 102010 2.42214e+08 67580.8 -102010 -1.7793e+07
-67670.8 102010 2.42535e+08 67670.8 -102010 -1.78157e+07
-67760.7 102010 2.42857e+08 67760.7 -102010 -1.78384e+07
-67850.7 102010 2.43178e+08 67850.7 -102010 -1.78611e+07
-67940.7 102010 2.435e+08 67940.7 -102010 -1.78838e+07
-68030.6 102010 2.43821e+08 68030.6 -102010 -1.79064e+07
-68120.6 102010 2.44142e+08 68120.6 -102010 -1.79291e+07
-68210.6 102010 2.44464e+08 68210.6 -102010 -1.79518e+07
-68300.6 102010 2.44785e+08 68300.6 -102010 -1.79745e+07
-68390.5 102010 2.45107e+08 68390.5 -102010 -1.79971e+07
-68480.5 102010 2.45428e+08 68480.5 -102010 -1.80198e+07
-68570.5 102010 2.4575e+08 68570.5 -102010 -1.80425e+07
-68660.4 102010 2.46071e+08 68660.4 -102010 -1.80652e+07
-68750.4 102010 2.46392e+08 68750.4 -102010 -1.80878e+07
-68840.4 102010 2.46714e+08 68840.4 -102010 -1.81105e+07
-68930.3 102010 2.47035e+08 68930.3 -102010 -1.81331e+07
-69020.3 102010 2.47357e+08 69020.3 -102010 -1.81558e+07
-69110.3 102010 2.47678e+08 69110.3 -102010 -1.81784e+07
-69200.3 102010 2.47999e+08 69200.3 -102010 -1.82011e+07
-69290.2 102010 2.48321e+08 69290.2 -102010 -1.82237e+07
-69380.2 102010 2.48642e+08 69380.2 -102010 -1.82464e+07
-69470.2 102010 2.48964e+08 69470.2 -102010 -1.8269e+07
-69560.1 102010 2.49285e+08 69560.1 -102010 -1.82917e+07
-69650.1 102010 2.49606e+08 69650.1 -102010 -1.83143e+07
-69740.1 102010 2.49928e+08 69740.1 -102010 -1.83369e+07
-69830.1 102010 2.50249e+08 69830.1 -102010 -1.83596e+07
-69920 102010 2.50571e+08 69920 -102010 -1.83822e+07
-70010 102010 2.50892e+08 70010 -102010 -1.84048e+07
-70100 102010 2.51213e+08 70100 -102010 -1.84275e+07
-70190 102010 2.51535e+08 70190 -102010 -1.84501e+07
-70279.9 102010 2.51856e+08 70279.9 -102010 -1.84727e+07
-70369.9 102010 2.52177e+08 70369.9 -102010 -1.84953e+07
-70459.9 102010 2.52499e+08 70459.9 -102010 -1.85179e+07
-70549.9 102010 2.5282e+08 70549.9 -102010 -1.85405e+07
-70639.8 102010 2.53142e+08 70639.8 -102010 -1.85632e+07
-70729.8 102010 2.53463e+08 70729.8 -102010 -1.85858e+07
-70819.8 102010 2.53784e+08 70819.8 -102010 -1.86084e+07
-70909.8 102010 2.54106e+08 70909.8 -102010 -1.8631e+07
-70999.7 102010 2.54427e+08 70999.7 -102010 -1.86536e+07
-71089.7 102010 2.54748e+08 71089.7 -102010 -1.86762e+07
-71179.7 102010 2.5507e+08 71179.7 -102010 -1.86988e+07
-71269.7 102010 2.55391e+08 71269.7 -102010 -1.87214e+07
-71359.6 102010 2.55713e+08 71359.6 -102010 -1.87439e+07
-71449.6 102010 2.56034e+08 71449.6 -102010 -1.87665e+07
-71539.6 102010 2.56355e+08 71539.6 -102010 -1.87891e+07
-71629.6 102010 2.56677e+08 71629.6 -102010 -1.88117e+07
-71719.6 102010 2.56998e+08 71719.6 -102010 -1.88343e+07
-71809.5 102010 2.57319e+08 71809.5 -102010 -1.88568e+07
-71899.5 102010 2.57641e+08 71899.5 -102010 -1.88794e+07
-71989.5 102010 2.57962e+08 71989.5 -102010 -1.8902e+07
-72079.5 102010 2.58283e+08 72079.5 -102010 -1.89246e+07
-72169.5 102010 2.58605e+08 72169.5 -102010 -1.89471e+07
-72259.4 102010 2.58926e+08 72259.4 -102010 -1.89697e+07
-72349.4 102010 2.59247e+08 72349.4 -102010 -1.89922e+07
-72439.4 102010 2.59569e+08 72439.4 -102010 -1.90148e+07
-72529.4 102010 2.5989e+08 72529.4 -102010 -1.90374e+07
-72619.4 102010 2.60211e+08 72619.4 -102010 -1.90599e+07
-72709.3 102010 2.60533e+08 72709.3 -102010 -1.90825e+07
-72799.3 102010 2.60854e+08 72799.3 -102010 -1.9105e+07
-72889.3 102010 2.61175e+08 72889.3 -102010 -1.91276e+07
-72979.3 102010 2.61497e+08 72979.3 -102010 -1.91501e+07
-73069.3 102010 2.61818e+08 73069.3 -102010 -1.91726e+07
-73159.3 102010 2.62139e+08 73159.3 -102010 -1.91952e+07
-73249.2 102010 2.62461e+08 73249.2 -102010 -1.92177e+07
-73339.2 102010 2.62782e+08 73339.2 -102010 -1.92402e+07
-73429.2 102010 2.63103e+08 73429.2 -102010 -1.92628e+07
-73519.2 102010 2.63425e+08 73519.2 -102010 -1.92853e+07
-73609.2 102010 2.63746e+08 73609.2 -102010 -1.93078e+07
-73699.2 102010 2.64067e+08 73699.2 -102010 -1.93304e+07
-73789.1 102010 2.64389e+08 73789.1 -102010 -1.93529e+07
-73879.1 102010 2.6471e+08 73879.1 -102010 -1.93754e+07
-73969.1 102010 2.65031e+08 73969.1 -102010 -1.93979e+07
-74059.1 102010 2.65353e+08 74059.1 -102010 -1.94204e+07
-74149.1 102010 2.65674e+08 74149.1 -102010 -1.94429e+07
-74239.1 102010 2.65995e+08 74239.1 -102010 -1.94654e+07
-74329.1 102010 2.66316e+08 74329.1 -102010 -1.94879e+07
-74419 102010 2.66638e+08 74419 -102010 -1.95104e+07
-74509 102010 2.66959e+08 74509 -102010 -1.95329e+07
-74599 102010 2.6728e+08 74599 -102010 -1.95554e+07
-74689 102010 2.67602e+08 74689 -102010 -1.95779e+07
-74779 102010 2.67923e+08 74779 -102010 -1.96004e+07
-74869 102010 2.68244e+08 74869 -102010 -1.96229e+07
-74959 102010 2.68566e+08 74959 -102010 -1.96454e+07
-75049 102010 2.68887e+08 75049 -102010 -1.96679e+07
-75139 102010 2.69208e+08 75139 -102010 -1.96904e+07
-75228.9 102010 2.69529e+08 75228.9 -102010 -1.97128e+07
-75318.9 102010 2.69851e+08 75318.9 -102010 -1.97353e+07
-75408.9 102010 2.70172e+08 75408.9 -102010 -1.97578e+07
-75498.9 102010 2.70493e+08 75498.9 -102010 -1.97803e+07
-75588.9 102010 2.70814e+08 75588.9 -102010 -1.98027e+07
-75678.9 102010 2.71136e+08 75678.9 -102010 -1.98252e+07
-75768.9 102010 2.71457e+08 75768.9 -102010 -1.98476e+07
-75858.9 102010 2.71778e+08 75858.9 -102010 -1.98701e+07
-75948.9 102010 2.721e+08 75948.9 -102010 -1.98926e+07
-76038.8 102010 2.72421e+08 76038.8 -102010 -1.9915e+07
-76128.8 102010 2.72742e+08 76128.8 -102010 -1.99375e+07
-76218.8 102010 2.73063e+08 76218.8 -102010 -1.99599e+07
-76308.8 102010 2.73385e+08 76308.8 -102010 -1.99824e+07
-76398.8 102010 2.73706e+08 76398.8 -102010 -2.00048e+07
-76488.8 102010 2.74027e+08 76488.8 -102010 -2.00273e+07
-76578.8 102010 2.74348e+08 76578.8 -102010 -2.00497e+07
-76668.8 102010 2.7467e+08 76668.8 -102010 -2.00721e+07
-76758.8 102010 2.74991e+08 76758.8 -102010 -2.00946e+07
-76848.8 102010 2.75312e+08 76848.8 -102010 -2.0117e+07
-76918.1 102010 2.75562e+08 76918.1 -102010 -2.01341e+07
-76950.4 102010 2.75685e+08 76950.4 -102010 -2.01415e+07
-76982.7 102010 2.75808e+08 76982.7 -102010 -2.0149e+07
-77014.9 102010 2.7593e+08 77014.9 -102010 -2.01565e+07
-77047.2 102010 2.76053e+08 77047.2 -102010 -2.01639e+07
-77079.5 102010 2.76175e+08 77079.5 -102010 -2.01714e+07
-77111.8 102010 2.76298e+08 77111.8 -102010 -2.01789e+07
-77144 102010 2.7642e+08 77144 -102010 -2.01863e+07
-77159.4 102010 2.76484e+08 77159.4 -102010 -2.01895e+07
-77147.4 102010 2.76453e+08 77147.4 -102010 -2.01856e+07
-77135.3 102010 2.76421e+08 77135.3 -102010 -2.01817e+07
-77123.3 102010 2.76389e+08 77123.3 -102010 -2.01778e+07
-77111.3 102010 2.76358e+08 77111.3 -102010 -2.01739e+07
-77099.2 102010 2.76326e+08 77099.2 -102010 -2.017e+07
-77087.2 102010 2.76294e+08 77087.2 -102010 -2.01661e+07
-77075.1 102010 2.76263e+08 77075.1 -102010 -2.01622e+07
-77063.1 102010 2.76231e+08 77063.1 -102010 -2.01583e+07
-77051 102010 2.76199e+08 77051 -102010 -2.01544e+07
-77039 102010 2.76168e+08 77039 -102010 -2.01506e+07
-77026.9 102010 2.76136e+08 77026.9 -102010 -2.01467e+07
-77014.9 102010 2.76104e+08 77014.9 -102010 -2.01428e+07
-77002.8 102010 2.76072e+08 77002.8 -102010 -2.01389e+07
-76990.8 102010 2.76041e+08 76990.8 -102010 -2.0135e+07
-76978.7 102010 2.76009e+08 76978.7 -102010 -2.01311e+07
-76966.7 102010 2.75977e+08 76966.7 -102010 -2.01272e+07
-76954.6 102010 2.75946e+08 76954.6 -102010 -2.01233e+07
-76942.6 102010 2.75914e+08 76942.6 -102010 -2.01195e+07
-76930.5 102010 2.75882e+08 76930.5 -102010 -2.01156e+07
-76918.5 102010 2.75851e+08 76918.5 -102010 -2.01117e+07
-76906.5 102010 2.75819e+08 76906.5 -102010 -2.01078e+07
-76894.4 102010 2.75787e+08 76894.4 -102010 -2.01039e+07
-76882.4 102010 2.75756e+08 76882.4 -102010 -2.01e+07
-76870.3 102010 2.75724e+08 76870.3 -102010 -2.00961e+07
-76858.3 102010 2.75692e+08 76858.3 -102010 -2.00923e+07
-76846.2 102010 2.75661e+08 76846.2 -102010 -2.00884e+07
-76834.2 102010 2.75629e+08 76834.2 -102010 -2.00845e+07
-76822.1 102010 2.75597e+08 76822.1 -102010 -2.00806e+07
-76810.1 102010 2.75566e+08 76810.1 -102010 -2.00767e+07
-76798 102010 2.75534e+08 76798 -102010 -2.00728e+07
-76786 102010 2.75502e+08 76786 -102010 -2.0069e+07
-76773.9 102010 2.75471e+08 76773.9 -102010 -2.00651e+07
-76761.9 102010 2.75439e+08 76761.9 -102010 -2.00612e+07
-76749.8 102010 2.75407e+08 76749.8 -102010 -2.00573e+07
-76737.8 102010 2.75376e+08 76737.8 -102010 -2.00534e+07
-76725.8 102010 2.75344e+08 76725.8 -102010 -2.00495e+07
-76713.7 102010 2.75312e+08 76713.7 -102010 -2.00457e+07
-76701.7 102010 2.75281e+08 76701.7 -102010 -2.00418e+07
-76689.6 102010 2.75249e+08 76689.6 -102010 -2.00379e+07
-76677.6 102010 2.75217e+08 76677.6 -102010 -2.0034e+07
-76665.5 102010 2.75186e+08 76665.5 -102010 -2.00301e+07
-76653.5 102010 2.75154e+08 76653.5 -102010 -2.00262e+07
-76641.4 102010 2.75122e+08 76641.4 -102010 -2.00224e+07
-76629.4 102010 2.75091e+08 76629.4 -102010 -2.00185e+07
-76617.3 102010 2.75059e+08 76617.3 -102010 -2.00146e+07
-76605.3 102010 2.75027e+08 76605.3 -102010 -2.00107e+07
-76593.3 102010 2.74996e+08 76593.3 -102010 -2.00069e+07
-76581.2 102010 2.74964e+08 76581.2 -102010 -2.0003e+07
-76569.2 102010 2.74932e+08 76569.2 -102010 -1.99991e+07
-76557.1 102010 2.74901e+08 76557.1 -102010 -1.99952e+07
-76545.1 102010 2.74869e+08 76545.1 -102010 -1.99913e+07
-76533 102010 2.74837e+08 76533 -102010 -1.99875e+07
-76521 102010 2.74806e+08 76521 -102010 -1.99836e+07
-76508.9 102010 2.74774e+08 76508.9 -102010 -1.99797e+07
-76496.9 102010 2.74742e+08 76496.9 -102010 -1.99758e+07
-76484.8 102010 2.74711e+08 76484.8 -102010 -1.99719e+07
-76472.8 102010 2.74679e+08 76472.8 -102010 -1.99681e+07
-76460.8 102010 2.74647e+08 76460.8 -102010 -1.99642e+07
-76448.7 102010 2.74616e+08 76448.7 -102010 -1.99603e+07
-76436.7 102010 2.74584e+08 76436.7 -102010 -1.99564e+07
-76424.6 102010 2.74552e+08 76424.6 -102010 -1.99526e+07
-76412.6 102010 2.74521e+08 76412.6 -102010 -1.99487e+07
-76400.5 102010 2.74489e+08 76400.5 -102010 -1.99448e+07
-76388.5 102010 2.74457e+08 76388.5 -102010 -1.99409e+07
-76376.4 102010 2.74426e+08 76376.4 -102010 -1.99371e+07
-76364.4 102010 2.74394e+08 76364.4 -102010 -1.99332e+07
-76352.4 102010 2.74362e+08 76352.4 -102010 -1.99293e+07
-76340.3 102010 2.74331e+08 76340.3 -102010 -1.99254e+07
-76328.3 102010 2.74299e+08 76328.3 -102010 -1.99216e+07
-76316.2 102010 2.74267e+08 76316.2 -102010 -1.99177e+07
-76304.2 102010 2.74236e+08 76304.2 -102010 -1.99138e+07
-76292.1 102010 2.74204e+08 76292.1 -102010 -1.99099e+07
-76280.1 102010 2.74172e+08 76280.1 -102010 -1.99061e+07
-76268 102010 2.74141e+08 76268 -102010 -1.99022e+07
-76256 102010 2.74109e+08 76256 -102010 -1.98983e+07
-76244 102010 2.74077e+08 76244 -102010 -1.98944e+07
-76231.9 102010 2.74046e+08 76231.9 -102010 -1.98906e+07
-76219.9 102010 2.74014e+08 76219.9 -102010 -1.98867e+07
-76207.8 102010 2.73982e+08 76207.8 -102010 -1.98828e+07
-76195.8 102010 2.73951e+08 76195.8 -102010 -1.9879e+07
-76183.7 102010 2.73919e+08 76183.7 -102010 -1.98751e+07
-76171.7 102010 2.73887e+08 76171.7 -102010 -1.98712e+07
-76159.6 102010 2.73856e+08 76159.6 -102010 -1.98673e+07
-76147.6 102010 2.73824e+08 76147.6 -102010 -1.98635e+07
-76135.6 102010 2.73792e+08 76135.6 -102010 -1.98596e+07
-76123.5 102010 2.73761e+08 76123.5 -102010 -1.98557e+07
-76111.5 102010 2.73729e+08 76111.5 -102010 -1.98519e+07
-76099.4 102010 2.73697e+08 76099.4 -102010 -1.9848e+07
-76087.4 102010 2.73666e+08 76087.4 -102010 -1.98441e+07
-76075.3 102010 2.73634e+08 76075.3 -102010 -1.98403e+07
-76063.3 102010 2.73603e+08 76063.3 -102010 -1.98364e+07
-76051.2 102010 2.73571e+08 76051.2 -102010 -1.98325e+07
-76039.2 102010 2.73539e+08 76039.2 -102010 -1.98286e+07
-76027.2 102010 2.73508e+08 76027.2 -102010 -1.98248e+07
-76015.1 102010 2.73476e+08 76015.1 -102010 -1.98209e+07
-76003.1 102010 2.73444e+08 76003.1 -102010 -1.9817e+07
-75991 102010 2.73413e+08 75991 -102010 -1.98132e+07
-75979 102010 2.73381e+08 75979 -102010 -1.98093e+07
-75966.9 102010 2.73349e+08 75966.9 -102010 -1.98054e+07
-75954.9 102010 2.73318e+08 75954.9 -102010 -1.98016e+07
-75942.9 102010 2.73286e+08 75942.9 -102010 -1.97977e+07
-75930.8 102010 2.73254e+08 75930.8 -102010 -1.97938e+07
-75918.8 102010 2.73223e+08 75918.8 -102010 -1.979e+07
-75906.7 102010 2.73191e+08 75906.7 -102010 -1.97861e+07
-75894.7 102010 2.73159e+08 75894.7 -102010 -1.97822e+07
-75882.6 102010 2.73128e+08 75882.6 -102010 -1.97784e+07
-75870.6 102010 2.73096e+08 75870.6 -102010 -1.97745e+07
-75858.6 102010 2.73065e+08 75858.6 -102010 -1.97707e+07
-75846.5 102010 2.73033e+08 75846.5 -102010 -1.97668e+07
-75834.5 102010 2.73001e+08 75834.5 -102010 -1.97629e+07
-75822.4 102010 2.7297e+08 75822.4 -102010 -1.97591e+07
-75810.4 102010 2.72938e+08 75810.4 -102010 -1.97552e+07
-75798.3 102010 2.72906e+08 75798.3 -102010 -1.97513e+07
-75786.3 102010 2.72875e+08 75786.3 -102010 -1.97475e+07
-75774.3 102010 2.72843e+08 75774.3 -102010 -1.97436e+07
-75762.2 102010 2.72811e+08 75762.2 -102010 -1.97397e+07
-75750.2 102010 2.7278e+08 75750.2 -102010 -1.97359e+07
-75738.1 102010 2.72748e+08 75738.1 -102010 -1.9732e+07
-75726.1 102010 2.72716e+08 75726.1 -102010 -1.97282e+07
-75714.1 102010 2.72685e+08 75714.1 -102010 -1.97243e+07
-75702 102010 2.72653e+08 75702 -102010 -1.97204e+07
-75690 102010 2.72622e+08 75690 -102010 -1.97166e+07
-75677.9 102010 2.7259e+08 75677.9 -102010 -1.97127e+07
-75665.9 102010 2.72558e+08 75665.9 -102010 -1.97089e+07
-75653.8 102010 2.72527e+08 75653.8 -102010 -1.9705e+07
-75641.8 102010 2.72495e+08 75641.8 -102010 -1.97011e+07
-75629.8 102010 2.72463e+08 75629.8 -102010 -1.96973e+07
-75617.7 102010 2.72432e+08 75617.7 -102010 -1.96934e+07
-75605.7 102010 2.724e+08 75605.7 -102010 -1.96895e+07
-75593.6 102010 2.72368e+08 75593.6 -102010 -1.96857e+07
-75581.6 102010 2.72337e+08 75581.6 -102010 -1.96818e+07
-75569.5 102010 2.72305e+08 75569.5 -102010 -1.9678e+07
-75557.5 102010 2.72274e+08 75557.5 -102010 -1.96741e+07
-75545.5 102010 2.72242e+08 75545.5 -102010 -1.96703e+07
-75533.4 102010 2.7221e+08 75533.4 -102010 -1.96664e+07
-75521.4 102010 2.72179e+08 75521.4 -102010 -1.96625e+07
-75509.3 102010 2.72147e+08 75509.3 -102010 -1.96587e+07
-75497.3 102010 2.72115e+08 75497.3 -102010 -1.96548e+07
-75485.3 102010 2.72084e+08 75485.3 -102010 -1.9651e+07
-75473.2 102010 2.72052e+08 75473.2 -102010 -1.96471e+07
-75461.2 102010 2.7202e+08 75461.2 -102010 -1.96432e+07
-75449.1 102010 2.71989e+08 75449.1 -102010 -1.96394e+07
-75437.1 102010 2.71957e+08 75437.1 -102010 -1.96355e+07
-75425.1 102010 2.71926e+08 75425.1 -102010 -1.96317e+07
-75413 102010 2.71894e+08 75413 -102010 -1.96278e+07
-75401 102010 2.71862e+08 75401 -102010 -1.9624e+07
-75388.9 102010 2.71831e+08 75388.9 -102010 -1.96201e+07
-75376.9 102010 2.71799e+08 75376.9 -102010 -1.96163e+07
-75364.8 102010 2.71767e+08 75364.8 -102010 -1.96124e+07
-75352.8 102010 2.71736e+08 75352.8 -102010 -1.96085e+07
-75340.8 102010 2.71704e+08 75340.8 -102010 -1.96047e+07
-75328.7 102010 2.71673e+08 75328.7 -102010 -1.96008e+07
-75316.7 102010 2.71641e+08 75316.7 -102010 -1.9597e+07
-75304.6 102010 2.71609e+08 75304.6 -102010 -1.95931e+07
-75292.6 102010 2.71578e+08 75292.6 -102010 -1.95893e+07
-75280.6 102010 2.71546e+08 75280.6 -102010 -1.95854e+07
-75268.5 102010 2.71514e+08 75268.5 -102010 -1.95816e+07
-75256.5 102010 2.71483e+08 75256.5 -102010 -1.95777e+07
-75244.4 102010 2.71451e+08 75244.4 -102010 -1.95739e+07
-75232.4 102010 2.71419e+08 75232.4 -102010 -1.957e+07
-75220.4 102010 2.71388e+08 75220.4 -102010 -1.95662e+07
-75208.3 102010 2.71356e+08 75208.3 -102010 -1.95623e+07
-75196.3 102010 2.71325e+08 75196.3 -102010 -1.95585e+07
-75184.2 102010 2.71293e+08 75184.2 -102010 -1.95546e+07
-75172.2 102010 2.71261e+08 75172.2 -102010 -1.95508e+07
-75160.2 102010 2.7123e+08 75160.2 -102010 -1.95469e+07
-75148.1 102010 2.71198e+08 75148.1 -102010 -1.95431e+07
-75136.1 102010 2.71167e+08 75136.1 -102010 -1.95392e+07
-75124 102010 2.71135e+08 75124 -102010 -1.95354e+07
-75112 102010 2.71103e+08 75112 -102010 -1.95315e+07
-75100 102010 2.71072e+08 75100 -102010 -1.95276e+07
-75087.9 102010 2.7104e+08 75087.9 -102010 -1.95238e+07
-75075.9 102010 2.71008e+08 75075.9 -102010 -1.952e+07
-75063.8 102010 2.70977e+08 75063.8 -102010 -1.95161e+07
-75051.8 102010 2.70945e+08 75051.8 -102010 -1.95123e+07
-75039.8 102010 2.70914e+08 75039.8 -102010 -1.95084e+07
-75027.7 102010 2.70882e+08 75027.7 -102010 -1.95046e+07
-75015.7 102010 2.7085e+08 75015.7 -102010 -1.95007e+07
-75003.6 102010 2.70819e+08 75003.6 -102010 -1.94969e+07
-74991.6 102010 2.70787e+08 74991.6 -102010 -1.9493e+07
-74979.6 102010 2.70755e+08 74979.6 -102010 -1.94892e+07
-74967.5 102010 2.70724e+08 74967.5 -102010 -1.94853e+07
-74955.5 102010 2.70692e+08 74955.5 -102010 -1.94815e+07
-74943.4 102010 2.70661e+08 74943.4 -102010 -1.94776e+07
-74931.4 102010 2.70629e+08 74931.4 -102010 -1.94738e+07
-74919.4 102010 2.70597e+08 74919.4 -102010 -1.94699e+07
-74907.3 102010 2.70566e+08 74907.3 -102010 -1.94661e+07
-74895.3 102010 2.70534e+08 74895.3 -102010 -1.94622e+07
-74883.2 102010 2.70503e+08 74883.2 -102010 -1.94584e+07
-74871.2 102010 2.70471e+08 74871.2 -102010 -1.94546e+07
-74859.2 102010 2.70439e+08 74859.2 -102010 -1.94507e+07
-74847.1 102010 2.70408e+08 74847.1 -102010 -1.94469e+07
-74835.1 102010 2.70376e+08 74835.1 -102010 -1.9443e+07
-74823.1 102010 2.70345e+08 74823.1 -102010 -1.94392e+07
-74811 102010 2.70313e+08 74811 -102010 -1.94353e+07
-74799 102010 2.70281e+08 74799 -102010 -1.94315e+07
-74786.9 102010 2.7025e+08 74786.9 -102010 -1.94277e+07
-74774.9 102010 2.70218e+08 74774.9 -102010 -1.94238e+07
-74762.9 102010 2.70186e+08 74762.9 -102010 -1.942e+07
-74750.8 102010 2.70155e+08 74750.8 -102010 -1.94161e+07
-74738.8 102010 2.70123e+08 74738.8 -102010 -1.94123e+07
-74726.7 102010 2.70092e+08 74726.7 -102010 -1.94084e+07
-74714.7 102010 2.7006e+08 74714.7 -102010 -1.94046e+07
-74702.7 102010 2.70028e+08 74702.7 -102010 -1.94007e+07
-74690.6 102010 2.69997e+08 74690.6 -102010 -1.93969e+07
-74678.6 102010 2.69965e+08 74678.6 -102010 -1.93931e+07
-74666.5 102010 2.69934e+08 74666.5 -102010 -1.93892e+07
-74654.5 102010 2.69902e+08 74654.5 -102010 -1.93854e+07
-74642.5 102010 2.6987e+08 74642.5 -102010 -1.93815e+07
-74630.4 102010 2.69839e+08 74630.4 -102010 -1.93777e+07
-74618.4 102010 2.69807e+08 74618.4 -102010 -1.93739e+07
-74606.4 102010 2.69776e+08 74606.4 -102010 -1.937e+07
-74594.3 102010 2.69744e+08 74594.3 -102010 -1.93662e+07
-74582.3 102010 2.69712e+08 74582.3 -102010 -1.93624e+07
-74570.2 102010 2.69681e+08 74570.2 -102010 -1.93585e+07
-74558.2 102010 2.69649e+08 74558.2 -102010 -1.93547e+07
-74546.2 102010 2.69618e+08 74546.2 -102010 -1.93508e+07
-74534.1 102010 2.69586e+08 74534.1 -102010 -1.9347e+07
-74522.1 102010 2.69554e+08 74522.1 -102010 -1.93432e+07
-74510.1 102010 2.69523e+08 74510.1 -102010 -1.93393e+07
-74498 102010 2.69491e+08 74498 -102010 -1.93355e+07
-74486 102010 2.6946e+08 74486 -102010 -1.93316e+07
-74473.9 102010 2.69428e+08 74473.9 -102010 -1.93278e+07
-74461.9 102010 2.69396e+08 74461.9 -102010 -1.9324e+07
-74449.9 102010 2.69365e+08 74449.9 -102010 -1.93201e+07
-74437.8 102010 2.69333e+08 74437.8 -102010 -1.93163e+07
-74425.8 102010 2.69302e+08 74425.8 -102010 -1.93125e+07
-74413.8 102010 2.6927e+08 74413.8 -102010 -1.93086e+07
-74401.7 102010 2.69238e+08 74401.7 -102010 -1.93048e+07
-74389.7 102010 2.69207e+08 74389.7 -102010 -1.9301e+07
-74377.6 102010 2.69175e+08 74377.6 -102010 -1.92971e+07
-74365.6 102010 2.69144e+08 74365.6 -102010 -1.92933e+07
-74353.6 102010 2.69112e+08 74353.6 -102010 -1.92894e+07
-74341.5 102010 2.6908e+08 74341.5 -102010 -1.92856e+07
-74329.5 102010 2.69049e+08 74329.5 -102010 -1.92818e+07
-74317.5 102010 2.69017e+08 74317.5 -102010 -1.92779e+07
-74305.4 102010 2.68986e+08 74305.4 -102010 -1.92741e+07
-74293.4 102010 2.68954e+08 74293.4 -102010 -1.92703e+07
-74281.4 102010 2.68922e+08 74281.4 -102010 -1.92664e+07
-74269.3 102010 2.68891e+08 74269.3 -102010 -1.92626e+07
-74257.3 102010 2.68859e+08 74257.3 -102010 -1.92588e+07
-74245.2 102010 2.68828e+08 74245.2 -102010 -1.9255e+07
-74233.2 102010 2.68796e+08 74233.2 -102010 -1.92511e+07
-74221.2 102010 2.68764e+08 74221.2 -102010 -1.92473e+07
-74209.1 102010 2.68733e+08 74209.1 -102010 -1.92435e+07
-74197.1 102010 2.68701e+08 74197.1 -102010 -1.92396e+07
-74185.1 102010 2.6867e+08 74185.1 -102010 -1.92358e+07
-74173 102010 2.68638e+08 74173 -102010 -1.9232e+07
-74161 102010 2.68607e+08 74161 -102010 -1.92281e+07
-74149 102010 2.68575e+08 74149 -102010 -1.92243e+07
-74136.9 102010 2.68543e+08 74136.9 -102010 -1.92205e+07
-74124.9 102010 2.68512e+08 74124.9 -102010 -1.92166e+07
-74112.8 102010 2.6848e+08 74112.8 -102010 -1.92128e+07
-74100.8 102010 2.68449e+08 74100.8 -102010 -1.9209e+07
-74088.8 102010 2.68417e+08 74088.8 -102010 -1.92052e+07
-74076.7 102010 2.68385e+08 74076.7 -102010 -1.92013e+07
-74064.7 102010 2.68354e+08 74064.7 -102010 -1.91975e+07
-74052.7 102010 2.68322e+08 74052.7 -102010 -1.91937e+07
-74040.6 102010 2.68291e+08 74040.6 -102010 -1.91898e+07
-74028.6 102010 2.68259e+08 74028.6 -102010 -1.9186e+07
-74016.6 102010 2.68227e+08 74016.6 -102010 -1.91822e+07
-74004.5 102010 2.68196e+08 74004.5 -102010 -1.91784e+07
-73992.5 102010 2.68164e+08 73992.5 -102010 -1.91745e+07
-73980.4 102010 2.68133e+08 73980.4 -102010 -1.91707e+07
-73968.4 102010 2.68101e+08 73968.4 -102010 -1.91669e+07
-73956.4 102010 2.6807e+08 73956.4 -102010 -1.91631e+07
-73944.3 102010 2.68038e+08 73944.3 -102010 -1.91592e+07
-73932.3 102010 2.68006e+08 73932.3 -102010 -1.91554e+07
-73920.3 102010 2.67975e+08 73920.3 -102010 -1.91516e+07
-73908.2 102010 2.67943e+08 73908.2 -102010 -1.91477e+07
-73896.2 102010 2.67912e+08 73896.2 -102010 -1.91439e+07
-73884.2 102010 2.6788e+08 73884.2 -102010 -1.91401e+07
-73872.1 102010 2.67848e+08 73872.1 -102010 -1.91363e+07
-73860.1 102010 2.67817e+08 73860.1 -102010 -1.91324e+07
-73848.1 102010 2.67785e+08 73848.1 -102010 -1.91286e+07
-73836 102010 2.67754e+08 73836 -102010 -1.91248e+07
-73824 102010 2.67722e+08 73824 -102010 -1.9121e+07
-73812 102010 2.67691e+08 73812 -102010 -1.91171e+07
-73799.9 102010 2.67659e+08 73799.9 -102010 -1.91133e+07
-73787.9 102010 2.67627e+08 73787.9 -102010 -1.91095e+07
-73775.8 102010 2.67596e+08 73775.8 -102010 -1.91057e+07
-73763.8 102010 2.67564e+08 73763.8 -102010 -1.91018e+07
-73751.8 102010 2.67533e+08 73751.8 -102010 -1.9098e+07
-73739.8 102010 2.67501e+08 73739.8 -102010 -1.90942e+07
-73727.7 102010 2.6747e+08 73727.7 -102010 -1.90904e+07
-73715.7 102010 2.67438e+08 73715.7 -102010 -1.90866e+07
-73703.6 102010 2.67406e+08 73703.6 -102010 -1.90827e+07
-73691.6 102010 2.67375e+08 73691.6 -102010 -1.90789e+07
-73679.6 102010 2.67343e+08 73679.6 -102010 -1.90751e+07
-73667.5 102010 2.67312e+08 73667.5 -102010 -1.90713e+07
-73655.5 102010 2.6728e+08 73655.5 -102010 -1.90675e+07
-73643.5 102010 2.67249e+08 73643.5 -102010 -1.90636e+07
-73631.4 102010 2.67217e+08 73631.4 -102010 -1.90598e+07
-73619.4 102010 2.67185e+08 73619.4 -102010 -1.9056e+07
-73607.4 102010 2.67154e+08 73607.4 -102010 -1.90522e+07
-73595.3 102010 2.67122e+08 73595.3 -102010 -1.90484e+07
-73583.3 102010 2.67091e+08 73583.3 -102010 -1.90445e+07
-73571.3 102010 2.67059e+08 73571.3 -102010 -1.90407e+07
-73559.2 102010 2.67028e+08 73559.2 -102010 -1.90369e+07
-73547.2 102010 2.66996e+08 73547.2 -102010 -1.90331e+07
-73535.2 102010 2.66964e+08 73535.2 -102010 -1.90293e+07
-73523.1 102010 2.66933e+08 73523.1 -102010 -1.90255e+07
-73511.1 102010 2.66901e+08 73511.1 -102010 -1.90216e+07
-73499.1 102010 2.6687e+08 73499.1 -102010 -1.90178e+07
-73487 102010 2.66838e+08 73487 -102010 -1.9014e+07
-73475 102010 2.66807e+08 73475 -102010 -1.90102e+07
-73463 102010 2.66775e+08 73463 -102010 -1.90064e+07
-73450.9 102010 2.66743e+08 73450.9 -102010 -1.90025e+07
-73438.9 102010 2.66712e+08 73438.9 -102010 -1.89987e+07
-73426.9 102010 2.6668e+08 73426.9 -102010 -1.89949e+07
-73414.8 102010 2.66649e+08 73414.8 -102010 -1.89911e+07
-73402.8 102010 2.66617e+08 73402.8 -102010 -1.89873e+07
-73390.8 102010 2.66586e+08 73390.8 -102010 -1.89835e+07
-73378.7 102010 2.66554e+08 73378.7 -102010 -1.89797e+07
-73366.7 102010 2.66522e+08 73366.7 -102010 -1.89758e+07
-73354.7 102010 2.66491e+08 73354.7 -102010 -1.8972e+07
-73342.6 102010 2.66459e+08 73342.6 -102010 -1.89682e+07
-73330.6 102010 2.66428e+08 73330.6 -102010 -1.89644e+07
-73318.6 102010 2.66396e+08 73318.6 -102010 -1.89606e+07
-73306.5 102010 2.66365e+08 73306.5 -102010 -1.89568e+07
-73294.5 102010 2.66333e+08 73294.5 -102010 -1.8953e+07
-73282.5 102010 2.66301e+08 73282.5 -102010 -1.89491e+07
-73270.4 102010 2.6627e+08 73270.4 -102010 -1.89453e+07
-73258.4 102010 2.66238e+08 73258.4 -102010 -1.89415e+07
-73246.4 102010 2.66207e+08 73246.4 -102010 -1.89377e+07
-73234.3 102010 2.66175e+08 73234.3 -102010 -1.89339e+07
-73222.3 102010 2.66144e+08 73222.3 -102010 -1.89301e+07
-73210.3 102010 2.66112e+08 73210.3 -102010 -1.89263e+07
-73198.2 102010 2.66081e+08 73198.2 -102010 -1.89225e+07
-73186.2 102010 2.66049e+08 73186.2 -102010 -1.89186e+07
-73174.2 102010 2.66017e+08 73174.2 -102010 -1.89148e+07
-73162.1 102010 2.65986e+08 73162.1 -102010 -1.8911e+07
-73150.1 102010 2.65954e+08 73150.1 -102010 -1.89072e+07
-73138.1 102010 2.65923e+08 73138.1 -102010 -1.89034e+07
-73126 102010 2.65891e+08 73126 -102010 -1.88996e+07
-73114 102010 2.6586e+08 73114 -102010 -1.88958e+07
-73102 102010 2.65828e+08 73102 -102010 -1.8892e+07
-73089.9 102010 2.65797e+08 73089.9 -102010 -1.88882e+07
-73077.9 102010 2.65765e+08 73077.9 -102010 -1.88844e+07
-73065.9 102010 2.65733e+08 73065.9 -102010 -1.88805e+07
-73053.8 102010 2.65702e+08 73053.8 -102010 -1.88767e+07
-73041.8 102010 2.6567e+08 73041.8 -102010 -1.88729e+07
-73029.8 102010 2.65639e+08 73029.8 -102010 -1.88691e+07
-73017.7 102010 2.65607e+08 73017.7 -102010 -1.88653e+07
-73005.7 102010 2.65576e+08 73005.7 -102010 -1.88615e+07
-72993.7 102010 2.65544e+08 72993.7 -102010 -1.88577e+07
-72981.7 102010 2.65513e+08 72981.7 -102010 -1.88539e+07
-72969.6 102010 2.65481e+08 72969.6 -102010 -1.88501e+07
-72957.6 102010 2.65449e+08 72957.6 -102010 -1.88463e+07
-72945.6 102010 2.65418e+08 72945.6 -102010 -1.88425e+07
-72933.5 102010 2.65386e+08 72933.5 -102010 -1.88387e+07
-72921.5 102010 2.65355e+08 72921.5 -102010 -1.88349e+07
-72909.5 102010 2.65323e+08 72909.5 -102010 -1.88311e+07
-72897.4 102010 2.65292e+08 72897.4 -102010 -1.88273e+07
-72885.4 102010 2.6526e+08 72885.4 -102010 -1.88235e+07
-72873.4 102010 2.65229e+08 72873.4 -102010 -1.88196e+07
-72861.3 102010 2.65197e+08 72861.3 -102010 -1.88158e+07
-72849.3 102010 2.65166e+08 72849.3 -102010 -1.8812e+07
-72837.3 102010 2.65134e+08 72837.3 -102010 -1.88082e+07
-72825.2 102010 2.65102e+08 72825.2 -102010 -1.88044e+07
-72813.2 102010 2.65071e+08 72813.2 -102010 -1.88006e+07
-72801.2 102010 2.65039e+08 72801.2 -102010 -1.87968e+07
-72789.1 102010 2.65008e+08 72789.1 -102010 -1.8793e+07
-72777.1 102010 2.64976e+08 72777.1 -102010 -1.87892e+07
-72765.1 102010 2.64945e+08 72765.1 -102010 -1.87854e+07
-72753.1 102010 2.64913e+08 72753.1 -102010 -1.87816e+07
-72741 102010 2.64882e+08 72741 -102010 -1.87778e+07
-72729 102010 2.6485e+08 72729 -102010 -1.8774e+07
-72717 102010 2.64819e+08 72717 -102010 -1.87702e+07
-72704.9 102010 2.64787e+08 72704.9 -102010 -1.87664e+07
-72692.9 102010 2.64755e+08 72692.9 -102010 -1.87626e+07
-72680.9 102010 2.64724e+08 72680.9 -102010 -1.87588e+07
-72668.8 102010 2.64692e+08 72668.8 -102010 -1.8755e+07
-72656.8 102010 2.64661e+08 72656.8 -102010 -1.87512e+07
-72644.8 102010 2.64629e+08 72644.8 -102010 -1.87474e+07
-72632.8 102010 2.64598e+08 72632.8 -102010 -1.87436e+07
-72620.7 102010 2.64566e+08 72620.7 -102010 -1.87398e+07
-72608.7 102010 2.64535e+08 72608.7 -102010 -1.8736e+07
-72596.7 102010 2.64503e+08 72596.7 -102010 -1.87322e+07
-72584.6 102010 2.64472e+08 72584.6 -102010 -1.87284e+07
-72572.6 102010 2.6444e+08 72572.6 -102010 -1.87246e+07
-72560.6 102010 2.64409e+08 72560.6 -102010 -1.87208e+07
-72548.5 102010 2.64377e+08 72548.5 -102010 -1.8717e+07
-72536.5 102010 2.64345e+08 72536.5 -102010 -1.87132e+07
-72524.5 102010 2.64314e+08 72524.5 -102010 -1.87094e+07
-72512.4 102010 2.64282e+08 72512.4 -102010 -1.87056e+07
-72500.4 102010 2.64251e+08 72500.4 -102010 -1.87018e+07
-72488.4 102010 2.64219e+08 72488.4 -102010 -1.8698e+07
-72476.4 102010 2.64188e+08 72476.4 -102010 -1.86942e+07
-72464.3 102010 2.64156e+08 72464.3 -102010 -1.86904e+07
-72452.3 102010 2.64125e+08 72452.3 -102010 -1.86866e+07
-72440.3 102010 2.64093e+08 72440.3 -102010 -1.86828e+07
-72428.2 102010 2.64062e+08 72428.2 -102010 -1.8679e+07
-72416.2 102010 2.6403e+08 72416.2 -102010 -1.86752e+07
-72404.2 102010 2.63999e+08 72404.2 -102010 -1.86715e+07
-72392.1 102010 2.63967e+08 72392.1 -102010 -1.86676e+07
-72380.1 102010 2.63935e+08 72380.1 -102010 -1.86639e+07
-72368.1 102010 2.63904e+08 72368.1 -102010 -1.86601e+07
-72356.1 102010 2.63872e+08 72356.1 -102010 -1.86563e+07
-72344 102010 2.63841e+08 72344 -102010 -1.86525e+07
-72332 102010 2.63809e+08 72332 -102010 -1.86487e+07
-72320 102010 2.63778e+08 72320 -102010 -1.86449e+07
-72307.9 102010 2.63746e+08 72307.9 -102010 -1.86411e+07
-72295.9 102010 2.63715e+08 72295.9 -102010 -1.86373e+07
-72283.9 102010 2.63683e+08 72283.9 -102010 -1.86335e+07
-72271.9 102010 2.63652e+08 72271.9 -102010 -1.86297e+07
-72259.8 102010 2.6362e+08 72259.8 -102010 -1.86259e+07
-72247.8 102010 2.63589e+08 72247.8 -102010 -1.86221e+07
-72235.8 102010 2.63557e+08 72235.8 -102010 -1.86183e+07
-72223.7 102010 2.63526e+08 72223.7 -102010 -1.86145e+07
-72211.7 102010 2.63494e+08 72211.7 -102010 -1.86108e+07
-72199.7 102010 2.63463e+08 72199.7 -102010 -1.8607e+07
-72187.7 102010 2.63431e+08 72187.7 -102010 -1.86032e+07
-72175.6 102010 2.63399e+08 72175.6 -102010 -1.85994e+07
-72163.6 102010 2.63368e+08 72163.6 -102010 -1.85956e+07
-72151.6 102010 2.63336e+08 72151.6 -102010 -1.85918e+07
-72139.5 102010 2.63305e+08 72139.5 -102010 -1.8588e+07
-72127.5 102010 2.63273e+08 72127.5 -102010 -1.85842e+07
-72115.5 102010 2.63242e+08 72115.5 -102010 -1.85804e+07
-72103.5 102010 2.6321e+08 72103.5 -102010 -1.85766e+07
-72091.4 102010 2.63179e+08 72091.4 -102010 -1.85728e+07
-72079.4 102010 2.63147e+08 72079.4 -102010 -1.85691e+07
-72067.4 102010 2.63116e+08 72067.4 -102010 -1.85653e+07
-72055.3 102010 2.63084e+08 72055.3 -102010 -1.85615e+07
-72043.3 102010 2.63053e+08 72043.3 -102010 -1.85577e+07
-72031.3 102010 2.63021e+08 72031.3 -102010 -1.85539e+07
-72019.2 102010 2.6299e+08 72019.2 -102010 -1.85501e+07
-72007.2 102010 2.62958e+08 72007.2 -102010 -1.85463e+07
-71995.2 102010 2.62927e+08 71995.2 -102010 -1.85425e+07
-71983.2 102010 2.62895e+08 71983.2 -102010 -1.85388e+07
-71971.1 102010 2.62864e+08 71971.1 -102010 -1.8535e+07
-71959.1 102010 2.62832e+08 71959.1 -102010 -1.85312e+07
-71947.1 102010 2.62801e+08 71947.1 -102010 -1.85274e+07
-71935.1 102010 2.62769e+08 71935.1 -102010 -1.85236e+07
-71923 102010 2.62738e+08 71923 -102010 -1.85198e+07
-71911 102010 2.62706e+08 71911 -102010 -1.8516e+07
-71899 102010 2.62675e+08 71899 -102010 -1.85123e+07
-71886.9 102010 2.62643e+08 71886.9 -102010 -1.85085e+07
-71874.9 102010 2.62611e+08 71874.9 -102010 -1.85047e+07
-71862.9 102010 2.6258e+08 71862.9 -102010 -1.85009e+07
-71850.9 102010 2.62548e+08 71850.9 -102010 -1.84971e+07
-71838.8 102010 2.62517e+08 71838.8 -102010 -1.84933e+07
-71826.8 102010 2.62485e+08 71826.8 -102010 -1.84896e+07
-71814.8 102010 2.62454e+08 71814.8 -102010 -1.84858e+07
-71802.8 102010 2.62422e+08 71802.8 -102010 -1.8482e+07
-71790.7 102010 2.62391e+08 71790.7 -102010 -1.84782e+07
-71778.7 102010 2.62359e+08 71778.7 -102010 -1.84744e+07
-71766.7 102010 2.62328e+08 71766.7 -102010 -1.84706e+07
-71754.6 102010 2.62296e+08 71754.6 -102010 -1.84669e+07
-71742.6 102010 2.62265e+08 71742.6 -102010 -1.84631e+07
-71730.6 102010 2.62233e+08 71730.6 -102010 -1.84593e+07
-71718.6 102010 2.62202e+08 71718.6 -102010 -1.84555e+07
-71706.5 102010 2.6217e+08 71706.5 -102010 -1.84517e+07
-71694.5 102010 2.62139e+08 71694.5 -102010 -1.84479e+07
-71682.5 102010 2.62107e+08 71682.5 -102010 -1.84442e+07
-71670.5 102010 2.62076e+08 71670.5 -102010 -1.84404e+07
-71658.4 102010 2.62044e+08 71658.4 -102010 -1.84366e+07
-71646.4 102010 2.62013e+08 71646.4 -102010 -1.84328e+07
-71634.4 102010 2.61981e+08 71634.4 -102010 -1.8429e+07
-71622.3 102010 2.6195e+08 71622.3 -102010 -1.84253e+07
-71610.3 102010 2.61918e+08 71610.3 -102010 -1.84215e+07
-71598.3 102010 2.61887e+08 71598.3 -102010 -1.84177e+07
-71586.3 102010 2.61855e+08 71586.3 -102010 -1.84139e+07
-71574.2 102010 2.61824e+08 71574.2 -102010 -1.84101e+07
-71562.2 102010 2.61792e+08 71562.2 -102010 -1.84064e+07
-71550.2 102010 2.61761e+08 71550.2 -102010 -1.84026e+07
-71538.2 102010 2.61729e+08 71538.2 -102010 -1.83988e+07
-71526.1 102010 2.61698e+08 71526.1 -102010 -1.8395e+07
-71514.1 102010 2.61666e+08 71514.1 -102010 -1.83913e+07
-71502.1 102010 2.61635e+08 71502.1 -102010 -1.83875e+07
-71490.1 102010 2.61603e+08 71490.1 -102010 -1.83837e+07
-71478 102010 2.61572e+08 71478 -102010 -1.83799e+07
-71466 102010 2.6154e+08 71466 -102010 -1.83762e+07
-71454 102010 2.61509e+08 71454 -102010 -1.83724e+07
-71442 102010 2.61477e+08 71442 -102010 -1.83686e+07
-71429.9 102010 2.61446e+08 71429.9 -102010 -1.83648e+07
-71417.9 102010 2.61414e+08 71417.9 -102010 -1.8361e+07
-71405.9 102010 2.61383e+08 71405.9 -102010 -1.83573e+07
-71393.8 102010 2.61351e+08 71393.8 -102010 -1.83535e+07
-71381.8 102010 2.6132e+08 71381.8 -102010 -1.83497e+07
-71369.8 102010 2.61288e+08 71369.8 -102010 -1.8346e+07
-71357.8 102010 2.61257e+08 71357.8 -102010 -1.83422e+07
-71345.7 102010 2.61225e+08 71345.7 -102010 -1.83384e+07
-71333.7 102010 2.61194e+08 71333.7 -102010 -1.83346e+07
-71321.7 102010 2.61162e+08 71321.7 -102010 -1.83308e+07
-71309.7 102010 2.61131e+08 71309.7 -102010 -1.83271e+07
-71297.6 102010 2.61099e+08 71297.6 -102010 -1.83233e+07
-71285.6 102010 2.61068e+08 71285.6 -102010 -1.83195e+07
-71273.6 102010 2.61036e+08 71273.6 -102010 -1.83158e+07
-71261.6 102010 2.61005e+08 71261.6 -102010 -1.8312e+07
-71249.5 102010 2.60973e+08 71249.5 -102010 -1.83082e+07
-71237.5 102010 2.60942e+08 71237.5 -102010 -1.83044e+07
-71225.5 102010 2.6091e+08 71225.5 -102010 -1.83007e+07
-71213.5 102010 2.60879e+08 71213.5 -102010 -1.82969e+07
-71201.4 102010 2.60847e+08 71201.4 -102010 -1.82931e+07
-71189.4 102010 2.60816e+08 71189.4 -102010 -1.82894e+07
-71177.4 102010 2.60784e+08 71177.4 -102010 -1.82856e+07
-71165.4 102010 2.60753e+08 71165.4 -102010 -1.82818e+07
-71153.3 102010 2.60721e+08 71153.3 -102010 -1.8278e+07
-71141.3 102010 2.6069e+08 71141.3 -102010 -1.82743e+07
-71129.3 102010 2.60658e+08 71129.3 -102010 -1.82705e+07
-71117.3 102010 2.60627e+08 71117.3 -102010 -1.82667e+07
-71105.2 102010 2.60595e+08 71105.2 -102010 -1.8263e+07
-71093.2 102010 2.60564e+08 71093.2 -102010 -1.82592e+07
-71081.2 102010 2.60532e+08 71081.2 -102010 -1.82554e+07
-71069.2 102010 2.60501e+08 71069.2 -102010 -1.82517e+07
-71057.1 102010 2.60469e+08 71057.1 -102010 -1.82479e+07
-71045.1 102010 2.60438e+08 71045.1 -102010 -1.82441e+07
-71033.1 102010 2.60406e+08 71033.1 -102010 -1.82404e+07
-71021.1 102010 2.60375e+08 71021.1 -102010 -1.82366e+07
-71009 102010 2.60343e+08 71009 -102010 -1.82328e+07
-70997 102010 2.60312e+08 70997 -102010 -1.82291e+07
-70985 102010 2.6028e+08 70985 -102010 -1.82253e+07
-70973 102010 2.60249e+08 70973 -102010 -1.82215e+07
-70961 102010 2.60217e+08 70961 -102010 -1.82178e+07
-70948.9 102010 2.60186e+08 70948.9 -102010 -1.8214e+07
-70936.9 102010 2.60154e+08 70936.9 -102010 -1.82102e+07
-70924.9 102010 2.60123e+08 70924.9 -102010 -1.82065e+07
-70912.9 102010 2.60091e+08 70912.9 -102010 -1.82027e+07
-70900.8 102010 2.6006e+08 70900.8 -102010 -1.81989e+07
-70888.8 102010 2.60028e+08 70888.8 -102010 -1.81952e+07
-70876.8 102010 2.59997e+08 70876.8 -102010 -1.81914e+07
-70864.8 102010 2.59965e+08 70864.8 -102010 -1.81876e+07
-70852.7 102010 2.59934e+08 70852.7 -102010 -1.81839e+07
-70840.7 102010 2.59903e+08 70840.7 -102010 -1.81801e+07
-70828.7 102010 2.59871e+08 70828.7 -102010 -1.81763e+07
-70816.7 102010 2.5984e+08 70816.7 -102010 -1.81726e+07
-70804.6 102010 2.59808e+08 70804.6 -102010 -1.81688e+07
-70792.6 102010 2.59777e+08 70792.6 -102010 -1.81651e+07
-70780.6 102010 2.59745e+08 70780.6 -102010 -1.81613e+07
-70768.6 102010 2.59714e+08 70768.6 -102010 -1.81575e+07
-70756.5 102010 2.59682e+08 70756.5 -102010 -1.81538e+07
-70744.5 102010 2.59651e+08 70744.5 -102010 -1.815e+07
-70732.5 102010 2.59619e+08 70732.5 -102010 -1.81462e+07
-70720.5 102010 2.59588e+08 70720.5 -102010 -1.81425e+07
-70708.4 102010 2.59556e+08 70708.4 -102010 -1.81387e+07
-70696.4 102010 2.59525e+08 70696.4 -102010 -1.8135e+07
-70684.4 102010 2.59493e+08 70684.4 -102010 -1.81312e+07
-70672.4 102010 2.59462e+08 70672.4 -102010 -1.81274e+07
-70660.4 102010 2.5943e+08 70660.4 -102010 -1.81237e+07
-70648.3 102010 2.59399e+08 70648.3 -102010 -1.81199e+07
-70636.3 102010 2.59367e+08 70636.3 -102010 -1.81162e+07
-70624.3 102010 2.59336e+08 70624.3 -102010 -1.81124e+07
-70612.3 102010 2.59304e+08 70612.3 -102010 -1.81086e+07
-70600.2 102010 2.59273e+08 70600.2 -102010 -1.81049e+07
-70588.2 102010 2.59241e+08 70588.2 -102010 -1.81011e+07
-70576.2 102010 2.5921e+08 70576.2 -102010 -1.80974e+07
-70564.2 102010 2.59179e+08 70564.2 -102010 -1.80936e+07
-70552.2 102010 2.59147e+08 70552.2 -102010 -1.80898e+07
-70540.1 102010 2.59116e+08 70540.1 -102010 -1.80861e+07
-70528.1 102010 2.59084e+08 70528.1 -102010 -1.80823e+07
-70516.1 102010 2.59053e+08 70516.1 -102010 -1.80786e+07
-70504.1 102010 2.59021e+08 70504.1 -102010 -1.80748e+07
-70492 102010 2.5899e+08 70492 -102010 -1.80711e+07
-70480 102010 2.58958e+08 70480 -102010 -1.80673e+07
-70468 102010 2.58927e+08 70468 -102010 -1.80636e+07
-70456 102010 2.58895e+08 70456 -102010 -1.80598e+07
-70444 102010 2.58864e+08 70444 -102010 -1.8056e+07
-70431.9 102010 2.58832e+08 70431.9 -102010 -1.80523e+07
-70419.9 102010 2.58801e+08 70419.9 -102010 -1.80485e+07
-70407.9 102010 2.58769e+08 70407.9 -102010 -1.80448e+07
-70395.9 102010 2.58738e+08 70395.9 -102010 -1.8041e+07
-70383.8 102010 2.58706e+08 70383.8 -102010 -1.80373e+07
-70371.8 102010 2.58675e+08 70371.8 -102010 -1.80335e+07
-70359.8 102010 2.58644e+08 70359.8 -102010 -1.80298e+07
-70347.8 102010 2.58612e+08 70347.8 -102010 -1.8026e+07
-70335.8 102010 2.58581e+08 70335.8 -102010 -1.80222e+07
-70323.7 102010 2.58549e+08 70323.7 -102010 -1.80185e+07
-70311.7 102010 2.58518e+08 70311.7 -102010 -1.80147e+07
-70299.7 102010 2.58486e+08 70299.7 -102010 -1.8011e+07
-70287.7 102010 2.58455e+08 70287.7 -102010 -1.80072e+07
-70275.7 102010 2.58423e+08 70275.7 -102010 -1.80035e+07
-70263.6 102010 2.58392e+08 70263.6 -102010 -1.79997e+07
-70251.6 102010 2.5836e+08 70251.6 -102010 -1.7996e+07
-70239.6 102010 2.58329e+08 70239.6 -102010 -1.79922e+07
-70227.6 102010 2.58297e+08 70227.6 -102010 -1.79885e+07
-70215.5 102010 2.58266e+08 70215.5 -102010 -1.79847e+07
-70203.5 102010 2.58234e+08 70203.5 -102010 -1.7981e+07
-70191.5 102010 2.58203e+08 70191.5 -102010 -1.79772e+07
-70179.5 102010 2.58172e+08 70179.5 -102010 -1.79735e+07
-70167.5 102010 2.5814e+08 70167.5 -102010 -1.79697e+07
-70155.4 102010 2.58109e+08 70155.4 -102010 -1.7966e+07
-70143.4 102010 2.58077e+08 70143.4 -102010 -1.79622e+07
-70131.4 102010 2.58046e+08 70131.4 -102010 -1.79585e+07
-70119.4 102010 2.58014e+08 70119.4 -102010 -1.79547e+07
-70107.4 102010 2.57983e+08 70107.4 -102010 -1.7951e+07
-70095.3 102010 2.57951e+08 70095.3 -102010 -1.79472e+07
-70083.3 102010 2.5792e+08 70083.3 -102010 -1.79435e+07
-70071.3 102010 2.57888e+08 70071.3 -102010 -1.79397e+07
-70059.3 102010 2.57857e+08 70059.3 -102010 -1.7936e+07
-70047.3 102010 2.57826e+08 70047.3 -102010 -1.79322e+07
-70035.2 102010 2.57794e+08 70035.2 -102010 -1.79285e+07
-70023.2 102010 2.57763e+08 70023.2 -102010 -1.79247e+07
-70011.2 102010 2.57731e+08 70011.2 -102010 -1.7921e+07
-69999.2 102010 2.577e+08 69999.2 -102010 -1.79172e+07
-69987.2 102010 2.57668e+08 69987.2 -102010 -1.79135e+07
-69975.1 102010 2.57637e+08 69975.1 -102010 -1.79097e+07
-69963.1 102010 2.57605e+08 69963.1 -102010 -1.7906e+07
-69951.1 102010 2.57574e+08 69951.1 -102010 -1.79022e+07
-69939.1 102010 2.57542e+08 69939.1 -102010 -1.78985e+07
-69927 102010 2.57511e+08 69927 -102010 -1.78948e+07
-69915 102010 2.5748e+08 69915 -102010 -1.7891e+07
-69903 102010 2.57448e+08 69903 -102010 -1.78873e+07
-69891 102010 2.57417e+08 69891 -102010 -1.78835e+07
-69879 102010 2.57385e+08 69879 -102010 -1.78798e+07
-69866.9 102010 2.57354e+08 69866.9 -102010 -1.7876e+07
-69854.9 102010 2.57322e+08 69854.9 -102010 -1.78723e+07
-69842.9 102010 2.57291e+08 69842.9 -102010 -1.78685e+07
-69830.9 102010 2.57259e+08 69830.9 -102010 -1.78648e+07
-69818.9 102010 2.57228e+08 69818.9 -102010 -1.7861e+07
-69806.8 102010 2.57196e+08 69806.8 -102010 -1.78573e+07
-69794.8 102010 2.57165e+08 69794.8 -102010 -1.78536e+07
-69782.8 102010 2.57134e+08 69782.8 -102010 -1.78498e+07
-69770.8 102010 2.57102e+08 69770.8 -102010 -1.78461e+07
-69758.8 102010 2.57071e+08 69758.8 -102010 -1.78423e+07
-69746.7 102010 2.57039e+08 69746.7 -102010 -1.78386e+07
-69734.7 102010 2.57008e+08 69734.7 -102010 -1.78349e+07
-69722.7 102010 2.56976e+08 69722.7 -102010 -1.78311e+07
-69710.7 102010 2.56945e+08 69710.7 -102010 -1.78274e+07
-69698.7 102010 2.56913e+08 69698.7 -102010 -1.78236e+07
-69686.7 102010 2.56882e+08 69686.7 -102010 -1.78199e+07
-69674.6 102010 2.56851e+08 69674.6 -102010 -1.78162e+07
-69662.6 102010 2.56819e+08 69662.6 -102010 -1.78124e+07
-69650.6 102010 2.56788e+08 69650.6 -102010 -1.78087e+07
-69638.6 102010 2.56756e+08 69638.6 -102010 -1.78049e+07
-69626.6 102010 2.56725e+08 69626.6 -102010 -1.78012e+07
-69614.5 102010 2.56693e+08 69614.5 -102010 -1.77975e+07
-69602.5 102010 2.56662e+08 69602.5 -102010 -1.77937e+07
-69590.5 102010 2.5663e+08 69590.5 -102010 -1.779e+07
-69578.5 102010 2.56599e+08 69578.5 -102010 -1.77862e+07
-69566.5 102010 2.56568e+08 69566.5 -102010 -1.77825e+07
-69554.4 102010 2.56536e+08 69554.4 -102010 -1.77788e+07
-69542.4 102010 2.56505e+08 69542.4 -102010 -1.7775e+07
-69530.4 102010 2.56473e+08 69530.4 -102010 -1.77713e+07
-69518.4 102010 2.56442e+08 69518.4 -102010 -1.77676e+07
-69506.4 102010 2.5641e+08 69506.4 -102010 -1.77638e+07
-69494.4 102010 2.56379e+08 69494.4 -102010 -1.77601e+07
-69482.3 102010 2.56347e+08 69482.3 -102010 -1.77563e+07
-69470.3 102010 2.56316e+08 69470.3 -102010 -1.77526e+07
-69458.3 102010 2.56285e+08 69458.3 -102010 -1.77489e+07
-69446.3 102010 2.56253e+08 69446.3 -102010 -1.77451e+07
-69434.3 102010 2.56222e+08 69434.3 -102010 -1.77414e+07
-69422.2 102010 2.5619e+08 69422.2 -102010 -1.77377e+07
-69410.2 102010 2.56159e+08 69410.2 -102010 -1.77339e+07
-69398.2 102010 2.56127e+08 69398.2 -102010 -1.77302e+07
-69386.2 102010 2.56096e+08 69386.2 -102010 -1.77264e+07
-69374.2 102010 2.56065e+08 69374.2 -102010 -1.77227e+07
-69362.1 102010 2.56033e+08 69362.1 -102010 -1.7719e+07
-69350.1 102010 2.56002e+08 69350.1 -102010 -1.77153e+07
-69338.1 102010 2.5597e+08 69338.1 -102010 -1.77115e+07
-69326.1 102010 2.55939e+08 69326.1 -102010 -1.77078e+07
-69314.1 102010 2.55907e+08 69314.1 -102010 -1.7704e+07
-69302.1 102010 2.55876e+08 69302.1 -102010 -1.77003e+07
-69290 102010 2.55845e+08 69290 -102010 -1.76966e+07
-69278 102010 2.55813e+08 69278 -102010 -1.76928e+07
-69266 102010 2.55782e+08 69266 -102010 -1.76891e+07
-69254 102010 2.5575e+08 69254 -102010 -1.76854e+07
-69242 102010 2.55719e+08 69242 -102010 -1.76816e+07
-69230 102010 2.55687e+08 69230 -102010 -1.76779e+07
-69217.9 102010 2.55656e+08 69217.9 -102010 -1.76742e+07
-69205.9 102010 2.55625e+08 69205.9 -102010 -1.76705e+07
-69193.9 102010 2.55593e+08 69193.9 -102010 -1.76667e+07
-69181.9 102010 2.55562e+08 69181.9 -102010 -1.7663e+07
-69169.9 102010 2.5553e+08 69169.9 -102010 -1.76593e+07
-69157.8 102010 2.55499e+08 69157.8 -102010 -1.76555e+07
-69145.8 102010 2.55467e+08 69145.8 -102010 -1.76518e+07
-69133.8 102010 2.55436e+08 69133.8 -102010 -1.76481e+07
-69121.8 102010 2.55404e+08 69121.8 -102010 -1.76443e+07
-69109.8 102010 2.55373e+08 69109.8 -102010 -1.76406e+07
-69097.8 102010 2.55342e+08 69097.8 -102010 -1.76369e+07
-69085.8 102010 2.5531e+08 69085.8 -102010 -1.76332e+07
-69073.7 102010 2.55279e+08 69073.7 -102010 -1.76294e+07
-69061.7 102010 2.55247e+08 69061.7 -102010 -1.76257e+07
-69049.7 102010 2.55216e+08 69049.7 -102010 -1.7622e+07
-69037.7 102010 2.55185e+08 69037.7 -102010 -1.76182e+07
-69025.7 102010 2.55153e+08 69025.7 -102010 -1.76145e+07
-69013.6 102010 2.55122e+08 69013.6 -102010 -1.76108e+07
-69001.6 102010 2.5509e+08 69001.6 -102010 -1.76071e+07
-68989.6 102010 2.55059e+08 68989.6 -102010 -1.76033e+07
-68977.6 102010 2.55027e+08 68977.6 -102010 -1.75996e+07
-68965.6 102010 2.54996e+08 68965.6 -102010 -1.75959e+07
-68953.6 102010 2.54965e+08 68953.6 -102010 -1.75922e+07
-68941.5 102010 2.54933e+08 68941.5 -102010 -1.75884e+07
-68929.5 102010 2.54902e+08 68929.5 -102010 -1.75847e+07
-68917.5 102010 2.5487e+08 68917.5 -102010 -1.7581e+07
-68905.5 102010 2.54839e+08 68905.5 -102010 -1.75773e+07
-68893.5 102010 2.54807e+08 68893.5 -102010 -1.75735e+07
-68881.5 102010 2.54776e+08 68881.5 -102010 -1.75698e+07
-68869.4 102010 2.54745e+08 68869.4 -102010 -1.75661e+07
-68857.4 102010 2.54713e+08 68857.4 -102010 -1.75624e+07
-68845.4 102010 2.54682e+08 68845.4 -102010 -1.75586e+07
-68833.4 102010 2.5465e+08 68833.4 -102010 -1.75549e+07
-68821.4 102010 2.54619e+08 68821.4 -102010 -1.75512e+07
-68809.4 102010 2.54588e+08 68809.4 -102010 -1.75475e+07
-68797.4 102010 2.54556e+08 68797.4 -102010 -1.75438e+07
-68785.3 102010 2.54525e+08 68785.3 -102010 -1.754e+07
-68773.3 102010 2.54493e+08 68773.3 -102010 -1.75363e+07
-68761.3 102010 2.54462e+08 68761.3 -102010 -1.75326e+07
-68749.3 102010 2.5443e+08 68749.3 -102010 -1.75289e+07
-68737.3 102010 2.54399e+08 68737.3 -102010 -1.75251e+07
-68725.3 102010 2.54368e+08 68725.3 -102010 -1.75214e+07
-68713.2 102010 2.54336e+08 68713.2 -102010 -1.75177e+07
-68701.2 102010 2.54305e+08 68701.2 -102010 -1.7514e+07
-68689.2 102010 2.54273e+08 68689.2 -102010 -1.75103e+07
-68677.2 102010 2.54242e+08 68677.2 -102010 -1.75065e+07
-68665.2 102010 2.54211e+08 68665.2 -102010 -1.75028e+07
-68653.2 102010 2.54179e+08 68653.2 -102010 -1.74991e+07
-68641.2 102010 2.54148e+08 68641.2 -102010 -1.74954e+07
-68629.1 102010 2.54116e+08 68629.1 -102010 -1.74917e+07
-68617.1 102010 2.54085e+08 68617.1 -102010 -1.74879e+07
-68605.1 102010 2.54053e+08 68605.1 -102010 -1.74842e+07
-68593.1 102010 2.54022e+08 68593.1 -102010 -1.74805e+07
-68581.1 102010 2.53991e+08 68581.1 -102010 -1.74768e+07
-68569.1 102010 2.53959e+08 68569.1 -102010 -1.74731e+07
-68557 102010 2.53928e+08 68557 -102010 -1.74693e+07
-68545 102010 2.53896e+08 68545 -102010 -1.74656e+07
-68533 102010 2.53865e+08 68533 -102010 -1.74619e+07
-68521 102010 2.53834e+08 68521 -102010 -1.74582e+07
-68509 102010 2.53802e+08 68509 -102010 -1.74545e+07
-68497 102010 2.53771e+08 68497 -102010 -1.74508e+07
-68485 102010 2.53739e+08 68485 -102010 -1.7447e+07
-68472.9 102010 2.53708e+08 68472.9 -102010 -1.74433e+07
-68460.9 102010 2.53677e+08 68460.9 -102010 -1.74396e+07
-68448.9 102010 2.53645e+08 68448.9 -102010 -1.74359e+07
-68436.9 102010 2.53614e+08 68436.9 -102010 -1.74322e+07
-68424.9 102010 2.53582e+08 68424.9 -102010 -1.74285e+07
-68412.9 102010 2.53551e+08 68412.9 -102010 -1.74248e+07
-68400.9 102010 2.5352e+08 68400.9 -102010 -1.7421e+07
-68388.8 102010 2.53488e+08 68388.8 -102010 -1.74173e+07
-68376.8 102010 2.53457e+08 68376.8 -102010 -1.74136e+07
-68364.8 102010 2.53425e+08 68364.8 -102010 -1.74099e+07
-68352.8 102010 2.53394e+08 68352.8 -102010 -1.74062e+07
-68340.8 102010 2.53363e+08 68340.8 -102010 -1.74025e+07
-68328.8 102010 2.53331e+08 68328.8 -102010 -1.73988e+07
-68316.8 102010 2.533e+08 68316.8 -102010 -1.7395e+07
-68304.7 102010 2.53268e+08 68304.7 -102010 -1.73913e+07
-68292.7 102010 2.53237e+08 68292.7 -102010 -1.73876e+07
-68280.7 102010 2.53206e+08 68280.7 -102010 -1.73839e+07
-68268.7 102010 2.53174e+08 68268.7 -102010 -1.73802e+07
-68256.7 102010 2.53143e+08 68256.7 -102010 -1.73765e+07
-68244.7 102010 2.53111e+08 68244.7 -102010 -1.73728e+07
-68232.7 102010 2.5308e+08 68232.7 -102010 -1.7369e+07
-68220.6 102010 2.53049e+08 68220.6 -102010 -1.73653e+07
-68208.6 102010 2.53017e+08 68208.6 -102010 -1.73616e+07
-68196.6 102010 2.52986e+08 68196.6 -102010 -1.73579e+07
-68184.6 102010 2.52954e+08 68184.6 -102010 -1.73542e+07
-68172.6 102010 2.52923e+08 68172.6 -102010 -1.73505e+07
-68160.6 102010 2.52892e+08 68160.6 -102010 -1.73468e+07
-68148.6 102010 2.5286e+08 68148.6 -102010 -1.73431e+07
-68136.5 102010 2.52829e+08 68136.5 -102010 -1.73394e+07
-68124.5 102010 2.52797e+08 68124.5 -102010 -1.73357e+07
-68112.5 102010 2.52766e+08 68112.5 -102010 -1.73319e+07
-68100.5 102010 2.52735e+08 68100.5 -102010 -1.73282e+07
-68088.5 102010 2.52703e+08 68088.5 -102010 -1.73245e+07
-68076.5 102010 2.52672e+08 68076.5 -102010 -1.73208e+07
-68064.5 102010 2.5264e+08 68064.5 -102010 -1.73171e+07
-68052.5 102010 2.52609e+08 68052.5 -102010 -1.73134e+07
-68040.4 102010 2.52578e+08 68040.4 -102010 -1.73097e+07
-68028.4 102010 2.52546e+08 68028.4 -102010 -1.7306e+07
-68016.4 102010 2.52515e+08 68016.4 -102010 -1.73023e+07
-68004.4 102010 2.52483e+08 68004.4 -102010 -1.72986e+07
-67992.4 102010 2.52452e+08 67992.4 -102010 -1.72949e+07
-67980.4 102010 2.52421e+08 67980.4 -102010 -1.72912e+07
-67968.4 102010 2.52389e+08 67968.4 -102010 -1.72874e+07
-67956.4 102010 2.52358e+08 67956.4 -102010 -1.72838e+07
-67944.3 102010 2.52327e+08 67944.3 -102010 -1.728e+07
-67932.3 102010 2.52295e+08 67932.3 -102010 -1.72763e+07
-67920.3 102010 2.52264e+08 67920.3 -102010 -1.72726e+07
-67908.3 102010 2.52232e+08 67908.3 -102010 -1.72689e+07
-67896.3 102010 2.52201e+08 67896.3 -102010 -1.72652e+07
-67884.3 102010 2.5217e+08 67884.3 -102010 -1.72615e+07
-67872.3 102010 2.52138e+08 67872.3 -102010 -1.72578e+07
-67860.2 102010 2.52107e+08 67860.2 -102010 -1.72541e+07
-67848.2 102010 2.52075e+08 67848.2 -102010 -1.72504e+07
-67836.2 102010 2.52044e+08 67836.2 -102010 -1.72467e+07
-67824.2 102010 2.52013e+08 67824.2 -102010 -1.7243e+07
-67812.2 102010 2.51981e+08 67812.2 -102010 -1.72393e+07
-67800.2 102010 2.5195e+08 67800.2 -102010 -1.72356e+07
-67788.2 102010 2.51918e+08 67788.2 -102010 -1.72319e+07
-67776.2 102010 2.51887e+08 67776.2 -102010 -1.72282e+07
-67764.2 102010 2.51856e+08 67764.2 -102010 -1.72245e+07
-67752.1 102010 2.51824e+08 67752.1 -102010 -1.72208e+07
-67740.1 102010 2.51793e+08 67740.1 -102010 -1.72171e+07
-67728.1 102010 2.51762e+08 67728.1 -102010 -1.72134e+07
-67716.1 102010 2.5173e+08 67716.1 -102010 -1.72097e+07
-67704.1 102010 2.51699e+08 67704.1 -102010 -1.7206e+07
-67692.1 102010 2.51667e+08 67692.1 -102010 -1.72023e+07
-67680.1 102010 2.51636e+08 67680.1 -102010 -1.71986e+07
-67668.1 102010 2.51605e+08 67668.1 -102010 -1.71949e+07
-67656.1 102010 2.51573e+08 67656.1 -102010 -1.71912e+07
-67644 102010 2.51542e+08 67644 -102010 -1.71875e+07
-67632 102010 2.51511e+08 67632 -102010 -1.71838e+07
-67620 102010 2.51479e+08 67620 -102010 -1.71801e+07
-67608 102010 2.51448e+08 67608 -102010 -1.71764e+07
-67596 102010 2.51416e+08 67596 -102010 -1.71727e+07
-67584 102010 2.51385e+08 67584 -102010 -1.7169e+07
-67572 102010 2.51354e+08 67572 -102010 -1.71653e+07
-67560 102010 2.51322e+08 67560 -102010 -1.71616e+07
-67548 102010 2.51291e+08 67548 -102010 -1.71579e+07
-67535.9 102010 2.5126e+08 67535.9 -102010 -1.71542e+07
-67523.9 102010 2.51228e+08 67523.9 -102010 -1.71505e+07
-67511.9 102010 2.51197e+08 67511.9 -102010 -1.71468e+07
-67499.9 102010 2.51165e+08 67499.9 -102010 -1.71431e+07
-67487.9 102010 2.51134e+08 67487.9 -102010 -1.71394e+07
-67475.9 102010 2.51103e+08 67475.9 -102010 -1.71357e+07
-67463.9 102010 2.51071e+08 67463.9 -102010 -1.7132e+07
-67451.9 102010 2.5104e+08 67451.9 -102010 -1.71283e+07
-67439.8 102010 2.51009e+08 67439.8 -102010 -1.71246e+07
-67427.8 102010 2.50977e+08 67427.8 -102010 -1.71209e+07
-67415.8 102010 2.50946e+08 67415.8 -102010 -1.71172e+07
-67403.8 102010 2.50914e+08 67403.8 -102010 -1.71135e+07
-67391.8 102010 2.50883e+08 67391.8 -102010 -1.71099e+07
-67379.8 102010 2.50852e+08 67379.8 -102010 -1.71061e+07
-67367.8 102010 2.5082e+08 67367.8 -102010 -1.71025e+07
-67355.8 102010 2.50789e+08 67355.8 -102010 -1.70988e+07
-67343.8 102010 2.50758e+08 67343.8 -102010 -1.70951e+07
-67331.8 102010 2.50726e+08 67331.8 -102010 -1.70914e+07
-67319.7 102010 2.50695e+08 67319.7 -102010 -1.70877e+07
-67307.7 102010 2.50663e+08 67307.7 -102010 -1.7084e+07
-67295.7 102010 2.50632e+08 67295.7 -102010 -1.70803e+07
-67283.7 102010 2.50601e+08 67283.7 -102010 -1.70766e+07
-67271.7 102010 2.50569e+08 67271.7 -102010 -1.70729e+07
-67259.7 102010 2.50538e+08 67259.7 -102010 -1.70692e+07
-67247.7 102010 2.50507e+08 67247.7 -102010 -1.70655e+07
-67235.7 102010 2.50475e+08 67235.7 -102010 -1.70618e+07
-67223.7 102010 2.50444e+08 67223.7 -102010 -1.70581e+07
-67211.7 102010 2.50413e+08 67211.7 -102010 -1.70545e+07
-67199.6 102010 2.50381e+08 67199.6 -102010 -1.70508e+07
-67187.6 102010 2.5035e+08 67187.6 -102010 -1.70471e+07
-67175.6 102010 2.50318e+08 67175.6 -102010 -1.70434e+07
-67163.6 102010 2.50287e+08 67163.6 -102010 -1.70397e+07
-67151.6 102010 2.50256e+08 67151.6 -102010 -1.7036e+07
-67139.6 102010 2.50224e+08 67139.6 -102010 -1.70323e+07
-67127.6 102010 2.50193e+08 67127.6 -102010 -1.70286e+07
-67115.6 102010 2.50162e+08 67115.6 -102010 -1.70249e+07
-67103.6 102010 2.5013e+08 67103.6 -102010 -1.70212e+07
-67091.6 102010 2.50099e+08 67091.6 -102010 -1.70176e+07
-67079.5 102010 2.50068e+08 67079.5 -102010 -1.70139e+07
-67067.5 102010 2.50036e+08 67067.5 -102010 -1.70102e+07
-67055.5 102010 2.50005e+08 67055.5 -102010 -1.70065e+07
-67043.5 102010 2.49973e+08 67043.5 -102010 -1.70028e+07
-67031.5 102010 2.49942e+08 67031.5 -102010 -1.69991e+07
-67019.5 102010 2.49911e+08 67019.5 -102010 -1.69954e+07
-67007.5 102010 2.49879e+08 67007.5 -102010 -1.69918e+07
-66995.5 102010 2.49848e+08 66995.5 -102010 -1.69881e+07
-66983.5 102010 2.49817e+08 66983.5 -102010 -1.69844e+07
-66971.5 102010 2.49785e+08 66971.5 -102010 -1.69807e+07
-66959.5 102010 2.49754e+08 66959.5 -102010 -1.6977e+07
-66947.4 102010 2.49723e+08 66947.4 -102010 -1.69733e+07
-66935.4 102010 2.49691e+08 66935.4 -102010 -1.69696e+07
-66923.4 102010 2.4966e+08 66923.4 -102010 -1.69659e+07
-66911.4 102010 2.49628e+08 66911.4 -102010 -1.69623e+07
-66899.4 102010 2.49597e+08 66899.4 -102010 -1.69586e+07
-66887.4 102010 2.49566e+08 66887.4 -102010 -1.69549e+07
-66875.4 102010 2.49534e+08 66875.4 -102010 -1.69512e+07
-66863.4 102010 2.49503e+08 66863.4 -102010 -1.69475e+07
-66851.4 102010 2.49472e+08 66851.4 -102010 -1.69438e+07
-66839.4 102010 2.4944e+08 66839.4 -102010 -1.69402e+07
-66827.4 102010 2.49409e+08 66827.4 -102010 -1.69365e+07
-66815.4 102010 2.49378e+08 66815.4 -102010 -1.69328e+07
-66803.3 102010 2.49346e+08 66803.3 -102010 -1.69291e+07
-66791.3 102010 2.49315e+08 66791.3 -102010 -1.69254e+07
-66779.3 102010 2.49284e+08 66779.3 -102010 -1.69217e+07
-66767.3 102010 2.49252e+08 66767.3 -102010 -1.6918e+07
-66755.3 102010 2.49221e+08 66755.3 -102010 -1.69144e+07
-66743.3 102010 2.4919e+08 66743.3 -102010 -1.69107e+07
-66731.3 102010 2.49158e+08 66731.3 -102010 -1.6907e+07
-66719.3 102010 2.49127e+08 66719.3 -102010 -1.69033e+07
-66707.3 102010 2.49095e+08 66707.3 -102010 -1.68996e+07
-66695.3 102010 2.49064e+08 66695.3 -102010 -1.6896e+07
-66683.3 102010 2.49033e+08 66683.3 -102010 -1.68923e+07
-66671.3 102010 2.49001e+08 66671.3 -102010 -1.68886e+07
-66659.3 102010 2.4897e+08 66659.3 -102010 -1.68849e+07
-66647.2 102010 2.48939e+08 66647.2 -102010 -1.68812e+07
-66635.2 102010 2.48907e+08 66635.2 -102010 -1.68776e+07
-66623.2 102010 2.48876e+08 66623.2 -102010 -1.68739e+07
-66611.2 102010 2.48845e+08 66611.2 -102010 -1.68702e+07
-66599.2 102010 2.48813e+08 66599.2 -102010 -1.68665e+07
-66587.2 102010 2.48782e+08 66587.2 -102010 -1.68629e+07
-66575.2 102010 2.48751e+08 66575.2 -102010 -1.68592e+07
-66563.2 102010 2.48719e+08 66563.2 -102010 -1.68555e+07
-66551.2 102010 2.48688e+08 66551.2 -102010 -1.68518e+07
-66539.2 102010 2.48657e+08 66539.2 -102010 -1.68481e+07
-66527.2 102010 2.48625e+08 66527.2 -102010 -1.68445e+07
-66515.2 102010 2.48594e+08 66515.2 -102010 -1.68408e+07
-66503.2 102010 2.48563e+08 66503.2 -102010 -1.68371e+07
-66491.1 102010 2.48531e+08 66491.1 -102010 -1.68334e+07
-66479.1 102010 2.485e+08 66479.1 -102010 -1.68298e+07
-66467.1 102010 2.48469e+08 66467.1 -102010 -1.68261e+07
-66455.1 102010 2.48437e+08 66455.1 -102010 -1.68224e+07
-66443.1 102010 2.48406e+08 66443.1 -102010 -1.68187e+07
-66431.1 102010 2.48375e+08 66431.1 -102010 -1.68151e+07
-66419.1 102010 2.48343e+08 66419.1 -102010 -1.68114e+07
-66407.1 102010 2.48312e+08 66407.1 -102010 -1.68077e+07
-66395.1 102010 2.48281e+08 66395.1 -102010 -1.6804e+07
-66383.1 102010 2.48249e+08 66383.1 -102010 -1.68004e+07
-66371.1 102010 2.48218e+08 66371.1 -102010 -1.67967e+07
-66359.1 102010 2.48187e+08 66359.1 -102010 -1.6793e+07
-66347.1 102010 2.48155e+08 66347.1 -102010 -1.67893e+07
-66335.1 102010 2.48124e+08 66335.1 -102010 -1.67857e+07
-66323.1 102010 2.48093e+08 66323.1 -102010 -1.6782e+07
-66311 102010 2.48061e+08 66311 -102010 -1.67783e+07
-66299 102010 2.4803e+08 66299 -102010 -1.67746e+07
-66287 102010 2.47998e+08 66287 -102010 -1.6771e+07
-66275 102010 2.47967e+08 66275 -102010 -1.67673e+07
-66263 102010 2.47936e+08 66263 -102010 -1.67636e+07
-66251 102010 2.47905e+08 66251 -102010 -1.676e+07
-66239 102010 2.47873e+08 66239 -102010 -1.67563e+07
-66227 102010 2.47842e+08 66227 -102010 -1.67526e+07
-66215 102010 2.47811e+08 66215 -102010 -1.6749e+07
-66203 102010 2.47779e+08 66203 -102010 -1.67453e+07
-66191 102010 2.47748e+08 66191 -102010 -1.67416e+07
-66179 102010 2.47717e+08 66179 -102010 -1.67379e+07
-66167 102010 2.47685e+08 66167 -102010 -1.67343e+07
-66155 102010 2.47654e+08 66155 -102010 -1.67306e+07
-66143 102010 2.47623e+08 66143 -102010 -1.67269e+07
-66131 102010 2.47591e+08 66131 -102010 -1.67232e+07
-66118.9 102010 2.4756e+08 66118.9 -102010 -1.67196e+07
-66106.9 102010 2.47529e+08 66106.9 -102010 -1.67159e+07
-66094.9 102010 2.47497e+08 66094.9 -102010 -1.67123e+07
-66082.9 102010 2.47466e+08 66082.9 -102010 -1.67086e+07
-66070.9 102010 2.47435e+08 66070.9 -102010 -1.67049e+07
-66058.9 102010 2.47403e+08 66058.9 -102010 -1.67012e+07
-66046.9 102010 2.47372e+08 66046.9 -102010 -1.66976e+07
-66034.9 102010 2.47341e+08 66034.9 -102010 -1.66939e+07
-66022.9 102010 2.47309e+08 66022.9 -102010 -1.66902e+07
-66010.9 102010 2.47278e+08 66010.9 -102010 -1.66866e+07
-65998.9 102010 2.47247e+08 65998.9 -102010 -1.66829e+07
-65986.9 102010 2.47215e+08 65986.9 -102010 -1.66792e+07
-65974.9 102010 2.47184e+08 65974.9 -102010 -1.66756e+07
-65962.9 102010 2.47153e+08 65962.9 -102010 -1.66719e+07
-65950.9 102010 2.47121e+08 65950.9 -102010 -1.66682e+07
-65938.9 102010 2.4709e+08 65938.9 -102010 -1.66646e+07
-65926.9 102010 2.47059e+08 65926.9 -102010 -1.66609e+07
-65914.9 102010 2.47027e+08 65914.9 -102010 -1.66572e+07
-65902.9 102010 2.46996e+08 65902.9 -102010 -1.66536e+07
-65890.8 102010 2.46965e+08 65890.8 -102010 -1.66499e+07
-65878.8 102010 2.46933e+08 65878.8 -102010 -1.66463e+07
-65866.8 102010 2.46902e+08 65866.8 -102010 -1.66426e+07
-65854.8 102010 2.46871e+08 65854.8 -102010 -1.66389e+07
-65842.8 102010 2.46839e+08 65842.8 -102010 -1.66353e+07
-65830.8 102010 2.46808e+08 65830.8 -102010 -1.66316e+07
-65818.8 102010 2.46777e+08 65818.8 -102010 -1.66279e+07
-65806.8 102010 2.46745e+08 65806.8 -102010 -1.66243e+07
-65794.8 102010 2.46714e+08 65794.8 -102010 -1.66206e+07
-65782.8 102010 2.46683e+08 65782.8 -102010 -1.66169e+07
-65770.8 102010 2.46651e+08 65770.8 -102010 -1.66133e+07
-65758.8 102010 2.4662e+08 65758.8 -102010 -1.66096e+07
-65746.8 102010 2.46589e+08 65746.8 -102010 -1.6606e+07
-65734.8 102010 2.46557e+08 65734.8 -102010 -1.66023e+07
-65722.8 102010 2.46526e+08 65722.8 -102010 -1.65986e+07
-65710.8 102010 2.46495e+08 65710.8 -102010 -1.6595e+07
-65698.8 102010 2.46464e+08 65698.8 -102010 -1.65913e+07
-65686.8 102010 2.46432e+08 65686.8 -102010 -1.65876e+07
-65674.8 102010 2.46401e+08 65674.8 -102010 -1.6584e+07
-65662.8 102010 2.4637e+08 65662.8 -102010 -1.65803e+07
-65650.8 102010 2.46338e+08 65650.8 -102010 -1.65767e+07
-65638.8 102010 2.46307e+08 65638.8 -102010 -1.6573e+07
-65626.8 102010 2.46276e+08 65626.8 -102010 -1.65694e+07
-65614.7 102010 2.46244e+08 65614.7 -102010 -1.65657e+07
-65602.7 102010 2.46213e+08 65602.7 -102010 -1.6562e+07
-65590.7 102010 2.46182e+08 65590.7 -102010 -1.65584e+07
-65578.7 102010 2.4615e+08 65578.7 -102010 -1.65547e+07
-65566.7 102010 2.46119e+08 65566.7 -102010 -1.65511e+07
-65554.7 102010 2.46088e+08 65554.7 -102010 -1.65474e+07
-65542.7 102010 2.46056e+08 65542.7 -102010 -1.65437e+07
-65530.7 102010 2.46025e+08 65530.7 -102010 -1.65401e+07
-65518.7 102010 2.45994e+08 65518.7 -102010 -1.65364e+07
-65506.7 102010 2.45963e+08 65506.7 -102010 -1.65328e+07
-65494.7 102010 2.45931e+08 65494.7 -102010 -1.65291e+07
-65482.7 102010 2.459e+08 65482.7 -102010 -1.65255e+07
-65470.7 102010 2.45869e+08 65470.7 -102010 -1.65218e+07
-65458.7 102010 2.45837e+08 65458.7 -102010 -1.65182e+07
-65446.7 102010 2.45806e+08 65446.7 -102010 -1.65145e+07
-65434.7 102010 2.45775e+08 65434.7 -102010 -1.65109e+07
-65422.7 102010 2.45743e+08 65422.7 -102010 -1.65072e+07
-65410.7 102010 2.45712e+08 65410.7 -102010 -1.65035e+07
-65398.7 102010 2.45681e+08 65398.7 -102010 -1.64999e+07
-65386.7 102010 2.45649e+08 65386.7 -102010 -1.64962e+07
-65374.7 102010 2.45618e+08 65374.7 -102010 -1.64926e+07
-65362.7 102010 2.45587e+08 65362.7 -102010 -1.64889e+07
-65350.7 102010 2.45556e+08 65350.7 -102010 -1.64853e+07
-65338.7 102010 2.45524e+08 65338.7 -102010 -1.64816e+07
-65326.7 102010 2.45493e+08 65326.7 -102010 -1.6478e+07
-65314.7 102010 2.45462e+08 65314.7 -102010 -1.64743e+07
-65302.7 102010 2.4543e+08 65302.7 -102010 -1.64707e+07
-65290.7 102010 2.45399e+08 65290.7 -102010 -1.6467e+07
-65278.7 102010 2.45368e+08 65278.7 -102010 -1.64633e+07
-65266.7 102010 2.45336e+08 65266.7 -102010 -1.64597e+07
-65254.7 102010 2.45305e+08 65254.7 -102010 -1.64561e+07
-65242.7 102010 2.45274e+08 65242.7 -102010 -1.64524e+07
-65230.7 102010 2.45242e+08 65230.7 -102010 -1.64487e+07
-65218.6 102010 2.45211e+08 65218.6 -102010 -1.64451e+07
-65206.6 102010 2.4518e+08 65206.6 -102010 -1.64414e+07
-65194.6 102010 2.45149e+08 65194.6 -102010 -1.64378e+07
-65182.6 102010 2.45117e+08 65182.6 -102010 -1.64342e+07
-65170.6 102010 2.45086e+08 65170.6 -102010 -1.64305e+07
-65158.6 102010 2.45055e+08 65158.6 -102010 -1.64268e+07
-65146.6 102010 2.45023e+08 65146.6 -102010 -1.64232e+07
-65134.6 102010 2.44992e+08 65134.6 -102010 -1.64195e+07
-65122.6 102010 2.44961e+08 65122.6 -102010 -1.64159e+07
-65110.6 102010 2.44929e+08 65110.6 -102010 -1.64122e+07
-65098.6 102010 2.44898e+08 65098.6 -102010 -1.64086e+07
-65086.6 102010 2.44867e+08 65086.6 -102010 -1.6405e+07
-65074.6 102010 2.44836e+08 65074.6 -102010 -1.64013e+07
-65062.6 102010 2.44804e+08 65062.6 -102010 -1.63977e+07
-65050.6 102010 2.44773e+08 65050.6 -102010 -1.6394e+07
-65038.6 102010 2.44742e+08 65038.6 -102010 -1.63904e+07
-65026.6 102010 2.4471e+08 65026.6 -102010 -1.63867e+07
-65014.6 102010 2.44679e+08 65014.6 -102010 -1.63831e+07
-65002.6 102010 2.44648e+08 65002.6 -102010 -1.63794e+07
-64990.6 102010 2.44617e+08 64990.6 -102010 -1.63758e+07
-64978.6 102010 2.44585e+08 64978.6 -102010 -1.63721e+07
-64966.6 102010 2.44554e+08 64966.6 -102010 -1.63685e+07
-64954.6 102010 2.44523e+08 64954.6 -102010 -1.63648e+07
-64942.6 102010 2.44491e+08 64942.6 -102010 -1.63612e+07
-64930.6 102010 2.4446e+08 64930.6 -102010 -1.63575e+07
-64918.6 102010 2.44429e+08 64918.6 -102010 -1.63539e+07
-64906.6 102010 2.44397e+08 64906.6 -102010 -1.63503e+07
-64894.6 102010 2.44366e+08 64894.6 -102010 -1.63466e+07
-64882.6 102010 2.44335e+08 64882.6 -102010 -1.6343e+07
-64870.6 102010 2.44304e+08 64870.6 -102010 -1.63393e+07
-64858.6 102010 2.44272e+08 64858.6 -102010 -1.63357e+07
-64846.6 102010 2.44241e+08 64846.6 -102010 -1.6332e+07
-64834.6 102010 2.4421e+08 64834.6 -102010 -1.63284e+07
-64822.6 102010 2.44178e+08 64822.6 -102010 -1.63247e+07
-64810.6 102010 2.44147e+08 64810.6 -102010 -1.63211e+07
-64798.6 102010 2.44116e+08 64798.6 -102010 -1.63175e+07
-64786.6 102010 2.44085e+08 64786.6 -102010 -1.63138e+07
-64774.6 102010 2.44053e+08 64774.6 -102010 -1.63102e+07
-64762.6 102010 2.44022e+08 64762.6 -102010 -1.63065e+07
-64750.6 102010 2.43991e+08 64750.6 -102010 -1.63029e+07
-64738.6 102010 2.43959e+08 64738.6 -102010 -1.62993e+07
-64726.6 102010 2.43928e+08 64726.6 -102010 -1.62956e+07
-64714.6 102010 2.43897e+08 64714.6 -102010 -1.6292e+07
-64702.6 102010 2.43866e+08 64702.6 -102010 -1.62883e+07
-64690.6 102010 2.43834e+08 64690.6 -102010 -1.62847e+07
-64678.6 102010 2.43803e+08 64678.6 -102010 -1.62811e+07
-64666.6 102010 2.43772e+08 64666.6 -102010 -1.62774e+07
-64654.6 102010 2.4374e+08 64654.6 -102010 -1.62738e+07
-64642.6 102010 2.43709e+08 64642.6 -102010 -1.62701e+07
-64630.6 102010 2.43678e+08 64630.6 -102010 -1.62665e+07
-64618.6 102010 2.43647e+08 64618.6 -102010 -1.62629e+07
-64606.6 102010 2.43615e+08 64606.6 -102010 -1.62592e+07
-64594.6 102010 2.43584e+08 64594.6 -102010 -1.62556e+07
-64582.6 102010 2.43553e+08 64582.6 -102010 -1.62519e+07
-64570.6 102010 2.43521e+08 64570.6 -102010 -1.62483e+07
-64558.6 102010 2.4349e+08 64558.6 -102010 -1.62447e+07
-64546.6 102010 2.43459e+08 64546.6 -102010 -1.6241e+07
-64534.6 102010 2.43428e+08 64534.6 -102010 -1.62374e+07
-64522.6 102010 2.43396e+08 64522.6 -102010 -1.62338e+07
-64510.6 102010 2.43365e+08 64510.6 -102010 -1.62301e+07
-64498.6 102010 2.43334e+08 64498.6 -102010 -1.62265e+07
-64486.6 102010 2.43303e+08 64486.6 -102010 -1.62228e+07
-64474.6 102010 2.43271e+08 64474.6 -102010 -1.62192e+07
-64462.6 102010 2.4324e+08 64462.6 -102010 -1.62156e+07
-64450.6 102010 2.43209e+08 64450.6 -102010 -1.62119e+07
-64438.6 102010 2.43177e+08 64438.6 -102010 -1.62083e+07
-64426.6 102010 2.43146e+08 64426.6 -102010 -1.62047e+07
-64414.6 102010 2.43115e+08 64414.6 -102010 -1.6201e+07
-64402.6 102010 2.43084e+08 64402.6 -102010 -1.61974e+07
-64390.6 102010 2.43052e+08 64390.6 -102010 -1.61938e+07
-64378.6 102010 2.43021e+08 64378.6 -102010 -1.61901e+07
-64366.6 102010 2.4299e+08 64366.6 -102010 -1.61865e+07
-64354.6 102010 2.42959e+08 64354.6 -102010 -1.61829e+07
-64342.6 102010 2.42927e+08 64342.6 -102010 -1.61792e+07
-64330.6 102010 2.42896e+08 64330.6 -102010 -1.61756e+07
-64318.6 102010 2.42865e+08 64318.6 -102010 -1.6172e+07
-64306.6 102010 2.42833e+08 64306.6 -102010 -1.61683e+07
-64294.6 102010 2.42802e+08 64294.6 -102010 -1.61647e+07
-64282.6 102010 2.42771e+08 64282.6 -102010 -1.61611e+07
-64270.6 102010 2.4274e+08 64270.6 -102010 -1.61574e+07
-64258.6 102010 2.42708e+08 64258.6 -102010 -1.61538e+07
-64246.6 102010 2.42677e+08 64246.6 -102010 -1.61502e+07
-64234.6 102010 2.42646e+08 64234.6 -102010 -1.61465e+07
-64222.6 102010 2.42615e+08 64222.6 -102010 -1.61429e+07
-64210.6 102010 2.42583e+08 64210.6 -102010 -1.61393e+07
-64198.6 102010 2.42552e+08 64198.6 -102010 -1.61357e+07
-64186.6 102010 2.42521e+08 64186.6 -102010 -1.6132e+07
-64174.6 102010 2.42489e+08 64174.6 -102010 -1.61284e+07
-64162.6 102010 2.42458e+08 64162.6 -102010 -1.61248e+07
-64150.6 102010 2.42427e+08 64150.6 -102010 -1.61211e+07
-64138.6 102010 2.42396e+08 64138.6 -102010 -1.61175e+07
-64126.6 102010 2.42364e+08 64126.6 -102010 -1.61139e+07
-64114.6 102010 2.42333e+08 64114.6 -102010 -1.61102e+07
-64102.6 102010 2.42302e+08 64102.6 -102010 -1.61066e+07
-64090.6 102010 2.42271e+08 64090.6 -102010 -1.6103e+07
-64078.6 102010 2.42239e+08 64078.6 -102010 -1.60993e+07
-64066.6 102010 2.42208e+08 64066.6 -102010 -1.60957e+07
-64054.6 102010 2.42177e+08 64054.6 -102010 -1.60921e+07
-64042.7 102010 2.42146e+08 64042.7 -102010 -1.60885e+07
-64030.7 102010 2.42114e+08 64030.7 -102010 -1.60848e+07
-64018.7 102010 2.42083e+08 64018.7 -102010 -1.60812e+07
-64006.7 102010 2.42052e+08 64006.7 -102010 -1.60776e+07
-63994.7 102010 2.4202e+08 63994.7 -102010 -1.6074e+07
-63982.7 102010 2.41989e+08 63982.7 -102010 -1.60703e+07
-63970.7 102010 2.41958e+08 63970.7 -102010 -1.60667e+07
-63958.7 102010 2.41927e+08 63958.7 -102010 -1.60631e+07
-63946.7 102010 2.41895e+08 63946.7 -102010 -1.60595e+07
-63934.7 102010 2.41864e+08 63934.7 -102010 -1.60559e+07
-63922.7 102010 2.41833e+08 63922.7 -102010 -1.60522e+07
-63910.7 102010 2.41802e+08 63910.7 -102010 -1.60486e+07
-63898.7 102010 2.4177e+08 63898.7 -102010 -1.6045e+07
-63886.7 102010 2.41739e+08 63886.7 -102010 -1.60413e+07
-63874.7 102010 2.41708e+08 63874.7 -102010 -1.60377e+07
-63862.7 102010 2.41677e+08 63862.7 -102010 -1.60341e+07
-63850.7 102010 2.41645e+08 63850.7 -102010 -1.60305e+07
-63838.7 102010 2.41614e+08 63838.7 -102010 -1.60269e+07
-63826.7 102010 2.41583e+08 63826.7 -102010 -1.60232e+07
-63814.7 102010 2.41552e+08 63814.7 -102010 -1.60196e+07
-63802.7 102010 2.4152e+08 63802.7 -102010 -1.6016e+07
-63790.7 102010 2.41489e+08 63790.7 -102010 -1.60124e+07
-63778.7 102010 2.41458e+08 63778.7 -102010 -1.60087e+07
-63766.7 102010 2.41427e+08 63766.7 -102010 -1.60051e+07
-63754.7 102010 2.41395e+08 63754.7 -102010 -1.60015e+07
-63742.7 102010 2.41364e+08 63742.7 -102010 -1.59979e+07
-63730.7 102010 2.41333e+08 63730.7 -102010 -1.59943e+07
-63709.6 102010 2.4127e+08 63709.6 -102010 -1.59884e+07
-63664.5 102010 2.41125e+08 63664.5 -102010 -1.59765e+07
-63619.4 102010 2.4098e+08 63619.4 -102010 -1.59647e+07
-63574.3 102010 2.40835e+08 63574.3 -102010 -1.59529e+07
-63529.2 102010 2.40689e+08 63529.2 -102010 -1.5941e+07
-63484.1 102010 2.40544e+08 63484.1 -102010 -1.59292e+07
-63439 102010 2.40399e+08 63439 -102010 -1.59174e+07
-63393.9 102010 2.40254e+08 63393.9 -102010 -1.59055e+07
-63348.8 102010 2.40109e+08 63348.8 -102010 -1.58937e+07
-63303.7 102010 2.39964e+08 63303.7 -102010 -1.58819e+07
-63258.7 102010 2.39818e+08 63258.7 -102010 -1.58701e+07
-63213.6 102010 2.39673e+08 63213.6 -102010 -1.58582e+07
-63168.5 102010 2.39528e+08 63168.5 -102010 -1.58464e+07
-63123.4 102010 2.39383e+08 63123.4 -102010 -1.58346e+07
-63078.3 102010 2.39238e+08 63078.3 -102010 -1.58228e+07
-63033.2 102010 2.39093e+08 63033.2 -102010 -1.58109e+07
-62988.1 102010 2.38947e+08 62988.1 -102010 -1.57991e+07
-62943 102010 2.38802e+08 62943 -102010 -1.57873e+07
-62898 102010 2.38657e+08 62898 -102010 -1.57755e+07
-62852.9 102010 2.38512e+08 62852.9 -102010 -1.57637e+07
-62807.8 102010 2.38367e+08 62807.8 -102010 -1.57518e+07
-62762.7 102010 2.38222e+08 62762.7 -102010 -1.574e+07
-62717.6 102010 2.38077e+08 62717.6 -102010 -1.57282e+07
-62672.5 102010 2.37932e+08 62672.5 -102010 -1.57164e+07
-62627.4 102010 2.37786e+08 62627.4 -102010 -1.57046e+07
-62582.3 102010 2.37641e+08 62582.3 -102010 -1.56927e+07
-62537.3 102010 2.37496e+08 62537.3 -102010 -1.56809e+07
-62492.2 102010 2.37351e+08 62492.2 -102010 -1.56691e+07
-62447.1 102010 2.37206e+08 62447.1 -102010 -1.56573e+07
-62402 102010 2.37061e+08 62402 -102010 -1.56455e+07
-62356.9 102010 2.36916e+08 62356.9 -102010 -1.56337e+07
-62311.8 102010 2.3677e+08 62311.8 -102010 -1.56219e+07
-62266.8 102010 2.36625e+08 62266.8 -102010 -1.56101e+07
-62221.7 102010 2.3648e+08 62221.7 -102010 -1.55982e+07
-62176.6 102010 2.36335e+08 62176.6 -102010 -1.55864e+07
-62131.5 102010 2.3619e+08 62131.5 -102010 -1.55746e+07
-62086.4 102010 2.36045e+08 62086.4 -102010 -1.55628e+07
-62041.3 102010 2.359e+08 62041.3 -102010 -1.5551e+07
-61996.2 102010 2.35755e+08 61996.2 -102010 -1.55392e+07
-61951.2 102010 2.3561e+08 61951.2 -102010 -1.55274e+07
-61906.1 102010 2.35464e+08 61906.1 -102010 -1.55156e+07
-61861 102010 2.35319e+08 61861 -102010 -1.55038e+07
-61815.9 102010 2.35174e+08 61815.9 -102010 -1.5492e+07
-61770.8 102010 2.35029e+08 61770.8 -102010 -1.54802e+07
-61725.8 102010 2.34884e+08 61725.8 -102010 -1.54684e+07
-61680.7 102010 2.34739e+08 61680.7 -102010 -1.54566e+07
-61635.6 102010 2.34594e+08 61635.6 -102010 -1.54448e+07
-61590.5 102010 2.34449e+08 61590.5 -102010 -1.5433e+07
-61545.4 102010 2.34304e+08 61545.4 -102010 -1.54212e+07
-61500.3 102010 2.34158e+08 61500.3 -102010 -1.54094e+07
-61455.3 102010 2.34013e+08 61455.3 -102010 -1.53976e+07
-61410.2 102010 2.33868e+08 61410.2 -102010 -1.53858e+07
-61365.1 102010 2.33723e+08 61365.1 -102010 -1.5374e+07
-61320 102010 2.33578e+08 61320 -102010 -1.53622e+07
-61274.9 102010 2.33433e+08 61274.9 -102010 -1.53504e+07
-61229.9 102010 2.33288e+08 61229.9 -102010 -1.53387e+07
-61184.8 102010 2.33143e+08 61184.8 -102010 -1.53269e+07
-61139.7 102010 2.32998e+08 61139.7 -102010 -1.53151e+07
-61094.6 102010 2.32853e+08 61094.6 -102010 -1.53033e+07
-61049.5 102010 2.32708e+08 61049.5 -102010 -1.52915e+07
-61004.5 102010 2.32563e+08 61004.5 -102010 -1.52797e+07
-60959.4 102010 2.32417e+08 60959.4 -102010 -1.52679e+07
-60914.3 102010 2.32272e+08 60914.3 -102010 -1.52561e+07
-60869.2 102010 2.32127e+08 60869.2 -102010 -1.52443e+07
-60811.4 102010 2.31938e+08 60811.4 -102010 -1.52294e+07
-60752 102010 2.31743e+08 60752 -102010 -1.52141e+07
-60692.7 102010 2.31549e+08 60692.7 -102010 -1.51988e+07
-60633.4 102010 2.31355e+08 60633.4 -102010 -1.51835e+07
-60574.1 102010 2.3116e+08 60574.1 -102010 -1.51682e+07
-60514.8 102010 2.30966e+08 60514.8 -102010 -1.51529e+07
-60455.5 102010 2.30772e+08 60455.5 -102010 -1.51377e+07
-60396.2 102010 2.30577e+08 60396.2 -102010 -1.51224e+07
-60336.8 102010 2.30383e+08 60336.8 -102010 -1.51071e+07
-60277.5 102010 2.30189e+08 60277.5 -102010 -1.50918e+07
-60218.2 102010 2.29994e+08 60218.2 -102010 -1.50765e+07
-60158.9 102010 2.298e+08 60158.9 -102010 -1.50612e+07
-60099.6 102010 2.29605e+08 60099.6 -102010 -1.50459e+07
-60040.3 102010 2.29411e+08 60040.3 -102010 -1.50307e+07
-59981 102010 2.29217e+08 59981 -102010 -1.50154e+07
-59921.6 102010 2.29022e+08 59921.6 -102010 -1.50001e+07
-59862.3 102010 2.28828e+08 59862.3 -102010 -1.49848e+07
-59803 102010 2.28634e+08 59803 -102010 -1.49695e+07
-59743.7 102010 2.28439e+08 59743.7 -102010 -1.49543e+07
-59684.4 102010 2.28245e+08 59684.4 -102010 -1.4939e+07
-59625.1 102010 2.28051e+08 59625.1 -102010 -1.49237e+07
-59565.8 102010 2.27856e+08 59565.8 -102010 -1.49084e+07
-59506.5 102010 2.27662e+08 59506.5 -102010 -1.48932e+07
-59447.1 102010 2.27468e+08 59447.1 -102010 -1.48779e+07
-59387.8 102010 2.27273e+08 59387.8 -102010 -1.48626e+07
-59328.5 102010 2.27079e+08 59328.5 -102010 -1.48473e+07
-59269.2 102010 2.26885e+08 59269.2 -102010 -1.48321e+07
-59209.9 102010 2.2669e+08 59209.9 -102010 -1.48168e+07
-59150.6 102010 2.26496e+08 59150.6 -102010 -1.48015e+07
-59091.3 102010 2.26302e+08 59091.3 -102010 -1.47863e+07
-59032 102010 2.26107e+08 59032 -102010 -1.4771e+07
-58972.6 102010 2.25913e+08 58972.6 -102010 -1.47557e+07
-58913.3 102010 2.25718e+08 58913.3 -102010 -1.47405e+07
-58854 102010 2.25524e+08 58854 -102010 -1.47252e+07
-58794.7 102010 2.2533e+08 58794.7 -102010 -1.47099e+07
-58735.4 102010 2.25135e+08 58735.4 -102010 -1.46947e+07
-58676.1 102010 2.24941e+08 58676.1 -102010 -1.46794e+07
-58616.8 102010 2.24747e+08 58616.8 -102010 -1.46641e+07
-58557.5 102010 2.24552e+08 58557.5 -102010 -1.46489e+07
-58498.2 102010 2.24358e+08 58498.2 -102010 -1.46336e+07
-58438.8 102010 2.24164e+08 58438.8 -102010 -1.46184e+07
-58379.5 102010 2.2397e+08 58379.5 -102010 -1.46031e+07
-58320.2 102010 2.23775e+08 58320.2 -102010 -1.45878e+07
-58260.9 102010 2.23581e+08 58260.9 -102010 -1.45726e+07
-58201.6 102010 2.23387e+08 58201.6 -102010 -1.45573e+07
-58142.3 102010 2.23192e+08 58142.3 -102010 -1.45421e+07
-58083 102010 2.22998e+08 58083 -102010 -1.45268e+07
-58023.7 102010 2.22804e+08 58023.7 -102010 -1.45116e+07
-57964.4 102010 2.22609e+08 57964.4 -102010 -1.44963e+07
-57905 102010 2.22415e+08 57905 -102010 -1.44811e+07
-57845.7 102010 2.22221e+08 57845.7 -102010 -1.44658e+07
-57786.4 102010 2.22026e+08 57786.4 -102010 -1.44506e+07
-57727.1 102010 2.21832e+08 57727.1 -102010 -1.44353e+07
-57667.8 102010 2.21638e+08 57667.8 -102010 -1.44201e+07
-57608.5 102010 2.21443e+08 57608.5 -102010 -1.44048e+07
-57549.2 102010 2.21249e+08 57549.2 -102010 -1.43896e+07
-57489.9 102010 2.21055e+08 57489.9 -102010 -1.43743e+07
-57430.6 102010 2.2086e+08 57430.6 -102010 -1.43591e+07
-57371.3 102010 2.20666e+08 57371.3 -102010 -1.43438e+07
-57311.9 102010 2.20472e+08 57311.9 -102010 -1.43286e+07
-57252.6 102010 2.20277e+08 57252.6 -102010 -1.43134e+07
-57193.3 102010 2.20083e+08 57193.3 -102010 -1.42981e+07
-57134 102010 2.19889e+08 57134 -102010 -1.42829e+07
-57074.7 102010 2.19695e+08 57074.7 -102010 -1.42676e+07
-57015.4 102010 2.195e+08 57015.4 -102010 -1.42524e+07
-56956.1 102010 2.19306e+08 56956.1 -102010 -1.42372e+07
-56896.8 102010 2.19112e+08 56896.8 -102010 -1.42219e+07
-56837.5 102010 2.18917e+08 56837.5 -102010 -1.42067e+07
-56778.2 102010 2.18723e+08 56778.2 -102010 -1.41915e+07
-56718.8 102010 2.18529e+08 56718.8 -102010 -1.41762e+07
-56659.5 102010 2.18334e+08 56659.5 -102010 -1.4161e+07
-56600.2 102010 2.1814e+08 56600.2 -102010 -1.41458e+07
-56540.9 102010 2.17946e+08 56540.9 -102010 -1.41305e+07
-56481.6 102010 2.17752e+08 56481.6 -102010 -1.41153e+07
-56422.3 102010 2.17557e+08 56422.3 -102010 -1.41001e+07
-56363 102010 2.17363e+08 56363 -102010 -1.40848e+07
-56303.7 102010 2.17169e+08 56303.7 -102010 -1.40696e+07
-56244.4 102010 2.16974e+08 56244.4 -102010 -1.40544e+07
-56185.1 102010 2.1678e+08 56185.1 -102010 -1.40392e+07
-56125.8 102010 2.16586e+08 56125.8 -102010 -1.40239e+07
-56066.5 102010 2.16392e+08 56066.5 -102010 -1.40087e+07
-56007.1 102010 2.16197e+08 56007.1 -102010 -1.39935e+07
-55947.8 102010 2.16003e+08 55947.8 -102010 -1.39783e+07
-55888.5 102010 2.15809e+08 55888.5 -102010 -1.39631e+07
-55829.2 102010 2.15614e+08 55829.2 -102010 -1.39478e+07
-55769.9 102010 2.1542e+08 55769.9 -102010 -1.39326e+07
-55710.6 102010 2.15226e+08 55710.6 -102010 -1.39174e+07
-55651.3 102010 2.15032e+08 55651.3 -102010 -1.39022e+07
-55592 102010 2.14837e+08 55592 -102010 -1.3887e+07
-55532.7 102010 2.14643e+08 55532.7 -102010 -1.38717e+07
-55473.4 102010 2.14449e+08 55473.4 -102010 -1.38565e+07
-55414.1 102010 2.14255e+08 55414.1 -102010 -1.38413e+07
-55354.8 102010 2.1406e+08 55354.8 -102010 -1.38261e+07
-55295.4 102010 2.13866e+08 55295.4 -102010 -1.38109e+07
-55236.1 102010 2.13672e+08 55236.1 -102010 -1.37957e+07
-55176.8 102010 2.13477e+08 55176.8 -102010 -1.37805e+07
-55117.5 102010 2.13283e+08 55117.5 -102010 -1.37652e+07
-55058.2 102010 2.13089e+08 55058.2 -102010 -1.375e+07
-54998.9 102010 2.12895e+08 54998.9 -102010 -1.37348e+07
-54939.6 102010 2.127e+08 54939.6 -102010 -1.37196e+07
-54880.3 102010 2.12506e+08 54880.3 -102010 -1.37044e+07
-54821 102010 2.12312e+08 54821 -102010 -1.36892e+07
-54761.7 102010 2.12118e+08 54761.7 -102010 -1.3674e+07
-54702.4 102010 2.11923e+08 54702.4 -102010 -1.36588e+07
-54643.1 102010 2.11729e+08 54643.1 -102010 -1.36436e+07
-54583.8 102010 2.11535e+08 54583.8 -102010 -1.36284e+07
-54524.5 102010 2.11341e+08 54524.5 -102010 -1.36132e+07
-54465.2 102010 2.11146e+08 54465.2 -102010 -1.3598e+07
-54405.8 102010 2.10952e+08 54405.8 -102010 -1.35828e+07
-54346.5 102010 2.10758e+08 54346.5 -102010 -1.35676e+07
-54287.2 102010 2.10564e+08 54287.2 -102010 -1.35524e+07
-54227.9 102010 2.10369e+08 54227.9 -102010 -1.35372e+07
-54168.6 102010 2.10175e+08 54168.6 -102010 -1.3522e+07
-54109.3 102010 2.09981e+08 54109.3 -102010 -1.35068e+07
-54050 102010 2.09787e+08 54050 -102010 -1.34916e+07
-53990.7 102010 2.09592e+08 53990.7 -102010 -1.34764e+07
-53931.4 102010 2.09398e+08 53931.4 -102010 -1.34612e+07
-53872.1 102010 2.09204e+08 53872.1 -102010 -1.3446e+07
-53812.8 102010 2.0901e+08 53812.8 -102010 -1.34309e+07
-53753.5 102010 2.08815e+08 53753.5 -102010 -1.34157e+07
-53694.2 102010 2.08621e+08 53694.2 -102010 -1.34005e+07
-53634.9 102010 2.08427e+08 53634.9 -102010 -1.33853e+07
-53575.6 102010 2.08233e+08 53575.6 -102010 -1.33701e+07
-53516.3 102010 2.08038e+08 53516.3 -102010 -1.33549e+07
-53457 102010 2.07844e+08 53457 -102010 -1.33397e+07
-53397.6 102010 2.0765e+08 53397.6 -102010 -1.33245e+07
-53338.3 102010 2.07456e+08 53338.3 -102010 -1.33093e+07
-53279 102010 2.07261e+08 53279 -102010 -1.32942e+07
-53219.7 102010 2.07067e+08 53219.7 -102010 -1.3279e+07
-53160.4 102010 2.06873e+08 53160.4 -102010 -1.32638e+07
-53101.1 102010 2.06679e+08 53101.1 -102010 -1.32486e+07
-53041.8 102010 2.06485e+08 53041.8 -102010 -1.32335e+07
-52982.5 102010 2.0629e+08 52982.5 -102010 -1.32183e+07
-52923.2 102010 2.06096e+08 52923.2 -102010 -1.32031e+07
-52863.9 102010 2.05902e+08 52863.9 -102010 -1.31879e+07
-52804.6 102010 2.05708e+08 52804.6 -102010 -1.31727e+07
-52745.3 102010 2.05513e+08 52745.3 -102010 -1.31576e+07
-52686 102010 2.05319e+08 52686 -102010 -1.31424e+07
-52626.7 102010 2.05125e+08 52626.7 -102010 -1.31272e+07
-52567.4 102010 2.04931e+08 52567.4 -102010 -1.3112e+07
-52508.1 102010 2.04737e+08 52508.1 -102010 -1.30969e+07
-52448.8 102010 2.04542e+08 52448.8 -102010 -1.30817e+07
-52389.5 102010 2.04348e+08 52389.5 -102010 -1.30665e+07
-52330.2 102010 2.04154e+08 52330.2 -102010 -1.30514e+07
-52270.9 102010 2.0396e+08 52270.9 -102010 -1.30362e+07
-52211.6 102010 2.03766e+08 52211.6 -102010 -1.3021e+07
-52152.3 102010 2.03571e+08 52152.3 -102010 -1.30059e+07
-52093 102010 2.03377e+08 52093 -102010 -1.29907e+07
-52033.7 102010 2.03183e+08 52033.7 -102010 -1.29755e+07
-51974.4 102010 2.02989e+08 51974.4 -102010 -1.29604e+07
-51915 102010 2.02794e+08 51915 -102010 -1.29452e+07
-51855.7 102010 2.026e+08 51855.7 -102010 -1.293e+07
-51796.4 102010 2.02406e+08 51796.4 -102010 -1.29149e+07
-51737.1 102010 2.02212e+08 51737.1 -102010 -1.28997e+07
-51677.8 102010 2.02018e+08 51677.8 -102010 -1.28846e+07
-51618.5 102010 2.01823e+08 51618.5 -102010 -1.28694e+07
-51559.2 102010 2.01629e+08 51559.2 -102010 -1.28542e+07
-51499.9 102010 2.01435e+08 51499.9 -102010 -1.28391e+07
-51440.6 102010 2.01241e+08 51440.6 -102010 -1.28239e+07
-51381.3 102010 2.01047e+08 51381.3 -102010 -1.28088e+07
-51322 102010 2.00852e+08 51322 -102010 -1.27936e+07
-51262.7 102010 2.00658e+08 51262.7 -102010 -1.27785e+07
-51203.4 102010 2.00464e+08 51203.4 -102010 -1.27633e+07
-51144.1 102010 2.0027e+08 51144.1 -102010 -1.27481e+07
-51084.8 102010 2.00076e+08 51084.8 -102010 -1.2733e+07
-51025.5 102010 1.99881e+08 51025.5 -102010 -1.27178e+07
-50966.2 102010 1.99687e+08 50966.2 -102010 -1.27027e+07
-50906.9 102010 1.99493e+08 50906.9 -102010 -1.26876e+07
-50847.6 102010 1.99299e+08 50847.6 -102010 -1.26724e+07
-50788.3 102010 1.99105e+08 50788.3 -102010 -1.26573e+07
-50729 102010 1.98911e+08 50729 -102010 -1.26421e+07
-50669.7 102010 1.98716e+08 50669.7 -102010 -1.2627e+07
-50610.4 102010 1.98522e+08 50610.4 -102010 -1.26118e+07
-50551.1 102010 1.98328e+08 50551.1 -102010 -1.25967e+07
-50491.8 102010 1.98134e+08 50491.8 -102010 -1.25816e+07
-50432.5 102010 1.9794e+08 50432.5 -102010 -1.25664e+07
-50373.2 102010 1.97746e+08 50373.2 -102010 -1.25513e+07
-50313.9 102010 1.97551e+08 50313.9 -102010 -1.25361e+07
-50254.6 102010 1.97357e+08 50254.6 -102010 -1.2521e+07
-50195.3 102010 1.97163e+08 50195.3 -102010 -1.25059e+07
-50136 102010 1.96969e+08 50136 -102010 -1.24907e+07
-50076.7 102010 1.96775e+08 50076.7 -102010 -1.24756e+07
-50017.4 102010 1.9658e+08 50017.4 -102010 -1.24605e+07
-49958.1 102010 1.96386e+08 49958.1 -102010 -1.24453e+07
-49898.8 102010 1.96192e+08 49898.8 -102010 -1.24302e+07
-49839.5 102010 1.95998e+08 49839.5 -102010 -1.2415e+07
-49780.2 102010 1.95804e+08 49780.2 -102010 -1.23999e+07
-49720.9 102010 1.9561e+08 49720.9 -102010 -1.23848e+07
-49661.6 102010 1.95415e+08 49661.6 -102010 -1.23696e+07
-49602.3 102010 1.95221e+08 49602.3 -102010 -1.23545e+07
-49543 102010 1.95027e+08 49543 -102010 -1.23394e+07
-49483.7 102010 1.94833e+08 49483.7 -102010 -1.23243e+07
-49424.4 102010 1.94639e+08 49424.4 -102010 -1.23092e+07
-49365.1 102010 1.94445e+08 49365.1 -102010 -1.2294e+07
-49305.8 102010 1.9425e+08 49305.8 -102010 -1.22789e+07
-49246.5 102010 1.94056e+08 49246.5 -102010 -1.22638e+07
-49187.2 102010 1.93862e+08 49187.2 -102010 -1.22487e+07
-49127.9 102010 1.93668e+08 49127.9 -102010 -1.22335e+07
-49068.6 102010 1.93474e+08 49068.6 -102010 -1.22184e+07
-49009.3 102010 1.9328e+08 49009.3 -102010 -1.22033e+07
-48950 102010 1.93086e+08 48950 -102010 -1.21882e+07
-48890.7 102010 1.92891e+08 48890.7 -102010 -1.21731e+07
-48831.4 102010 1.92697e+08 48831.4 -102010 -1.21579e+07
-48772.1 102010 1.92503e+08 48772.1 -102010 -1.21428e+07
-48712.8 102010 1.92309e+08 48712.8 -102010 -1.21277e+07
-48653.5 102010 1.92115e+08 48653.5 -102010 -1.21126e+07
-48594.2 102010 1.91921e+08 48594.2 -102010 -1.20975e+07
-48534.9 102010 1.91727e+08 48534.9 -102010 -1.20824e+07
-48475.6 102010 1.91532e+08 48475.6 -102010 -1.20672e+07
-48416.3 102010 1.91338e+08 48416.3 -102010 -1.20521e+07
-48357 102010 1.91144e+08 48357 -102010 -1.2037e+07
-48297.7 102010 1.9095e+08 48297.7 -102010 -1.20219e+07
-48238.4 102010 1.90756e+08 48238.4 -102010 -1.20068e+07
-48179.1 102010 1.90562e+08 48179.1 -102010 -1.19917e+07
-48119.8 102010 1.90368e+08 48119.8 -102010 -1.19766e+07
-48060.5 102010 1.90173e+08 48060.5 -102010 -1.19615e+07
-48001.2 102010 1.89979e+08 48001.2 -102010 -1.19464e+07
-47941.9 102010 1.89785e+08 47941.9 -102010 -1.19313e+07
-47882.6 102010 1.89591e+08 47882.6 -102010 -1.19162e+07
-47823.3 102010 1.89397e+08 47823.3 -102010 -1.19011e+07
-47764 102010 1.89203e+08 47764 -102010 -1.1886e+07
-47704.7 102010 1.89009e+08 47704.7 -102010 -1.18709e+07
-47645.4 102010 1.88815e+08 47645.4 -102010 -1.18558e+07
-47586.1 102010 1.8862e+08 47586.1 -102010 -1.18407e+07
-47526.8 102010 1.88426e+08 47526.8 -102010 -1.18256e+07
-47467.5 102010 1.88232e+08 47467.5 -102010 -1.18105e+07
-47408.2 102010 1.88038e+08 47408.2 -102010 -1.17954e+07
-47348.9 102010 1.87844e+08 47348.9 -102010 -1.17803e+07
-47289.6 102010 1.8765e+08 47289.6 -102010 -1.17652e+07
-47230.3 102010 1.87456e+08 47230.3 -102010 -1.17501e+07
-47171 102010 1.87262e+08 47171 -102010 -1.1735e+07
-47111.7 102010 1.87067e+08 47111.7 -102010 -1.17199e+07
-47052.4 102010 1.86873e+08 47052.4 -102010 -1.17048e+07
-46993.1 102010 1.86679e+08 46993.1 -102010 -1.16897e+07
-46933.8 102010 1.86485e+08 46933.8 -102010 -1.16746e+07
-46874.5 102010 1.86291e+08 46874.5 -102010 -1.16596e+07
-46815.2 102010 1.86097e+08 46815.2 -102010 -1.16445e+07
-46756 102010 1.85903e+08 46756 -102010 -1.16294e+07
-46696.7 102010 1.85709e+08 46696.7 -102010 -1.16143e+07
-46637.4 102010 1.85515e+08 46637.4 -102010 -1.15992e+07
-46578.1 102010 1.8532e+08 46578.1 -102010 -1.15841e+07
-46518.8 102010 1.85126e+08 46518.8 -102010 -1.1569e+07
-46459.5 102010 1.84932e+08 46459.5 -102010 -1.1554e+07
-46400.2 102010 1.84738e+08 46400.2 -102010 -1.15389e+07
-46340.9 102010 1.84544e+08 46340.9 -102010 -1.15238e+07
-46281.6 102010 1.8435e+08 46281.6 -102010 -1.15087e+07
-46222.3 102010 1.84156e+08 46222.3 -102010 -1.14936e+07
-46163 102010 1.83962e+08 46163 -102010 -1.14786e+07
-46103.7 102010 1.83768e+08 46103.7 -102010 -1.14635e+07
-46044.4 102010 1.83574e+08 46044.4 -102010 -1.14484e+07
-45985.1 102010 1.83379e+08 45985.1 -102010 -1.14333e+07
-45925.8 102010 1.83185e+08 45925.8 -102010 -1.14183e+07
-45866.5 102010 1.82991e+08 45866.5 -102010 -1.14032e+07
-45807.2 102010 1.82797e+08 45807.2 -102010 -1.13881e+07
-45747.9 102010 1.82603e+08 45747.9 -102010 -1.1373e+07
-45688.6 102010 1.82409e+08 45688.6 -102010 -1.1358e+07
-45629.3 102010 1.82215e+08 45629.3 -102010 -1.13429e+07
-45570 102010 1.82021e+08 45570 -102010 -1.13278e+07
-45510.7 102010 1.81827e+08 45510.7 -102010 -1.13128e+07
-45451.4 102010 1.81633e+08 45451.4 -102010 -1.12977e+07
-45392.1 102010 1.81439e+08 45392.1 -102010 -1.12826e+07
-45332.9 102010 1.81245e+08 45332.9 -102010 -1.12676e+07
-45273.6 102010 1.8105e+08 45273.6 -102010 -1.12525e+07
-45214.3 102010 1.80856e+08 45214.3 -102010 -1.12374e+07
-45155 102010 1.80662e+08 45155 -102010 -1.12224e+07
-45095.7 102010 1.80468e+08 45095.7 -102010 -1.12073e+07
-45036.4 102010 1.80274e+08 45036.4 -102010 -1.11922e+07
-44977.1 102010 1.8008e+08 44977.1 -102010 -1.11772e+07
-44917.8 102010 1.79886e+08 44917.8 -102010 -1.11621e+07
-44858.5 102010 1.79692e+08 44858.5 -102010 -1.11471e+07
-44799.2 102010 1.79498e+08 44799.2 -102010 -1.1132e+07
-44739.9 102010 1.79304e+08 44739.9 -102010 -1.1117e+07
-44680.6 102010 1.7911e+08 44680.6 -102010 -1.11019e+07
-44621.3 102010 1.78916e+08 44621.3 -102010 -1.10868e+07
-44562 102010 1.78722e+08 44562 -102010 -1.10718e+07
-44502.7 102010 1.78528e+08 44502.7 -102010 -1.10567e+07
-44443.4 102010 1.78333e+08 44443.4 -102010 -1.10417e+07
-44384.1 102010 1.78139e+08 44384.1 -102010 -1.10266e+07
-44324.8 102010 1.77945e+08 44324.8 -102010 -1.10116e+07
-44265.6 102010 1.77751e+08 44265.6 -102010 -1.09965e+07
-44206.3 102010 1.77557e+08 44206.3 -102010 -1.09815e+07
-44147 102010 1.77363e+08 44147 -102010 -1.09664e+07
-44087.7 102010 1.77169e+08 44087.7 -102010 -1.09514e+07
-44028.4 102010 1.76975e+08 44028.4 -102010 -1.09363e+07
-43969.1 102010 1.76781e+08 43969.1 -102010 -1.09213e+07
-43909.8 102010 1.76587e+08 43909.8 -102010 -1.09062e+07
-43850.5 102010 1.76393e+08 43850.5 -102010 -1.08912e+07
-43791.2 102010 1.76199e+08 43791.2 -102010 -1.08761e+07
-43731.9 102010 1.76005e+08 43731.9 -102010 -1.08611e+07
-43672.6 102010 1.75811e+08 43672.6 -102010 -1.08461e+07
-43613.3 102010 1.75617e+08 43613.3 -102010 -1.0831e+07
-43554 102010 1.75423e+08 43554 -102010 -1.0816e+07
-43494.7 102010 1.75229e+08 43494.7 -102010 -1.0801e+07
-43435.4 102010 1.75034e+08 43435.4 -102010 -1.07859e+07
-43376.2 102010 1.7484e+08 43376.2 -102010 -1.07709e+07
-43316.9 102010 1.74646e+08 43316.9 -102010 -1.07558e+07
-43257.6 102010 1.74452e+08 43257.6 -102010 -1.07408e+07
-43198.3 102010 1.74258e+08 43198.3 -102010 -1.07258e+07
-43139 102010 1.74064e+08 43139 -102010 -1.07107e+07
-43079.7 102010 1.7387e+08 43079.7 -102010 -1.06957e+07
-43020.4 102010 1.73676e+08 43020.4 -102010 -1.06807e+07
-42961.1 102010 1.73482e+08 42961.1 -102010 -1.06656e+07
-42901.8 102010 1.73288e+08 42901.8 -102010 -1.06506e+07
-42842.5 102010 1.73094e+08 42842.5 -102010 -1.06356e+07
-42783.2 102010 1.729e+08 42783.2 -102010 -1.06206e+07
-42723.9 102010 1.72706e+08 42723.9 -102010 -1.06055e+07
-42664.7 102010 1.72512e+08 42664.7 -102010 -1.05905e+07
-42605.4 102010 1.72318e+08 42605.4 -102010 -1.05755e+07
-42546.1 102010 1.72124e+08 42546.1 -102010 -1.05605e+07
-42486.8 102010 1.7193e+08 42486.8 -102010 -1.05454e+07
-42427.5 102010 1.71736e+08 42427.5 -102010 -1.05304e+07
-42368.2 102010 1.71542e+08 42368.2 -102010 -1.05154e+07
-42308.9 102010 1.71348e+08 42308.9 -102010 -1.05004e+07
-42249.6 102010 1.71154e+08 42249.6 -102010 -1.04853e+07
-42190.3 102010 1.7096e+08 42190.3 -102010 -1.04703e+07
-42131 102010 1.70766e+08 42131 -102010 -1.04553e+07
-42071.7 102010 1.70572e+08 42071.7 -102010 -1.04403e+07
-42012.4 102010 1.70378e+08 42012.4 -102010 -1.04253e+07
-41953.2 102010 1.70184e+08 41953.2 -102010 -1.04102e+07
-41893.9 102010 1.6999e+08 41893.9 -102010 -1.03952e+07
-41834.6 102010 1.69796e+08 41834.6 -102010 -1.03802e+07
-41775.3 102010 1.69602e+08 41775.3 -102010 -1.03652e+07
-41716 102010 1.69408e+08 41716 -102010 -1.03502e+07
-41656.7 102010 1.69214e+08 41656.7 -102010 -1.03352e+07
-41597.4 102010 1.6902e+08 41597.4 -102010 -1.03202e+07
-41538.1 102010 1.68826e+08 41538.1 -102010 -1.03052e+07
-41478.8 102010 1.68632e+08 41478.8 -102010 -1.02901e+07
-41419.5 102010 1.68438e+08 41419.5 -102010 -1.02751e+07
-41360.3 102010 1.68244e+08 41360.3 -102010 -1.02601e+07
-41301 102010 1.6805e+08 41301 -102010 -1.02451e+07
-41241.7 102010 1.67856e+08 41241.7 -102010 -1.02301e+07
-41182.4 102010 1.67662e+08 41182.4 -102010 -1.02151e+07
-41123.1 102010 1.67468e+08 41123.1 -102010 -1.02001e+07
-41063.8 102010 1.67274e+08 41063.8 -102010 -1.01851e+07
-41004.5 102010 1.6708e+08 41004.5 -102010 -1.01701e+07
-40945.2 102010 1.66886e+08 40945.2 -102010 -1.01551e+07
-40885.9 102010 1.66692e+08 40885.9 -102010 -1.01401e+07
-40826.6 102010 1.66498e+08 40826.6 -102010 -1.01251e+07
-40767.4 102010 1.66304e+08 40767.4 -102010 -1.01101e+07
-40708.1 102010 1.6611e+08 40708.1 -102010 -1.00951e+07
-40648.8 102010 1.65916e+08 40648.8 -102010 -1.00801e+07
-40589.5 102010 1.65722e+08 40589.5 -102010 -1.00651e+07
-40530.2 102010 1.65528e+08 40530.2 -102010 -1.00501e+07
-40470.9 102010 1.65334e+08 40470.9 -102010 -1.00351e+07
-40411.6 102010 1.6514e+08 40411.6 -102010 -1.00201e+07
-40352.3 102010 1.64946e+08 40352.3 -102010 -1.00052e+07
-40293 102010 1.64752e+08 40293 -102010 -9.99014e+06
-40233.8 102010 1.64558e+08 40233.8 -102010 -9.97517e+06
-40174.5 102010 1.64364e+08 40174.5 -102010 -9.96017e+06
-40115.2 102010 1.6417e+08 40115.2 -102010 -9.94518e+06
-40055.9 102010 1.63976e+08 40055.9 -102010 -9.9302e+06
-39996.6 102010 1.63782e+08 39996.6 -102010 -9.91521e+06
-39937.3 102010 1.63588e+08 39937.3 -102010 -9.90023e+06
-39878 102010 1.63394e+08 39878 -102010 -9.88525e+06
-39818.7 102010 1.632e+08 39818.7 -102010 -9.87026e+06
-39759.4 102010 1.63006e+08 39759.4 -102010 -9.85528e+06
-39700.2 102010 1.62812e+08 39700.2 -102010 -9.8403e+06
-39640.9 102010 1.62618e+08 39640.9 -102010 -9.82532e+06
-39581.6 102010 1.62424e+08 39581.6 -102010 -9.81033e+06
-39522.3 102010 1.6223e+08 39522.3 -102010 -9.79534e+06
-39463 102010 1.62036e+08 39463 -102010 -9.78038e+06
-39403.7 102010 1.61842e+08 39403.7 -102010 -9.7654e+06
-39344.4 102010 1.61648e+08 39344.4 -102010 -9.75042e+06
-39285.1 102010 1.61454e+08 39285.1 -102010 -9.73544e+06
-39225.9 102010 1.6126e+08 39225.9 -102010 -9.72046e+06
-39166.6 102010 1.61066e+08 39166.6 -102010 -9.70549e+06
-39107.3 102010 1.60872e+08 39107.3 -102010 -9.69052e+06
-39048 102010 1.60678e+08 39048 -102010 -9.67554e+06
-38988.7 102010 1.60484e+08 38988.7 -102010 -9.66057e+06
-38929.4 102010 1.6029e+08 38929.4 -102010 -9.6456e+06
-38870.1 102010 1.60096e+08 38870.1 -102010 -9.63061e+06
-38810.8 102010 1.59902e+08 38810.8 -102010 -9.61566e+06
-38751.6 102010 1.59708e+08 38751.6 -102010 -9.60069e+06
-38692.3 102010 1.59514e+08 38692.3 -102010 -9.58572e+06
-38633 102010 1.5932e+08 38633 -102010 -9.57076e+06
-38573.7 102010 1.59126e+08 38573.7 -102010 -9.55579e+06
-38514.4 102010 1.58933e+08 38514.4 -102010 -9.54083e+06
-38455.1 102010 1.58739e+08 38455.1 -102010 -9.52586e+06
-38395.8 102010 1.58545e+08 38395.8 -102010 -9.51089e+06
-38336.5 102010 1.58351e+08 38336.5 -102010 -9.49594e+06
-38277.3 102010 1.58157e+08 38277.3 -102010 -9.48097e+06
-38218 102010 1.57963e+08 38218 -102010 -9.46602e+06
-38158.7 102010 1.57769e+08 38158.7 -102010 -9.45105e+06
-38099.4 102010 1.57575e+08 38099.4 -102010 -9.43609e+06
-38040.1 102010 1.57381e+08 38040.1 -102010 -9.42114e+06
-37980.8 102010 1.57187e+08 37980.8 -102010 -9.40617e+06
-37921.6 102010 1.56993e+08 37921.6 -102010 -9.39121e+06
-37862.3 102010 1.56799e+08 37862.3 -102010 -9.37626e+06
-37803 102010 1.56605e+08 37803 -102010 -9.36131e+06
-37743.7 102010 1.56411e+08 37743.7 -102010 -9.34637e+06
-37684.4 102010 1.56217e+08 37684.4 -102010 -9.33139e+06
-37625.1 102010 1.56023e+08 37625.1 -102010 -9.31644e+06
-37565.8 102010 1.55829e+08 37565.8 -102010 -9.30151e+06
-37506.6 102010 1.55635e+08 37506.6 -102010 -9.28655e+06
-37447.3 102010 1.55442e+08 37447.3 -102010 -9.2716e+06
-37388 102010 1.55248e+08 37388 -102010 -9.25666e+06
-37328.7 102010 1.55054e+08 37328.7 -102010 -9.2417e+06
-37269.4 102010 1.5486e+08 37269.4 -102010 -9.22675e+06
-37210.1 102010 1.54666e+08 37210.1 -102010 -9.21181e+06
-37150.8 102010 1.54472e+08 37150.8 -102010 -9.19687e+06
-37091.6 102010 1.54278e+08 37091.6 -102010 -9.18192e+06
-37032.3 102010 1.54084e+08 37032.3 -102010 -9.16697e+06
-36973 102010 1.5389e+08 36973 -102010 -9.15204e+06
-36913.7 102010 1.53696e+08 36913.7 -102010 -9.13709e+06
-36854.4 102010 1.53502e+08 36854.4 -102010 -9.12215e+06
-36795.1 102010 1.53308e+08 36795.1 -102010 -9.10721e+06
-36735.8 102010 1.53114e+08 36735.8 -102010 -9.09228e+06
-36676.6 102010 1.5292e+08 36676.6 -102010 -9.07733e+06
-36617.3 102010 1.52727e+08 36617.3 -102010 -9.06239e+06
-36558 102010 1.52533e+08 36558 -102010 -9.04746e+06
-36498.7 102010 1.52339e+08 36498.7 -102010 -9.03253e+06
-36439.4 102010 1.52145e+08 36439.4 -102010 -9.01757e+06
-36380.1 102010 1.51951e+08 36380.1 -102010 -9.00265e+06
-36320.9 102010 1.51757e+08 36320.9 -102010 -8.98773e+06
-36261.6 102010 1.51563e+08 36261.6 -102010 -8.9728e+06
-36202.3 102010 1.51369e+08 36202.3 -102010 -8.95786e+06
-36143 102010 1.51175e+08 36143 -102010 -8.94294e+06
-36083.7 102010 1.50981e+08 36083.7 -102010 -8.92798e+06
-36024.4 102010 1.50787e+08 36024.4 -102010 -8.91308e+06
-35965.2 102010 1.50594e+08 35965.2 -102010 -8.89815e+06
-35905.9 102010 1.504e+08 35905.9 -102010 -8.88323e+06
-35846.6 102010 1.50206e+08 35846.6 -102010 -8.86827e+06
-35787.3 102010 1.50012e+08 35787.3 -102010 -8.85338e+06
-35728 102010 1.49818e+08 35728 -102010 -8.83845e+06
-35668.7 102010 1.49624e+08 35668.7 -102010 -8.82352e+06
-35609.5 102010 1.4943e+08 35609.5 -102010 -8.80861e+06
-35550.2 102010 1.49236e+08 35550.2 -102010 -8.79368e+06
-35490.9 102010 1.49042e+08 35490.9 -102010 -8.77875e+06
-35431.6 102010 1.48848e+08 35431.6 -102010 -8.76384e+06
-35372.3 102010 1.48655e+08 35372.3 -102010 -8.74892e+06
-35313 102010 1.48461e+08 35313 -102010 -8.73399e+06
-35253.8 102010 1.48267e+08 35253.8 -102010 -8.71908e+06
-35194.5 102010 1.48073e+08 35194.5 -102010 -8.70416e+06
-35135.2 102010 1.47879e+08 35135.2 -102010 -8.68924e+06
-35075.9 102010 1.47685e+08 35075.9 -102010 -8.67434e+06
-35016.6 102010 1.47491e+08 35016.6 -102010 -8.65942e+06
-34957.4 102010 1.47297e+08 34957.4 -102010 -8.64452e+06
-34898.1 102010 1.47103e+08 34898.1 -102010 -8.6296e+06
-34838.8 102010 1.4691e+08 34838.8 -102010 -8.61469e+06
-34779.5 102010 1.46716e+08 34779.5 -102010 -8.59977e+06
-34720.2 102010 1.46522e+08 34720.2 -102010 -8.58487e+06
-34660.9 102010 1.46328e+08 34660.9 -102010 -8.56996e+06
-34601.7 102010 1.46134e+08 34601.7 -102010 -8.55505e+06
-34542.4 102010 1.4594e+08 34542.4 -102010 -8.54014e+06
-34483.1 102010 1.45746e+08 34483.1 -102010 -8.52524e+06
-34423.8 102010 1.45552e+08 34423.8 -102010 -8.51033e+06
-34364.5 102010 1.45358e+08 34364.5 -102010 -8.49543e+06
-34305.3 102010 1.45165e+08 34305.3 -102010 -8.48051e+06
-34246 102010 1.44971e+08 34246 -102010 -8.46563e+06
-34186.7 102010 1.44777e+08 34186.7 -102010 -8.45073e+06
-34127.4 102010 1.44583e+08 34127.4 -102010 -8.43582e+06
-34068.1 102010 1.44389e+08 34068.1 -102010 -8.42093e+06
-34008.8 102010 1.44195e+08 34008.8 -102010 -8.40601e+06
-33949.6 102010 1.44001e+08 33949.6 -102010 -8.39113e+06
-33890.3 102010 1.43808e+08 33890.3 -102010 -8.37623e+06
-33831 102010 1.43614e+08 33831 -102010 -8.36134e+06
-33771.7 102010 1.4342e+08 33771.7 -102010 -8.34644e+06
-33712.4 102010 1.43226e+08 33712.4 -102010 -8.33155e+06
-33653.2 102010 1.43032e+08 33653.2 -102010 -8.31666e+06
-33593.9 102010 1.42838e+08 33593.9 -102010 -8.30177e+06
-33534.6 102010 1.42644e+08 33534.6 -102010 -8.28686e+06
-33475.3 102010 1.4245e+08 33475.3 -102010 -8.27198e+06
-33416 102010 1.42257e+08 33416 -102010 -8.25708e+06
-33356.8 102010 1.42063e+08 33356.8 -102010 -8.24219e+06
-33297.5 102010 1.41869e+08 33297.5 -102010 -8.22732e+06
-33238.2 102010 1.41675e+08 33238.2 -102010 -8.21243e+06
-33178.9 102010 1.41481e+08 33178.9 -102010 -8.19754e+06
-33119.6 102010 1.41287e+08 33119.6 -102010 -8.18266e+06
-33060.4 102010 1.41093e+08 33060.4 -102010 -8.16776e+06
-33001.1 102010 1.409e+08 33001.1 -102010 -8.15288e+06
-32941.8 102010 1.40706e+08 32941.8 -102010 -8.138e+06
-32882.5 102010 1.40512e+08 32882.5 -102010 -8.12312e+06
-32823.2 102010 1.40318e+08 32823.2 -102010 -8.10822e+06
-32764 102010 1.40124e+08 32764 -102010 -8.09334e+06
-32704.7 102010 1.3993e+08 32704.7 -102010 -8.07848e+06
-32645.4 102010 1.39737e+08 32645.4 -102010 -8.0636e+06
-32586.1 102010 1.39543e+08 32586.1 -102010 -8.04872e+06
-32526.8 102010 1.39349e+08 32526.8 -102010 -8.03384e+06
-32467.6 102010 1.39155e+08 32467.6 -102010 -8.01897e+06
-32408.3 102010 1.38961e+08 32408.3 -102010 -8.00408e+06
-32349 102010 1.38767e+08 32349 -102010 -7.98921e+06
-32289.7 102010 1.38574e+08 32289.7 -102010 -7.97434e+06
-32230.4 102010 1.3838e+08 32230.4 -102010 -7.95947e+06
-32171.2 102010 1.38186e+08 32171.2 -102010 -7.94461e+06
-32111.9 102010 1.37992e+08 32111.9 -102010 -7.92973e+06
-32052.6 102010 1.37798e+08 32052.6 -102010 -7.91485e+06
-31993.3 102010 1.37604e+08 31993.3 -102010 -7.89999e+06
-31934.1 102010 1.37411e+08 31934.1 -102010 -7.88512e+06
-31874.8 102010 1.37217e+08 31874.8 -102010 -7.87026e+06
-31815.5 102010 1.37023e+08 31815.5 -102010 -7.85538e+06
-31756.2 102010 1.36829e+08 31756.2 -102010 -7.84053e+06
-31696.9 102010 1.36635e+08 31696.9 -102010 -7.82566e+06
-31637.7 102010 1.36441e+08 31637.7 -102010 -7.81079e+06
-31578.4 102010 1.36248e+08 31578.4 -102010 -7.79593e+06
-31519.1 102010 1.36054e+08 31519.1 -102010 -7.78108e+06
-31459.8 102010 1.3586e+08 31459.8 -102010 -7.76621e+06
-31400.6 102010 1.35666e+08 31400.6 -102010 -7.75135e+06
-31341.3 102010 1.35472e+08 31341.3 -102010 -7.73649e+06
-31282 102010 1.35278e+08 31282 -102010 -7.72162e+06
-31222.7 102010 1.35085e+08 31222.7 -102010 -7.70677e+06
-31163.4 102010 1.34891e+08 31163.4 -102010 -7.69192e+06
-31104.2 102010 1.34697e+08 31104.2 -102010 -7.67705e+06
-31044.9 102010 1.34503e+08 31044.9 -102010 -7.66218e+06
-30985.6 102010 1.34309e+08 30985.6 -102010 -7.64735e+06
-30926.3 102010 1.34116e+08 30926.3 -102010 -7.6325e+06
-30867.1 102010 1.33922e+08 30867.1 -102010 -7.61764e+06
-30807.8 102010 1.33728e+08 30807.8 -102010 -7.60279e+06
-30748.5 102010 1.33534e+08 30748.5 -102010 -7.58794e+06
-30689.2 102010 1.3334e+08 30689.2 -102010 -7.57309e+06
-30629.9 102010 1.33147e+08 30629.9 -102010 -7.55824e+06
-30570.7 102010 1.32953e+08 30570.7 -102010 -7.5434e+06
-30511.4 102010 1.32759e+08 30511.4 -102010 -7.52854e+06
-30452.1 102010 1.32565e+08 30452.1 -102010 -7.51369e+06
-30392.8 102010 1.32371e+08 30392.8 -102010 -7.49887e+06
-30333.6 102010 1.32178e+08 30333.6 -102010 -7.48402e+06
-30274.3 102010 1.31984e+08 30274.3 -102010 -7.46917e+06
-30215 102010 1.3179e+08 30215 -102010 -7.45432e+06
-30155.7 102010 1.31596e+08 30155.7 -102010 -7.43949e+06
-30096.5 102010 1.31402e+08 30096.5 -102010 -7.42465e+06
-30037.2 102010 1.31209e+08 30037.2 -102010 -7.4098e+06
-29977.9 102010 1.31015e+08 29977.9 -102010 -7.39495e+06
-29918.6 102010 1.30821e+08 29918.6 -102010 -7.38012e+06
-29859.4 102010 1.30627e+08 29859.4 -102010 -7.36529e+06
-29800.1 102010 1.30433e+08 29800.1 -102010 -7.35044e+06
-29740.8 102010 1.3024e+08 29740.8 -102010 -7.33561e+06
-29681.5 102010 1.30046e+08 29681.5 -102010 -7.32078e+06
-29622.3 102010 1.29852e+08 29622.3 -102010 -7.30596e+06
-29563 102010 1.29658e+08 29563 -102010 -7.29112e+06
-29503.7 102010 1.29464e+08 29503.7 -102010 -7.27628e+06
-29444.4 102010 1.29271e+08 29444.4 -102010 -7.26144e+06
-29385.2 102010 1.29077e+08 29385.2 -102010 -7.24662e+06
-29325.9 102010 1.28883e+08 29325.9 -102010 -7.23177e+06
-29266.6 102010 1.28689e+08 29266.6 -102010 -7.21695e+06
-29207.3 102010 1.28496e+08 29207.3 -102010 -7.20212e+06
-29148.1 102010 1.28302e+08 29148.1 -102010 -7.1873e+06
-29088.8 102010 1.28108e+08 29088.8 -102010 -7.17248e+06
-29029.5 102010 1.27914e+08 29029.5 -102010 -7.15765e+06
-28970.2 102010 1.2772e+08 28970.2 -102010 -7.14281e+06
-28911 102010 1.27527e+08 28911 -102010 -7.128e+06
-28851.7 102010 1.27333e+08 28851.7 -102010 -7.11318e+06
-28792.4 102010 1.27139e+08 28792.4 -102010 -7.09836e+06
-28733.1 102010 1.26945e+08 28733.1 -102010 -7.08353e+06
-28673.9 102010 1.26752e+08 28673.9 -102010 -7.06871e+06
-28614.6 102010 1.26558e+08 28614.6 -102010 -7.05389e+06
-28555.3 102010 1.26364e+08 28555.3 -102010 -7.03908e+06
-28496 102010 1.2617e+08 28496 -102010 -7.02428e+06
-28436.8 102010 1.25977e+08 28436.8 -102010 -7.00945e+06
-28377.5 102010 1.25783e+08 28377.5 -102010 -6.99461e+06
-28318.2 102010 1.25589e+08 28318.2 -102010 -6.97982e+06
-28258.9 102010 1.25395e+08 28258.9 -102010 -6.96501e+06
-28199.7 102010 1.25201e+08 28199.7 -102010 -6.95019e+06
-28140.4 102010 1.25008e+08 28140.4 -102010 -6.93537e+06
-28081.1 102010 1.24814e+08 28081.1 -102010 -6.92057e+06
-28021.8 102010 1.2462e+08 28021.8 -102010 -6.90576e+06
-27962.6 102010 1.24426e+08 27962.6 -102010 -6.89093e+06
-27903.3 102010 1.24233e+08 27903.3 -102010 -6.87614e+06
-27844 102010 1.24039e+08 27844 -102010 -6.86133e+06
-27784.7 102010 1.23845e+08 27784.7 -102010 -6.84651e+06
-27725.5 102010 1.23651e+08 27725.5 -102010 -6.83172e+06
-27666.2 102010 1.23458e+08 27666.2 -102010 -6.81691e+06
-27606.9 102010 1.23264e+08 27606.9 -102010 -6.80211e+06
-27547.7 102010 1.2307e+08 27547.7 -102010 -6.7873e+06
-27488.4 102010 1.22876e+08 27488.4 -102010 -6.77251e+06
-27429.1 102010 1.22683e+08 27429.1 -102010 -6.7577e+06
-27369.8 102010 1.22489e+08 27369.8 -102010 -6.74289e+06
-27310.6 102010 1.22295e+08 27310.6 -102010 -6.7281e+06
-27251.3 102010 1.22101e+08 27251.3 -102010 -6.7133e+06
-27192 102010 1.21908e+08 27192 -102010 -6.6985e+06
-27132.8 102010 1.21714e+08 27132.8 -102010 -6.6837e+06
-27073.5 102010 1.2152e+08 27073.5 -102010 -6.66891e+06
-27014.2 102010 1.21327e+08 27014.2 -102010 -6.65411e+06
-26954.9 102010 1.21133e+08 26954.9 -102010 -6.63932e+06
-26895.7 102010 1.20939e+08 26895.7 -102010 -6.62453e+06
-26836.4 102010 1.20745e+08 26836.4 -102010 -6.60972e+06
-26777.1 102010 1.20552e+08 26777.1 -102010 -6.59494e+06
-26717.8 102010 1.20358e+08 26717.8 -102010 -6.58015e+06
-26658.6 102010 1.20164e+08 26658.6 -102010 -6.56536e+06
-26599.3 102010 1.1997e+08 26599.3 -102010 -6.55057e+06
-26540 102010 1.19777e+08 26540 -102010 -6.53578e+06
-26480.8 102010 1.19583e+08 26480.8 -102010 -6.52098e+06
-26421.5 102010 1.19389e+08 26421.5 -102010 -6.5062e+06
-26362.2 102010 1.19195e+08 26362.2 -102010 -6.49143e+06
-26302.9 102010 1.19002e+08 26302.9 -102010 -6.47664e+06
-26243.7 102010 1.18808e+08 26243.7 -102010 -6.46183e+06
-26184.4 102010 1.18614e+08 26184.4 -102010 -6.44705e+06
-26125.1 102010 1.18421e+08 26125.1 -102010 -6.43227e+06
-26065.9 102010 1.18227e+08 26065.9 -102010 -6.41749e+06
-26006.6 102010 1.18033e+08 26006.6 -102010 -6.40272e+06
-25947.3 102010 1.17839e+08 25947.3 -102010 -6.38794e+06
-25888 102010 1.17646e+08 25888 -102010 -6.37316e+06
-25828.8 102010 1.17452e+08 25828.8 -102010 -6.35838e+06
-25769.5 102010 1.17258e+08 25769.5 -102010 -6.3436e+06
-25710.2 102010 1.17065e+08 25710.2 -102010 -6.32883e+06
-25651 102010 1.16871e+08 25651 -102010 -6.31405e+06
-25591.7 102010 1.16677e+08 25591.7 -102010 -6.29928e+06
-25532.4 102010 1.16483e+08 25532.4 -102010 -6.2845e+06
-25473.2 102010 1.1629e+08 25473.2 -102010 -6.26973e+06
-25413.9 102010 1.16096e+08 25413.9 -102010 -6.25496e+06
-25354.6 102010 1.15902e+08 25354.6 -102010 -6.24019e+06
-25295.3 102010 1.15709e+08 25295.3 -102010 -6.22542e+06
-25236.1 102010 1.15515e+08 25236.1 -102010 -6.21066e+06
-25176.8 102010 1.15321e+08 25176.8 -102010 -6.19588e+06
-25117.5 102010 1.15128e+08 25117.5 -102010 -6.18112e+06
-25058.3 102010 1.14934e+08 25058.3 -102010 -6.16633e+06
-24999 102010 1.1474e+08 24999 -102010 -6.15158e+06
-24939.7 102010 1.14546e+08 24939.7 -102010 -6.13681e+06
-24880.5 102010 1.14353e+08 24880.5 -102010 -6.12205e+06
-24821.2 102010 1.14159e+08 24821.2 -102010 -6.10728e+06
-24761.9 102010 1.13965e+08 24761.9 -102010 -6.09253e+06
-24702.6 102010 1.13772e+08 24702.6 -102010 -6.07777e+06
-24643.4 102010 1.13578e+08 24643.4 -102010 -6.06302e+06
-24584.1 102010 1.13384e+08 24584.1 -102010 -6.04825e+06
-24524.8 102010 1.13191e+08 24524.8 -102010 -6.03349e+06
-24465.6 102010 1.12997e+08 24465.6 -102010 -6.01873e+06
-24406.3 102010 1.12803e+08 24406.3 -102010 -6.00397e+06
-24347 102010 1.12609e+08 24347 -102010 -5.98921e+06
-24287.8 102010 1.12416e+08 24287.8 -102010 -5.97446e+06
-24228.5 102010 1.12222e+08 24228.5 -102010 -5.95971e+06
-24169.2 102010 1.12028e+08 24169.2 -102010 -5.94495e+06
-24110 102010 1.11835e+08 24110 -102010 -5.9302e+06
-24050.7 102010 1.11641e+08 24050.7 -102010 -5.91545e+06
-23991.4 102010 1.11447e+08 23991.4 -102010 -5.9007e+06
-23932.1 102010 1.11254e+08 23932.1 -102010 -5.88594e+06
-23872.9 102010 1.1106e+08 23872.9 -102010 -5.8712e+06
-23813.6 102010 1.10866e+08 23813.6 -102010 -5.85645e+06
-23754.3 102010 1.10673e+08 23754.3 -102010 -5.84171e+06
-23695.1 102010 1.10479e+08 23695.1 -102010 -5.82696e+06
-23635.8 102010 1.10285e+08 23635.8 -102010 -5.81221e+06
-23576.5 102010 1.10092e+08 23576.5 -102010 -5.79747e+06
-23517.3 102010 1.09898e+08 23517.3 -102010 -5.78272e+06
-23458 102010 1.09704e+08 23458 -102010 -5.76798e+06
-23398.7 102010 1.09511e+08 23398.7 -102010 -5.75324e+06
-23339.5 102010 1.09317e+08 23339.5 -102010 -5.73849e+06
-23280.2 102010 1.09123e+08 23280.2 -102010 -5.72375e+06
-23220.9 102010 1.0893e+08 23220.9 -102010 -5.70901e+06
-23161.7 102010 1.08736e+08 23161.7 -102010 -5.69426e+06
-23102.4 102010 1.08542e+08 23102.4 -102010 -5.67954e+06
-23043.1 102010 1.08349e+08 23043.1 -102010 -5.6648e+06
-22983.9 102010 1.08155e+08 22983.9 -102010 -5.65007e+06
-22924.6 102010 1.07961e+08 22924.6 -102010 -5.63533e+06
-22865.3 102010 1.07768e+08 22865.3 -102010 -5.6206e+06
-22806.1 102010 1.07574e+08 22806.1 -102010 -5.60586e+06
-22746.8 102010 1.0738e+08 22746.8 -102010 -5.59113e+06
-22687.5 102010 1.07187e+08 22687.5 -102010 -5.5764e+06
-22628.3 102010 1.06993e+08 22628.3 -102010 -5.56166e+06
-22569 102010 1.06799e+08 22569 -102010 -5.54693e+06
-22509.7 102010 1.06606e+08 22509.7 -102010 -5.5322e+06
-22450.5 102010 1.06412e+08 22450.5 -102010 -5.51747e+06
-22391.2 102010 1.06218e+08 22391.2 -102010 -5.50273e+06
-22331.9 102010 1.06025e+08 22331.9 -102010 -5.48803e+06
-22272.7 102010 1.05831e+08 22272.7 -102010 -5.47329e+06
-22213.4 102010 1.05637e+08 22213.4 -102010 -5.45858e+06
-22154.1 102010 1.05444e+08 22154.1 -102010 -5.44385e+06
-22094.9 102010 1.0525e+08 22094.9 -102010 -5.42913e+06
-22035.6 102010 1.05057e+08 22035.6 -102010 -5.41441e+06
-21976.3 102010 1.04863e+08 21976.3 -102010 -5.39969e+06
-21917.1 102010 1.04669e+08 21917.1 -102010 -5.38496e+06
-21857.8 102010 1.04476e+08 21857.8 -102010 -5.37025e+06
-21798.5 102010 1.04282e+08 21798.5 -102010 -5.35553e+06
-21739.3 102010 1.04088e+08 21739.3 -102010 -5.34081e+06
-21680 102010 1.03895e+08 21680 -102010 -5.32609e+06
-21620.7 102010 1.03701e+08 21620.7 -102010 -5.31138e+06
-21561.5 102010 1.03507e+08 21561.5 -102010 -5.29666e+06
-21502.2 102010 1.03314e+08 21502.2 -102010 -5.28195e+06
-21442.9 102010 1.0312e+08 21442.9 -102010 -5.26723e+06
-21383.7 102010 1.02927e+08 21383.7 -102010 -5.25252e+06
-21324.4 102010 1.02733e+08 21324.4 -102010 -5.23781e+06
-21265.1 102010 1.02539e+08 21265.1 -102010 -5.2231e+06
-21205.9 102010 1.02346e+08 21205.9 -102010 -5.20839e+06
-21146.6 102010 1.02152e+08 21146.6 -102010 -5.19368e+06
-21087.3 102010 1.01958e+08 21087.3 -102010 -5.17897e+06
-21028.1 102010 1.01765e+08 21028.1 -102010 -5.16426e+06
-20968.8 102010 1.01571e+08 20968.8 -102010 -5.14956e+06
-20909.5 102010 1.01378e+08 20909.5 -102010 -5.13484e+06
-20850.3 102010 1.01184e+08 20850.3 -102010 -5.12015e+06
-20791 102010 1.0099e+08 20791 -102010 -5.10545e+06
-20731.8 102010 1.00797e+08 20731.8 -102010 -5.09073e+06
-20672.5 102010 1.00603e+08 20672.5 -102010 -5.07604e+06
-20613.2 102010 1.00409e+08 20613.2 -102010 -5.06134e+06
-20554 102010 1.00216e+08 20554 -102010 -5.04664e+06
-20494.7 102010 1.00022e+08 20494.7 -102010 -5.03194e+06
-20435.4 102010 9.98286e+07 20435.4 -102010 -5.01724e+06
-20376.2 102010 9.9635e+07 20376.2 -102010 -5.00254e+06
-20316.9 102010 9.94414e+07 20316.9 -102010 -4.98786e+06
-20257.6 102010 9.92477e+07 20257.6 -102010 -4.97314e+06
-20198.4 102010 9.90541e+07 20198.4 -102010 -4.95846e+06
-20139.1 102010 9.88605e+07 20139.1 -102010 -4.94376e+06
-20079.9 102010 9.86669e+07 20079.9 -102010 -4.92906e+06
-20020.6 102010 9.84733e+07 20020.6 -102010 -4.91438e+06
-19961.3 102010 9.82797e+07 19961.3 -102010 -4.89967e+06
-19902.1 102010 9.80861e+07 19902.1 -102010 -4.88499e+06
-19842.8 102010 9.78925e+07 19842.8 -102010 -4.8703e+06
-19783.5 102010 9.76989e+07 19783.5 -102010 -4.85561e+06
-19724.3 102010 9.75053e+07 19724.3 -102010 -4.84091e+06
-19665 102010 9.73117e+07 19665 -102010 -4.82623e+06
-19605.7 102010 9.71181e+07 19605.7 -102010 -4.81155e+06
-19546.5 102010 9.69245e+07 19546.5 -102010 -4.79687e+06
-19487.2 102010 9.67309e+07 19487.2 -102010 -4.78218e+06
-19428 102010 9.65373e+07 19428 -102010 -4.7675e+06
-19368.7 102010 9.63437e+07 19368.7 -102010 -4.75283e+06
-19309.4 102010 9.61501e+07 19309.4 -102010 -4.73812e+06
-19250.2 102010 9.59565e+07 19250.2 -102010 -4.72346e+06
-19190.9 102010 9.5763e+07 19190.9 -102010 -4.70877e+06
-19131.6 102010 9.55693e+07 19131.6 -102010 -4.69408e+06
-19072.4 102010 9.53758e+07 19072.4 -102010 -4.67942e+06
-19013.1 102010 9.51822e+07 19013.1 -102010 -4.66473e+06
-18953.9 102010 9.49886e+07 18953.9 -102010 -4.65006e+06
-18894.6 102010 9.4795e+07 18894.6 -102010 -4.63539e+06
-18835.3 102010 9.46014e+07 18835.3 -102010 -4.62071e+06
-18776.1 102010 9.44078e+07 18776.1 -102010 -4.60604e+06
-18716.8 102010 9.42143e+07 18716.8 -102010 -4.59136e+06
-18657.5 102010 9.40207e+07 18657.5 -102010 -4.57669e+06
-18598.3 102010 9.38271e+07 18598.3 -102010 -4.56202e+06
-18539 102010 9.36335e+07 18539 -102010 -4.54734e+06
-18479.8 102010 9.344e+07 18479.8 -102010 -4.53268e+06
-18420.5 102010 9.32464e+07 18420.5 -102010 -4.51801e+06
-18361.2 102010 9.30528e+07 18361.2 -102010 -4.50334e+06
-18302 102010 9.28592e+07 18302 -102010 -4.48868e+06
-18242.7 102010 9.26657e+07 18242.7 -102010 -4.47401e+06
-18183.5 102010 9.24721e+07 18183.5 -102010 -4.45935e+06
-18124.2 102010 9.22785e+07 18124.2 -102010 -4.44468e+06
-18064.9 102010 9.20849e+07 18064.9 -102010 -4.43002e+06
-18005.7 102010 9.18914e+07 18005.7 -102010 -4.41535e+06
-17946.4 102010 9.16978e+07 17946.4 -102010 -4.4007e+06
-17887.1 102010 9.15042e+07 17887.1 -102010 -4.38603e+06
-17827.9 102010 9.13107e+07 17827.9 -102010 -4.37137e+06
-17768.6 102010 9.11171e+07 17768.6 -102010 -4.3567e+06
-17709.4 102010 9.09235e+07 17709.4 -102010 -4.34203e+06
-17650.1 102010 9.073e+07 17650.1 -102010 -4.32739e+06
-17590.8 102010 9.05364e+07 17590.8 -102010 -4.31274e+06
-17531.6 102010 9.03429e+07 17531.6 -102010 -4.29809e+06
-17472.3 102010 9.01493e+07 17472.3 -102010 -4.28343e+06
-17413.1 102010 8.99558e+07 17413.1 -102010 -4.26877e+06
-17353.8 102010 8.97622e+07 17353.8 -102010 -4.25412e+06
-17294.5 102010 8.95686e+07 17294.5 -102010 -4.23947e+06
-17235.3 102010 8.93751e+07 17235.3 -102010 -4.22482e+06
-17176 102010 8.91815e+07 17176 -102010 -4.21017e+06
-17116.8 102010 8.8988e+07 17116.8 -102010 -4.19551e+06
-17057.5 102010 8.87945e+07 17057.5 -102010 -4.18088e+06
-16998.2 102010 8.86009e+07 16998.2 -102010 -4.16622e+06
-16939 102010 8.84073e+07 16939 -102010 -4.15158e+06
-16879.7 102010 8.82138e+07 16879.7 -102010 -4.13693e+06
-16820.5 102010 8.80202e+07 16820.5 -102010 -4.12228e+06
-16761.2 102010 8.78267e+07 16761.2 -102010 -4.10765e+06
-16701.9 102010 8.76332e+07 16701.9 -102010 -4.093e+06
-16642.7 102010 8.74396e+07 16642.7 -102010 -4.07836e+06
-16583.4 102010 8.72461e+07 16583.4 -102010 -4.06371e+06
-16524.2 102010 8.70525e+07 16524.2 -102010 -4.04907e+06
-16464.9 102010 8.6859e+07 16464.9 -102010 -4.03443e+06
-16405.6 102010 8.66655e+07 16405.6 -102010 -4.01979e+06
-16346.4 102010 8.64719e+07 16346.4 -102010 -4.00515e+06
-16287.1 102010 8.62784e+07 16287.1 -102010 -3.99052e+06
-16227.9 102010 8.60849e+07 16227.9 -102010 -3.9759e+06
-16168.6 102010 8.58913e+07 16168.6 -102010 -3.96123e+06
-16109.3 102010 8.56978e+07 16109.3 -102010 -3.94662e+06
-16050.1 102010 8.55042e+07 16050.1 -102010 -3.93196e+06
-15990.8 102010 8.53107e+07 15990.8 -102010 -3.91734e+06
-15931.6 102010 8.51172e+07 15931.6 -102010 -3.9027e+06
-15872.3 102010 8.49237e+07 15872.3 -102010 -3.88809e+06
-15813.1 102010 8.47301e+07 15813.1 -102010 -3.87345e+06
-15753.8 102010 8.45366e+07 15753.8 -102010 -3.85882e+06
-15694.5 102010 8.43431e+07 15694.5 -102010 -3.84419e+06
-15635.3 102010 8.41496e+07 15635.3 -102010 -3.82957e+06
-15576 102010 8.3956e+07 15576 -102010 -3.81494e+06
-15516.8 102010 8.37625e+07 15516.8 -102010 -3.80031e+06
-15457.5 102010 8.3569e+07 15457.5 -102010 -3.78569e+06
-15398.2 102010 8.33755e+07 15398.2 -102010 -3.77106e+06
-15339 102010 8.3182e+07 15339 -102010 -3.75644e+06
-15279.7 102010 8.29884e+07 15279.7 -102010 -3.74181e+06
-15220.5 102010 8.27949e+07 15220.5 -102010 -3.72719e+06
-15161.2 102010 8.26014e+07 15161.2 -102010 -3.71257e+06
-15102 102010 8.24079e+07 15102 -102010 -3.69795e+06
-15042.7 102010 8.22144e+07 15042.7 -102010 -3.68334e+06
-14983.4 102010 8.20209e+07 14983.4 -102010 -3.66872e+06
-14924.2 102010 8.18274e+07 14924.2 -102010 -3.6541e+06
-14864.9 102010 8.16339e+07 14864.9 -102010 -3.63947e+06
-14805.7 102010 8.14404e+07 14805.7 -102010 -3.62487e+06
-14746.4 102010 8.12469e+07 14746.4 -102010 -3.61026e+06
-14687.2 102010 8.10533e+07 14687.2 -102010 -3.59564e+06
-14627.9 102010 8.08599e+07 14627.9 -102010 -3.58103e+06
-14568.6 102010 8.06663e+07 14568.6 -102010 -3.56643e+06
-14509.4 102010 8.04728e+07 14509.4 -102010 -3.5518e+06
-14450.1 102010 8.02793e+07 14450.1 -102010 -3.5372e+06
-14390.9 102010 8.00858e+07 14390.9 -102010 -3.52259e+06
-14331.6 102010 7.98923e+07 14331.6 -102010 -3.50798e+06
-14272.4 102010 7.96988e+07 14272.4 -102010 -3.49338e+06
-14213.1 102010 7.95053e+07 14213.1 -102010 -3.47877e+06
-14153.9 102010 7.93118e+07 14153.9 -102010 -3.46415e+06
-14094.6 102010 7.91184e+07 14094.6 -102010 -3.44956e+06
-14035.3 102010 7.89248e+07 14035.3 -102010 -3.43494e+06
-13976.1 102010 7.87314e+07 13976.1 -102010 -3.42035e+06
-13916.8 102010 7.85379e+07 13916.8 -102010 -3.40574e+06
-13857.6 102010 7.83444e+07 13857.6 -102010 -3.39114e+06
-13798.3 102010 7.81509e+07 13798.3 -102010 -3.37654e+06
-13739.1 102010 7.79574e+07 13739.1 -102010 -3.36194e+06
-13679.8 102010 7.77639e+07 13679.8 -102010 -3.34734e+06
-13620.5 102010 7.75704e+07 13620.5 -102010 -3.33274e+06
-13561.3 102010 7.7377e+07 13561.3 -102010 -3.31815e+06
-13502 102010 7.71835e+07 13502 -102010 -3.30355e+06
-13442.8 102010 7.699e+07 13442.8 -102010 -3.28896e+06
-13383.5 102010 7.67965e+07 13383.5 -102010 -3.27436e+06
-13324.3 102010 7.6603e+07 13324.3 -102010 -3.25977e+06
-13265 102010 7.64095e+07 13265 -102010 -3.24518e+06
-13205.8 102010 7.62161e+07 13205.8 -102010 -3.23058e+06
-13146.5 102010 7.60226e+07 13146.5 -102010 -3.216e+06
-13087.2 102010 7.58291e+07 13087.2 -102010 -3.20141e+06
-13028 102010 7.56356e+07 13028 -102010 -3.18682e+06
-12968.7 102010 7.54422e+07 12968.7 -102010 -3.17223e+06
-12909.5 102010 7.52487e+07 12909.5 -102010 -3.15763e+06
-12850.2 102010 7.50552e+07 12850.2 -102010 -3.14305e+06
-12791 102010 7.48617e+07 12791 -102010 -3.12845e+06
-12731.7 102010 7.46683e+07 12731.7 -102010 -3.11387e+06
-12672.5 102010 7.44748e+07 12672.5 -102010 -3.0993e+06
-12613.2 102010 7.42814e+07 12613.2 -102010 -3.08471e+06
-12554 102010 7.40879e+07 12554 -102010 -3.07013e+06
-12494.7 102010 7.38944e+07 12494.7 -102010 -3.05555e+06
-12435.4 102010 7.3701e+07 12435.4 -102010 -3.04098e+06
-12376.2 102010 7.35075e+07 12376.2 -102010 -3.02639e+06
-12316.9 102010 7.3314e+07 12316.9 -102010 -3.0118e+06
-12257.7 102010 7.31206e+07 12257.7 -102010 -2.99722e+06
-12198.4 102010 7.29271e+07 12198.4 -102010 -2.98266e+06
-12139.2 102010 7.27337e+07 12139.2 -102010 -2.96808e+06
-12079.9 102010 7.25402e+07 12079.9 -102010 -2.95351e+06
-12020.7 102010 7.23467e+07 12020.7 -102010 -2.93893e+06
-11961.4 102010 7.21533e+07 11961.4 -102010 -2.92436e+06
-11902.2 102010 7.19598e+07 11902.2 -102010 -2.90979e+06
-11842.9 102010 7.17664e+07 11842.9 -102010 -2.89522e+06
-11783.7 102010 7.15729e+07 11783.7 -102010 -2.88064e+06
-11724.4 102010 7.13795e+07 11724.4 -102010 -2.86608e+06
-11665.1 102010 7.1186e+07 11665.1 -102010 -2.85151e+06
-11605.9 102010 7.09926e+07 11605.9 -102010 -2.83694e+06
-11546.6 102010 7.07991e+07 11546.6 -102010 -2.82238e+06
-11487.4 102010 7.06057e+07 11487.4 -102010 -2.80779e+06
-11428.1 102010 7.04123e+07 11428.1 -102010 -2.79324e+06
-11368.9 102010 7.02188e+07 11368.9 -102010 -2.77866e+06
-11309.6 102010 7.00254e+07 11309.6 -102010 -2.76411e+06
-11250.4 102010 6.98319e+07 11250.4 -102010 -2.74955e+06
-11191.1 102010 6.96385e+07 11191.1 -102010 -2.73498e+06
-11131.9 102010 6.9445e+07 11131.9 -102010 -2.72042e+06
-11072.6 102010 6.92516e+07 11072.6 -102010 -2.70585e+06
-11013.4 102010 6.90582e+07 11013.4 -102010 -2.69131e+06
-10954.1 102010 6.88647e+07 10954.1 -102010 -2.67675e+06
-10894.9 102010 6.86713e+07 10894.9 -102010 -2.66219e+06
-10835.6 102010 6.84779e+07 10835.6 -102010 -2.64762e+06
-10776.4 102010 6.82844e+07 10776.4 -102010 -2.63308e+06
-10717.1 102010 6.8091e+07 10717.1 -102010 -2.61852e+06
-10657.9 102010 6.78976e+07 10657.9 -102010 -2.60397e+06
-10598.6 102010 6.77042e+07 10598.6 -102010 -2.58941e+06
-10539.3 102010 6.75107e+07 10539.3 -102010 -2.57486e+06
-10480.1 102010 6.73173e+07 10480.1 -102010 -2.56032e+06
-10420.8 102010 6.71239e+07 10420.8 -102010 -2.54576e+06
-10361.6 102010 6.69304e+07 10361.6 -102010 -2.53121e+06
-10302.3 102010 6.6737e+07 10302.3 -102010 -2.51665e+06
-10243.1 102010 6.65436e+07 10243.1 -102010 -2.50212e+06
-10183.8 102010 6.63502e+07 10183.8 -102010 -2.48755e+06
-10124.6 102010 6.61568e+07 10124.6 -102010 -2.47302e+06
-10065.3 102010 6.59633e+07 10065.3 -102010 -2.45846e+06
-10006.1 102010 6.57699e+07 10006.1 -102010 -2.44393e+06
-9946.83 102010 6.55765e+07 9946.83 -102010 -2.42938e+06
-9887.58 102010 6.53831e+07 9887.58 -102010 -2.41483e+06
-9828.33 102010 6.51897e+07 9828.33 -102010 -2.4003e+06
-9769.08 102010 6.49963e+07 9769.08 -102010 -2.38576e+06
-9709.83 102010 6.48029e+07 9709.83 -102010 -2.37122e+06
-9650.58 102010 6.46094e+07 9650.58 -102010 -2.35668e+06
-9591.33 102010 6.4416e+07 9591.33 -102010 -2.34214e+06
-9532.08 102010 6.42226e+07 9532.08 -102010 -2.32761e+06
-9472.83 102010 6.40292e+07 9472.83 -102010 -2.31307e+06
-9413.58 102010 6.38358e+07 9413.58 -102010 -2.29853e+06
-9354.33 102010 6.36424e+07 9354.33 -102010 -2.28399e+06
-9295.08 102010 6.3449e+07 9295.08 -102010 -2.26946e+06
-9235.83 102010 6.32556e+07 9235.83 -102010 -2.25491e+06
-9176.58 102010 6.30622e+07 9176.58 -102010 -2.24039e+06
-9117.33 102010 6.28688e+07 9117.33 -102010 -2.22587e+06
-9058.08 102010 6.26754e+07 9058.08 -102010 -2.21133e+06
-8998.82 102010 6.2482e+07 8998.82 -102010 -2.1968e+06
-8939.57 102010 6.22886e+07 8939.57 -102010 -2.18227e+06
-8880.33 102010 6.20952e+07 8880.33 -102010 -2.16775e+06
-8821.08 102010 6.19018e+07 8821.08 -102010 -2.15322e+06
-8761.82 102010 6.17084e+07 8761.82 -102010 -2.13871e+06
-8702.58 102010 6.1515e+07 8702.58 -102010 -2.12417e+06
-8643.33 102010 6.13216e+07 8643.33 -102010 -2.10962e+06
-8584.08 102010 6.11282e+07 8584.08 -102010 -2.09512e+06
-8524.83 102010 6.09349e+07 8524.83 -102010 -2.0806e+06
-8465.58 102010 6.07415e+07 8465.58 -102010 -2.06608e+06
-8406.33 102010 6.05481e+07 8406.33 -102010 -2.05157e+06
-8347.08 102010 6.03547e+07 8347.08 -102010 -2.03704e+06
-8287.83 102010 6.01613e+07 8287.83 -102010 -2.02252e+06
-8228.58 102010 5.99679e+07 8228.58 -102010 -2.008e+06
-8169.33 102010 5.97745e+07 8169.33 -102010 -1.99348e+06
-8110.09 102010 5.95812e+07 8110.09 -102010 -1.97898e+06
-8050.84 102010 5.93878e+07 8050.84 -102010 -1.96445e+06
-7991.59 102010 5.91944e+07 7991.59 -102010 -1.94994e+06
-7932.34 102010 5.9001e+07 7932.34 -102010 -1.93542e+06
-7873.09 102010 5.88076e+07 7873.09 -102010 -1.92091e+06
-7813.84 102010 5.86143e+07 7813.84 -102010 -1.90639e+06
-7754.59 102010 5.84209e+07 7754.59 -102010 -1.89188e+06
-7695.34 102010 5.82275e+07 7695.34 -102010 -1.87736e+06
-7636.1 102010 5.80341e+07 7636.1 -102010 -1.86287e+06
-7576.85 102010 5.78408e+07 7576.85 -102010 -1.84835e+06
-7517.6 102010 5.76474e+07 7517.6 -102010 -1.83386e+06
-7458.35 102010 5.7454e+07 7458.35 -102010 -1.81932e+06
-7399.1 102010 5.72607e+07 7399.1 -102010 -1.80486e+06
-7339.86 102010 5.70673e+07 7339.86 -102010 -1.79033e+06
-7280.61 102010 5.68739e+07 7280.61 -102010 -1.77583e+06
-7221.36 102010 5.66806e+07 7221.36 -102010 -1.76132e+06
-7162.11 102010 5.64872e+07 7162.11 -102010 -1.74682e+06
-7102.86 102010 5.62938e+07 7102.86 -102010 -1.73232e+06
-7043.62 102010 5.61005e+07 7043.62 -102010 -1.71783e+06
-6984.37 102010 5.59071e+07 6984.37 -102010 -1.70332e+06
-6925.12 102010 5.57137e+07 6925.12 -102010 -1.68881e+06
-6865.87 102010 5.55204e+07 6865.87 -102010 -1.67432e+06
-6806.63 102010 5.5327e+07 6806.63 -102010 -1.65981e+06
-6747.38 102010 5.51337e+07 6747.38 -102010 -1.64532e+06
-6688.13 102010 5.49403e+07 6688.13 -102010 -1.63082e+06
-6628.89 102010 5.4747e+07 6628.89 -102010 -1.61634e+06
-6569.64 102010 5.45536e+07 6569.64 -102010 -1.60184e+06
-6510.39 102010 5.43603e+07 6510.39 -102010 -1.58735e+06
-6451.15 102010 5.41669e+07 6451.15 -102010 -1.57286e+06
-6391.9 102010 5.39736e+07 6391.9 -102010 -1.55836e+06
-6332.65 102010 5.37802e+07 6332.65 -102010 -1.54387e+06
-6273.41 102010 5.35869e+07 6273.41 -102010 -1.52939e+06
-6214.16 102010 5.33935e+07 6214.16 -102010 -1.5149e+06
-6154.91 102010 5.32002e+07 6154.91 -102010 -1.50042e+06
-6095.67 102010 5.30068e+07 6095.67 -102010 -1.48592e+06
-6036.42 102010 5.28135e+07 6036.42 -102010 -1.47144e+06
-5977.17 102010 5.26202e+07 5977.17 -102010 -1.45695e+06
-5917.93 102010 5.24268e+07 5917.93 -102010 -1.44246e+06
-5858.68 102010 5.22335e+07 5858.68 -102010 -1.42798e+06
-5799.44 102010 5.20401e+07 5799.44 -102010 -1.41351e+06
-5740.19 102010 5.18468e+07 5740.19 -102010 -1.399e+06
-5680.94 102010 5.16535e+07 5680.94 -102010 -1.38454e+06
-5621.7 102010 5.14601e+07 5621.7 -102010 -1.37006e+06
-5562.45 102010 5.12668e+07 5562.45 -102010 -1.35558e+06
-5503.21 102010 5.10735e+07 5503.21 -102010 -1.3411e+06
-5443.96 102010 5.08801e+07 5443.96 -102010 -1.32661e+06
-5384.72 102010 5.06868e+07 5384.72 -102010 -1.31213e+06
-5325.47 102010 5.04935e+07 5325.47 -102010 -1.29768e+06
-5266.22 102010 5.03001e+07 5266.22 -102010 -1.2832e+06
-5206.98 102010 5.01068e+07 5206.98 -102010 -1.26872e+06
-5147.73 102010 4.99135e+07 5147.73 -102010 -1.25424e+06
-5088.49 102010 4.97202e+07 5088.49 -102010 -1.23978e+06
-5029.24 102010 4.95268e+07 5029.24 -102010 -1.2253e+06
-4970 102010 4.93335e+07 4970 -102010 -1.21084e+06
-4910.75 102010 4.91402e+07 4910.75 -102010 -1.19637e+06
-4851.51 102010 4.89469e+07 4851.51 -102010 -1.18191e+06
-4792.26 102010 4.87535e+07 4792.26 -102010 -1.16742e+06
-4733.02 102010 4.85602e+07 4733.02 -102010 -1.15297e+06
-4673.77 102010 4.83669e+07 4673.77 -102010 -1.1385e+06
-4614.53 102010 4.81736e+07 4614.53 -102010 -1.12404e+06
-4555.29 102010 4.79803e+07 4555.29 -102010 -1.10957e+06
-4496.04 102010 4.7787e+07 4496.04 -102010 -1.09511e+06
-4436.8 102010 4.75937e+07 4436.8 -102010 -1.08065e+06
-4377.55 102010 4.74004e+07 4377.55 -102010 -1.06619e+06
-4318.31 102010 4.7207e+07 4318.31 -102010 -1.05172e+06
-4259.06 102010 4.70137e+07 4259.06 -102010 -1.03726e+06
-4199.82 102010 4.68204e+07 4199.82 -102010 -1.02281e+06
-4140.58 102010 4.66271e+07 4140.58 -102010 -1.00834e+06
-4081.33 102010 4.64338e+07 4081.33 -102010 -993888
-4022.09 102010 4.62405e+07 4022.09 -102010 -979413
-3962.84 102010 4.60472e+07 3962.84 -102010 -965000
-3903.6 102010 4.58539e+07 3903.6 -102010 -950515
-3844.36 102010 4.56606e+07 3844.36 -102010 -936054
-3785.11 102010 4.54673e+07 3785.11 -102010 -921654
-3725.87 102010 4.5274e+07 3725.87 -102010 -907166
-3666.63 102010 4.50807e+07 3666.63 -102010 -892715
-3607.38 102010 4.48874e+07 3607.38 -102010 -878266
-3548.14 102010 4.46941e+07 3548.14 -102010 -863819
-3488.9 102010 4.45008e+07 3488.9 -102010 -849365
-3429.66 102010 4.43075e+07 3429.66 -102010 -834915
-3370.41 102010 4.41142e+07 3370.41 -102010 -820484
-3311.17 102010 4.39209e+07 3311.17 -102010 -806028
-3251.93 102010 4.37276e+07 3251.93 -102010 -791575
-3192.68 102010 4.35344e+07 3192.68 -102010 -777151
-3133.44 102010 4.33411e+07 3133.44 -102010 -762689
-3074.2 102010 4.31478e+07 3074.2 -102010 -748254
-3014.95 102010 4.29545e+07 3014.95 -102010 -733813
-2955.71 102010 4.27612e+07 2955.71 -102010 -719372
-2896.47 102010 4.25679e+07 2896.47 -102010 -704909
-2837.23 102010 4.23746e+07 2837.23 -102010 -690494
-2777.99 102010 4.21813e+07 2777.99 -102010 -676044
-2718.74 102010 4.19881e+07 2718.74 -102010 -661612
-2659.5 102010 4.17948e+07 2659.5 -102010 -647184
-2600.26 102010 4.16015e+07 2600.26 -102010 -632737
-2541.02 102010 4.14082e+07 2541.02 -102010 -618313
-2481.78 102010 4.1215e+07 2481.78 -102010 -603880
-2422.53 102010 4.10217e+07 2422.53 -102010 -589447
-2363.29 102010 4.08284e+07 2363.29 -102010 -575015
-2304.05 102010 4.06352e+07 2304.05 -102010 -560590
-2244.81 102010 4.04419e+07 2244.81 -102010 -546155
-2185.57 102010 4.02486e+07 2185.57 -102010 -531726
-2126.32 102010 4.00553e+07 2126.32 -102010 -517276
-2067.08 102010 3.98621e+07 2067.08 -102010 -502871
-2007.84 102010 3.96688e+07 2007.84 -102010 -488440
-1948.6 102010 3.94755e+07 1948.6 -102010 -474021
-1889.36 102010 3.92823e+07 1889.36 -102010 -459610
-1830.12 102010 3.9089e+07 1830.12 -102010 -445168
-1770.88 102010 3.88957e+07 1770.88 -102010 -430731
-1711.63 102010 3.87025e+07 1711.63 -102010 -416331
-1652.39 102010 3.85092e+07 1652.39 -102010 -401901
-1593.15 102010 3.8316e+07 1593.15 -102010 -387479
-1533.91 102010 3.81227e+07 1533.91 -102010 -373046
-1474.67 102010 3.79294e+07 1474.67 -102010 -358644
-1415.43 102010 3.77362e+07 1415.43 -102010 -344205
-1356.19 102010 3.75429e+07 1356.19 -102010 -329810
-1296.95 102010 3.73497e+07 1296.95 -102010 -315395
-1237.71 102010 3.71564e+07 1237.71 -102010 -300978
-1178.47 102010 3.69632e+07 1178.47 -102010 -286565
-1119.23 102010 3.67699e+07 1119.23 -102010 -272152
-1059.99 102010 3.65767e+07 1059.99 -102010 -257750
-1000.75 102010 3.63834e+07 1000.75 -102010 -243317
-941.51 102010 3.61902e+07 941.51 -102010 -228931
-882.271 102010 3.59969e+07 882.271 -102010 -214514
-823.033 102010 3.58037e+07 823.033 -102010 -200093
-763.791 102010 3.56105e+07 763.791 -102010 -185690
-704.551 102010 3.54172e+07 704.551 -102010 -171266
-645.311 102010 3.5224e+07 645.311 -102010 -156874
-586.073 102010 3.50307e+07 586.073 -102010 -142473
-526.829 102010 3.48375e+07 526.829 -102010 -128054
-467.594 102010 3.46443e+07 467.594 -102010 -113662
-408.354 102010 3.4451e+07 408.354 -102010 -99244.4
-349.122 102010 3.42578e+07 349.122 -102010 -84852.2
-289.875 102010 3.40645e+07 289.875 -102010 -70446.2
-230.635 102010 3.38713e+07 230.635 -102010 -56030.8
-171.398 102010 3.36781e+07 171.398 -102010 -41657
-112.159 102010 3.34848e+07 112.159 -102010 -27258.4
-52.9196 102010 3.32916e+07 52.9196 -102010 -12861.1
6.31902 102010 3.30984e+07 -6.31902 -102010 1536.02
65.5578 102010 3.29052e+07 -65.5578 -102010 15931.8
124.797 102010 3.27119e+07 -124.797 -102010 30326.3
184.035 102010 3.25187e+07 -184.035 -102010 44720.6
243.274 102010 3.23255e+07 -243.274 -102010 59113.8
302.513 102010 3.21322e+07 -302.513 -102010 73515.4
361.748 102010 3.1939e+07 -361.748 -102010 87895.3
420.99 102010 3.17458e+07 -420.99 -102010 102287
480.227 102010 3.15526e+07 -480.227 -102010 116678
539.464 102010 3.13594e+07 -539.464 -102010 131070
598.704 102010 3.11662e+07 -598.704 -102010 145450
657.941 102010 3.09729e+07 -657.941 -102010 159841
717.179 102010 3.07797e+07 -717.179 -102010 174245
776.415 102010 3.05865e+07 -776.415 -102010 188613
835.655 102010 3.03933e+07 -835.655 -102010 202998
894.894 102010 3.02001e+07 -894.894 -102010 217400
954.132 102010 3.00069e+07 -954.132 -102010 231756
1013.37 102010 2.98137e+07 -1013.37 -102010 246157
1072.61 102010 2.96205e+07 -1072.61 -102010 260527
1131.84 102010 2.94272e+07 -1131.84 -102010 274907
1191.08 102010 2.9234e+07 -1191.08 -102010 289287
1250.32 102010 2.90408e+07 -1250.32 -102010 303665
1309.55 102010 2.88476e+07 -1309.55 -102010 318051
1368.79 102010 2.86544e+07 -1368.79 -102010 332419
1428.03 102010 2.84612e+07 -1428.03 -102010 346795
1487.27 102010 2.8268e+07 -1487.27 -102010 361165
1546.5 102010 2.80748e+07 -1546.5 -102010 375544
1605.74 102010 2.78816e+07 -1605.74 -102010 389911
1664.98 102010 2.76884e+07 -1664.98 -102010 404300
1724.21 102010 2.74952e+07 -1724.21 -102010 418660
1783.45 102010 2.7302e+07 -1783.45 -102010 433026
1842.69 102010 2.71088e+07 -1842.69 -102010 447400
1901.92 102010 2.69156e+07 -1901.92 -102010 461787
1961.16 102010 2.67224e+07 -1961.16 -102010 476151
2020.4 102010 2.65293e+07 -2020.4 -102010 490504
2079.63 102010 2.63361e+07 -2079.63 -102010 504870
2138.87 102010 2.61429e+07 -2138.87 -102010 519236
2198.11 102010 2.59497e+07 -2198.11 -102010 533597
2257.34 102010 2.57565e+07 -2257.34 -102010 547946
2316.58 102010 2.55633e+07 -2316.58 -102010 562326
2375.81 102010 2.53701e+07 -2375.81 -102010 576688
2435.05 102010 2.5177e+07 -2435.05 -102010 591049
2494.28 102010 2.49838e+07 -2494.28 -102010 605408
2553.52 102010 2.47906e+07 -2553.52 -102010 619760
2612.76 102010 2.45974e+07 -2612.76 -102010 634125
2671.99 102010 2.44042e+07 -2671.99 -102010 648483
2731.23 102010 2.42111e+07 -2731.23 -102010 662840
2790.46 102010 2.40179e+07 -2790.46 -102010 677195
2849.7 102010 2.38247e+07 -2849.7 -102010 691562
2908.93 102010 2.36315e+07 -2908.93 -102010 705903
2968.17 102010 2.34384e+07 -2968.17 -102010 720265
3027.4 102010 2.32452e+07 -3027.4 -102010 734620
3086.64 102010 2.3052e+07 -3086.64 -102010 748962
3145.87 102010 2.28588e+07 -3145.87 -102010 763313
3205.11 102010 2.26657e+07 -3205.11 -102010 777683
3264.35 102010 2.24725e+07 -3264.35 -102010 792020
3323.58 102010 2.22793e+07 -3323.58 -102010 806377
3382.81 102010 2.20862e+07 -3382.81 -102010 820703
3442.04 102010 2.1893e+07 -3442.04 -102010 835041
3501.28 102010 2.16999e+07 -3501.28 -102010 849395
3560.51 102010 2.15067e+07 -3560.51 -102010 863739
3619.75 102010 2.13135e+07 -3619.75 -102010 878082
3678.98 102010 2.11204e+07 -3678.98 -102010 892425
3738.22 102010 2.09272e+07 -3738.22 -102010 906767
3797.45 102010 2.0734e+07 -3797.45 -102010 921105
3856.69 102010 2.05409e+07 -3856.69 -102010 935441
3915.92 102010 2.03477e+07 -3915.92 -102010 949792
3975.15 102010 2.01546e+07 -3975.15 -102010 964124
4034.39 102010 1.99614e+07 -4034.39 -102010 978461
4093.62 102010 1.97683e+07 -4093.62 -102010 992790
