2.29198e-05 70807.7 0.558247 -2.29198e-05 -70807.7 -0.65476
8.25776e-05 141615 0.577874 -8.25776e-05 -141615 -0.926897
0.000183205 212423 -0.0282032 -0.000183205 -212423 -0.750319
0.000330155 283231 -1.37139 -0.000330155 -283231 -0.0400935
0.000530444 354038 -3.59738 -0.000530444 -354038 1.3149
0.000792307 424846 -6.88585 -0.000792307 -424846 3.45333
0.00112752 495654 -11.4901 -0.00112752 -495654 6.57042
0.00155177 566462 -17.7515 -0.00155177 -566462 10.93
0.00208512 637269 -26.1242 -0.00208512 -637269 16.8863
0.0027588 708077 -37.2948 -0.0027588 -708077 24.9715
-150.675 708077 2.42255e+06 150.675 -708077 -1.7428e+06
-301.357 708077 4.84516e+06 301.357 -708077 -3.48562e+06
-452.038 708077 7.26776e+06 452.038 -708077 -5.22845e+06
-602.721 708077 9.69037e+06 602.721 -708077 -6.97127e+06
-753.399 708077 1.2113e+07 753.399 -708077 -8.7141e+06
-904.085 708077 1.45356e+07 904.085 -708077 -1.04569e+07
-1054.78 708077 1.69583e+07 1054.78 -708077 -1.21998e+07
-1205.45 708077 1.93808e+07 1205.45 -708077 -1.39426e+07
-1356.13 708077 2.18034e+07 1356.13 -708077 -1.56854e+07
-1506.82 708077 2.42261e+07 1506.82 -708077 -1.74282e+07
-1657.51 708077 2.66487e+07 1657.51 -708077 -1.91711e+07
-1808.19 708077 2.90713e+07 1808.19 -708077 -2.09139e+07
-1958.88 708077 3.1494e+07 1958.88 -708077 -2.26567e+07
-2109.57 708077 3.39166e+07 2109.57 -708077 -2.43996e+07
-2260.26 708077 3.63393e+07 2260.26 -708077 -2.61424e+07
-2410.94 708077 3.87619e+07 2410.94 -708077 -2.78852e+07
-2561.64 708077 4.11846e+07 2561.64 -708077 -2.96281e+07
-2712.33 708077 4.36072e+07 2712.33 -708077 -3.13709e+07
-2863.02 708077 4.60299e+07 2863.02 -708077 -3.31138e+07
-3013.72 708077 4.84526e+07 3013.72 -708077 -3.48566e+07
-3164.41 708077 5.08752e+07 3164.41 -708077 -3.65994e+07
-3315.1 708077 5.32979e+07 3315.1 -708077 -3.83423e+07
-3465.8 708077 5.57206e+07 3465.8 -708077 -4.00851e+07
-3616.49 708077 5.81432e+07 3616.49 -708077 -4.18279e+07
-3767.19 708077 6.05659e+07 3767.19 -708077 -4.35708e+07
-3917.88 708077 6.29886e+07 3917.88 -708077 -4.53136e+07
-4068.58 708077 6.54113e+07 4068.58 -708077 -4.70565e+07
-4219.28 708077 6.7834e+07 4219.28 -708077 -4.87993e+07
-4369.98 708077 7.02567e+07 4369.98 -708077 -5.05422e+07
-4520.67 708077 7.26794e+07 4520.67 -708077 -5.2285e+07
-4671.38 708077 7.51021e+07 4671.38 -708077 -5.40279e+07
-4822.08 708077 7.75248e+07 4822.08 -708077 -5.57707e+07
-4972.78 708077 7.99475e+07 4972.78 -708077 -5.75136e+07
-5123.48 708077 8.23702e+07 5123.48 -708077 -5.92564e+07
-5274.19 708077 8.4793e+07 5274.19 -708077 -6.09993e+07
-5424.89 708077 8.72157e+07 5424.89 -708077 -6.27421e+07
-5575.59 708077 8.96384e+07 5575.59 -708077 -6.4485e+07
-5726.3 708077 9.20612e+07 5726.3 -708077 -6.62278e+07
-5877 708077 9.44839e+07 5877 -708077 -6.79707e+07
-6027.71 708077 9.69067e+07 6027.71 -708077 -6.97135e+07
-6178.41 708077 9.93294e+07 6178.41 -708077 -7.14564e+07
-6329.12 708077 1.01752e+08 6329.12 -708077 -7.31992e+07
-6479.83 708077 1.04175e+08 6479.83 -708077 -7.49421e+07
-6630.55 708077 1.06598e+08 6630.55 -708077 -7.66849e+07
-6781.25 708077 1.0902e+08 6781.25 -708077 -7.84278e+07
-6931.96 708077 1.11443e+08 6931.96 -708077 -8.01707e+07
-7082.68 708077 1.13866e+08 7082.68 -708077 -8.19135e+07
-7233.38 708077 1.16289e+08 7233.38 -708077 -8.36564e+07
-7384.1 708077 1.18711e+08 7384.1 -708077 -8.53992e+07
-7534.81 708077 1.21134e+08 7534.81 -708077 -8.71421e+07
-7685.53 708077 1.23557e+08 7685.53 -708077 -8.8885e+07
-7836.24 708077 1.2598e+08 7836.24 -708077 -9.06278e+07
-7986.96 708077 1.28403e+08 7986.96 -708077 -9.23707e+07
-8137.67 708077 1.30825e+08 8137.67 -708077 -9.41136e+07
-8288.39 708077 1.33248e+08 8288.39 -708077 -9.58564e+07
-8439.11 708077 1.35671e+08 8439.11 -708077 -9.75993e+07
-8589.83 708077 1.38094e+08 8589.83 -708077 -9.93422e+07
-8740.54 708077 1.40517e+08 8740.54 -708077 -1.01085e+08
-8891.27 708077 1.42939e+08 8891.27 -708077 -1.02828e+08
-9041.98 708077 1.45362e+08 9041.98 -708077 -1.04571e+08
-9192.7 708077 1.47785e+08 9192.7 -708077 -1.06314e+08
-9343.43 708077 1.50208e+08 9343.43 -708077 -1.08056e+08
-9494.15 708077 1.52631e+08 9494.15 -708077 -1.09799e+08
-9644.87 708077 1.55054e+08 9644.87 -708077 -1.11542e+08
-9795.6 708077 1.57476e+08 9795.6 -708077 -1.13285e+08
-9946.33 708077 1.59899e+08 9946.33 -708077 -1.15028e+08
-10097 708077 1.62322e+08 10097 -708077 -1.16771e+08
-10247.8 708077 1.64745e+08 10247.8 -708077 -1.18514e+08
-10398.5 708077 1.67168e+08 10398.5 -708077 -1.20257e+08
-10549.2 708077 1.69591e+08 10549.2 -708077 -1.21999e+08
-10700 708077 1.72014e+08 10700 -708077 -1.23742e+08
-10850.7 708077 1.74436e+08 10850.7 -708077 -1.25485e+08
-11001.4 708077 1.76859e+08 11001.4 -708077 -1.27228e+08
-11152.1 708077 1.79282e+08 11152.1 -708077 -1.28971e+08
-11302.9 708077 1.81705e+08 11302.9 -708077 -1.30714e+08
-11453.6 708077 1.84128e+08 11453.6 -708077 -1.32457e+08
-11604.3 708077 1.86551e+08 11604.3 -708077 -1.342e+08
-11755.1 708077 1.88974e+08 11755.1 -708077 -1.35943e+08
-11905.8 708077 1.91397e+08 11905.8 -708077 -1.37685e+08
-12056.5 708077 1.93819e+08 12056.5 -708077 -1.39428e+08
-12207.3 708077 1.96242e+08 12207.3 -708077 -1.41171e+08
-12358 708077 1.98665e+08 12358 -708077 -1.42914e+08
-12508.7 708077 2.01088e+08 12508.7 -708077 -1.44657e+08
-12659.5 708077 2.03511e+08 12659.5 -708077 -1.464e+08
-12810.2 708077 2.05934e+08 12810.2 -708077 -1.48143e+08
-12961 708077 2.08357e+08 12961 -708077 -1.49886e+08
-13111.7 708077 2.1078e+08 13111.7 -708077 -1.51629e+08
-13262.4 708077 2.13203e+08 13262.4 -708077 -1.53371e+08
-13413.2 708077 2.15626e+08 13413.2 -708077 -1.55114e+08
-13563.9 708077 2.18049e+08 13563.9 -708077 -1.56857e+08
-13714.7 708077 2.20472e+08 13714.7 -708077 -1.586e+08
-13865.4 708077 2.22894e+08 13865.4 -708077 -1.60343e+08
-14016.1 708077 2.25317e+08 14016.1 -708077 -1.62086e+08
-14166.9 708077 2.2774e+08 14166.9 -708077 -1.63829e+08
-14317.6 708077 2.30163e+08 14317.6 -708077 -1.65572e+08
-14468.4 708077 2.32586e+08 14468.4 -708077 -1.67315e+08
-14619.1 708077 2.35009e+08 14619.1 -708077 -1.69057e+08
-14769.9 708077 2.37432e+08 14769.9 -708077 -1.708e+08
-14920.6 708077 2.39855e+08 14920.6 -708077 -1.72543e+08
-15071.4 708077 2.42278e+08 15071.4 -708077 -1.74286e+08
-15222.1 708077 2.44701e+08 15222.1 -708077 -1.76029e+08
-15372.9 708077 2.47124e+08 15372.9 -708077 -1.77772e+08
-15523.6 708077 2.49547e+08 15523.6 -708077 -1.79515e+08
-15674.4 708077 2.5197e+08 15674.4 -708077 -1.81258e+08
-15825.1 708077 2.54393e+08 15825.1 -708077 -1.83001e+08
-15975.9 708077 2.56816e+08 15975.9 -708077 -1.84744e+08
-16126.6 708077 2.59239e+08 16126.6 -708077 -1.86487e+08
-16277.4 708077 2.61662e+08 16277.4 -708077 -1.88229e+08
-16428.1 708077 2.64085e+08 16428.1 -708077 -1.89972e+08
-16578.9 708077 2.66508e+08 16578.9 -708077 -1.91715e+08
-16729.6 708077 2.68931e+08 16729.6 -708077 -1.93458e+08
-16880.4 708077 2.71354e+08 16880.4 -708077 -1.95201e+08
-17031.2 708077 2.73777e+08 17031.2 -708077 -1.96944e+08
-17181.9 708077 2.762e+08 17181.9 -708077 -1.98687e+08
-17332.7 708077 2.78623e+08 17332.7 -708077 -2.0043e+08
-17483.4 708077 2.81046e+08 17483.4 -708077 -2.02173e+08
-17634.2 708077 2.83469e+08 17634.2 -708077 -2.03916e+08
-17785 708077 2.85892e+08 17785 -708077 -2.05659e+08
-17935.7 708077 2.88315e+08 17935.7 -708077 -2.07401e+08
-18086.5 708077 2.90738e+08 18086.5 -708077 -2.09144e+08
-18237.2 708077 2.93161e+08 18237.2 -708077 -2.10887e+08
-18388 708077 2.95584e+08 18388 -708077 -2.1263e+08
-18538.8 708077 2.98007e+08 18538.8 -708077 -2.14373e+08
-18689.5 708077 3.00431e+08 18689.5 -708077 -2.16116e+08
-18840.3 708077 3.02854e+08 18840.3 -708077 -2.17859e+08
-18991.1 708077 3.05277e+08 18991.1 -708077 -2.19602e+08
-19141.8 708077 3.077e+08 19141.8 -708077 -2.21345e+08
-19292.6 708077 3.10123e+08 19292.6 -708077 -2.23088e+08
-19443.4 708077 3.12546e+08 19443.4 -708077 -2.24831e+08
-19594.1 708077 3.14969e+08 19594.1 -708077 -2.26574e+08
-19744.9 708077 3.17392e+08 19744.9 -708077 -2.28317e+08
-19895.7 708077 3.19815e+08 19895.7 -708077 -2.30059e+08
-20046.5 708077 3.22238e+08 20046.5 -708077 -2.31802e+08
-20197.2 708077 3.24661e+08 20197.2 -708077 -2.33545e+08
-20348 708077 3.27084e+08 20348 -708077 -2.35288e+08
-20498.8 708077 3.29508e+08 20498.8 -708077 -2.37031e+08
-20649.5 708077 3.31931e+08 20649.5 -708077 -2.38774e+08
-20800.3 708077 3.34354e+08 20800.3 -708077 -2.40517e+08
-20951.1 708077 3.36777e+08 20951.1 -708077 -2.4226e+08
-21101.9 708077 3.392e+08 21101.9 -708077 -2.44003e+08
-21252.7 708077 3.41623e+08 21252.7 -708077 -2.45746e+08
-21403.4 708077 3.44046e+08 21403.4 -708077 -2.47489e+08
-21554.2 708077 3.46469e+08 21554.2 -708077 -2.49232e+08
-21705 708077 3.48893e+08 21705 -708077 -2.50975e+08
-21855.8 708077 3.51316e+08 21855.8 -708077 -2.52718e+08
-22006.5 708077 3.53739e+08 22006.5 -708077 -2.5446e+08
-22157.3 708077 3.56162e+08 22157.3 -708077 -2.56203e+08
-22308.1 708077 3.58585e+08 22308.1 -708077 -2.57946e+08
-22458.9 708077 3.61008e+08 22458.9 -708077 -2.59689e+08
-22609.7 708077 3.63431e+08 22609.7 -708077 -2.61432e+08
-22760.5 708077 3.65855e+08 22760.5 -708077 -2.63175e+08
-22911.2 708077 3.68278e+08 22911.2 -708077 -2.64918e+08
-23062 708077 3.70701e+08 23062 -708077 -2.66661e+08
-23212.8 708077 3.73124e+08 23212.8 -708077 -2.68404e+08
-23363.6 708077 3.75547e+08 23363.6 -708077 -2.70147e+08
-23514.4 708077 3.7797e+08 23514.4 -708077 -2.7189e+08
-23665.2 708077 3.80394e+08 23665.2 -708077 -2.73633e+08
-23816 708077 3.82817e+08 23816 -708077 -2.75376e+08
-23966.8 708077 3.8524e+08 23966.8 -708077 -2.77119e+08
-24117.5 708077 3.87663e+08 24117.5 -708077 -2.78862e+08
-24268.3 708077 3.90086e+08 24268.3 -708077 -2.80605e+08
-24419.1 708077 3.9251e+08 24419.1 -708077 -2.82348e+08
-24569.9 708077 3.94933e+08 24569.9 -708077 -2.84091e+08
-24720.7 708077 3.97356e+08 24720.7 -708077 -2.85834e+08
-24871.5 708077 3.99779e+08 24871.5 -708077 -2.87576e+08
-25022.3 708077 4.02203e+08 25022.3 -708077 -2.89319e+08
-25173.1 708077 4.04626e+08 25173.1 -708077 -2.91062e+08
-25323.9 708077 4.07049e+08 25323.9 -708077 -2.92805e+08
-25474.7 708077 4.09472e+08 25474.7 -708077 -2.94548e+08
-25625.5 708077 4.11895e+08 25625.5 -708077 -2.96291e+08
-25776.3 708077 4.14319e+08 25776.3 -708077 -2.98034e+08
-25927.1 708077 4.16742e+08 25927.1 -708077 -2.99777e+08
-26077.9 708077 4.19165e+08 26077.9 -708077 -3.0152e+08
-26228.7 708077 4.21588e+08 26228.7 -708077 -3.03263e+08
-26379.5 708077 4.24012e+08 26379.5 -708077 -3.05006e+08
-26530.3 708077 4.26435e+08 26530.3 -708077 -3.06749e+08
-26681.1 708077 4.28858e+08 26681.1 -708077 -3.08492e+08
-26831.9 708077 4.31281e+08 26831.9 -708077 -3.10235e+08
-26982.7 708077 4.33705e+08 26982.7 -708077 -3.11978e+08
-27133.5 708077 4.36128e+08 27133.5 -708077 -3.13721e+08
-27284.3 708077 4.38551e+08 27284.3 -708077 -3.15464e+08
-27435.1 708077 4.40975e+08 27435.1 -708077 -3.17207e+08
-27585.9 708077 4.43398e+08 27585.9 -708077 -3.1895e+08
-27736.7 708077 4.45821e+08 27736.7 -708077 -3.20693e+08
-27887.5 708077 4.48244e+08 27887.5 -708077 -3.22436e+08
-28038.3 708077 4.50668e+08 28038.3 -708077 -3.24179e+08
-28189.1 708077 4.53091e+08 28189.1 -708077 -3.25922e+08
-28340 708077 4.55514e+08 28340 -708077 -3.27665e+08
-28490.8 708077 4.57938e+08 28490.8 -708077 -3.29408e+08
-28641.6 708077 4.60361e+08 28641.6 -708077 -3.31151e+08
-28792.4 708077 4.62784e+08 28792.4 -708077 -3.32893e+08
-28943.2 708077 4.65208e+08 28943.2 -708077 -3.34636e+08
-29094 708077 4.67631e+08 29094 -708077 -3.36379e+08
-29244.8 708077 4.70054e+08 29244.8 -708077 -3.38122e+08
-29395.6 708077 4.72478e+08 29395.6 -708077 -3.39865e+08
-29546.5 708077 4.74901e+08 29546.5 -708077 -3.41608e+08
-29697.3 708077 4.77324e+08 29697.3 -708077 -3.43351e+08
-29848.1 708077 4.79748e+08 29848.1 -708077 -3.45094e+08
-29998.9 708077 4.82171e+08 29998.9 -708077 -3.46837e+08
-30149.7 708077 4.84594e+08 30149.7 -708077 -3.4858e+08
-30300.5 708077 4.87018e+08 30300.5 -708077 -3.50323e+08
-30451.4 708077 4.89441e+08 30451.4 -708077 -3.52066e+08
-30602.2 708077 4.91864e+08 30602.2 -708077 -3.53809e+08
-30753 708077 4.94288e+08 30753 -708077 -3.55552e+08
-30903.8 708077 4.96711e+08 30903.8 -708077 -3.57295e+08
-31054.6 708077 4.99134e+08 31054.6 -708077 -3.59038e+08
-31205.5 708077 5.01558e+08 31205.5 -708077 -3.60781e+08
-31356.3 708077 5.03981e+08 31356.3 -708077 -3.62524e+08
-31507.1 708077 5.06405e+08 31507.1 -708077 -3.64267e+08
-31657.9 708077 5.08828e+08 31657.9 -708077 -3.6601e+08
-31808.8 708077 5.11251e+08 31808.8 -708077 -3.67753e+08
-31959.6 708077 5.13675e+08 31959.6 -708077 -3.69496e+08
-32110.4 708077 5.16098e+08 32110.4 -708077 -3.71239e+08
-32261.2 708077 5.18522e+08 32261.2 -708077 -3.72982e+08
-32412.1 708077 5.20945e+08 32412.1 -708077 -3.74725e+08
-32562.9 708077 5.23368e+08 32562.9 -708077 -3.76468e+08
-32713.7 708077 5.25792e+08 32713.7 -708077 -3.78211e+08
-32864.6 708077 5.28215e+08 32864.6 -708077 -3.79954e+08
-33015.4 708077 5.30639e+08 33015.4 -708077 -3.81697e+08
-33166.2 708077 5.33062e+08 33166.2 -708077 -3.8344e+08
-33317.1 708077 5.35486e+08 33317.1 -708077 -3.85183e+08
-33467.9 708077 5.37909e+08 33467.9 -708077 -3.86926e+08
-33618.7 708077 5.40332e+08 33618.7 -708077 -3.88669e+08
-33769.6 708077 5.42756e+08 33769.6 -708077 -3.90412e+08
-33920.4 708077 5.45179e+08 33920.4 -708077 -3.92155e+08
-34071.2 708077 5.47603e+08 34071.2 -708077 -3.93898e+08
-34222.1 708077 5.50026e+08 34222.1 -708077 -3.95641e+08
-34372.9 708077 5.5245e+08 34372.9 -708077 -3.97384e+08
-34523.7 708077 5.54873e+08 34523.7 -708077 -3.99127e+08
-34674.6 708077 5.57297e+08 34674.6 -708077 -4.0087e+08
-34825.4 708077 5.5972e+08 34825.4 -708077 -4.02613e+08
-34976.3 708077 5.62144e+08 34976.3 -708077 -4.04356e+08
-35127.1 708077 5.64567e+08 35127.1 -708077 -4.06099e+08
-35277.9 708077 5.6699e+08 35277.9 -708077 -4.07842e+08
-35428.8 708077 5.69414e+08 35428.8 -708077 -4.09585e+08
-35579.6 708077 5.71837e+08 35579.6 -708077 -4.11328e+08
-35730.5 708077 5.74261e+08 35730.5 -708077 -4.13071e+08
-35881.3 708077 5.76684e+08 35881.3 -708077 -4.14814e+08
-36032.2 708077 5.79108e+08 36032.2 -708077 -4.16557e+08
-36183 708077 5.81531e+08 36183 -708077 -4.183e+08
-36333.9 708077 5.83955e+08 36333.9 -708077 -4.20043e+08
-36484.7 708077 5.86379e+08 36484.7 -708077 -4.21786e+08
-36635.6 708077 5.88802e+08 36635.6 -708077 -4.23529e+08
-36786.4 708077 5.91225e+08 36786.4 -708077 -4.25272e+08
-36937.3 708077 5.93649e+08 36937.3 -708077 -4.27015e+08
-37088.1 708077 5.96073e+08 37088.1 -708077 -4.28758e+08
-37239 708077 5.98496e+08 37239 -708077 -4.30501e+08
-37389.8 708077 6.0092e+08 37389.8 -708077 -4.32244e+08
-37540.7 708077 6.03343e+08 37540.7 -708077 -4.33987e+08
-37691.5 708077 6.05767e+08 37691.5 -708077 -4.3573e+08
-37842.4 708077 6.0819e+08 37842.4 -708077 -4.37473e+08
-37993.2 708077 6.10614e+08 37993.2 -708077 -4.39216e+08
-38144.1 708077 6.13037e+08 38144.1 -708077 -4.40959e+08
-38294.9 708077 6.15461e+08 38294.9 -708077 -4.42702e+08
-38445.8 708077 6.17884e+08 38445.8 -708077 -4.44445e+08
-38596.6 708077 6.20308e+08 38596.6 -708077 -4.46188e+08
-38747.5 708077 6.22732e+08 38747.5 -708077 -4.47931e+08
-38898.4 708077 6.25155e+08 38898.4 -708077 -4.49674e+08
-39049.2 708077 6.27579e+08 39049.2 -708077 -4.51418e+08
-39200.1 708077 6.30002e+08 39200.1 -708077 -4.53161e+08
-39350.9 708077 6.32426e+08 39350.9 -708077 -4.54904e+08
-39501.8 708077 6.34849e+08 39501.8 -708077 -4.56647e+08
-39652.7 708077 6.37273e+08 39652.7 -708077 -4.5839e+08
-39803.5 708077 6.39697e+08 39803.5 -708077 -4.60133e+08
-39954.4 708077 6.4212e+08 39954.4 -708077 -4.61876e+08
-40105.3 708077 6.44544e+08 40105.3 -708077 -4.63619e+08
-40256.1 708077 6.46967e+08 40256.1 -708077 -4.65362e+08
-40407 708077 6.49391e+08 40407 -708077 -4.67105e+08
-40557.8 708077 6.51815e+08 40557.8 -708077 -4.68848e+08
-40708.7 708077 6.54238e+08 40708.7 -708077 -4.70591e+08
-40859.6 708077 6.56662e+08 40859.6 -708077 -4.72334e+08
-41010.5 708077 6.59086e+08 41010.5 -708077 -4.74077e+08
-41161.3 708077 6.61509e+08 41161.3 -708077 -4.7582e+08
-41312.2 708077 6.63933e+08 41312.2 -708077 -4.77563e+08
-41463.1 708077 6.66356e+08 41463.1 -708077 -4.79306e+08
-41613.9 708077 6.6878e+08 41613.9 -708077 -4.81049e+08
-41764.8 708077 6.71204e+08 41764.8 -708077 -4.82792e+08
-41915.7 708077 6.73627e+08 41915.7 -708077 -4.84535e+08
-42066.5 708077 6.76051e+08 42066.5 -708077 -4.86278e+08
-42217.4 708077 6.78475e+08 42217.4 -708077 -4.88021e+08
-42368.3 708077 6.80898e+08 42368.3 -708077 -4.89764e+08
-42519.2 708077 6.83322e+08 42519.2 -708077 -4.91507e+08
-42670 708077 6.85746e+08 42670 -708077 -4.9325e+08
-42820.9 708077 6.88169e+08 42820.9 -708077 -4.94993e+08
-42971.8 708077 6.90593e+08 42971.8 -708077 -4.96736e+08
-43122.7 708077 6.93017e+08 43122.7 -708077 -4.9848e+08
-43273.6 708077 6.9544e+08 43273.6 -708077 -5.00223e+08
-43424.4 708077 6.97864e+08 43424.4 -708077 -5.01966e+08
-43575.3 708077 7.00288e+08 43575.3 -708077 -5.03709e+08
-43726.2 708077 7.02711e+08 43726.2 -708077 -5.05452e+08
-43877.1 708077 7.05135e+08 43877.1 -708077 -5.07195e+08
-44028 708077 7.07559e+08 44028 -708077 -5.08938e+08
-44178.9 708077 7.09983e+08 44178.9 -708077 -5.10681e+08
-44329.7 708077 7.12406e+08 44329.7 -708077 -5.12424e+08
-44480.6 708077 7.1483e+08 44480.6 -708077 -5.14167e+08
-44631.5 708077 7.17254e+08 44631.5 -708077 -5.1591e+08
-44782.4 708077 7.19677e+08 44782.4 -708077 -5.17653e+08
-44933.3 708077 7.22101e+08 44933.3 -708077 -5.19396e+08
-45084.2 708077 7.24525e+08 45084.2 -708077 -5.21139e+08
-45235 708077 7.26949e+08 45235 -708077 -5.22882e+08
-45385.9 708077 7.29372e+08 45385.9 -708077 -5.24625e+08
-45536.8 708077 7.31796e+08 45536.8 -708077 -5.26368e+08
-45687.7 708077 7.3422e+08 45687.7 -708077 -5.28111e+08
-45838.6 708077 7.36644e+08 45838.6 -708077 -5.29855e+08
-45989.5 708077 7.39067e+08 45989.5 -708077 -5.31598e+08
-46140.4 708077 7.41491e+08 46140.4 -708077 -5.33341e+08
-46291.3 708077 7.43915e+08 46291.3 -708077 -5.35084e+08
-46442.2 708077 7.46339e+08 46442.2 -708077 -5.36827e+08
-46593.1 708077 7.48762e+08 46593.1 -708077 -5.3857e+08
-46744 708077 7.51186e+08 46744 -708077 -5.40313e+08
-46894.9 708077 7.5361e+08 46894.9 -708077 -5.42056e+08
-47045.8 708077 7.56034e+08 47045.8 -708077 -5.43799e+08
-47196.6 708077 7.58457e+08 47196.6 -708077 -5.45542e+08
-47347.6 708077 7.60881e+08 47347.6 -708077 -5.47285e+08
-47498.4 708077 7.63305e+08 47498.4 -708077 -5.49028e+08
-47649.3 708077 7.65729e+08 47649.3 -708077 -5.50771e+08
-47800.2 708077 7.68153e+08 47800.2 -708077 -5.52514e+08
-47951.1 708077 7.70576e+08 47951.1 -708077 -5.54257e+08
-48102 708077 7.73e+08 48102 -708077 -5.56001e+08
-48252.9 708077 7.75424e+08 48252.9 -708077 -5.57744e+08
-48403.9 708077 7.77848e+08 48403.9 -708077 -5.59487e+08
-48554.8 708077 7.80272e+08 48554.8 -708077 -5.6123e+08
-48705.7 708077 7.82695e+08 48705.7 -708077 -5.62973e+08
-48856.6 708077 7.85119e+08 48856.6 -708077 -5.64716e+08
-49007.5 708077 7.87543e+08 49007.5 -708077 -5.66459e+08
-49158.4 708077 7.89967e+08 49158.4 -708077 -5.68202e+08
-49309.3 708077 7.92391e+08 49309.3 -708077 -5.69945e+08
-49460.2 708077 7.94815e+08 49460.2 -708077 -5.71688e+08
-49611.1 708077 7.97238e+08 49611.1 -708077 -5.73431e+08
-49762 708077 7.99662e+08 49762 -708077 -5.75174e+08
-49912.9 708077 8.02086e+08 49912.9 -708077 -5.76917e+08
-50063.8 708077 8.0451e+08 50063.8 -708077 -5.78661e+08
-50214.7 708077 8.06934e+08 50214.7 -708077 -5.80404e+08
-50365.6 708077 8.09358e+08 50365.6 -708077 -5.82147e+08
-50516.6 708077 8.11782e+08 50516.6 -708077 -5.8389e+08
-50667.5 708077 8.14205e+08 50667.5 -708077 -5.85633e+08
-50818.4 708077 8.16629e+08 50818.4 -708077 -5.87376e+08
-50969.3 708077 8.19053e+08 50969.3 -708077 -5.89119e+08
-51120.2 708077 8.21477e+08 51120.2 -708077 -5.90862e+08
-51271.1 708077 8.23901e+08 51271.1 -708077 -5.92605e+08
-51422 708077 8.26325e+08 51422 -708077 -5.94348e+08
-51573 708077 8.28749e+08 51573 -708077 -5.96091e+08
-51723.9 708077 8.31173e+08 51723.9 -708077 -5.97835e+08
-51874.8 708077 8.33597e+08 51874.8 -708077 -5.99578e+08
-52025.7 708077 8.3602e+08 52025.7 -708077 -6.01321e+08
-52176.6 708077 8.38444e+08 52176.6 -708077 -6.03064e+08
-52327.6 708077 8.40868e+08 52327.6 -708077 -6.04807e+08
-52478.5 708077 8.43292e+08 52478.5 -708077 -6.0655e+08
-52629.4 708077 8.45716e+08 52629.4 -708077 -6.08293e+08
-52780.3 708077 8.4814e+08 52780.3 -708077 -6.10036e+08
-52931.2 708077 8.50564e+08 52931.2 -708077 -6.11779e+08
-53082.2 708077 8.52988e+08 53082.2 -708077 -6.13522e+08
-53233.1 708077 8.55412e+08 53233.1 -708077 -6.15266e+08
-53384 708077 8.57836e+08 53384 -708077 -6.17009e+08
-53534.9 708077 8.6026e+08 53534.9 -708077 -6.18752e+08
-53685.9 708077 8.62684e+08 53685.9 -708077 -6.20495e+08
-53836.8 708077 8.65108e+08 53836.8 -708077 -6.22238e+08
-53987.7 708077 8.67532e+08 53987.7 -708077 -6.23981e+08
-54138.7 708077 8.69955e+08 54138.7 -708077 -6.25724e+08
-54289.6 708077 8.72379e+08 54289.6 -708077 -6.27467e+08
-54440.5 708077 8.74803e+08 54440.5 -708077 -6.2921e+08
-54591.4 708077 8.77227e+08 54591.4 -708077 -6.30953e+08
-54742.4 708077 8.79651e+08 54742.4 -708077 -6.32697e+08
-54893.3 708077 8.82075e+08 54893.3 -708077 -6.3444e+08
-55044.2 708077 8.84499e+08 55044.2 -708077 -6.36183e+08
-55195.2 708077 8.86923e+08 55195.2 -708077 -6.37926e+08
-55346.1 708077 8.89347e+08 55346.1 -708077 -6.39669e+08
-55497.1 708077 8.91771e+08 55497.1 -708077 -6.41412e+08
-55648 708077 8.94195e+08 55648 -708077 -6.43155e+08
-55798.9 708077 8.96619e+08 55798.9 -708077 -6.44898e+08
-55949.9 708077 8.99043e+08 55949.9 -708077 -6.46641e+08
-56100.8 708077 9.01467e+08 56100.8 -708077 -6.48385e+08
-56251.7 708077 9.03891e+08 56251.7 -708077 -6.50128e+08
-56402.7 708077 9.06315e+08 56402.7 -708077 -6.51871e+08
-56553.6 708077 9.08739e+08 56553.6 -708077 -6.53614e+08
-56704.6 708077 9.11163e+08 56704.6 -708077 -6.55357e+08
-56855.5 708077 9.13587e+08 56855.5 -708077 -6.571e+08
-57006.4 708077 9.16011e+08 57006.4 -708077 -6.58843e+08
-57157.4 708077 9.18435e+08 57157.4 -708077 -6.60586e+08
-57308.3 708077 9.20859e+08 57308.3 -708077 -6.6233e+08
-57459.3 708077 9.23283e+08 57459.3 -708077 -6.64073e+08
-57610.2 708077 9.25708e+08 57610.2 -708077 -6.65816e+08
-57761.2 708077 9.28132e+08 57761.2 -708077 -6.67559e+08
-57912.1 708077 9.30556e+08 57912.1 -708077 -6.69302e+08
-58063.1 708077 9.3298e+08 58063.1 -708077 -6.71045e+08
-58214 708077 9.35404e+08 58214 -708077 -6.72788e+08
-58365 708077 9.37828e+08 58365 -708077 -6.74531e+08
-58515.9 708077 9.40252e+08 58515.9 -708077 -6.76275e+08
-58666.9 708077 9.42676e+08 58666.9 -708077 -6.78018e+08
-58817.8 708077 9.451e+08 58817.8 -708077 -6.79761e+08
-58968.8 708077 9.47524e+08 58968.8 -708077 -6.81504e+08
-59119.7 708077 9.49948e+08 59119.7 -708077 -6.83247e+08
-59270.7 708077 9.52372e+08 59270.7 -708077 -6.8499e+08
-59421.6 708077 9.54796e+08 59421.6 -708077 -6.86733e+08
-59572.6 708077 9.5722e+08 59572.6 -708077 -6.88476e+08
-59723.5 708077 9.59645e+08 59723.5 -708077 -6.9022e+08
-59874.5 708077 9.62069e+08 59874.5 -708077 -6.91963e+08
-60025.4 708077 9.64493e+08 60025.4 -708077 -6.93706e+08
-60176.4 708077 9.66917e+08 60176.4 -708077 -6.95449e+08
-60327.3 708077 9.69341e+08 60327.3 -708077 -6.97192e+08
-60478.3 708077 9.71765e+08 60478.3 -708077 -6.98935e+08
-60629.3 708077 9.74189e+08 60629.3 -708077 -7.00678e+08
-60780.2 708077 9.76613e+08 60780.2 -708077 -7.02422e+08
-60931.2 708077 9.79037e+08 60931.2 -708077 -7.04165e+08
-61082.1 708077 9.81462e+08 61082.1 -708077 -7.05908e+08
-61233.1 708077 9.83886e+08 61233.1 -708077 -7.07651e+08
-61384.1 708077 9.8631e+08 61384.1 -708077 -7.09394e+08
-61535 708077 9.88734e+08 61535 -708077 -7.11137e+08
-61686 708077 9.91158e+08 61686 -708077 -7.1288e+08
-61837 708077 9.93582e+08 61837 -708077 -7.14624e+08
-61987.9 708077 9.96006e+08 61987.9 -708077 -7.16367e+08
-62138.9 708077 9.98431e+08 62138.9 -708077 -7.1811e+08
-62289.9 708077 1.00085e+09 62289.9 -708077 -7.19853e+08
-62440.8 708077 1.00328e+09 62440.8 -708077 -7.21596e+08
-62591.8 708077 1.0057e+09 62591.8 -708077 -7.23339e+08
-62742.8 708077 1.00813e+09 62742.8 -708077 -7.25082e+08
-62893.7 708077 1.01055e+09 62893.7 -708077 -7.26826e+08
-63044.7 708077 1.01298e+09 63044.7 -708077 -7.28569e+08
-63195.7 708077 1.0154e+09 63195.7 -708077 -7.30312e+08
-63346.6 708077 1.01782e+09 63346.6 -708077 -7.32055e+08
-63497.6 708077 1.02025e+09 63497.6 -708077 -7.33798e+08
-63648.6 708077 1.02267e+09 63648.6 -708077 -7.35541e+08
-63799.6 708077 1.0251e+09 63799.6 -708077 -7.37285e+08
-63950.5 708077 1.02752e+09 63950.5 -708077 -7.39028e+08
-64101.5 708077 1.02994e+09 64101.5 -708077 -7.40771e+08
-64252.5 708077 1.03237e+09 64252.5 -708077 -7.42514e+08
-64403.5 708077 1.03479e+09 64403.5 -708077 -7.44257e+08
-64554.4 708077 1.03722e+09 64554.4 -708077 -7.46e+08
-64705.4 708077 1.03964e+09 64705.4 -708077 -7.47743e+08
-64856.4 708077 1.04207e+09 64856.4 -708077 -7.49487e+08
-65007.4 708077 1.04449e+09 65007.4 -708077 -7.5123e+08
-65158.4 708077 1.04691e+09 65158.4 -708077 -7.52973e+08
-65309.3 708077 1.04934e+09 65309.3 -708077 -7.54716e+08
-65460.3 708077 1.05176e+09 65460.3 -708077 -7.56459e+08
-65611.3 708077 1.05419e+09 65611.3 -708077 -7.58202e+08
-65762.3 708077 1.05661e+09 65762.3 -708077 -7.59946e+08
-65913.3 708077 1.05904e+09 65913.3 -708077 -7.61689e+08
-66064.3 708077 1.06146e+09 66064.3 -708077 -7.63432e+08
-66215.2 708077 1.06388e+09 66215.2 -708077 -7.65175e+08
-66366.2 708077 1.06631e+09 66366.2 -708077 -7.66918e+08
-66517.2 708077 1.06873e+09 66517.2 -708077 -7.68661e+08
-66668.2 708077 1.07116e+09 66668.2 -708077 -7.70405e+08
-66819.2 708077 1.07358e+09 66819.2 -708077 -7.72148e+08
-66970.2 708077 1.07601e+09 66970.2 -708077 -7.73891e+08
-67121.2 708077 1.07843e+09 67121.2 -708077 -7.75634e+08
-67272.2 708077 1.08085e+09 67272.2 -708077 -7.77377e+08
-67423.1 708077 1.08328e+09 67423.1 -708077 -7.79121e+08
-67574.1 708077 1.0857e+09 67574.1 -708077 -7.80864e+08
-67725.1 708077 1.08813e+09 67725.1 -708077 -7.82607e+08
-67876.1 708077 1.09055e+09 67876.1 -708077 -7.8435e+08
-68027.1 708077 1.09298e+09 68027.1 -708077 -7.86093e+08
-68178.1 708077 1.0954e+09 68178.1 -708077 -7.87836e+08
-68329.1 708077 1.09782e+09 68329.1 -708077 -7.8958e+08
-68480.1 708077 1.10025e+09 68480.1 -708077 -7.91323e+08
-68631.1 708077 1.10267e+09 68631.1 -708077 -7.93066e+08
-68782.1 708077 1.1051e+09 68782.1 -708077 -7.94809e+08
-68933.1 708077 1.10752e+09 68933.1 -708077 -7.96552e+08
-69084.1 708077 1.10995e+09 69084.1 -708077 -7.98295e+08
-69235.1 708077 1.11237e+09 69235.1 -708077 -8.00039e+08
-69386.1 708077 1.11479e+09 69386.1 -708077 -8.01782e+08
-69537.1 708077 1.11722e+09 69537.1 -708077 -8.03525e+08
-69688.1 708077 1.11964e+09 69688.1 -708077 -8.05268e+08
-69839.1 708077 1.12207e+09 69839.1 -708077 -8.07011e+08
-69990.1 708077 1.12449e+09 69990.1 -708077 -8.08755e+08
-70141.1 708077 1.12692e+09 70141.1 -708077 -8.10498e+08
-70292.1 708077 1.12934e+09 70292.1 -708077 -8.12241e+08
-70443.1 708077 1.13177e+09 70443.1 -708077 -8.13984e+08
-70594.1 708077 1.13419e+09 70594.1 -708077 -8.15727e+08
-70745.1 708077 1.13661e+09 70745.1 -708077 -8.17471e+08
-70896.1 708077 1.13904e+09 70896.1 -708077 -8.19214e+08
-71047.1 708077 1.14146e+09 71047.1 -708077 -8.20957e+08
-71198.1 708077 1.14389e+09 71198.1 -708077 -8.227e+08
-71349.1 708077 1.14631e+09 71349.1 -708077 -8.24443e+08
-71500.1 708077 1.14874e+09 71500.1 -708077 -8.26187e+08
-71651.2 708077 1.15116e+09 71651.2 -708077 -8.2793e+08
-71802.2 708077 1.15358e+09 71802.2 -708077 -8.29673e+08
-71953.2 708077 1.15601e+09 71953.2 -708077 -8.31416e+08
-72104.2 708077 1.15843e+09 72104.2 -708077 -8.33159e+08
-72255.2 708077 1.16086e+09 72255.2 -708077 -8.34903e+08
-72406.2 708077 1.16328e+09 72406.2 -708077 -8.36646e+08
-72557.2 708077 1.16571e+09 72557.2 -708077 -8.38389e+08
-72708.2 708077 1.16813e+09 72708.2 -708077 -8.40132e+08
-72859.3 708077 1.17056e+09 72859.3 -708077 -8.41875e+08
-73010.3 708077 1.17298e+09 73010.3 -708077 -8.43619e+08
-73161.3 708077 1.1754e+09 73161.3 -708077 -8.45362e+08
-73312.3 708077 1.17783e+09 73312.3 -708077 -8.47105e+08
-73463.3 708077 1.18025e+09 73463.3 -708077 -8.48848e+08
-73614.4 708077 1.18268e+09 73614.4 -708077 -8.50591e+08
-73765.4 708077 1.1851e+09 73765.4 -708077 -8.52335e+08
-73916.4 708077 1.18753e+09 73916.4 -708077 -8.54078e+08
-74067.4 708077 1.18995e+09 74067.4 -708077 -8.55821e+08
-74218.4 708077 1.19238e+09 74218.4 -708077 -8.57564e+08
-74369.5 708077 1.1948e+09 74369.5 -708077 -8.59307e+08
-74520.5 708077 1.19722e+09 74520.5 -708077 -8.61051e+08
-74671.5 708077 1.19965e+09 74671.5 -708077 -8.62794e+08
-74822.5 708077 1.20207e+09 74822.5 -708077 -8.64537e+08
-74973.6 708077 1.2045e+09 74973.6 -708077 -8.6628e+08
-75124.6 708077 1.20692e+09 75124.6 -708077 -8.68023e+08
-75275.6 708077 1.20935e+09 75275.6 -708077 -8.69767e+08
-75426.6 708077 1.21177e+09 75426.6 -708077 -8.7151e+08
-75577.7 708077 1.2142e+09 75577.7 -708077 -8.73253e+08
-75728.7 708077 1.21662e+09 75728.7 -708077 -8.74996e+08
-75879.7 708077 1.21904e+09 75879.7 -708077 -8.7674e+08
-76030.7 708077 1.22147e+09 76030.7 -708077 -8.78483e+08
-76181.8 708077 1.22389e+09 76181.8 -708077 -8.80226e+08
-76332.8 708077 1.22632e+09 76332.8 -708077 -8.81969e+08
-76483.8 708077 1.22874e+09 76483.8 -708077 -8.83712e+08
-76634.9 708077 1.23117e+09 76634.9 -708077 -8.85456e+08
-76785.9 708077 1.23359e+09 76785.9 -708077 -8.87199e+08
-76936.9 708077 1.23602e+09 76936.9 -708077 -8.88942e+08
-77088 708077 1.23844e+09 77088 -708077 -8.90685e+08
-77239 708077 1.24087e+09 77239 -708077 -8.92429e+08
-77390.1 708077 1.24329e+09 77390.1 -708077 -8.94172e+08
-77541.1 708077 1.24571e+09 77541.1 -708077 -8.95915e+08
-77692.1 708077 1.24814e+09 77692.1 -708077 -8.97658e+08
-77843.2 708077 1.25056e+09 77843.2 -708077 -8.99401e+08
-77994.2 708077 1.25299e+09 77994.2 -708077 -9.01145e+08
-78145.2 708077 1.25541e+09 78145.2 -708077 -9.02888e+08
-78296.3 708077 1.25784e+09 78296.3 -708077 -9.04631e+08
-78447.3 708077 1.26026e+09 78447.3 -708077 -9.06374e+08
-78598.4 708077 1.26269e+09 78598.4 -708077 -9.08118e+08
-78749.4 708077 1.26511e+09 78749.4 -708077 -9.09861e+08
-78900.5 708077 1.26754e+09 78900.5 -708077 -9.11604e+08
-79051.5 708077 1.26996e+09 79051.5 -708077 -9.13347e+08
-79202.5 708077 1.27238e+09 79202.5 -708077 -9.15091e+08
-79353.6 708077 1.27481e+09 79353.6 -708077 -9.16834e+08
-79504.6 708077 1.27723e+09 79504.6 -708077 -9.18577e+08
-79655.7 708077 1.27966e+09 79655.7 -708077 -9.2032e+08
-79806.7 708077 1.28208e+09 79806.7 -708077 -9.22064e+08
-79957.8 708077 1.28451e+09 79957.8 -708077 -9.23807e+08
-80108.8 708077 1.28693e+09 80108.8 -708077 -9.2555e+08
-80259.9 708077 1.28936e+09 80259.9 -708077 -9.27293e+08
-80410.9 708077 1.29178e+09 80410.9 -708077 -9.29036e+08
-80562 708077 1.29421e+09 80562 -708077 -9.3078e+08
-80713 708077 1.29663e+09 80713 -708077 -9.32523e+08
-80864.1 708077 1.29906e+09 80864.1 -708077 -9.34266e+08
-81015.1 708077 1.30148e+09 81015.1 -708077 -9.36009e+08
-81166.2 708077 1.3039e+09 81166.2 -708077 -9.37753e+08
-81317.2 708077 1.30633e+09 81317.2 -708077 -9.39496e+08
-81468.3 708077 1.30875e+09 81468.3 -708077 -9.41239e+08
-81619.4 708077 1.31118e+09 81619.4 -708077 -9.42982e+08
-81770.4 708077 1.3136e+09 81770.4 -708077 -9.44726e+08
-81921.5 708077 1.31603e+09 81921.5 -708077 -9.46469e+08
-82072.5 708077 1.31845e+09 82072.5 -708077 -9.48212e+08
-82223.6 708077 1.32088e+09 82223.6 -708077 -9.49955e+08
-82374.6 708077 1.3233e+09 82374.6 -708077 -9.51699e+08
-82525.7 708077 1.32573e+09 82525.7 -708077 -9.53442e+08
-82676.8 708077 1.32815e+09 82676.8 -708077 -9.55185e+08
-82827.8 708077 1.33058e+09 82827.8 -708077 -9.56928e+08
-82978.9 708077 1.333e+09 82978.9 -708077 -9.58672e+08
-83130 708077 1.33543e+09 83130 -708077 -9.60415e+08
-83281 708077 1.33785e+09 83281 -708077 -9.62158e+08
-83432.1 708077 1.34028e+09 83432.1 -708077 -9.63902e+08
-83583.2 708077 1.3427e+09 83583.2 -708077 -9.65645e+08
-83734.2 708077 1.34512e+09 83734.2 -708077 -9.67388e+08
-83885.3 708077 1.34755e+09 83885.3 -708077 -9.69131e+08
-84036.4 708077 1.34997e+09 84036.4 -708077 -9.70875e+08
-84187.4 708077 1.3524e+09 84187.4 -708077 -9.72618e+08
-84338.5 708077 1.35482e+09 84338.5 -708077 -9.74361e+08
-84489.6 708077 1.35725e+09 84489.6 -708077 -9.76104e+08
-84640.6 708077 1.35967e+09 84640.6 -708077 -9.77848e+08
-84791.7 708077 1.3621e+09 84791.7 -708077 -9.79591e+08
-84942.8 708077 1.36452e+09 84942.8 -708077 -9.81334e+08
-85093.8 708077 1.36695e+09 85093.8 -708077 -9.83077e+08
-85244.9 708077 1.36937e+09 85244.9 -708077 -9.84821e+08
-85396 708077 1.3718e+09 85396 -708077 -9.86564e+08
-85547.1 708077 1.37422e+09 85547.1 -708077 -9.88307e+08
-85698.1 708077 1.37665e+09 85698.1 -708077 -9.9005e+08
-85849.2 708077 1.37907e+09 85849.2 -708077 -9.91794e+08
-86000.3 708077 1.3815e+09 86000.3 -708077 -9.93537e+08
-86151.4 708077 1.38392e+09 86151.4 -708077 -9.9528e+08
-86302.4 708077 1.38634e+09 86302.4 -708077 -9.97024e+08
-86453.5 708077 1.38877e+09 86453.5 -708077 -9.98767e+08
-86604.6 708077 1.39119e+09 86604.6 -708077 -1.00051e+09
-86755.7 708077 1.39362e+09 86755.7 -708077 -1.00225e+09
-86906.8 708077 1.39604e+09 86906.8 -708077 -1.004e+09
-87057.8 708077 1.39847e+09 87057.8 -708077 -1.00574e+09
-87208.9 708077 1.40089e+09 87208.9 -708077 -1.00748e+09
-87360 708077 1.40332e+09 87360 -708077 -1.00923e+09
-87511.1 708077 1.40574e+09 87511.1 -708077 -1.01097e+09
-87662.2 708077 1.40817e+09 87662.2 -708077 -1.01271e+09
-87813.3 708077 1.41059e+09 87813.3 -708077 -1.01446e+09
-87964.3 708077 1.41302e+09 87964.3 -708077 -1.0162e+09
-88115.4 708077 1.41544e+09 88115.4 -708077 -1.01794e+09
-88266.5 708077 1.41787e+09 88266.5 -708077 -1.01969e+09
-88417.6 708077 1.42029e+09 88417.6 -708077 -1.02143e+09
-88568.7 708077 1.42272e+09 88568.7 -708077 -1.02317e+09
-88719.8 708077 1.42514e+09 88719.8 -708077 -1.02492e+09
-88870.9 708077 1.42757e+09 88870.9 -708077 -1.02666e+09
-89022 708077 1.42999e+09 89022 -708077 -1.0284e+09
-89173.1 708077 1.43242e+09 89173.1 -708077 -1.03015e+09
-89324.1 708077 1.43484e+09 89324.1 -708077 -1.03189e+09
-89475.2 708077 1.43727e+09 89475.2 -708077 -1.03363e+09
-89626.3 708077 1.43969e+09 89626.3 -708077 -1.03538e+09
-89777.4 708077 1.44212e+09 89777.4 -708077 -1.03712e+09
-89928.5 708077 1.44454e+09 89928.5 -708077 -1.03886e+09
-90079.6 708077 1.44697e+09 90079.6 -708077 -1.04061e+09
-90230.7 708077 1.44939e+09 90230.7 -708077 -1.04235e+09
-90381.8 708077 1.45182e+09 90381.8 -708077 -1.04409e+09
-90532.9 708077 1.45424e+09 90532.9 -708077 -1.04584e+09
-90684 708077 1.45666e+09 90684 -708077 -1.04758e+09
-90835.1 708077 1.45909e+09 90835.1 -708077 -1.04932e+09
-90986.2 708077 1.46151e+09 90986.2 -708077 -1.05107e+09
-91137.3 708077 1.46394e+09 91137.3 -708077 -1.05281e+09
-91288.4 708077 1.46636e+09 91288.4 -708077 -1.05455e+09
-91439.5 708077 1.46879e+09 91439.5 -708077 -1.0563e+09
-91590.6 708077 1.47121e+09 91590.6 -708077 -1.05804e+09
-91741.7 708077 1.47364e+09 91741.7 -708077 -1.05978e+09
-91892.8 708077 1.47606e+09 91892.8 -708077 -1.06153e+09
-92043.9 708077 1.47849e+09 92043.9 -708077 -1.06327e+09
-92195 708077 1.48091e+09 92195 -708077 -1.06501e+09
-92346.1 708077 1.48334e+09 92346.1 -708077 -1.06676e+09
-92497.2 708077 1.48576e+09 92497.2 -708077 -1.0685e+09
-92648.3 708077 1.48819e+09 92648.3 -708077 -1.07024e+09
-92799.4 708077 1.49061e+09 92799.4 -708077 -1.07199e+09
-92950.6 708077 1.49304e+09 92950.6 -708077 -1.07373e+09
-93101.7 708077 1.49546e+09 93101.7 -708077 -1.07547e+09
-93252.8 708077 1.49789e+09 93252.8 -708077 -1.07722e+09
-93403.9 708077 1.50031e+09 93403.9 -708077 -1.07896e+09
-93555 708077 1.50274e+09 93555 -708077 -1.0807e+09
-93706.1 708077 1.50516e+09 93706.1 -708077 -1.08244e+09
-93857.2 708077 1.50759e+09 93857.2 -708077 -1.08419e+09
-94008.3 708077 1.51001e+09 94008.3 -708077 -1.08593e+09
-94159.4 708077 1.51244e+09 94159.4 -708077 -1.08767e+09
-94310.6 708077 1.51486e+09 94310.6 -708077 -1.08942e+09
-94461.7 708077 1.51729e+09 94461.7 -708077 -1.09116e+09
-94612.8 708077 1.51971e+09 94612.8 -708077 -1.0929e+09
-94763.9 708077 1.52214e+09 94763.9 -708077 -1.09465e+09
-94915 708077 1.52456e+09 94915 -708077 -1.09639e+09
-95066.1 708077 1.52699e+09 95066.1 -708077 -1.09813e+09
-95217.3 708077 1.52941e+09 95217.3 -708077 -1.09988e+09
-95368.4 708077 1.53184e+09 95368.4 -708077 -1.10162e+09
-95519.5 708077 1.53426e+09 95519.5 -708077 -1.10336e+09
-95670.6 708077 1.53669e+09 95670.6 -708077 -1.10511e+09
-95821.7 708077 1.53911e+09 95821.7 -708077 -1.10685e+09
-95972.9 708077 1.54154e+09 95972.9 -708077 -1.10859e+09
-96124 708077 1.54396e+09 96124 -708077 -1.11034e+09
-96275.1 708077 1.54639e+09 96275.1 -708077 -1.11208e+09
-96426.2 708077 1.54881e+09 96426.2 -708077 -1.11382e+09
-96577.4 708077 1.55124e+09 96577.4 -708077 -1.11557e+09
-96728.5 708077 1.55366e+09 96728.5 -708077 -1.11731e+09
-96879.6 708077 1.55609e+09 96879.6 -708077 -1.11905e+09
-97030.7 708077 1.55851e+09 97030.7 -708077 -1.1208e+09
-97181.9 708077 1.56094e+09 97181.9 -708077 -1.12254e+09
-97333 708077 1.56336e+09 97333 -708077 -1.12428e+09
-97484.1 708077 1.56579e+09 97484.1 -708077 -1.12603e+09
-97635.3 708077 1.56821e+09 97635.3 -708077 -1.12777e+09
-97786.4 708077 1.57064e+09 97786.4 -708077 -1.12951e+09
-97937.5 708077 1.57306e+09 97937.5 -708077 -1.13126e+09
-98088.7 708077 1.57549e+09 98088.7 -708077 -1.133e+09
-98239.8 708077 1.57791e+09 98239.8 -708077 -1.13474e+09
-98390.9 708077 1.58034e+09 98390.9 -708077 -1.13649e+09
-98542 708077 1.58276e+09 98542 -708077 -1.13823e+09
-98693.2 708077 1.58519e+09 98693.2 -708077 -1.13997e+09
-98844.3 708077 1.58761e+09 98844.3 -708077 -1.14172e+09
-98995.5 708077 1.59004e+09 98995.5 -708077 -1.14346e+09
-99146.6 708077 1.59246e+09 99146.6 -708077 -1.1452e+09
-99297.7 708077 1.59489e+09 99297.7 -708077 -1.14695e+09
-99448.9 708077 1.59731e+09 99448.9 -708077 -1.14869e+09
-99600 708077 1.59974e+09 99600 -708077 -1.15043e+09
-99751.2 708077 1.60216e+09 99751.2 -708077 -1.15218e+09
-99902.3 708077 1.60459e+09 99902.3 -708077 -1.15392e+09
-100053 708077 1.60701e+09 100053 -708077 -1.15566e+09
-100205 708077 1.60944e+09 100205 -708077 -1.15741e+09
-100356 708077 1.61186e+09 100356 -708077 -1.15915e+09
-100507 708077 1.61429e+09 100507 -708077 -1.16089e+09
-100658 708077 1.61672e+09 100658 -708077 -1.16264e+09
-100809 708077 1.61914e+09 100809 -708077 -1.16438e+09
-100960 708077 1.62157e+09 100960 -708077 -1.16612e+09
-101111 708077 1.62399e+09 101111 -708077 -1.16787e+09
-101263 708077 1.62642e+09 101263 -708077 -1.16961e+09
-101414 708077 1.62884e+09 101414 -708077 -1.17135e+09
-101565 708077 1.63127e+09 101565 -708077 -1.1731e+09
-101716 708077 1.63369e+09 101716 -708077 -1.17484e+09
-101867 708077 1.63612e+09 101867 -708077 -1.17658e+09
-102018 708077 1.63854e+09 102018 -708077 -1.17833e+09
-102169 708077 1.64097e+09 102169 -708077 -1.18007e+09
-102321 708077 1.64339e+09 102321 -708077 -1.18182e+09
-102472 708077 1.64582e+09 102472 -708077 -1.18356e+09
-102623 708077 1.64824e+09 102623 -708077 -1.1853e+09
-102774 708077 1.65067e+09 102774 -708077 -1.18705e+09
-102925 708077 1.65309e+09 102925 -708077 -1.18879e+09
-103076 708077 1.65552e+09 103076 -708077 -1.19053e+09
-103228 708077 1.65794e+09 103228 -708077 -1.19228e+09
-103379 708077 1.66037e+09 103379 -708077 -1.19402e+09
-103530 708077 1.66279e+09 103530 -708077 -1.19576e+09
-103681 708077 1.66522e+09 103681 -708077 -1.19751e+09
-103832 708077 1.66764e+09 103832 -708077 -1.19925e+09
-103983 708077 1.67007e+09 103983 -708077 -1.20099e+09
-104135 708077 1.67249e+09 104135 -708077 -1.20274e+09
-104286 708077 1.67492e+09 104286 -708077 -1.20448e+09
-104437 708077 1.67734e+09 104437 -708077 -1.20622e+09
-104588 708077 1.67977e+09 104588 -708077 -1.20797e+09
-104739 708077 1.6822e+09 104739 -708077 -1.20971e+09
-104890 708077 1.68462e+09 104890 -708077 -1.21145e+09
-105041 708077 1.68705e+09 105041 -708077 -1.2132e+09
-105193 708077 1.68947e+09 105193 -708077 -1.21494e+09
-105344 708077 1.6919e+09 105344 -708077 -1.21668e+09
-105495 708077 1.69432e+09 105495 -708077 -1.21843e+09
-105646 708077 1.69675e+09 105646 -708077 -1.22017e+09
-105797 708077 1.69917e+09 105797 -708077 -1.22191e+09
-105948 708077 1.7016e+09 105948 -708077 -1.22366e+09
-106100 708077 1.70402e+09 106100 -708077 -1.2254e+09
-106251 708077 1.70645e+09 106251 -708077 -1.22714e+09
-106402 708077 1.70887e+09 106402 -708077 -1.22889e+09
-106553 708077 1.7113e+09 106553 -708077 -1.23063e+09
-106704 708077 1.71372e+09 106704 -708077 -1.23237e+09
-106856 708077 1.71615e+09 106856 -708077 -1.23412e+09
-107007 708077 1.71857e+09 107007 -708077 -1.23586e+09
-107158 708077 1.721e+09 107158 -708077 -1.2376e+09
-107309 708077 1.72342e+09 107309 -708077 -1.23935e+09
-107460 708077 1.72585e+09 107460 -708077 -1.24109e+09
-107611 708077 1.72828e+09 107611 -708077 -1.24283e+09
-107763 708077 1.7307e+09 107763 -708077 -1.24458e+09
-107914 708077 1.73313e+09 107914 -708077 -1.24632e+09
-108065 708077 1.73555e+09 108065 -708077 -1.24806e+09
-108216 708077 1.73798e+09 108216 -708077 -1.24981e+09
-108367 708077 1.7404e+09 108367 -708077 -1.25155e+09
-108518 708077 1.74283e+09 108518 -708077 -1.25329e+09
-108670 708077 1.74525e+09 108670 -708077 -1.25504e+09
-108821 708077 1.74768e+09 108821 -708077 -1.25678e+09
-108972 708077 1.7501e+09 108972 -708077 -1.25852e+09
-109123 708077 1.75253e+09 109123 -708077 -1.26027e+09
-109274 708077 1.75495e+09 109274 -708077 -1.26201e+09
-109426 708077 1.75738e+09 109426 -708077 -1.26375e+09
-109577 708077 1.7598e+09 109577 -708077 -1.2655e+09
-109728 708077 1.76223e+09 109728 -708077 -1.26724e+09
-109879 708077 1.76466e+09 109879 -708077 -1.26898e+09
-110030 708077 1.76708e+09 110030 -708077 -1.27073e+09
-110181 708077 1.76951e+09 110181 -708077 -1.27247e+09
-110333 708077 1.77193e+09 110333 -708077 -1.27421e+09
-110484 708077 1.77436e+09 110484 -708077 -1.27596e+09
-110635 708077 1.77678e+09 110635 -708077 -1.2777e+09
-110786 708077 1.77921e+09 110786 -708077 -1.27944e+09
-110937 708077 1.78163e+09 110937 -708077 -1.28119e+09
-111089 708077 1.78406e+09 111089 -708077 -1.28293e+09
-111240 708077 1.78648e+09 111240 -708077 -1.28467e+09
-111391 708077 1.78891e+09 111391 -708077 -1.28642e+09
-111542 708077 1.79133e+09 111542 -708077 -1.28816e+09
-111693 708077 1.79376e+09 111693 -708077 -1.2899e+09
-111845 708077 1.79619e+09 111845 -708077 -1.29165e+09
-111996 708077 1.79861e+09 111996 -708077 -1.29339e+09
-112147 708077 1.80104e+09 112147 -708077 -1.29513e+09
-112298 708077 1.80346e+09 112298 -708077 -1.29688e+09
-112449 708077 1.80589e+09 112449 -708077 -1.29862e+09
-112601 708077 1.80831e+09 112601 -708077 -1.30037e+09
-112752 708077 1.81074e+09 112752 -708077 -1.30211e+09
-112903 708077 1.81316e+09 112903 -708077 -1.30385e+09
-113054 708077 1.81559e+09 113054 -708077 -1.3056e+09
-113205 708077 1.81801e+09 113205 -708077 -1.30734e+09
-113357 708077 1.82044e+09 113357 -708077 -1.30908e+09
-113508 708077 1.82287e+09 113508 -708077 -1.31083e+09
-113659 708077 1.82529e+09 113659 -708077 -1.31257e+09
-113810 708077 1.82772e+09 113810 -708077 -1.31431e+09
-113961 708077 1.83014e+09 113961 -708077 -1.31606e+09
-114113 708077 1.83257e+09 114113 -708077 -1.3178e+09
-114264 708077 1.83499e+09 114264 -708077 -1.31954e+09
-114415 708077 1.83742e+09 114415 -708077 -1.32129e+09
-114566 708077 1.83984e+09 114566 -708077 -1.32303e+09
-114717 708077 1.84227e+09 114717 -708077 -1.32477e+09
-114869 708077 1.84469e+09 114869 -708077 -1.32652e+09
-115020 708077 1.84712e+09 115020 -708077 -1.32826e+09
-115171 708077 1.84955e+09 115171 -708077 -1.33e+09
-115322 708077 1.85197e+09 115322 -708077 -1.33175e+09
-115474 708077 1.8544e+09 115474 -708077 -1.33349e+09
-115625 708077 1.85682e+09 115625 -708077 -1.33523e+09
-115776 708077 1.85925e+09 115776 -708077 -1.33698e+09
-115927 708077 1.86167e+09 115927 -708077 -1.33872e+09
-116078 708077 1.8641e+09 116078 -708077 -1.34046e+09
-116230 708077 1.86652e+09 116230 -708077 -1.34221e+09
-116381 708077 1.86895e+09 116381 -708077 -1.34395e+09
-116532 708077 1.87138e+09 116532 -708077 -1.34569e+09
-116683 708077 1.8738e+09 116683 -708077 -1.34744e+09
-116834 708077 1.87623e+09 116834 -708077 -1.34918e+09
-116986 708077 1.87865e+09 116986 -708077 -1.35092e+09
-117137 708077 1.88108e+09 117137 -708077 -1.35267e+09
-117288 708077 1.8835e+09 117288 -708077 -1.35441e+09
-117439 708077 1.88593e+09 117439 -708077 -1.35615e+09
-117591 708077 1.88835e+09 117591 -708077 -1.3579e+09
-117742 708077 1.89078e+09 117742 -708077 -1.35964e+09
-117893 708077 1.89321e+09 117893 -708077 -1.36139e+09
-118044 708077 1.89563e+09 118044 -708077 -1.36313e+09
-118195 708077 1.89806e+09 118195 -708077 -1.36487e+09
-118347 708077 1.90048e+09 118347 -708077 -1.36662e+09
-118498 708077 1.90291e+09 118498 -708077 -1.36836e+09
-118649 708077 1.90533e+09 118649 -708077 -1.3701e+09
-118800 708077 1.90776e+09 118800 -708077 -1.37185e+09
-118952 708077 1.91018e+09 118952 -708077 -1.37359e+09
-119103 708077 1.91261e+09 119103 -708077 -1.37533e+09
-119254 708077 1.91504e+09 119254 -708077 -1.37708e+09
-119405 708077 1.91746e+09 119405 -708077 -1.37882e+09
-119557 708077 1.91989e+09 119557 -708077 -1.38056e+09
-119708 708077 1.92231e+09 119708 -708077 -1.38231e+09
-119859 708077 1.92474e+09 119859 -708077 -1.38405e+09
-120010 708077 1.92716e+09 120010 -708077 -1.38579e+09
-120161 708077 1.92959e+09 120161 -708077 -1.38754e+09
-120313 708077 1.93201e+09 120313 -708077 -1.38928e+09
-120464 708077 1.93444e+09 120464 -708077 -1.39102e+09
-120615 708077 1.93687e+09 120615 -708077 -1.39277e+09
-120766 708077 1.93929e+09 120766 -708077 -1.39451e+09
-120918 708077 1.94172e+09 120918 -708077 -1.39625e+09
-121069 708077 1.94414e+09 121069 -708077 -1.398e+09
-121220 708077 1.94657e+09 121220 -708077 -1.39974e+09
-121371 708077 1.94899e+09 121371 -708077 -1.40148e+09
-121523 708077 1.95142e+09 121523 -708077 -1.40323e+09
-121674 708077 1.95385e+09 121674 -708077 -1.40497e+09
-121825 708077 1.95627e+09 121825 -708077 -1.40671e+09
-121976 708077 1.9587e+09 121976 -708077 -1.40846e+09
-122128 708077 1.96112e+09 122128 -708077 -1.4102e+09
-122279 708077 1.96355e+09 122279 -708077 -1.41195e+09
-122430 708077 1.96597e+09 122430 -708077 -1.41369e+09
-122581 708077 1.9684e+09 122581 -708077 -1.41543e+09
-122733 708077 1.97083e+09 122733 -708077 -1.41718e+09
-122884 708077 1.97325e+09 122884 -708077 -1.41892e+09
-123035 708077 1.97568e+09 123035 -708077 -1.42066e+09
-123186 708077 1.9781e+09 123186 -708077 -1.42241e+09
-123338 708077 1.98053e+09 123338 -708077 -1.42415e+09
-123489 708077 1.98295e+09 123489 -708077 -1.42589e+09
-123640 708077 1.98538e+09 123640 -708077 -1.42764e+09
-123791 708077 1.9878e+09 123791 -708077 -1.42938e+09
-123943 708077 1.99023e+09 123943 -708077 -1.43112e+09
-124094 708077 1.99266e+09 124094 -708077 -1.43287e+09
-124245 708077 1.99508e+09 124245 -708077 -1.43461e+09
-124396 708077 1.99751e+09 124396 -708077 -1.43635e+09
-124548 708077 1.99993e+09 124548 -708077 -1.4381e+09
-124699 708077 2.00236e+09 124699 -708077 -1.43984e+09
-124850 708077 2.00479e+09 124850 -708077 -1.44158e+09
-125001 708077 2.00721e+09 125001 -708077 -1.44333e+09
-125153 708077 2.00964e+09 125153 -708077 -1.44507e+09
-125304 708077 2.01206e+09 125304 -708077 -1.44681e+09
-125455 708077 2.01449e+09 125455 -708077 -1.44856e+09
-125606 708077 2.01691e+09 125606 -708077 -1.4503e+09
-125758 708077 2.01934e+09 125758 -708077 -1.45204e+09
-125909 708077 2.02177e+09 125909 -708077 -1.45379e+09
-126060 708077 2.02419e+09 126060 -708077 -1.45553e+09
-126211 708077 2.02662e+09 126211 -708077 -1.45728e+09
-126363 708077 2.02904e+09 126363 -708077 -1.45902e+09
-126514 708077 2.03147e+09 126514 -708077 -1.46076e+09
-126665 708077 2.03389e+09 126665 -708077 -1.46251e+09
-126816 708077 2.03632e+09 126816 -708077 -1.46425e+09
-126968 708077 2.03875e+09 126968 -708077 -1.46599e+09
-127119 708077 2.04117e+09 127119 -708077 -1.46774e+09
-127270 708077 2.0436e+09 127270 -708077 -1.46948e+09
-127422 708077 2.04602e+09 127422 -708077 -1.47122e+09
-127573 708077 2.04845e+09 127573 -708077 -1.47297e+09
-127724 708077 2.05087e+09 127724 -708077 -1.47471e+09
-127875 708077 2.0533e+09 127875 -708077 -1.47645e+09
-128027 708077 2.05573e+09 128027 -708077 -1.4782e+09
-128178 708077 2.05815e+09 128178 -708077 -1.47994e+09
-128329 708077 2.06058e+09 128329 -708077 -1.48168e+09
-128480 708077 2.063e+09 128480 -708077 -1.48343e+09
-128632 708077 2.06543e+09 128632 -708077 -1.48517e+09
-128783 708077 2.06786e+09 128783 -708077 -1.48691e+09
-128934 708077 2.07028e+09 128934 -708077 -1.48866e+09
-129086 708077 2.07271e+09 129086 -708077 -1.4904e+09
-129061 708077 2.07432e+09 129061 -708077 -1.49208e+09
-128722 708077 2.07449e+09 128722 -708077 -1.49363e+09
-128382 708077 2.07465e+09 128382 -708077 -1.49517e+09
-128043 708077 2.07482e+09 128043 -708077 -1.49672e+09
-127704 708077 2.07498e+09 127704 -708077 -1.49827e+09
-127364 708077 2.07514e+09 127364 -708077 -1.49982e+09
-127025 708077 2.07531e+09 127025 -708077 -1.50137e+09
-126685 708077 2.07547e+09 126685 -708077 -1.50292e+09
-126487 708077 2.07569e+09 126487 -708077 -1.50391e+09
-126518 708077 2.076e+09 126518 -708077 -1.50399e+09
-126549 708077 2.0763e+09 126549 -708077 -1.50408e+09
-126580 708077 2.07661e+09 126580 -708077 -1.50416e+09
-126611 708077 2.07692e+09 126611 -708077 -1.50424e+09
-126642 708077 2.07723e+09 126642 -708077 -1.50432e+09
-126673 708077 2.07753e+09 126673 -708077 -1.5044e+09
-126704 708077 2.07784e+09 126704 -708077 -1.50448e+09
-126735 708077 2.07815e+09 126735 -708077 -1.50456e+09
-126766 708077 2.07846e+09 126766 -708077 -1.50464e+09
-126797 708077 2.07876e+09 126797 -708077 -1.50472e+09
-126828 708077 2.07907e+09 126828 -708077 -1.5048e+09
-126860 708077 2.07938e+09 126860 -708077 -1.50489e+09
-126891 708077 2.07969e+09 126891 -708077 -1.50497e+09
-126922 708077 2.08e+09 126922 -708077 -1.50505e+09
-126953 708077 2.0803e+09 126953 -708077 -1.50513e+09
-126984 708077 2.08061e+09 126984 -708077 -1.50521e+09
-127015 708077 2.08092e+09 127015 -708077 -1.50529e+09
-127046 708077 2.08123e+09 127046 -708077 -1.50537e+09
-127077 708077 2.08153e+09 127077 -708077 -1.50545e+09
-127108 708077 2.08184e+09 127108 -708077 -1.50553e+09
-127139 708077 2.08215e+09 127139 -708077 -1.50561e+09
-127170 708077 2.08246e+09 127170 -708077 -1.5057e+09
-127201 708077 2.08276e+09 127201 -708077 -1.50578e+09
-127232 708077 2.08307e+09 127232 -708077 -1.50586e+09
-127264 708077 2.08338e+09 127264 -708077 -1.50594e+09
-127295 708077 2.08369e+09 127295 -708077 -1.50602e+09
-127326 708077 2.084e+09 127326 -708077 -1.5061e+09
-127357 708077 2.0843e+09 127357 -708077 -1.50618e+09
-127388 708077 2.08461e+09 127388 -708077 -1.50626e+09
-127419 708077 2.08492e+09 127419 -708077 -1.50634e+09
-127450 708077 2.08523e+09 127450 -708077 -1.50642e+09
-127481 708077 2.08553e+09 127481 -708077 -1.50651e+09
-127512 708077 2.08584e+09 127512 -708077 -1.50659e+09
-127543 708077 2.08615e+09 127543 -708077 -1.50667e+09
-127574 708077 2.08646e+09 127574 -708077 -1.50675e+09
-127605 708077 2.08676e+09 127605 -708077 -1.50683e+09
-127636 708077 2.08707e+09 127636 -708077 -1.50691e+09
-127668 708077 2.08738e+09 127668 -708077 -1.50699e+09
-127699 708077 2.08769e+09 127699 -708077 -1.50707e+09
-127730 708077 2.088e+09 127730 -708077 -1.50715e+09
-127761 708077 2.0883e+09 127761 -708077 -1.50723e+09
-127792 708077 2.08861e+09 127792 -708077 -1.50732e+09
-127823 708077 2.08892e+09 127823 -708077 -1.5074e+09
-127854 708077 2.08923e+09 127854 -708077 -1.50748e+09
-127885 708077 2.08953e+09 127885 -708077 -1.50756e+09
-127916 708077 2.08984e+09 127916 -708077 -1.50764e+09
-127947 708077 2.09015e+09 127947 -708077 -1.50772e+09
-127978 708077 2.09046e+09 127978 -708077 -1.5078e+09
-128009 708077 2.09076e+09 128009 -708077 -1.50788e+09
-128040 708077 2.09107e+09 128040 -708077 -1.50796e+09
-128072 708077 2.09138e+09 128072 -708077 -1.50804e+09
-128103 708077 2.09169e+09 128103 -708077 -1.50813e+09
-128134 708077 2.092e+09 128134 -708077 -1.50821e+09
-128165 708077 2.0923e+09 128165 -708077 -1.50829e+09
-128196 708077 2.09261e+09 128196 -708077 -1.50837e+09
-128227 708077 2.09292e+09 128227 -708077 -1.50845e+09
-128258 708077 2.09323e+09 128258 -708077 -1.50853e+09
-128289 708077 2.09353e+09 128289 -708077 -1.50861e+09
-128320 708077 2.09384e+09 128320 -708077 -1.50869e+09
-128351 708077 2.09415e+09 128351 -708077 -1.50877e+09
-128382 708077 2.09446e+09 128382 -708077 -1.50885e+09
-128413 708077 2.09476e+09 128413 -708077 -1.50894e+09
-128444 708077 2.09507e+09 128444 -708077 -1.50902e+09
-128476 708077 2.09538e+09 128476 -708077 -1.5091e+09
-128507 708077 2.09569e+09 128507 -708077 -1.50918e+09
-128538 708077 2.096e+09 128538 -708077 -1.50926e+09
-128569 708077 2.0963e+09 128569 -708077 -1.50934e+09
-128600 708077 2.09661e+09 128600 -708077 -1.50942e+09
-128631 708077 2.09692e+09 128631 -708077 -1.5095e+09
-128662 708077 2.09723e+09 128662 -708077 -1.50958e+09
-128693 708077 2.09753e+09 128693 -708077 -1.50966e+09
-128724 708077 2.09784e+09 128724 -708077 -1.50975e+09
-128755 708077 2.09815e+09 128755 -708077 -1.50983e+09
-128786 708077 2.09846e+09 128786 -708077 -1.50991e+09
-128817 708077 2.09876e+09 128817 -708077 -1.50999e+09
-128848 708077 2.09907e+09 128848 -708077 -1.51007e+09
-128880 708077 2.09938e+09 128880 -708077 -1.51015e+09
-128911 708077 2.09969e+09 128911 -708077 -1.51023e+09
-128942 708077 2.09999e+09 128942 -708077 -1.51031e+09
-128973 708077 2.1003e+09 128973 -708077 -1.51039e+09
-129004 708077 2.10061e+09 129004 -708077 -1.51047e+09
-129035 708077 2.10092e+09 129035 -708077 -1.51056e+09
-129066 708077 2.10123e+09 129066 -708077 -1.51064e+09
-129097 708077 2.10153e+09 129097 -708077 -1.51072e+09
-129128 708077 2.10184e+09 129128 -708077 -1.5108e+09
-129159 708077 2.10215e+09 129159 -708077 -1.51088e+09
-129190 708077 2.10246e+09 129190 -708077 -1.51096e+09
-129221 708077 2.10276e+09 129221 -708077 -1.51104e+09
-129252 708077 2.10307e+09 129252 -708077 -1.51112e+09
-129284 708077 2.10338e+09 129284 -708077 -1.5112e+09
-129315 708077 2.10369e+09 129315 -708077 -1.51128e+09
-129346 708077 2.10399e+09 129346 -708077 -1.51137e+09
-129377 708077 2.1043e+09 129377 -708077 -1.51145e+09
-129408 708077 2.10461e+09 129408 -708077 -1.51153e+09
-129439 708077 2.10492e+09 129439 -708077 -1.51161e+09
-129470 708077 2.10523e+09 129470 -708077 -1.51169e+09
-129501 708077 2.10553e+09 129501 -708077 -1.51177e+09
-129532 708077 2.10584e+09 129532 -708077 -1.51185e+09
-129563 708077 2.10615e+09 129563 -708077 -1.51193e+09
-129594 708077 2.10646e+09 129594 -708077 -1.51201e+09
-129625 708077 2.10676e+09 129625 -708077 -1.51209e+09
-129657 708077 2.10707e+09 129657 -708077 -1.51218e+09
-129688 708077 2.10738e+09 129688 -708077 -1.51226e+09
-129719 708077 2.10769e+09 129719 -708077 -1.51234e+09
-129750 708077 2.10799e+09 129750 -708077 -1.51242e+09
-129781 708077 2.1083e+09 129781 -708077 -1.5125e+09
-129812 708077 2.10861e+09 129812 -708077 -1.51258e+09
-129843 708077 2.10892e+09 129843 -708077 -1.51266e+09
-129874 708077 2.10923e+09 129874 -708077 -1.51274e+09
-129905 708077 2.10953e+09 129905 -708077 -1.51282e+09
-129936 708077 2.10984e+09 129936 -708077 -1.5129e+09
-129967 708077 2.11015e+09 129967 -708077 -1.51299e+09
-129998 708077 2.11046e+09 129998 -708077 -1.51307e+09
-130029 708077 2.11076e+09 130029 -708077 -1.51315e+09
-130061 708077 2.11107e+09 130061 -708077 -1.51323e+09
-130092 708077 2.11138e+09 130092 -708077 -1.51331e+09
-130123 708077 2.11169e+09 130123 -708077 -1.51339e+09
-130154 708077 2.11199e+09 130154 -708077 -1.51347e+09
-130185 708077 2.1123e+09 130185 -708077 -1.51355e+09
-130216 708077 2.11261e+09 130216 -708077 -1.51363e+09
-130247 708077 2.11292e+09 130247 -708077 -1.51371e+09
-130278 708077 2.11323e+09 130278 -708077 -1.5138e+09
-130309 708077 2.11353e+09 130309 -708077 -1.51388e+09
-130340 708077 2.11384e+09 130340 -708077 -1.51396e+09
-130371 708077 2.11415e+09 130371 -708077 -1.51404e+09
-130402 708077 2.11446e+09 130402 -708077 -1.51412e+09
-130434 708077 2.11476e+09 130434 -708077 -1.5142e+09
-130465 708077 2.11507e+09 130465 -708077 -1.51428e+09
-130496 708077 2.11538e+09 130496 -708077 -1.51436e+09
-130527 708077 2.11569e+09 130527 -708077 -1.51444e+09
-130558 708077 2.11599e+09 130558 -708077 -1.51452e+09
-130589 708077 2.1163e+09 130589 -708077 -1.51461e+09
-130620 708077 2.11661e+09 130620 -708077 -1.51469e+09
-130651 708077 2.11692e+09 130651 -708077 -1.51477e+09
-130682 708077 2.11723e+09 130682 -708077 -1.51485e+09
-130713 708077 2.11753e+09 130713 -708077 -1.51493e+09
-130744 708077 2.11784e+09 130744 -708077 -1.51501e+09
-130775 708077 2.11815e+09 130775 -708077 -1.51509e+09
-130806 708077 2.11846e+09 130806 -708077 -1.51517e+09
-130838 708077 2.11876e+09 130838 -708077 -1.51525e+09
-130869 708077 2.11907e+09 130869 -708077 -1.51533e+09
-130900 708077 2.11938e+09 130900 -708077 -1.51541e+09
-130931 708077 2.11969e+09 130931 -708077 -1.5155e+09
-130962 708077 2.11999e+09 130962 -708077 -1.51558e+09
-130993 708077 2.1203e+09 130993 -708077 -1.51566e+09
-131024 708077 2.12061e+09 131024 -708077 -1.51574e+09
-131055 708077 2.12092e+09 131055 -708077 -1.51582e+09
-131086 708077 2.12122e+09 131086 -708077 -1.5159e+09
-131117 708077 2.12153e+09 131117 -708077 -1.51598e+09
-131148 708077 2.12184e+09 131148 -708077 -1.51606e+09
-131179 708077 2.12215e+09 131179 -708077 -1.51614e+09
-131211 708077 2.12246e+09 131211 -708077 -1.51622e+09
-131242 708077 2.12276e+09 131242 -708077 -1.51631e+09
-131273 708077 2.12307e+09 131273 -708077 -1.51639e+09
-131304 708077 2.12338e+09 131304 -708077 -1.51647e+09
-131335 708077 2.12369e+09 131335 -708077 -1.51655e+09
-131366 708077 2.12399e+09 131366 -708077 -1.51663e+09
-131397 708077 2.1243e+09 131397 -708077 -1.51671e+09
-131428 708077 2.12461e+09 131428 -708077 -1.51679e+09
-131459 708077 2.12492e+09 131459 -708077 -1.51687e+09
-131490 708077 2.12522e+09 131490 -708077 -1.51695e+09
-131521 708077 2.12553e+09 131521 -708077 -1.51703e+09
-131552 708077 2.12584e+09 131552 -708077 -1.51712e+09
-131584 708077 2.12615e+09 131584 -708077 -1.5172e+09
-131615 708077 2.12646e+09 131615 -708077 -1.51728e+09
-131646 708077 2.12676e+09 131646 -708077 -1.51736e+09
-131677 708077 2.12707e+09 131677 -708077 -1.51744e+09
-131708 708077 2.12738e+09 131708 -708077 -1.51752e+09
-131739 708077 2.12769e+09 131739 -708077 -1.5176e+09
-131770 708077 2.12799e+09 131770 -708077 -1.51768e+09
-131801 708077 2.1283e+09 131801 -708077 -1.51776e+09
-131832 708077 2.12861e+09 131832 -708077 -1.51784e+09
-131863 708077 2.12892e+09 131863 -708077 -1.51793e+09
-131894 708077 2.12922e+09 131894 -708077 -1.51801e+09
-131925 708077 2.12953e+09 131925 -708077 -1.51809e+09
-131957 708077 2.12984e+09 131957 -708077 -1.51817e+09
-131988 708077 2.13015e+09 131988 -708077 -1.51825e+09
-132019 708077 2.13046e+09 132019 -708077 -1.51833e+09
-132050 708077 2.13076e+09 132050 -708077 -1.51841e+09
-132081 708077 2.13107e+09 132081 -708077 -1.51849e+09
-132112 708077 2.13138e+09 132112 -708077 -1.51857e+09
-132143 708077 2.13169e+09 132143 -708077 -1.51865e+09
-132174 708077 2.13199e+09 132174 -708077 -1.51873e+09
-132205 708077 2.1323e+09 132205 -708077 -1.51882e+09
-132236 708077 2.13261e+09 132236 -708077 -1.5189e+09
-132267 708077 2.13292e+09 132267 -708077 -1.51898e+09
-132298 708077 2.13322e+09 132298 -708077 -1.51906e+09
-132330 708077 2.13353e+09 132330 -708077 -1.51914e+09
-132361 708077 2.13384e+09 132361 -708077 -1.51922e+09
-132392 708077 2.13415e+09 132392 -708077 -1.5193e+09
-132423 708077 2.13446e+09 132423 -708077 -1.51938e+09
-132454 708077 2.13476e+09 132454 -708077 -1.51946e+09
-132485 708077 2.13507e+09 132485 -708077 -1.51954e+09
-132516 708077 2.13538e+09 132516 -708077 -1.51963e+09
-132547 708077 2.13569e+09 132547 -708077 -1.51971e+09
-132578 708077 2.13599e+09 132578 -708077 -1.51979e+09
-132609 708077 2.1363e+09 132609 -708077 -1.51987e+09
-132640 708077 2.13661e+09 132640 -708077 -1.51995e+09
-132671 708077 2.13692e+09 132671 -708077 -1.52003e+09
-132703 708077 2.13722e+09 132703 -708077 -1.52011e+09
-132734 708077 2.13753e+09 132734 -708077 -1.52019e+09
-132765 708077 2.13784e+09 132765 -708077 -1.52027e+09
-132796 708077 2.13815e+09 132796 -708077 -1.52035e+09
-132827 708077 2.13845e+09 132827 -708077 -1.52044e+09
-132858 708077 2.13876e+09 132858 -708077 -1.52052e+09
-132889 708077 2.13907e+09 132889 -708077 -1.5206e+09
-132920 708077 2.13938e+09 132920 -708077 -1.52068e+09
-132951 708077 2.13969e+09 132951 -708077 -1.52076e+09
-132982 708077 2.13999e+09 132982 -708077 -1.52084e+09
-133013 708077 2.1403e+09 133013 -708077 -1.52092e+09
-133044 708077 2.14061e+09 133044 -708077 -1.521e+09
-133076 708077 2.14092e+09 133076 -708077 -1.52108e+09
-133107 708077 2.14122e+09 133107 -708077 -1.52116e+09
-133138 708077 2.14153e+09 133138 -708077 -1.52124e+09
-133169 708077 2.14184e+09 133169 -708077 -1.52133e+09
-133200 708077 2.14215e+09 133200 -708077 -1.52141e+09
-133231 708077 2.14245e+09 133231 -708077 -1.52149e+09
-133262 708077 2.14276e+09 133262 -708077 -1.52157e+09
-133293 708077 2.14307e+09 133293 -708077 -1.52165e+09
-133324 708077 2.14338e+09 133324 -708077 -1.52173e+09
-133355 708077 2.14369e+09 133355 -708077 -1.52181e+09
-133386 708077 2.14399e+09 133386 -708077 -1.52189e+09
-133417 708077 2.1443e+09 133417 -708077 -1.52197e+09
-133449 708077 2.14461e+09 133449 -708077 -1.52205e+09
-133480 708077 2.14492e+09 133480 -708077 -1.52214e+09
-133511 708077 2.14522e+09 133511 -708077 -1.52222e+09
-133542 708077 2.14553e+09 133542 -708077 -1.5223e+09
-133573 708077 2.14584e+09 133573 -708077 -1.52238e+09
-133604 708077 2.14615e+09 133604 -708077 -1.52246e+09
-133635 708077 2.14645e+09 133635 -708077 -1.52254e+09
-133666 708077 2.14676e+09 133666 -708077 -1.52262e+09
-133697 708077 2.14707e+09 133697 -708077 -1.5227e+09
-133728 708077 2.14738e+09 133728 -708077 -1.52278e+09
-133759 708077 2.14769e+09 133759 -708077 -1.52286e+09
-133790 708077 2.14799e+09 133790 -708077 -1.52295e+09
-133822 708077 2.1483e+09 133822 -708077 -1.52303e+09
-133853 708077 2.14861e+09 133853 -708077 -1.52311e+09
-133884 708077 2.14892e+09 133884 -708077 -1.52319e+09
-133915 708077 2.14922e+09 133915 -708077 -1.52327e+09
-133946 708077 2.14953e+09 133946 -708077 -1.52335e+09
-133977 708077 2.14984e+09 133977 -708077 -1.52343e+09
-134008 708077 2.15015e+09 134008 -708077 -1.52351e+09
-134039 708077 2.15045e+09 134039 -708077 -1.52359e+09
-134070 708077 2.15076e+09 134070 -708077 -1.52367e+09
-134101 708077 2.15107e+09 134101 -708077 -1.52375e+09
-134132 708077 2.15138e+09 134132 -708077 -1.52384e+09
-134163 708077 2.15169e+09 134163 -708077 -1.52392e+09
-134195 708077 2.15199e+09 134195 -708077 -1.524e+09
-134226 708077 2.1523e+09 134226 -708077 -1.52408e+09
-134257 708077 2.15261e+09 134257 -708077 -1.52416e+09
-134288 708077 2.15292e+09 134288 -708077 -1.52424e+09
-134319 708077 2.15322e+09 134319 -708077 -1.52432e+09
-134350 708077 2.15353e+09 134350 -708077 -1.5244e+09
-134381 708077 2.15384e+09 134381 -708077 -1.52448e+09
-134412 708077 2.15415e+09 134412 -708077 -1.52456e+09
-134443 708077 2.15445e+09 134443 -708077 -1.52465e+09
-134474 708077 2.15476e+09 134474 -708077 -1.52473e+09
-134505 708077 2.15507e+09 134505 -708077 -1.52481e+09
-134537 708077 2.15538e+09 134537 -708077 -1.52489e+09
-134568 708077 2.15568e+09 134568 -708077 -1.52497e+09
-134599 708077 2.15599e+09 134599 -708077 -1.52505e+09
-134630 708077 2.1563e+09 134630 -708077 -1.52513e+09
-134661 708077 2.15661e+09 134661 -708077 -1.52521e+09
-134692 708077 2.15692e+09 134692 -708077 -1.52529e+09
-134723 708077 2.15722e+09 134723 -708077 -1.52537e+09
-134754 708077 2.15753e+09 134754 -708077 -1.52545e+09
-134785 708077 2.15784e+09 134785 -708077 -1.52554e+09
-134816 708077 2.15815e+09 134816 -708077 -1.52562e+09
-134847 708077 2.15845e+09 134847 -708077 -1.5257e+09
-134878 708077 2.15876e+09 134878 -708077 -1.52578e+09
-134910 708077 2.15907e+09 134910 -708077 -1.52586e+09
-134941 708077 2.15938e+09 134941 -708077 -1.52594e+09
-134972 708077 2.15968e+09 134972 -708077 -1.52602e+09
-135003 708077 2.15999e+09 135003 -708077 -1.5261e+09
-135034 708077 2.1603e+09 135034 -708077 -1.52618e+09
-135065 708077 2.16061e+09 135065 -708077 -1.52626e+09
-135096 708077 2.16092e+09 135096 -708077 -1.52635e+09
-135127 708077 2.16122e+09 135127 -708077 -1.52643e+09
-135158 708077 2.16153e+09 135158 -708077 -1.52651e+09
-135189 708077 2.16184e+09 135189 -708077 -1.52659e+09
-135220 708077 2.16215e+09 135220 -708077 -1.52667e+09
-135252 708077 2.16245e+09 135252 -708077 -1.52675e+09
-135283 708077 2.16276e+09 135283 -708077 -1.52683e+09
-135314 708077 2.16307e+09 135314 -708077 -1.52691e+09
-135345 708077 2.16338e+09 135345 -708077 -1.52699e+09
-135376 708077 2.16368e+09 135376 -708077 -1.52707e+09
-135407 708077 2.16399e+09 135407 -708077 -1.52715e+09
-135438 708077 2.1643e+09 135438 -708077 -1.52724e+09
-135469 708077 2.16461e+09 135469 -708077 -1.52732e+09
-135500 708077 2.16492e+09 135500 -708077 -1.5274e+09
-135531 708077 2.16522e+09 135531 -708077 -1.52748e+09
-135562 708077 2.16553e+09 135562 -708077 -1.52756e+09
-135593 708077 2.16584e+09 135593 -708077 -1.52764e+09
-135625 708077 2.16615e+09 135625 -708077 -1.52772e+09
-135656 708077 2.16645e+09 135656 -708077 -1.5278e+09
-135687 708077 2.16676e+09 135687 -708077 -1.52788e+09
-135718 708077 2.16707e+09 135718 -708077 -1.52796e+09
-135749 708077 2.16738e+09 135749 -708077 -1.52805e+09
-135780 708077 2.16768e+09 135780 -708077 -1.52813e+09
-135811 708077 2.16799e+09 135811 -708077 -1.52821e+09
-135842 708077 2.1683e+09 135842 -708077 -1.52829e+09
-135873 708077 2.16861e+09 135873 -708077 -1.52837e+09
-135904 708077 2.16892e+09 135904 -708077 -1.52845e+09
-135935 708077 2.16922e+09 135935 -708077 -1.52853e+09
-135967 708077 2.16953e+09 135967 -708077 -1.52861e+09
-135998 708077 2.16984e+09 135998 -708077 -1.52869e+09
-136029 708077 2.17015e+09 136029 -708077 -1.52877e+09
-136060 708077 2.17045e+09 136060 -708077 -1.52885e+09
-136091 708077 2.17076e+09 136091 -708077 -1.52894e+09
-136122 708077 2.17107e+09 136122 -708077 -1.52902e+09
-136153 708077 2.17138e+09 136153 -708077 -1.5291e+09
-136184 708077 2.17168e+09 136184 -708077 -1.52918e+09
-136215 708077 2.17199e+09 136215 -708077 -1.52926e+09
-136246 708077 2.1723e+09 136246 -708077 -1.52934e+09
-136277 708077 2.17261e+09 136277 -708077 -1.52942e+09
-136308 708077 2.17291e+09 136308 -708077 -1.5295e+09
-136340 708077 2.17322e+09 136340 -708077 -1.52958e+09
-136371 708077 2.17353e+09 136371 -708077 -1.52966e+09
-136402 708077 2.17384e+09 136402 -708077 -1.52975e+09
-136433 708077 2.17415e+09 136433 -708077 -1.52983e+09
-136464 708077 2.17445e+09 136464 -708077 -1.52991e+09
-136495 708077 2.17476e+09 136495 -708077 -1.52999e+09
-136526 708077 2.17507e+09 136526 -708077 -1.53007e+09
-136557 708077 2.17538e+09 136557 -708077 -1.53015e+09
-136588 708077 2.17568e+09 136588 -708077 -1.53023e+09
-136619 708077 2.17599e+09 136619 -708077 -1.53031e+09
-136650 708077 2.1763e+09 136650 -708077 -1.53039e+09
-136682 708077 2.17661e+09 136682 -708077 -1.53047e+09
-136713 708077 2.17691e+09 136713 -708077 -1.53055e+09
-136744 708077 2.17722e+09 136744 -708077 -1.53064e+09
-136775 708077 2.17753e+09 136775 -708077 -1.53072e+09
-136806 708077 2.17784e+09 136806 -708077 -1.5308e+09
-136837 708077 2.17815e+09 136837 -708077 -1.53088e+09
-136868 708077 2.17845e+09 136868 -708077 -1.53096e+09
-136899 708077 2.17876e+09 136899 -708077 -1.53104e+09
-136930 708077 2.17907e+09 136930 -708077 -1.53112e+09
-136961 708077 2.17938e+09 136961 -708077 -1.5312e+09
-136992 708077 2.17968e+09 136992 -708077 -1.53128e+09
-137024 708077 2.17999e+09 137024 -708077 -1.53136e+09
-137055 708077 2.1803e+09 137055 -708077 -1.53145e+09
-137086 708077 2.18061e+09 137086 -708077 -1.53153e+09
-137117 708077 2.18091e+09 137117 -708077 -1.53161e+09
-137148 708077 2.18122e+09 137148 -708077 -1.53169e+09
-137179 708077 2.18153e+09 137179 -708077 -1.53177e+09
-137210 708077 2.18184e+09 137210 -708077 -1.53185e+09
-137241 708077 2.18215e+09 137241 -708077 -1.53193e+09
-137272 708077 2.18245e+09 137272 -708077 -1.53201e+09
-137303 708077 2.18276e+09 137303 -708077 -1.53209e+09
-137334 708077 2.18307e+09 137334 -708077 -1.53217e+09
-137366 708077 2.18338e+09 137366 -708077 -1.53225e+09
-137397 708077 2.18368e+09 137397 -708077 -1.53234e+09
-137428 708077 2.18399e+09 137428 -708077 -1.53242e+09
-137459 708077 2.1843e+09 137459 -708077 -1.5325e+09
-137490 708077 2.18461e+09 137490 -708077 -1.53258e+09
-137521 708077 2.18491e+09 137521 -708077 -1.53266e+09
-137552 708077 2.18522e+09 137552 -708077 -1.53274e+09
-137583 708077 2.18553e+09 137583 -708077 -1.53282e+09
-137614 708077 2.18584e+09 137614 -708077 -1.5329e+09
-137645 708077 2.18614e+09 137645 -708077 -1.53298e+09
-137676 708077 2.18645e+09 137676 -708077 -1.53306e+09
-137708 708077 2.18676e+09 137708 -708077 -1.53314e+09
-137739 708077 2.18707e+09 137739 -708077 -1.53323e+09
-137770 708077 2.18738e+09 137770 -708077 -1.53331e+09
-137801 708077 2.18768e+09 137801 -708077 -1.53339e+09
-137832 708077 2.18799e+09 137832 -708077 -1.53347e+09
-137863 708077 2.1883e+09 137863 -708077 -1.53355e+09
-137894 708077 2.18861e+09 137894 -708077 -1.53363e+09
-137925 708077 2.18891e+09 137925 -708077 -1.53371e+09
-137956 708077 2.18922e+09 137956 -708077 -1.53379e+09
-137987 708077 2.18953e+09 137987 -708077 -1.53387e+09
-138018 708077 2.18984e+09 138018 -708077 -1.53395e+09
-138050 708077 2.19014e+09 138050 -708077 -1.53404e+09
-138081 708077 2.19045e+09 138081 -708077 -1.53412e+09
-138112 708077 2.19076e+09 138112 -708077 -1.5342e+09
-138143 708077 2.19107e+09 138143 -708077 -1.53428e+09
-138174 708077 2.19138e+09 138174 -708077 -1.53436e+09
-138205 708077 2.19168e+09 138205 -708077 -1.53444e+09
-138236 708077 2.19199e+09 138236 -708077 -1.53452e+09
-138267 708077 2.1923e+09 138267 -708077 -1.5346e+09
-138298 708077 2.19261e+09 138298 -708077 -1.53468e+09
-138329 708077 2.19291e+09 138329 -708077 -1.53476e+09
-138360 708077 2.19322e+09 138360 -708077 -1.53484e+09
-138392 708077 2.19353e+09 138392 -708077 -1.53493e+09
-138423 708077 2.19384e+09 138423 -708077 -1.53501e+09
-138454 708077 2.19414e+09 138454 -708077 -1.53509e+09
-138485 708077 2.19445e+09 138485 -708077 -1.53517e+09
-138516 708077 2.19476e+09 138516 -708077 -1.53525e+09
-138547 708077 2.19507e+09 138547 -708077 -1.53533e+09
-138578 708077 2.19538e+09 138578 -708077 -1.53541e+09
-138609 708077 2.19568e+09 138609 -708077 -1.53549e+09
-138640 708077 2.19599e+09 138640 -708077 -1.53557e+09
-138671 708077 2.1963e+09 138671 -708077 -1.53565e+09
-138702 708077 2.19661e+09 138702 -708077 -1.53573e+09
-138734 708077 2.19691e+09 138734 -708077 -1.53582e+09
-138765 708077 2.19722e+09 138765 -708077 -1.5359e+09
-138796 708077 2.19753e+09 138796 -708077 -1.53598e+09
-138827 708077 2.19784e+09 138827 -708077 -1.53606e+09
-138858 708077 2.19814e+09 138858 -708077 -1.53614e+09
-138889 708077 2.19845e+09 138889 -708077 -1.53622e+09
-138920 708077 2.19876e+09 138920 -708077 -1.5363e+09
-138951 708077 2.19907e+09 138951 -708077 -1.53638e+09
-138982 708077 2.19937e+09 138982 -708077 -1.53646e+09
-139013 708077 2.19968e+09 139013 -708077 -1.53654e+09
-139044 708077 2.19999e+09 139044 -708077 -1.53662e+09
-139076 708077 2.2003e+09 139076 -708077 -1.53671e+09
-139107 708077 2.20061e+09 139107 -708077 -1.53679e+09
-139138 708077 2.20091e+09 139138 -708077 -1.53687e+09
-139169 708077 2.20122e+09 139169 -708077 -1.53695e+09
-139200 708077 2.20153e+09 139200 -708077 -1.53703e+09
-139231 708077 2.20184e+09 139231 -708077 -1.53711e+09
-139262 708077 2.20214e+09 139262 -708077 -1.53719e+09
-139293 708077 2.20245e+09 139293 -708077 -1.53727e+09
-139324 708077 2.20276e+09 139324 -708077 -1.53735e+09
-139355 708077 2.20307e+09 139355 -708077 -1.53743e+09
-139386 708077 2.20337e+09 139386 -708077 -1.53752e+09
-139418 708077 2.20368e+09 139418 -708077 -1.5376e+09
-139449 708077 2.20399e+09 139449 -708077 -1.53768e+09
-139480 708077 2.2043e+09 139480 -708077 -1.53776e+09
-139511 708077 2.20461e+09 139511 -708077 -1.53784e+09
-139542 708077 2.20491e+09 139542 -708077 -1.53792e+09
-139573 708077 2.20522e+09 139573 -708077 -1.538e+09
-139604 708077 2.20553e+09 139604 -708077 -1.53808e+09
-139635 708077 2.20584e+09 139635 -708077 -1.53816e+09
-139666 708077 2.20614e+09 139666 -708077 -1.53824e+09
-139697 708077 2.20645e+09 139697 -708077 -1.53832e+09
-139728 708077 2.20676e+09 139728 -708077 -1.53841e+09
-139760 708077 2.20707e+09 139760 -708077 -1.53849e+09
-139791 708077 2.20737e+09 139791 -708077 -1.53857e+09
-139822 708077 2.20768e+09 139822 -708077 -1.53865e+09
-139853 708077 2.20799e+09 139853 -708077 -1.53873e+09
-139884 708077 2.2083e+09 139884 -708077 -1.53881e+09
-139915 708077 2.20861e+09 139915 -708077 -1.53889e+09
-139946 708077 2.20891e+09 139946 -708077 -1.53897e+09
-139977 708077 2.20922e+09 139977 -708077 -1.53905e+09
-140008 708077 2.20953e+09 140008 -708077 -1.53913e+09
-140039 708077 2.20984e+09 140039 -708077 -1.53921e+09
-140071 708077 2.21014e+09 140071 -708077 -1.5393e+09
-140102 708077 2.21045e+09 140102 -708077 -1.53938e+09
-140133 708077 2.21076e+09 140133 -708077 -1.53946e+09
-140164 708077 2.21107e+09 140164 -708077 -1.53954e+09
-140195 708077 2.21137e+09 140195 -708077 -1.53962e+09
-140226 708077 2.21168e+09 140226 -708077 -1.5397e+09
-140257 708077 2.21199e+09 140257 -708077 -1.53978e+09
-140288 708077 2.2123e+09 140288 -708077 -1.53986e+09
-140319 708077 2.2126e+09 140319 -708077 -1.53994e+09
-140350 708077 2.21291e+09 140350 -708077 -1.54002e+09
-140381 708077 2.21322e+09 140381 -708077 -1.5401e+09
-140413 708077 2.21353e+09 140413 -708077 -1.54019e+09
-140444 708077 2.21384e+09 140444 -708077 -1.54027e+09
-140475 708077 2.21414e+09 140475 -708077 -1.54035e+09
-140506 708077 2.21445e+09 140506 -708077 -1.54043e+09
-140537 708077 2.21476e+09 140537 -708077 -1.54051e+09
-140568 708077 2.21507e+09 140568 -708077 -1.54059e+09
-140599 708077 2.21537e+09 140599 -708077 -1.54067e+09
-140630 708077 2.21568e+09 140630 -708077 -1.54075e+09
-140661 708077 2.21599e+09 140661 -708077 -1.54083e+09
-140692 708077 2.2163e+09 140692 -708077 -1.54091e+09
-140724 708077 2.2166e+09 140724 -708077 -1.54099e+09
-140755 708077 2.21691e+09 140755 -708077 -1.54108e+09
-140786 708077 2.21722e+09 140786 -708077 -1.54116e+09
-140817 708077 2.21753e+09 140817 -708077 -1.54124e+09
-140848 708077 2.21784e+09 140848 -708077 -1.54132e+09
-140879 708077 2.21814e+09 140879 -708077 -1.5414e+09
-140910 708077 2.21845e+09 140910 -708077 -1.54148e+09
-140941 708077 2.21876e+09 140941 -708077 -1.54156e+09
-140972 708077 2.21907e+09 140972 -708077 -1.54164e+09
-141003 708077 2.21937e+09 141003 -708077 -1.54172e+09
-141034 708077 2.21968e+09 141034 -708077 -1.5418e+09
-141066 708077 2.21999e+09 141066 -708077 -1.54188e+09
-141097 708077 2.2203e+09 141097 -708077 -1.54197e+09
-141128 708077 2.2206e+09 141128 -708077 -1.54205e+09
-141159 708077 2.22091e+09 141159 -708077 -1.54213e+09
-141190 708077 2.22122e+09 141190 -708077 -1.54221e+09
-141221 708077 2.22153e+09 141221 -708077 -1.54229e+09
-141252 708077 2.22184e+09 141252 -708077 -1.54237e+09
-141283 708077 2.22214e+09 141283 -708077 -1.54245e+09
-141314 708077 2.22245e+09 141314 -708077 -1.54253e+09
-141345 708077 2.22276e+09 141345 -708077 -1.54261e+09
-141377 708077 2.22307e+09 141377 -708077 -1.54269e+09
-141408 708077 2.22337e+09 141408 -708077 -1.54277e+09
-141439 708077 2.22368e+09 141439 -708077 -1.54286e+09
-141470 708077 2.22399e+09 141470 -708077 -1.54294e+09
-141501 708077 2.2243e+09 141501 -708077 -1.54302e+09
-141532 708077 2.2246e+09 141532 -708077 -1.5431e+09
-141563 708077 2.22491e+09 141563 -708077 -1.54318e+09
-141594 708077 2.22522e+09 141594 -708077 -1.54326e+09
-141625 708077 2.22553e+09 141625 -708077 -1.54334e+09
-141656 708077 2.22583e+09 141656 -708077 -1.54342e+09
-141687 708077 2.22614e+09 141687 -708077 -1.5435e+09
-141719 708077 2.22645e+09 141719 -708077 -1.54358e+09
-141750 708077 2.22676e+09 141750 -708077 -1.54366e+09
-141781 708077 2.22707e+09 141781 -708077 -1.54375e+09
-141812 708077 2.22737e+09 141812 -708077 -1.54383e+09
-141843 708077 2.22768e+09 141843 -708077 -1.54391e+09
-141874 708077 2.22799e+09 141874 -708077 -1.54399e+09
-141905 708077 2.2283e+09 141905 -708077 -1.54407e+09
-141936 708077 2.2286e+09 141936 -708077 -1.54415e+09
-141967 708077 2.22891e+09 141967 -708077 -1.54423e+09
-141998 708077 2.22922e+09 141998 -708077 -1.54431e+09
-142030 708077 2.22953e+09 142030 -708077 -1.54439e+09
-142061 708077 2.22983e+09 142061 -708077 -1.54447e+09
-142092 708077 2.23014e+09 142092 -708077 -1.54455e+09
-142123 708077 2.23045e+09 142123 -708077 -1.54464e+09
-142154 708077 2.23076e+09 142154 -708077 -1.54472e+09
-142185 708077 2.23107e+09 142185 -708077 -1.5448e+09
-142216 708077 2.23137e+09 142216 -708077 -1.54488e+09
-142247 708077 2.23168e+09 142247 -708077 -1.54496e+09
-142278 708077 2.23199e+09 142278 -708077 -1.54504e+09
-142309 708077 2.2323e+09 142309 -708077 -1.54512e+09
-142340 708077 2.2326e+09 142340 -708077 -1.5452e+09
-142372 708077 2.23291e+09 142372 -708077 -1.54528e+09
-142403 708077 2.23322e+09 142403 -708077 -1.54536e+09
-142434 708077 2.23353e+09 142434 -708077 -1.54544e+09
-142465 708077 2.23383e+09 142465 -708077 -1.54553e+09
-142496 708077 2.23414e+09 142496 -708077 -1.54561e+09
-142527 708077 2.23445e+09 142527 -708077 -1.54569e+09
-142558 708077 2.23476e+09 142558 -708077 -1.54577e+09
-142589 708077 2.23506e+09 142589 -708077 -1.54585e+09
-142620 708077 2.23537e+09 142620 -708077 -1.54593e+09
-142651 708077 2.23568e+09 142651 -708077 -1.54601e+09
-142683 708077 2.23599e+09 142683 -708077 -1.54609e+09
-142714 708077 2.2363e+09 142714 -708077 -1.54617e+09
-142745 708077 2.2366e+09 142745 -708077 -1.54625e+09
-142776 708077 2.23691e+09 142776 -708077 -1.54633e+09
-142807 708077 2.23722e+09 142807 -708077 -1.54642e+09
-142838 708077 2.23753e+09 142838 -708077 -1.5465e+09
-142869 708077 2.23783e+09 142869 -708077 -1.54658e+09
-142900 708077 2.23814e+09 142900 -708077 -1.54666e+09
-142931 708077 2.23845e+09 142931 -708077 -1.54674e+09
-142962 708077 2.23876e+09 142962 -708077 -1.54682e+09
-142994 708077 2.23906e+09 142994 -708077 -1.5469e+09
-143025 708077 2.23937e+09 143025 -708077 -1.54698e+09
-143056 708077 2.23968e+09 143056 -708077 -1.54706e+09
-143087 708077 2.23999e+09 143087 -708077 -1.54714e+09
-143118 708077 2.2403e+09 143118 -708077 -1.54722e+09
-143149 708077 2.2406e+09 143149 -708077 -1.54731e+09
-143180 708077 2.24091e+09 143180 -708077 -1.54739e+09
-143211 708077 2.24122e+09 143211 -708077 -1.54747e+09
-143242 708077 2.24153e+09 143242 -708077 -1.54755e+09
-143273 708077 2.24183e+09 143273 -708077 -1.54763e+09
-143305 708077 2.24214e+09 143305 -708077 -1.54771e+09
-143336 708077 2.24245e+09 143336 -708077 -1.54779e+09
-143367 708077 2.24276e+09 143367 -708077 -1.54787e+09
-143398 708077 2.24306e+09 143398 -708077 -1.54795e+09
-143429 708077 2.24337e+09 143429 -708077 -1.54803e+09
-143460 708077 2.24368e+09 143460 -708077 -1.54811e+09
-143491 708077 2.24399e+09 143491 -708077 -1.5482e+09
-143522 708077 2.2443e+09 143522 -708077 -1.54828e+09
-143553 708077 2.2446e+09 143553 -708077 -1.54836e+09
-143584 708077 2.24491e+09 143584 -708077 -1.54844e+09
-143616 708077 2.24522e+09 143616 -708077 -1.54852e+09
-143647 708077 2.24553e+09 143647 -708077 -1.5486e+09
-143678 708077 2.24583e+09 143678 -708077 -1.54868e+09
-143709 708077 2.24614e+09 143709 -708077 -1.54876e+09
-143740 708077 2.24645e+09 143740 -708077 -1.54884e+09
-143771 708077 2.24676e+09 143771 -708077 -1.54892e+09
-143802 708077 2.24706e+09 143802 -708077 -1.549e+09
-143833 708077 2.24737e+09 143833 -708077 -1.54909e+09
-143864 708077 2.24768e+09 143864 -708077 -1.54917e+09
-143895 708077 2.24799e+09 143895 -708077 -1.54925e+09
-143926 708077 2.24829e+09 143926 -708077 -1.54933e+09
-143958 708077 2.2486e+09 143958 -708077 -1.54941e+09
-143989 708077 2.24891e+09 143989 -708077 -1.54949e+09
-144020 708077 2.24922e+09 144020 -708077 -1.54957e+09
-144051 708077 2.24953e+09 144051 -708077 -1.54965e+09
-144082 708077 2.24983e+09 144082 -708077 -1.54973e+09
-144113 708077 2.25014e+09 144113 -708077 -1.54981e+09
-144144 708077 2.25045e+09 144144 -708077 -1.54989e+09
-144175 708077 2.25076e+09 144175 -708077 -1.54998e+09
-144206 708077 2.25106e+09 144206 -708077 -1.55006e+09
-144237 708077 2.25137e+09 144237 -708077 -1.55014e+09
-144269 708077 2.25168e+09 144269 -708077 -1.55022e+09
-144300 708077 2.25199e+09 144300 -708077 -1.5503e+09
-144331 708077 2.25229e+09 144331 -708077 -1.55038e+09
-144362 708077 2.2526e+09 144362 -708077 -1.55046e+09
-144393 708077 2.25291e+09 144393 -708077 -1.55054e+09
-144424 708077 2.25322e+09 144424 -708077 -1.55062e+09
-144455 708077 2.25353e+09 144455 -708077 -1.5507e+09
-144486 708077 2.25383e+09 144486 -708077 -1.55078e+09
-144517 708077 2.25414e+09 144517 -708077 -1.55087e+09
-144548 708077 2.25445e+09 144548 -708077 -1.55095e+09
-144580 708077 2.25476e+09 144580 -708077 -1.55103e+09
-144611 708077 2.25506e+09 144611 -708077 -1.55111e+09
-144642 708077 2.25537e+09 144642 -708077 -1.55119e+09
-144673 708077 2.25568e+09 144673 -708077 -1.55127e+09
-144704 708077 2.25599e+09 144704 -708077 -1.55135e+09
-144735 708077 2.25629e+09 144735 -708077 -1.55143e+09
-144766 708077 2.2566e+09 144766 -708077 -1.55151e+09
-144797 708077 2.25691e+09 144797 -708077 -1.55159e+09
-144828 708077 2.25722e+09 144828 -708077 -1.55167e+09
-144859 708077 2.25752e+09 144859 -708077 -1.55175e+09
-144891 708077 2.25783e+09 144891 -708077 -1.55184e+09
-144922 708077 2.25814e+09 144922 -708077 -1.55192e+09
-144953 708077 2.25845e+09 144953 -708077 -1.552e+09
-144984 708077 2.25876e+09 144984 -708077 -1.55208e+09
-145015 708077 2.25906e+09 145015 -708077 -1.55216e+09
-145046 708077 2.25937e+09 145046 -708077 -1.55224e+09
-145077 708077 2.25968e+09 145077 -708077 -1.55232e+09
-145108 708077 2.25999e+09 145108 -708077 -1.5524e+09
-145139 708077 2.26029e+09 145139 -708077 -1.55248e+09
-145170 708077 2.2606e+09 145170 -708077 -1.55256e+09
-145202 708077 2.26091e+09 145202 -708077 -1.55264e+09
-145233 708077 2.26122e+09 145233 -708077 -1.55273e+09
-145264 708077 2.26152e+09 145264 -708077 -1.55281e+09
-145295 708077 2.26183e+09 145295 -708077 -1.55289e+09
-145326 708077 2.26214e+09 145326 -708077 -1.55297e+09
-145357 708077 2.26245e+09 145357 -708077 -1.55305e+09
-145388 708077 2.26276e+09 145388 -708077 -1.55313e+09
-145419 708077 2.26306e+09 145419 -708077 -1.55321e+09
-145450 708077 2.26337e+09 145450 -708077 -1.55329e+09
-145482 708077 2.26368e+09 145482 -708077 -1.55337e+09
-145513 708077 2.26399e+09 145513 -708077 -1.55345e+09
-145544 708077 2.26429e+09 145544 -708077 -1.55353e+09
-145575 708077 2.2646e+09 145575 -708077 -1.55362e+09
-145606 708077 2.26491e+09 145606 -708077 -1.5537e+09
-145637 708077 2.26522e+09 145637 -708077 -1.55378e+09
-145668 708077 2.26552e+09 145668 -708077 -1.55386e+09
-145699 708077 2.26583e+09 145699 -708077 -1.55394e+09
-145730 708077 2.26614e+09 145730 -708077 -1.55402e+09
-145761 708077 2.26645e+09 145761 -708077 -1.5541e+09
-145793 708077 2.26675e+09 145793 -708077 -1.55418e+09
-145824 708077 2.26706e+09 145824 -708077 -1.55426e+09
-145855 708077 2.26737e+09 145855 -708077 -1.55434e+09
-145886 708077 2.26768e+09 145886 -708077 -1.55442e+09
-145917 708077 2.26799e+09 145917 -708077 -1.55451e+09
-145948 708077 2.26829e+09 145948 -708077 -1.55459e+09
-145979 708077 2.2686e+09 145979 -708077 -1.55467e+09
-146010 708077 2.26891e+09 146010 -708077 -1.55475e+09
-146041 708077 2.26922e+09 146041 -708077 -1.55483e+09
-146072 708077 2.26952e+09 146072 -708077 -1.55491e+09
-146104 708077 2.26983e+09 146104 -708077 -1.55499e+09
-146135 708077 2.27014e+09 146135 -708077 -1.55507e+09
-146166 708077 2.27045e+09 146166 -708077 -1.55515e+09
-146197 708077 2.27075e+09 146197 -708077 -1.55523e+09
-146228 708077 2.27106e+09 146228 -708077 -1.55531e+09
-146259 708077 2.27137e+09 146259 -708077 -1.55539e+09
-146290 708077 2.27168e+09 146290 -708077 -1.55548e+09
-146321 708077 2.27199e+09 146321 -708077 -1.55556e+09
-146352 708077 2.27229e+09 146352 -708077 -1.55564e+09
-146383 708077 2.2726e+09 146383 -708077 -1.55572e+09
-146415 708077 2.27291e+09 146415 -708077 -1.5558e+09
-146446 708077 2.27322e+09 146446 -708077 -1.55588e+09
-146477 708077 2.27352e+09 146477 -708077 -1.55596e+09
-146508 708077 2.27383e+09 146508 -708077 -1.55604e+09
-146539 708077 2.27414e+09 146539 -708077 -1.55612e+09
-146570 708077 2.27445e+09 146570 -708077 -1.5562e+09
-146601 708077 2.27475e+09 146601 -708077 -1.55628e+09
-146632 708077 2.27506e+09 146632 -708077 -1.55637e+09
-146663 708077 2.27537e+09 146663 -708077 -1.55645e+09
-146694 708077 2.27568e+09 146694 -708077 -1.55653e+09
-146726 708077 2.27598e+09 146726 -708077 -1.55661e+09
-146757 708077 2.27629e+09 146757 -708077 -1.55669e+09
-146788 708077 2.2766e+09 146788 -708077 -1.55677e+09
-146819 708077 2.27691e+09 146819 -708077 -1.55685e+09
-146850 708077 2.27722e+09 146850 -708077 -1.55693e+09
-146881 708077 2.27752e+09 146881 -708077 -1.55701e+09
-146912 708077 2.27783e+09 146912 -708077 -1.55709e+09
-146943 708077 2.27814e+09 146943 -708077 -1.55717e+09
-146974 708077 2.27845e+09 146974 -708077 -1.55725e+09
-147006 708077 2.27875e+09 147006 -708077 -1.55734e+09
-147037 708077 2.27906e+09 147037 -708077 -1.55742e+09
-147068 708077 2.27937e+09 147068 -708077 -1.5575e+09
-147099 708077 2.27968e+09 147099 -708077 -1.55758e+09
-147130 708077 2.27998e+09 147130 -708077 -1.55766e+09
-147161 708077 2.28029e+09 147161 -708077 -1.55774e+09
-147192 708077 2.2806e+09 147192 -708077 -1.55782e+09
-147223 708077 2.28091e+09 147223 -708077 -1.5579e+09
-147254 708077 2.28122e+09 147254 -708077 -1.55798e+09
-147285 708077 2.28152e+09 147285 -708077 -1.55806e+09
-147317 708077 2.28183e+09 147317 -708077 -1.55814e+09
-147348 708077 2.28214e+09 147348 -708077 -1.55823e+09
-147379 708077 2.28245e+09 147379 -708077 -1.55831e+09
-147410 708077 2.28275e+09 147410 -708077 -1.55839e+09
-147441 708077 2.28306e+09 147441 -708077 -1.55847e+09
-147472 708077 2.28337e+09 147472 -708077 -1.55855e+09
-147503 708077 2.28368e+09 147503 -708077 -1.55863e+09
-147534 708077 2.28398e+09 147534 -708077 -1.55871e+09
-147565 708077 2.28429e+09 147565 -708077 -1.55879e+09
-147596 708077 2.2846e+09 147596 -708077 -1.55887e+09
-147628 708077 2.28491e+09 147628 -708077 -1.55895e+09
-147659 708077 2.28521e+09 147659 -708077 -1.55903e+09
-147690 708077 2.28552e+09 147690 -708077 -1.55912e+09
-147721 708077 2.28583e+09 147721 -708077 -1.5592e+09
-147752 708077 2.28614e+09 147752 -708077 -1.55928e+09
-147783 708077 2.28645e+09 147783 -708077 -1.55936e+09
-147814 708077 2.28675e+09 147814 -708077 -1.55944e+09
-147845 708077 2.28706e+09 147845 -708077 -1.55952e+09
-147876 708077 2.28737e+09 147876 -708077 -1.5596e+09
-147908 708077 2.28768e+09 147908 -708077 -1.55968e+09
-147939 708077 2.28798e+09 147939 -708077 -1.55976e+09
-147970 708077 2.28829e+09 147970 -708077 -1.55984e+09
-148001 708077 2.2886e+09 148001 -708077 -1.55992e+09
-148032 708077 2.28891e+09 148032 -708077 -1.56e+09
-148063 708077 2.28921e+09 148063 -708077 -1.56009e+09
-148094 708077 2.28952e+09 148094 -708077 -1.56017e+09
-148125 708077 2.28983e+09 148125 -708077 -1.56025e+09
-148156 708077 2.29014e+09 148156 -708077 -1.56033e+09
-148187 708077 2.29045e+09 148187 -708077 -1.56041e+09
-148219 708077 2.29075e+09 148219 -708077 -1.56049e+09
-148250 708077 2.29106e+09 148250 -708077 -1.56057e+09
-148281 708077 2.29137e+09 148281 -708077 -1.56065e+09
-148312 708077 2.29168e+09 148312 -708077 -1.56073e+09
-148343 708077 2.29198e+09 148343 -708077 -1.56081e+09
-148374 708077 2.29229e+09 148374 -708077 -1.56089e+09
-148405 708077 2.2926e+09 148405 -708077 -1.56098e+09
-148436 708077 2.29291e+09 148436 -708077 -1.56106e+09
-148467 708077 2.29321e+09 148467 -708077 -1.56114e+09
-148499 708077 2.29352e+09 148499 -708077 -1.56122e+09
-148530 708077 2.29383e+09 148530 -708077 -1.5613e+09
-148561 708077 2.29414e+09 148561 -708077 -1.56138e+09
-148592 708077 2.29444e+09 148592 -708077 -1.56146e+09
-148623 708077 2.29475e+09 148623 -708077 -1.56154e+09
-148654 708077 2.29506e+09 148654 -708077 -1.56162e+09
-148685 708077 2.29537e+09 148685 -708077 -1.5617e+09
-148716 708077 2.29568e+09 148716 -708077 -1.56178e+09
-148747 708077 2.29598e+09 148747 -708077 -1.56186e+09
-148778 708077 2.29629e+09 148778 -708077 -1.56195e+09
-148810 708077 2.2966e+09 148810 -708077 -1.56203e+09
-148841 708077 2.29691e+09 148841 -708077 -1.56211e+09
-148872 708077 2.29721e+09 148872 -708077 -1.56219e+09
-148903 708077 2.29752e+09 148903 -708077 -1.56227e+09
-148934 708077 2.29783e+09 148934 -708077 -1.56235e+09
-148965 708077 2.29814e+09 148965 -708077 -1.56243e+09
-148996 708077 2.29844e+09 148996 -708077 -1.56251e+09
-149027 708077 2.29875e+09 149027 -708077 -1.56259e+09
-149058 708077 2.29906e+09 149058 -708077 -1.56267e+09
-149090 708077 2.29937e+09 149090 -708077 -1.56275e+09
-149121 708077 2.29968e+09 149121 -708077 -1.56283e+09
-149152 708077 2.29998e+09 149152 -708077 -1.56292e+09
-149183 708077 2.30029e+09 149183 -708077 -1.563e+09
-149214 708077 2.3006e+09 149214 -708077 -1.56308e+09
-149245 708077 2.30091e+09 149245 -708077 -1.56316e+09
-149276 708077 2.30121e+09 149276 -708077 -1.56324e+09
-149307 708077 2.30152e+09 149307 -708077 -1.56332e+09
-149338 708077 2.30183e+09 149338 -708077 -1.5634e+09
-149369 708077 2.30214e+09 149369 -708077 -1.56348e+09
-149401 708077 2.30244e+09 149401 -708077 -1.56356e+09
-149432 708077 2.30275e+09 149432 -708077 -1.56364e+09
-149463 708077 2.30306e+09 149463 -708077 -1.56372e+09
-149494 708077 2.30337e+09 149494 -708077 -1.56381e+09
-149525 708077 2.30367e+09 149525 -708077 -1.56389e+09
-149556 708077 2.30398e+09 149556 -708077 -1.56397e+09
-149587 708077 2.30429e+09 149587 -708077 -1.56405e+09
-149618 708077 2.3046e+09 149618 -708077 -1.56413e+09
-149649 708077 2.30491e+09 149649 -708077 -1.56421e+09
-149681 708077 2.30521e+09 149681 -708077 -1.56429e+09
-149712 708077 2.30552e+09 149712 -708077 -1.56437e+09
-149743 708077 2.30583e+09 149743 -708077 -1.56445e+09
-149774 708077 2.30614e+09 149774 -708077 -1.56453e+09
-149805 708077 2.30644e+09 149805 -708077 -1.56461e+09
-149836 708077 2.30675e+09 149836 -708077 -1.56469e+09
-149867 708077 2.30706e+09 149867 -708077 -1.56478e+09
-149898 708077 2.30737e+09 149898 -708077 -1.56486e+09
-149929 708077 2.30767e+09 149929 -708077 -1.56494e+09
-149961 708077 2.30798e+09 149961 -708077 -1.56502e+09
-149992 708077 2.30829e+09 149992 -708077 -1.5651e+09
-150023 708077 2.3086e+09 150023 -708077 -1.56518e+09
-150054 708077 2.30891e+09 150054 -708077 -1.56526e+09
-150085 708077 2.30921e+09 150085 -708077 -1.56534e+09
-150116 708077 2.30952e+09 150116 -708077 -1.56542e+09
-150147 708077 2.30983e+09 150147 -708077 -1.5655e+09
-150178 708077 2.31014e+09 150178 -708077 -1.56558e+09
-150209 708077 2.31044e+09 150209 -708077 -1.56567e+09
-150241 708077 2.31075e+09 150241 -708077 -1.56575e+09
-150272 708077 2.31106e+09 150272 -708077 -1.56583e+09
-150303 708077 2.31137e+09 150303 -708077 -1.56591e+09
-150334 708077 2.31167e+09 150334 -708077 -1.56599e+09
-150365 708077 2.31198e+09 150365 -708077 -1.56607e+09
-150396 708077 2.31229e+09 150396 -708077 -1.56615e+09
-150427 708077 2.3126e+09 150427 -708077 -1.56623e+09
-150458 708077 2.3129e+09 150458 -708077 -1.56631e+09
-150489 708077 2.31321e+09 150489 -708077 -1.56639e+09
-150520 708077 2.31352e+09 150520 -708077 -1.56647e+09
-150552 708077 2.31383e+09 150552 -708077 -1.56655e+09
-150583 708077 2.31414e+09 150583 -708077 -1.56664e+09
-150614 708077 2.31444e+09 150614 -708077 -1.56672e+09
-150645 708077 2.31475e+09 150645 -708077 -1.5668e+09
-150676 708077 2.31506e+09 150676 -708077 -1.56688e+09
-150707 708077 2.31537e+09 150707 -708077 -1.56696e+09
-150738 708077 2.31567e+09 150738 -708077 -1.56704e+09
-150769 708077 2.31598e+09 150769 -708077 -1.56712e+09
-150800 708077 2.31629e+09 150800 -708077 -1.5672e+09
-150832 708077 2.3166e+09 150832 -708077 -1.56728e+09
-150863 708077 2.3169e+09 150863 -708077 -1.56736e+09
-150894 708077 2.31721e+09 150894 -708077 -1.56744e+09
-150925 708077 2.31752e+09 150925 -708077 -1.56752e+09
-150956 708077 2.31783e+09 150956 -708077 -1.56761e+09
-150987 708077 2.31814e+09 150987 -708077 -1.56769e+09
-151018 708077 2.31844e+09 151018 -708077 -1.56777e+09
-151049 708077 2.31875e+09 151049 -708077 -1.56785e+09
-151080 708077 2.31906e+09 151080 -708077 -1.56793e+09
-151112 708077 2.31937e+09 151112 -708077 -1.56801e+09
-151143 708077 2.31967e+09 151143 -708077 -1.56809e+09
-151174 708077 2.31998e+09 151174 -708077 -1.56817e+09
-151205 708077 2.32029e+09 151205 -708077 -1.56825e+09
-151236 708077 2.3206e+09 151236 -708077 -1.56833e+09
-151267 708077 2.3209e+09 151267 -708077 -1.56841e+09
-151298 708077 2.32121e+09 151298 -708077 -1.56849e+09
-151329 708077 2.32152e+09 151329 -708077 -1.56858e+09
-151360 708077 2.32183e+09 151360 -708077 -1.56866e+09
-151392 708077 2.32213e+09 151392 -708077 -1.56874e+09
-151423 708077 2.32244e+09 151423 -708077 -1.56882e+09
-151454 708077 2.32275e+09 151454 -708077 -1.5689e+09
-151485 708077 2.32306e+09 151485 -708077 -1.56898e+09
-151516 708077 2.32337e+09 151516 -708077 -1.56906e+09
-151547 708077 2.32367e+09 151547 -708077 -1.56914e+09
-151578 708077 2.32398e+09 151578 -708077 -1.56922e+09
-151609 708077 2.32429e+09 151609 -708077 -1.5693e+09
-151640 708077 2.3246e+09 151640 -708077 -1.56938e+09
-151672 708077 2.3249e+09 151672 -708077 -1.56947e+09
-151703 708077 2.32521e+09 151703 -708077 -1.56955e+09
-151734 708077 2.32552e+09 151734 -708077 -1.56963e+09
-151765 708077 2.32583e+09 151765 -708077 -1.56971e+09
-151796 708077 2.32613e+09 151796 -708077 -1.56979e+09
-151827 708077 2.32644e+09 151827 -708077 -1.56987e+09
-151858 708077 2.32675e+09 151858 -708077 -1.56995e+09
-151889 708077 2.32706e+09 151889 -708077 -1.57003e+09
-151920 708077 2.32737e+09 151920 -708077 -1.57011e+09
-151952 708077 2.32767e+09 151952 -708077 -1.57019e+09
-151983 708077 2.32798e+09 151983 -708077 -1.57027e+09
-152014 708077 2.32829e+09 152014 -708077 -1.57035e+09
-152045 708077 2.3286e+09 152045 -708077 -1.57044e+09
-152076 708077 2.3289e+09 152076 -708077 -1.57052e+09
-152107 708077 2.32921e+09 152107 -708077 -1.5706e+09
-152138 708077 2.32952e+09 152138 -708077 -1.57068e+09
-152169 708077 2.32983e+09 152169 -708077 -1.57076e+09
-152200 708077 2.33013e+09 152200 -708077 -1.57084e+09
-152232 708077 2.33044e+09 152232 -708077 -1.57092e+09
-152263 708077 2.33075e+09 152263 -708077 -1.571e+09
-152294 708077 2.33106e+09 152294 -708077 -1.57108e+09
-152325 708077 2.33136e+09 152325 -708077 -1.57116e+09
-152356 708077 2.33167e+09 152356 -708077 -1.57124e+09
-152387 708077 2.33198e+09 152387 -708077 -1.57132e+09
-152418 708077 2.33229e+09 152418 -708077 -1.57141e+09
-152449 708077 2.3326e+09 152449 -708077 -1.57149e+09
-152480 708077 2.3329e+09 152480 -708077 -1.57157e+09
-152511 708077 2.33321e+09 152511 -708077 -1.57165e+09
-152543 708077 2.33352e+09 152543 -708077 -1.57173e+09
-152574 708077 2.33383e+09 152574 -708077 -1.57181e+09
-152605 708077 2.33413e+09 152605 -708077 -1.57189e+09
-152636 708077 2.33444e+09 152636 -708077 -1.57197e+09
-152667 708077 2.33475e+09 152667 -708077 -1.57205e+09
-152698 708077 2.33506e+09 152698 -708077 -1.57213e+09
-152729 708077 2.33536e+09 152729 -708077 -1.57221e+09
-152760 708077 2.33567e+09 152760 -708077 -1.57229e+09
-152792 708077 2.33598e+09 152792 -708077 -1.57238e+09
-152823 708077 2.33629e+09 152823 -708077 -1.57246e+09
-152854 708077 2.33659e+09 152854 -708077 -1.57254e+09
-152885 708077 2.3369e+09 152885 -708077 -1.57262e+09
-152916 708077 2.33721e+09 152916 -708077 -1.5727e+09
-152947 708077 2.33752e+09 152947 -708077 -1.57278e+09
-152978 708077 2.33783e+09 152978 -708077 -1.57286e+09
-153009 708077 2.33813e+09 153009 -708077 -1.57294e+09
-153040 708077 2.33844e+09 153040 -708077 -1.57302e+09
-153072 708077 2.33875e+09 153072 -708077 -1.5731e+09
-153103 708077 2.33906e+09 153103 -708077 -1.57318e+09
-153134 708077 2.33936e+09 153134 -708077 -1.57326e+09
-153165 708077 2.33967e+09 153165 -708077 -1.57335e+09
-153196 708077 2.33998e+09 153196 -708077 -1.57343e+09
-153227 708077 2.34029e+09 153227 -708077 -1.57351e+09
-153258 708077 2.34059e+09 153258 -708077 -1.57359e+09
-153289 708077 2.3409e+09 153289 -708077 -1.57367e+09
-153320 708077 2.34121e+09 153320 -708077 -1.57375e+09
-153352 708077 2.34152e+09 153352 -708077 -1.57383e+09
-153383 708077 2.34183e+09 153383 -708077 -1.57391e+09
-153414 708077 2.34213e+09 153414 -708077 -1.57399e+09
-153445 708077 2.34244e+09 153445 -708077 -1.57407e+09
-153476 708077 2.34275e+09 153476 -708077 -1.57415e+09
-153507 708077 2.34306e+09 153507 -708077 -1.57423e+09
-153538 708077 2.34336e+09 153538 -708077 -1.57432e+09
-153569 708077 2.34367e+09 153569 -708077 -1.5744e+09
-153600 708077 2.34398e+09 153600 -708077 -1.57448e+09
-153632 708077 2.34429e+09 153632 -708077 -1.57456e+09
-153663 708077 2.34459e+09 153663 -708077 -1.57464e+09
-153694 708077 2.3449e+09 153694 -708077 -1.57472e+09
-153725 708077 2.34521e+09 153725 -708077 -1.5748e+09
-153756 708077 2.34552e+09 153756 -708077 -1.57488e+09
-153787 708077 2.34582e+09 153787 -708077 -1.57496e+09
-153818 708077 2.34613e+09 153818 -708077 -1.57504e+09
-153849 708077 2.34644e+09 153849 -708077 -1.57512e+09
-153880 708077 2.34675e+09 153880 -708077 -1.5752e+09
-153912 708077 2.34706e+09 153912 -708077 -1.57529e+09
-153943 708077 2.34736e+09 153943 -708077 -1.57537e+09
-153974 708077 2.34767e+09 153974 -708077 -1.57545e+09
-154005 708077 2.34798e+09 154005 -708077 -1.57553e+09
-154036 708077 2.34829e+09 154036 -708077 -1.57561e+09
-154067 708077 2.34859e+09 154067 -708077 -1.57569e+09
-154098 708077 2.3489e+09 154098 -708077 -1.57577e+09
-154129 708077 2.34921e+09 154129 -708077 -1.57585e+09
-154160 708077 2.34952e+09 154160 -708077 -1.57593e+09
-154192 708077 2.34982e+09 154192 -708077 -1.57601e+09
-154223 708077 2.35013e+09 154223 -708077 -1.57609e+09
-154254 708077 2.35044e+09 154254 -708077 -1.57617e+09
-154285 708077 2.35075e+09 154285 -708077 -1.57626e+09
-154316 708077 2.35106e+09 154316 -708077 -1.57634e+09
-154347 708077 2.35136e+09 154347 -708077 -1.57642e+09
-154378 708077 2.35167e+09 154378 -708077 -1.5765e+09
-154409 708077 2.35198e+09 154409 -708077 -1.57658e+09
-154440 708077 2.35229e+09 154440 -708077 -1.57666e+09
-154472 708077 2.35259e+09 154472 -708077 -1.57674e+09
-154503 708077 2.3529e+09 154503 -708077 -1.57682e+09
-154534 708077 2.35321e+09 154534 -708077 -1.5769e+09
-154565 708077 2.35352e+09 154565 -708077 -1.57698e+09
-154596 708077 2.35382e+09 154596 -708077 -1.57706e+09
-154627 708077 2.35413e+09 154627 -708077 -1.57714e+09
-154658 708077 2.35444e+09 154658 -708077 -1.57723e+09
-154689 708077 2.35475e+09 154689 -708077 -1.57731e+09
-154720 708077 2.35505e+09 154720 -708077 -1.57739e+09
-154752 708077 2.35536e+09 154752 -708077 -1.57747e+09
-154783 708077 2.35567e+09 154783 -708077 -1.57755e+09
-154814 708077 2.35598e+09 154814 -708077 -1.57763e+09
-154845 708077 2.35629e+09 154845 -708077 -1.57771e+09
-154876 708077 2.35659e+09 154876 -708077 -1.57779e+09
-154907 708077 2.3569e+09 154907 -708077 -1.57787e+09
-154938 708077 2.35721e+09 154938 -708077 -1.57795e+09
-154969 708077 2.35752e+09 154969 -708077 -1.57803e+09
-155001 708077 2.35782e+09 155001 -708077 -1.57811e+09
-155032 708077 2.35813e+09 155032 -708077 -1.5782e+09
-155063 708077 2.35844e+09 155063 -708077 -1.57828e+09
-155094 708077 2.35875e+09 155094 -708077 -1.57836e+09
-155125 708077 2.35905e+09 155125 -708077 -1.57844e+09
-155156 708077 2.35936e+09 155156 -708077 -1.57852e+09
-155187 708077 2.35967e+09 155187 -708077 -1.5786e+09
-155218 708077 2.35998e+09 155218 -708077 -1.57868e+09
-155249 708077 2.36028e+09 155249 -708077 -1.57876e+09
-155281 708077 2.36059e+09 155281 -708077 -1.57884e+09
-155312 708077 2.3609e+09 155312 -708077 -1.57892e+09
-155343 708077 2.36121e+09 155343 -708077 -1.579e+09
-155374 708077 2.36152e+09 155374 -708077 -1.57908e+09
-155405 708077 2.36182e+09 155405 -708077 -1.57917e+09
-155436 708077 2.36213e+09 155436 -708077 -1.57925e+09
-155467 708077 2.36244e+09 155467 -708077 -1.57933e+09
-155498 708077 2.36275e+09 155498 -708077 -1.57941e+09
-155529 708077 2.36305e+09 155529 -708077 -1.57949e+09
-155561 708077 2.36336e+09 155561 -708077 -1.57957e+09
-155592 708077 2.36367e+09 155592 -708077 -1.57965e+09
-155623 708077 2.36398e+09 155623 -708077 -1.57973e+09
-155654 708077 2.36428e+09 155654 -708077 -1.57981e+09
-155685 708077 2.36459e+09 155685 -708077 -1.57989e+09
-155716 708077 2.3649e+09 155716 -708077 -1.57997e+09
-155747 708077 2.36521e+09 155747 -708077 -1.58005e+09
-155778 708077 2.36552e+09 155778 -708077 -1.58014e+09
-155810 708077 2.36582e+09 155810 -708077 -1.58022e+09
-155841 708077 2.36613e+09 155841 -708077 -1.5803e+09
-155872 708077 2.36644e+09 155872 -708077 -1.58038e+09
-155903 708077 2.36675e+09 155903 -708077 -1.58046e+09
-155934 708077 2.36705e+09 155934 -708077 -1.58054e+09
-155965 708077 2.36736e+09 155965 -708077 -1.58062e+09
-155996 708077 2.36767e+09 155996 -708077 -1.5807e+09
-156027 708077 2.36798e+09 156027 -708077 -1.58078e+09
-156058 708077 2.36828e+09 156058 -708077 -1.58086e+09
-156090 708077 2.36859e+09 156090 -708077 -1.58094e+09
-156121 708077 2.3689e+09 156121 -708077 -1.58102e+09
-156152 708077 2.36921e+09 156152 -708077 -1.5811e+09
-156183 708077 2.36951e+09 156183 -708077 -1.58119e+09
-156214 708077 2.36982e+09 156214 -708077 -1.58127e+09
-156245 708077 2.37013e+09 156245 -708077 -1.58135e+09
-156276 708077 2.37044e+09 156276 -708077 -1.58143e+09
-156307 708077 2.37075e+09 156307 -708077 -1.58151e+09
-156338 708077 2.37105e+09 156338 -708077 -1.58159e+09
-156370 708077 2.37136e+09 156370 -708077 -1.58167e+09
-156401 708077 2.37167e+09 156401 -708077 -1.58175e+09
-156432 708077 2.37198e+09 156432 -708077 -1.58183e+09
-156463 708077 2.37228e+09 156463 -708077 -1.58191e+09
-156494 708077 2.37259e+09 156494 -708077 -1.58199e+09
-156525 708077 2.3729e+09 156525 -708077 -1.58207e+09
-156556 708077 2.37321e+09 156556 -708077 -1.58216e+09
-156587 708077 2.37351e+09 156587 -708077 -1.58224e+09
-156619 708077 2.37382e+09 156619 -708077 -1.58232e+09
-156650 708077 2.37413e+09 156650 -708077 -1.5824e+09
-156681 708077 2.37444e+09 156681 -708077 -1.58248e+09
-156712 708077 2.37474e+09 156712 -708077 -1.58256e+09
-156743 708077 2.37505e+09 156743 -708077 -1.58264e+09
-156774 708077 2.37536e+09 156774 -708077 -1.58272e+09
-156805 708077 2.37567e+09 156805 -708077 -1.5828e+09
-156836 708077 2.37598e+09 156836 -708077 -1.58288e+09
-156867 708077 2.37628e+09 156867 -708077 -1.58296e+09
-156899 708077 2.37659e+09 156899 -708077 -1.58304e+09
-156930 708077 2.3769e+09 156930 -708077 -1.58313e+09
-156961 708077 2.37721e+09 156961 -708077 -1.58321e+09
-156992 708077 2.37751e+09 156992 -708077 -1.58329e+09
-157023 708077 2.37782e+09 157023 -708077 -1.58337e+09
-157054 708077 2.37813e+09 157054 -708077 -1.58345e+09
-157085 708077 2.37844e+09 157085 -708077 -1.58353e+09
-157116 708077 2.37874e+09 157116 -708077 -1.58361e+09
-157148 708077 2.37905e+09 157148 -708077 -1.58369e+09
-157179 708077 2.37936e+09 157179 -708077 -1.58377e+09
-157210 708077 2.37967e+09 157210 -708077 -1.58385e+09
-157241 708077 2.37998e+09 157241 -708077 -1.58393e+09
-157272 708077 2.38028e+09 157272 -708077 -1.58401e+09
-157303 708077 2.38059e+09 157303 -708077 -1.5841e+09
-157334 708077 2.3809e+09 157334 -708077 -1.58418e+09
-157365 708077 2.38121e+09 157365 -708077 -1.58426e+09
-157396 708077 2.38151e+09 157396 -708077 -1.58434e+09
-157428 708077 2.38182e+09 157428 -708077 -1.58442e+09
-157459 708077 2.38213e+09 157459 -708077 -1.5845e+09
-157490 708077 2.38244e+09 157490 -708077 -1.58458e+09
-157521 708077 2.38274e+09 157521 -708077 -1.58466e+09
-157552 708077 2.38305e+09 157552 -708077 -1.58474e+09
-157583 708077 2.38336e+09 157583 -708077 -1.58482e+09
-157614 708077 2.38367e+09 157614 -708077 -1.5849e+09
-157645 708077 2.38397e+09 157645 -708077 -1.58498e+09
-157677 708077 2.38428e+09 157677 -708077 -1.58506e+09
-157708 708077 2.38459e+09 157708 -708077 -1.58515e+09
-157739 708077 2.3849e+09 157739 -708077 -1.58523e+09
-157770 708077 2.38521e+09 157770 -708077 -1.58531e+09
-157801 708077 2.38551e+09 157801 -708077 -1.58539e+09
-157832 708077 2.38582e+09 157832 -708077 -1.58547e+09
-157863 708077 2.38613e+09 157863 -708077 -1.58555e+09
-157894 708077 2.38644e+09 157894 -708077 -1.58563e+09
-157925 708077 2.38674e+09 157925 -708077 -1.58571e+09
-157957 708077 2.38705e+09 157957 -708077 -1.58579e+09
-157988 708077 2.38736e+09 157988 -708077 -1.58587e+09
-158019 708077 2.38767e+09 158019 -708077 -1.58595e+09
-158050 708077 2.38797e+09 158050 -708077 -1.58603e+09
-158081 708077 2.38828e+09 158081 -708077 -1.58612e+09
-158112 708077 2.38859e+09 158112 -708077 -1.5862e+09
-158143 708077 2.3889e+09 158143 -708077 -1.58628e+09
-158174 708077 2.3892e+09 158174 -708077 -1.58636e+09
-158206 708077 2.38951e+09 158206 -708077 -1.58644e+09
-158237 708077 2.38982e+09 158237 -708077 -1.58652e+09
-158268 708077 2.39013e+09 158268 -708077 -1.5866e+09
-158299 708077 2.39044e+09 158299 -708077 -1.58668e+09
-158330 708077 2.39074e+09 158330 -708077 -1.58676e+09
-158361 708077 2.39105e+09 158361 -708077 -1.58684e+09
-158392 708077 2.39136e+09 158392 -708077 -1.58692e+09
-158423 708077 2.39167e+09 158423 -708077 -1.587e+09
-158455 708077 2.39197e+09 158455 -708077 -1.58708e+09
-158486 708077 2.39228e+09 158486 -708077 -1.58717e+09
-158517 708077 2.39259e+09 158517 -708077 -1.58725e+09
-158548 708077 2.3929e+09 158548 -708077 -1.58733e+09
-158579 708077 2.3932e+09 158579 -708077 -1.58741e+09
-158610 708077 2.39351e+09 158610 -708077 -1.58749e+09
-158641 708077 2.39382e+09 158641 -708077 -1.58757e+09
-158672 708077 2.39413e+09 158672 -708077 -1.58765e+09
-158703 708077 2.39444e+09 158703 -708077 -1.58773e+09
-158735 708077 2.39474e+09 158735 -708077 -1.58781e+09
-158766 708077 2.39505e+09 158766 -708077 -1.58789e+09
-158797 708077 2.39536e+09 158797 -708077 -1.58797e+09
-158828 708077 2.39567e+09 158828 -708077 -1.58805e+09
-158859 708077 2.39597e+09 158859 -708077 -1.58814e+09
-158890 708077 2.39628e+09 158890 -708077 -1.58822e+09
-158921 708077 2.39659e+09 158921 -708077 -1.5883e+09
-158952 708077 2.3969e+09 158952 -708077 -1.58838e+09
-158984 708077 2.3972e+09 158984 -708077 -1.58846e+09
-159015 708077 2.39751e+09 159015 -708077 -1.58854e+09
-159046 708077 2.39782e+09 159046 -708077 -1.58862e+09
-159077 708077 2.39813e+09 159077 -708077 -1.5887e+09
-159108 708077 2.39843e+09 159108 -708077 -1.58878e+09
-159139 708077 2.39874e+09 159139 -708077 -1.58886e+09
-159170 708077 2.39905e+09 159170 -708077 -1.58894e+09
-159201 708077 2.39936e+09 159201 -708077 -1.58902e+09
-159232 708077 2.39967e+09 159232 -708077 -1.5891e+09
-159264 708077 2.39997e+09 159264 -708077 -1.58919e+09
-159295 708077 2.40028e+09 159295 -708077 -1.58927e+09
-159326 708077 2.40059e+09 159326 -708077 -1.58935e+09
-159357 708077 2.4009e+09 159357 -708077 -1.58943e+09
-159388 708077 2.4012e+09 159388 -708077 -1.58951e+09
-159419 708077 2.40151e+09 159419 -708077 -1.58959e+09
-159450 708077 2.40182e+09 159450 -708077 -1.58967e+09
-159481 708077 2.40213e+09 159481 -708077 -1.58975e+09
-159513 708077 2.40243e+09 159513 -708077 -1.58983e+09
-159544 708077 2.40274e+09 159544 -708077 -1.58991e+09
-159575 708077 2.40305e+09 159575 -708077 -1.58999e+09
-159606 708077 2.40336e+09 159606 -708077 -1.59007e+09
-159637 708077 2.40366e+09 159637 -708077 -1.59016e+09
-159668 708077 2.40397e+09 159668 -708077 -1.59024e+09
-159699 708077 2.40428e+09 159699 -708077 -1.59032e+09
-159730 708077 2.40459e+09 159730 -708077 -1.5904e+09
-159762 708077 2.4049e+09 159762 -708077 -1.59048e+09
-159793 708077 2.4052e+09 159793 -708077 -1.59056e+09
-159824 708077 2.40551e+09 159824 -708077 -1.59064e+09
-159855 708077 2.40582e+09 159855 -708077 -1.59072e+09
-159886 708077 2.40613e+09 159886 -708077 -1.5908e+09
-159917 708077 2.40643e+09 159917 -708077 -1.59088e+09
-159948 708077 2.40674e+09 159948 -708077 -1.59096e+09
-159979 708077 2.40705e+09 159979 -708077 -1.59104e+09
-160011 708077 2.40736e+09 160011 -708077 -1.59112e+09
-160042 708077 2.40766e+09 160042 -708077 -1.59121e+09
-160073 708077 2.40797e+09 160073 -708077 -1.59129e+09
-160104 708077 2.40828e+09 160104 -708077 -1.59137e+09
-160135 708077 2.40859e+09 160135 -708077 -1.59145e+09
-160166 708077 2.4089e+09 160166 -708077 -1.59153e+09
-160197 708077 2.4092e+09 160197 -708077 -1.59161e+09
-160228 708077 2.40951e+09 160228 -708077 -1.59169e+09
-160259 708077 2.40982e+09 160259 -708077 -1.59177e+09
-160291 708077 2.41013e+09 160291 -708077 -1.59185e+09
-160322 708077 2.41043e+09 160322 -708077 -1.59193e+09
-160353 708077 2.41074e+09 160353 -708077 -1.59201e+09
-160384 708077 2.41105e+09 160384 -708077 -1.59209e+09
-160415 708077 2.41136e+09 160415 -708077 -1.59218e+09
-160446 708077 2.41166e+09 160446 -708077 -1.59226e+09
-160477 708077 2.41197e+09 160477 -708077 -1.59234e+09
-160508 708077 2.41228e+09 160508 -708077 -1.59242e+09
-160540 708077 2.41259e+09 160540 -708077 -1.5925e+09
-160571 708077 2.41289e+09 160571 -708077 -1.59258e+09
-160602 708077 2.4132e+09 160602 -708077 -1.59266e+09
-160633 708077 2.41351e+09 160633 -708077 -1.59274e+09
-160664 708077 2.41382e+09 160664 -708077 -1.59282e+09
-160695 708077 2.41413e+09 160695 -708077 -1.5929e+09
-160726 708077 2.41443e+09 160726 -708077 -1.59298e+09
-160757 708077 2.41474e+09 160757 -708077 -1.59306e+09
-160789 708077 2.41505e+09 160789 -708077 -1.59314e+09
-160820 708077 2.41536e+09 160820 -708077 -1.59323e+09
-160851 708077 2.41566e+09 160851 -708077 -1.59331e+09
-160882 708077 2.41597e+09 160882 -708077 -1.59339e+09
-160913 708077 2.41628e+09 160913 -708077 -1.59347e+09
-160944 708077 2.41659e+09 160944 -708077 -1.59355e+09
-160975 708077 2.41689e+09 160975 -708077 -1.59363e+09
-161006 708077 2.4172e+09 161006 -708077 -1.59371e+09
-161038 708077 2.41751e+09 161038 -708077 -1.59379e+09
-161069 708077 2.41782e+09 161069 -708077 -1.59387e+09
-161100 708077 2.41812e+09 161100 -708077 -1.59395e+09
-161131 708077 2.41843e+09 161131 -708077 -1.59403e+09
-161162 708077 2.41874e+09 161162 -708077 -1.59411e+09
-161193 708077 2.41905e+09 161193 -708077 -1.59419e+09
-161224 708077 2.41936e+09 161224 -708077 -1.59428e+09
-161219 708077 2.41941e+09 161219 -708077 -1.59425e+09
-161120 708077 2.4188e+09 161120 -708077 -1.59395e+09
-161020 708077 2.41819e+09 161020 -708077 -1.59366e+09
-160921 708077 2.41758e+09 160921 -708077 -1.59336e+09
-160821 708077 2.41696e+09 160821 -708077 -1.59306e+09
-160722 708077 2.41635e+09 160722 -708077 -1.59276e+09
-160622 708077 2.41574e+09 160622 -708077 -1.59247e+09
-160523 708077 2.41513e+09 160523 -708077 -1.59217e+09
-160423 708077 2.41452e+09 160423 -708077 -1.59187e+09
-160324 708077 2.41391e+09 160324 -708077 -1.59157e+09
-160224 708077 2.4133e+09 160224 -708077 -1.59128e+09
-160125 708077 2.41269e+09 160125 -708077 -1.59098e+09
-160025 708077 2.41208e+09 160025 -708077 -1.59068e+09
-159926 708077 2.41147e+09 159926 -708077 -1.59038e+09
-159826 708077 2.41086e+09 159826 -708077 -1.59009e+09
-159727 708077 2.41025e+09 159727 -708077 -1.58979e+09
-159627 708077 2.40963e+09 159627 -708077 -1.58949e+09
-159528 708077 2.40902e+09 159528 -708077 -1.58919e+09
-159428 708077 2.40841e+09 159428 -708077 -1.5889e+09
-159329 708077 2.4078e+09 159329 -708077 -1.5886e+09
-159229 708077 2.40719e+09 159229 -708077 -1.5883e+09
-159130 708077 2.40658e+09 159130 -708077 -1.588e+09
-159030 708077 2.40597e+09 159030 -708077 -1.58771e+09
-158931 708077 2.40536e+09 158931 -708077 -1.58741e+09
-158831 708077 2.40475e+09 158831 -708077 -1.58711e+09
-158732 708077 2.40414e+09 158732 -708077 -1.58681e+09
-158632 708077 2.40353e+09 158632 -708077 -1.58652e+09
-158533 708077 2.40292e+09 158533 -708077 -1.58622e+09
-158433 708077 2.4023e+09 158433 -708077 -1.58592e+09
-158334 708077 2.40169e+09 158334 -708077 -1.58562e+09
-158234 708077 2.40108e+09 158234 -708077 -1.58533e+09
-158135 708077 2.40047e+09 158135 -708077 -1.58503e+09
-158035 708077 2.39986e+09 158035 -708077 -1.58473e+09
-157936 708077 2.39925e+09 157936 -708077 -1.58443e+09
-157836 708077 2.39864e+09 157836 -708077 -1.58414e+09
-157737 708077 2.39803e+09 157737 -708077 -1.58384e+09
-157637 708077 2.39742e+09 157637 -708077 -1.58354e+09
-157538 708077 2.39681e+09 157538 -708077 -1.58324e+09
-157438 708077 2.3962e+09 157438 -708077 -1.58295e+09
-157339 708077 2.39558e+09 157339 -708077 -1.58265e+09
-157239 708077 2.39497e+09 157239 -708077 -1.58235e+09
-157140 708077 2.39436e+09 157140 -708077 -1.58205e+09
-157040 708077 2.39375e+09 157040 -708077 -1.58176e+09
-156941 708077 2.39314e+09 156941 -708077 -1.58146e+09
-156841 708077 2.39253e+09 156841 -708077 -1.58116e+09
-156742 708077 2.39192e+09 156742 -708077 -1.58086e+09
-156642 708077 2.39131e+09 156642 -708077 -1.58057e+09
-156543 708077 2.3907e+09 156543 -708077 -1.58027e+09
-156443 708077 2.39009e+09 156443 -708077 -1.57997e+09
-156344 708077 2.38948e+09 156344 -708077 -1.57967e+09
-156244 708077 2.38887e+09 156244 -708077 -1.57938e+09
-156145 708077 2.38825e+09 156145 -708077 -1.57908e+09
-156045 708077 2.38764e+09 156045 -708077 -1.57878e+09
-155946 708077 2.38703e+09 155946 -708077 -1.57848e+09
-155846 708077 2.38642e+09 155846 -708077 -1.57819e+09
-155747 708077 2.38581e+09 155747 -708077 -1.57789e+09
-155647 708077 2.3852e+09 155647 -708077 -1.57759e+09
-155548 708077 2.38459e+09 155548 -708077 -1.5773e+09
-155448 708077 2.38398e+09 155448 -708077 -1.577e+09
-155349 708077 2.38337e+09 155349 -708077 -1.5767e+09
-155249 708077 2.38276e+09 155249 -708077 -1.5764e+09
-155150 708077 2.38215e+09 155150 -708077 -1.57611e+09
-155050 708077 2.38154e+09 155050 -708077 -1.57581e+09
-154951 708077 2.38092e+09 154951 -708077 -1.57551e+09
-154917 708077 2.38025e+09 154917 -708077 -1.57486e+09
-154891 708077 2.37957e+09 154891 -708077 -1.57418e+09
-154865 708077 2.3789e+09 154865 -708077 -1.57349e+09
-154838 708077 2.37822e+09 154838 -708077 -1.5728e+09
-154812 708077 2.37754e+09 154812 -708077 -1.57211e+09
-154786 708077 2.37686e+09 154786 -708077 -1.57143e+09
-154760 708077 2.37618e+09 154760 -708077 -1.57074e+09
-154734 708077 2.3755e+09 154734 -708077 -1.57005e+09
-154707 708077 2.37482e+09 154707 -708077 -1.56936e+09
-154681 708077 2.37415e+09 154681 -708077 -1.56868e+09
-154655 708077 2.37347e+09 154655 -708077 -1.56799e+09
-154629 708077 2.37279e+09 154629 -708077 -1.5673e+09
-154603 708077 2.37211e+09 154603 -708077 -1.56662e+09
-154576 708077 2.37143e+09 154576 -708077 -1.56593e+09
-154550 708077 2.37075e+09 154550 -708077 -1.56524e+09
-154524 708077 2.37008e+09 154524 -708077 -1.56455e+09
-154498 708077 2.3694e+09 154498 -708077 -1.56387e+09
-154472 708077 2.36872e+09 154472 -708077 -1.56318e+09
-154445 708077 2.36804e+09 154445 -708077 -1.56249e+09
-154419 708077 2.36736e+09 154419 -708077 -1.5618e+09
-154393 708077 2.36668e+09 154393 -708077 -1.56112e+09
-154367 708077 2.366e+09 154367 -708077 -1.56043e+09
-154341 708077 2.36533e+09 154341 -708077 -1.55974e+09
-154314 708077 2.36465e+09 154314 -708077 -1.55906e+09
-154288 708077 2.36397e+09 154288 -708077 -1.55837e+09
-154262 708077 2.36329e+09 154262 -708077 -1.55768e+09
-154236 708077 2.36261e+09 154236 -708077 -1.55699e+09
-154210 708077 2.36193e+09 154210 -708077 -1.55631e+09
-154183 708077 2.36126e+09 154183 -708077 -1.55562e+09
-154157 708077 2.36058e+09 154157 -708077 -1.55493e+09
-154131 708077 2.3599e+09 154131 -708077 -1.55425e+09
-154105 708077 2.35922e+09 154105 -708077 -1.55356e+09
-154079 708077 2.35854e+09 154079 -708077 -1.55287e+09
-154052 708077 2.35786e+09 154052 -708077 -1.55218e+09
-154026 708077 2.35718e+09 154026 -708077 -1.5515e+09
-154000 708077 2.35651e+09 154000 -708077 -1.55081e+09
-153974 708077 2.35583e+09 153974 -708077 -1.55012e+09
-153948 708077 2.35515e+09 153948 -708077 -1.54943e+09
-153922 708077 2.35447e+09 153922 -708077 -1.54875e+09
-153895 708077 2.35379e+09 153895 -708077 -1.54806e+09
-153869 708077 2.35311e+09 153869 -708077 -1.54737e+09
-153843 708077 2.35244e+09 153843 -708077 -1.54669e+09
-153817 708077 2.35176e+09 153817 -708077 -1.546e+09
-153791 708077 2.35108e+09 153791 -708077 -1.54531e+09
-153764 708077 2.3504e+09 153764 -708077 -1.54462e+09
-153738 708077 2.34972e+09 153738 -708077 -1.54394e+09
-153712 708077 2.34904e+09 153712 -708077 -1.54325e+09
-153686 708077 2.34836e+09 153686 -708077 -1.54256e+09
-153660 708077 2.34769e+09 153660 -708077 -1.54187e+09
-153633 708077 2.34701e+09 153633 -708077 -1.54119e+09
-153607 708077 2.34633e+09 153607 -708077 -1.5405e+09
-153581 708077 2.34565e+09 153581 -708077 -1.53981e+09
-153555 708077 2.34497e+09 153555 -708077 -1.53913e+09
-153529 708077 2.34429e+09 153529 -708077 -1.53844e+09
-153502 708077 2.34362e+09 153502 -708077 -1.53775e+09
-153476 708077 2.34294e+09 153476 -708077 -1.53706e+09
-153450 708077 2.34226e+09 153450 -708077 -1.53638e+09
-153424 708077 2.34158e+09 153424 -708077 -1.53569e+09
-153398 708077 2.3409e+09 153398 -708077 -1.535e+09
-153371 708077 2.34022e+09 153371 -708077 -1.53432e+09
-153345 708077 2.33954e+09 153345 -708077 -1.53363e+09
-153319 708077 2.33887e+09 153319 -708077 -1.53294e+09
-153293 708077 2.33819e+09 153293 -708077 -1.53225e+09
-153267 708077 2.33751e+09 153267 -708077 -1.53157e+09
-153240 708077 2.33683e+09 153240 -708077 -1.53088e+09
-153214 708077 2.33615e+09 153214 -708077 -1.53019e+09
-153188 708077 2.33547e+09 153188 -708077 -1.5295e+09
-153162 708077 2.3348e+09 153162 -708077 -1.52882e+09
-153136 708077 2.33412e+09 153136 -708077 -1.52813e+09
-153109 708077 2.33344e+09 153109 -708077 -1.52744e+09
-153083 708077 2.33276e+09 153083 -708077 -1.52676e+09
-153057 708077 2.33208e+09 153057 -708077 -1.52607e+09
-153031 708077 2.3314e+09 153031 -708077 -1.52538e+09
-153005 708077 2.33072e+09 153005 -708077 -1.52469e+09
-152978 708077 2.33005e+09 152978 -708077 -1.52401e+09
-152952 708077 2.32937e+09 152952 -708077 -1.52332e+09
-152926 708077 2.32869e+09 152926 -708077 -1.52263e+09
-152900 708077 2.32801e+09 152900 -708077 -1.52195e+09
-152874 708077 2.32733e+09 152874 -708077 -1.52126e+09
-152847 708077 2.32665e+09 152847 -708077 -1.52057e+09
-152821 708077 2.32598e+09 152821 -708077 -1.51988e+09
-152795 708077 2.3253e+09 152795 -708077 -1.5192e+09
-152769 708077 2.32462e+09 152769 -708077 -1.51851e+09
-152743 708077 2.32394e+09 152743 -708077 -1.51782e+09
-152717 708077 2.32326e+09 152717 -708077 -1.51713e+09
-152690 708077 2.32258e+09 152690 -708077 -1.51645e+09
-152664 708077 2.3219e+09 152664 -708077 -1.51576e+09
-152638 708077 2.32123e+09 152638 -708077 -1.51507e+09
-152612 708077 2.32055e+09 152612 -708077 -1.51439e+09
-152586 708077 2.31987e+09 152586 -708077 -1.5137e+09
-152559 708077 2.31919e+09 152559 -708077 -1.51301e+09
-152533 708077 2.31851e+09 152533 -708077 -1.51232e+09
-152507 708077 2.31783e+09 152507 -708077 -1.51164e+09
-152481 708077 2.31716e+09 152481 -708077 -1.51095e+09
-152455 708077 2.31648e+09 152455 -708077 -1.51026e+09
-152428 708077 2.3158e+09 152428 -708077 -1.50958e+09
-152402 708077 2.31512e+09 152402 -708077 -1.50889e+09
-152376 708077 2.31444e+09 152376 -708077 -1.5082e+09
-152350 708077 2.31376e+09 152350 -708077 -1.50751e+09
-152324 708077 2.31309e+09 152324 -708077 -1.50683e+09
-152297 708077 2.31241e+09 152297 -708077 -1.50614e+09
-152271 708077 2.31173e+09 152271 -708077 -1.50545e+09
-152245 708077 2.31105e+09 152245 -708077 -1.50477e+09
-152219 708077 2.31037e+09 152219 -708077 -1.50408e+09
-152193 708077 2.30969e+09 152193 -708077 -1.50339e+09
-152166 708077 2.30901e+09 152166 -708077 -1.5027e+09
-152140 708077 2.30834e+09 152140 -708077 -1.50202e+09
-152114 708077 2.30766e+09 152114 -708077 -1.50133e+09
-152088 708077 2.30698e+09 152088 -708077 -1.50064e+09
-152062 708077 2.3063e+09 152062 -708077 -1.49995e+09
-152035 708077 2.30562e+09 152035 -708077 -1.49927e+09
-152009 708077 2.30494e+09 152009 -708077 -1.49858e+09
-151983 708077 2.30427e+09 151983 -708077 -1.49789e+09
-151957 708077 2.30359e+09 151957 -708077 -1.49721e+09
-151931 708077 2.30291e+09 151931 -708077 -1.49652e+09
-151904 708077 2.30223e+09 151904 -708077 -1.49583e+09
-151878 708077 2.30155e+09 151878 -708077 -1.49514e+09
-151852 708077 2.30087e+09 151852 -708077 -1.49446e+09
-151826 708077 2.30019e+09 151826 -708077 -1.49377e+09
-151800 708077 2.29952e+09 151800 -708077 -1.49308e+09
-151773 708077 2.29884e+09 151773 -708077 -1.4924e+09
-151747 708077 2.29816e+09 151747 -708077 -1.49171e+09
-151721 708077 2.29748e+09 151721 -708077 -1.49102e+09
-151695 708077 2.2968e+09 151695 -708077 -1.49033e+09
-151669 708077 2.29612e+09 151669 -708077 -1.48965e+09
-151642 708077 2.29545e+09 151642 -708077 -1.48896e+09
-151616 708077 2.29477e+09 151616 -708077 -1.48827e+09
-151590 708077 2.29409e+09 151590 -708077 -1.48759e+09
-151564 708077 2.29341e+09 151564 -708077 -1.4869e+09
-151538 708077 2.29273e+09 151538 -708077 -1.48621e+09
-151511 708077 2.29205e+09 151511 -708077 -1.48552e+09
-151485 708077 2.29138e+09 151485 -708077 -1.48484e+09
-151459 708077 2.2907e+09 151459 -708077 -1.48415e+09
-151433 708077 2.29002e+09 151433 -708077 -1.48346e+09
-151407 708077 2.28934e+09 151407 -708077 -1.48277e+09
-151380 708077 2.28866e+09 151380 -708077 -1.48209e+09
-151354 708077 2.28798e+09 151354 -708077 -1.4814e+09
-151328 708077 2.2873e+09 151328 -708077 -1.48071e+09
-151302 708077 2.28663e+09 151302 -708077 -1.48003e+09
-151276 708077 2.28595e+09 151276 -708077 -1.47934e+09
-151249 708077 2.28527e+09 151249 -708077 -1.47865e+09
-151223 708077 2.28459e+09 151223 -708077 -1.47796e+09
-151197 708077 2.28391e+09 151197 -708077 -1.47728e+09
-151171 708077 2.28323e+09 151171 -708077 -1.47659e+09
-151145 708077 2.28256e+09 151145 -708077 -1.4759e+09
-151118 708077 2.28188e+09 151118 -708077 -1.47522e+09
-151092 708077 2.2812e+09 151092 -708077 -1.47453e+09
-151066 708077 2.28052e+09 151066 -708077 -1.47384e+09
-151040 708077 2.27984e+09 151040 -708077 -1.47315e+09
-151014 708077 2.27916e+09 151014 -708077 -1.47247e+09
-150987 708077 2.27848e+09 150987 -708077 -1.47178e+09
-150961 708077 2.27781e+09 150961 -708077 -1.47109e+09
-150935 708077 2.27713e+09 150935 -708077 -1.47041e+09
-150909 708077 2.27645e+09 150909 -708077 -1.46972e+09
-150883 708077 2.27577e+09 150883 -708077 -1.46903e+09
-150856 708077 2.27509e+09 150856 -708077 -1.46834e+09
-150830 708077 2.27441e+09 150830 -708077 -1.46766e+09
-150804 708077 2.27374e+09 150804 -708077 -1.46697e+09
-150778 708077 2.27306e+09 150778 -708077 -1.46628e+09
-150752 708077 2.27238e+09 150752 -708077 -1.4656e+09
-150726 708077 2.2717e+09 150726 -708077 -1.46491e+09
-150699 708077 2.27102e+09 150699 -708077 -1.46422e+09
-150673 708077 2.27034e+09 150673 -708077 -1.46353e+09
-150647 708077 2.26967e+09 150647 -708077 -1.46285e+09
-150621 708077 2.26899e+09 150621 -708077 -1.46216e+09
-150595 708077 2.26831e+09 150595 -708077 -1.46147e+09
-150568 708077 2.26763e+09 150568 -708077 -1.46078e+09
-150542 708077 2.26695e+09 150542 -708077 -1.4601e+09
-150516 708077 2.26627e+09 150516 -708077 -1.45941e+09
-150490 708077 2.26559e+09 150490 -708077 -1.45872e+09
-150464 708077 2.26492e+09 150464 -708077 -1.45804e+09
-150437 708077 2.26424e+09 150437 -708077 -1.45735e+09
-150411 708077 2.26356e+09 150411 -708077 -1.45666e+09
-150385 708077 2.26288e+09 150385 -708077 -1.45597e+09
-150359 708077 2.2622e+09 150359 -708077 -1.45529e+09
-150333 708077 2.26152e+09 150333 -708077 -1.4546e+09
-150306 708077 2.26085e+09 150306 -708077 -1.45391e+09
-150280 708077 2.26017e+09 150280 -708077 -1.45323e+09
-150254 708077 2.25949e+09 150254 -708077 -1.45254e+09
-150228 708077 2.25881e+09 150228 -708077 -1.45185e+09
-150202 708077 2.25813e+09 150202 -708077 -1.45116e+09
-150175 708077 2.25745e+09 150175 -708077 -1.45048e+09
-150149 708077 2.25678e+09 150149 -708077 -1.44979e+09
-150123 708077 2.2561e+09 150123 -708077 -1.4491e+09
-150097 708077 2.25542e+09 150097 -708077 -1.44842e+09
-150071 708077 2.25474e+09 150071 -708077 -1.44773e+09
-150044 708077 2.25406e+09 150044 -708077 -1.44704e+09
-150018 708077 2.25338e+09 150018 -708077 -1.44635e+09
-149992 708077 2.25271e+09 149992 -708077 -1.44567e+09
-149966 708077 2.25203e+09 149966 -708077 -1.44498e+09
-149940 708077 2.25135e+09 149940 -708077 -1.44429e+09
-149913 708077 2.25067e+09 149913 -708077 -1.44361e+09
-149887 708077 2.24999e+09 149887 -708077 -1.44292e+09
-149861 708077 2.24931e+09 149861 -708077 -1.44223e+09
-149835 708077 2.24863e+09 149835 -708077 -1.44154e+09
-149809 708077 2.24796e+09 149809 -708077 -1.44086e+09
-149782 708077 2.24728e+09 149782 -708077 -1.44017e+09
-149756 708077 2.2466e+09 149756 -708077 -1.43948e+09
-149730 708077 2.24592e+09 149730 -708077 -1.4388e+09
-149704 708077 2.24524e+09 149704 -708077 -1.43811e+09
-149678 708077 2.24456e+09 149678 -708077 -1.43742e+09
-149651 708077 2.24389e+09 149651 -708077 -1.43673e+09
-149625 708077 2.24321e+09 149625 -708077 -1.43605e+09
-149599 708077 2.24253e+09 149599 -708077 -1.43536e+09
-149573 708077 2.24185e+09 149573 -708077 -1.43467e+09
-149547 708077 2.24117e+09 149547 -708077 -1.43399e+09
-149520 708077 2.24049e+09 149520 -708077 -1.4333e+09
-149494 708077 2.23982e+09 149494 -708077 -1.43261e+09
-149468 708077 2.23914e+09 149468 -708077 -1.43192e+09
-149442 708077 2.23846e+09 149442 -708077 -1.43124e+09
-149416 708077 2.23778e+09 149416 -708077 -1.43055e+09
-149389 708077 2.2371e+09 149389 -708077 -1.42986e+09
-149363 708077 2.23642e+09 149363 -708077 -1.42918e+09
-149337 708077 2.23574e+09 149337 -708077 -1.42849e+09
-149311 708077 2.23507e+09 149311 -708077 -1.4278e+09
-149285 708077 2.23439e+09 149285 -708077 -1.42711e+09
-149258 708077 2.23371e+09 149258 -708077 -1.42643e+09
-149232 708077 2.23303e+09 149232 -708077 -1.42574e+09
-149206 708077 2.23235e+09 149206 -708077 -1.42505e+09
-149180 708077 2.23167e+09 149180 -708077 -1.42437e+09
-149154 708077 2.231e+09 149154 -708077 -1.42368e+09
-149127 708077 2.23032e+09 149127 -708077 -1.42299e+09
-149101 708077 2.22964e+09 149101 -708077 -1.4223e+09
-149075 708077 2.22896e+09 149075 -708077 -1.42162e+09
-149049 708077 2.22828e+09 149049 -708077 -1.42093e+09
-149023 708077 2.2276e+09 149023 -708077 -1.42024e+09
-148996 708077 2.22693e+09 148996 -708077 -1.41956e+09
-148970 708077 2.22625e+09 148970 -708077 -1.41887e+09
-148944 708077 2.22557e+09 148944 -708077 -1.41818e+09
-148918 708077 2.22489e+09 148918 -708077 -1.41749e+09
-148892 708077 2.22421e+09 148892 -708077 -1.41681e+09
-148865 708077 2.22353e+09 148865 -708077 -1.41612e+09
-148839 708077 2.22286e+09 148839 -708077 -1.41543e+09
-148813 708077 2.22218e+09 148813 -708077 -1.41475e+09
-148787 708077 2.2215e+09 148787 -708077 -1.41406e+09
-148761 708077 2.22082e+09 148761 -708077 -1.41337e+09
-148734 708077 2.22014e+09 148734 -708077 -1.41268e+09
-148708 708077 2.21946e+09 148708 -708077 -1.412e+09
-148682 708077 2.21878e+09 148682 -708077 -1.41131e+09
-148656 708077 2.21811e+09 148656 -708077 -1.41062e+09
-148630 708077 2.21743e+09 148630 -708077 -1.40994e+09
-148603 708077 2.21675e+09 148603 -708077 -1.40925e+09
-148577 708077 2.21607e+09 148577 -708077 -1.40856e+09
-148551 708077 2.21539e+09 148551 -708077 -1.40787e+09
-148525 708077 2.21471e+09 148525 -708077 -1.40719e+09
-148499 708077 2.21404e+09 148499 -708077 -1.4065e+09
-148472 708077 2.21336e+09 148472 -708077 -1.40581e+09
-148446 708077 2.21268e+09 148446 -708077 -1.40513e+09
-148420 708077 2.212e+09 148420 -708077 -1.40444e+09
-148394 708077 2.21132e+09 148394 -708077 -1.40375e+09
-148368 708077 2.21064e+09 148368 -708077 -1.40306e+09
-148341 708077 2.20997e+09 148341 -708077 -1.40238e+09
-148315 708077 2.20929e+09 148315 -708077 -1.40169e+09
-148289 708077 2.20861e+09 148289 -708077 -1.401e+09
-148263 708077 2.20793e+09 148263 -708077 -1.40032e+09
-148237 708077 2.20725e+09 148237 -708077 -1.39963e+09
-148210 708077 2.20657e+09 148210 -708077 -1.39894e+09
-148184 708077 2.2059e+09 148184 -708077 -1.39825e+09
-148158 708077 2.20522e+09 148158 -708077 -1.39757e+09
-148132 708077 2.20454e+09 148132 -708077 -1.39688e+09
-148106 708077 2.20386e+09 148106 -708077 -1.39619e+09
-148079 708077 2.20318e+09 148079 -708077 -1.39551e+09
-148053 708077 2.2025e+09 148053 -708077 -1.39482e+09
-148027 708077 2.20183e+09 148027 -708077 -1.39413e+09
-148001 708077 2.20115e+09 148001 -708077 -1.39344e+09
-147975 708077 2.20047e+09 147975 -708077 -1.39276e+09
-147948 708077 2.19979e+09 147948 -708077 -1.39207e+09
-147922 708077 2.19911e+09 147922 -708077 -1.39138e+09
-147896 708077 2.19843e+09 147896 -708077 -1.3907e+09
-147870 708077 2.19775e+09 147870 -708077 -1.39001e+09
-147844 708077 2.19708e+09 147844 -708077 -1.38932e+09
-147817 708077 2.1964e+09 147817 -708077 -1.38863e+09
-147791 708077 2.19572e+09 147791 -708077 -1.38795e+09
-147765 708077 2.19504e+09 147765 -708077 -1.38726e+09
-147739 708077 2.19436e+09 147739 -708077 -1.38657e+09
-147713 708077 2.19368e+09 147713 -708077 -1.38589e+09
-147686 708077 2.19301e+09 147686 -708077 -1.3852e+09
-147660 708077 2.19233e+09 147660 -708077 -1.38451e+09
-147634 708077 2.19165e+09 147634 -708077 -1.38382e+09
-147608 708077 2.19097e+09 147608 -708077 -1.38314e+09
-147582 708077 2.19029e+09 147582 -708077 -1.38245e+09
-147555 708077 2.18961e+09 147555 -708077 -1.38176e+09
-147529 708077 2.18894e+09 147529 -708077 -1.38108e+09
-147503 708077 2.18826e+09 147503 -708077 -1.38039e+09
-147477 708077 2.18758e+09 147477 -708077 -1.3797e+09
-147451 708077 2.1869e+09 147451 -708077 -1.37901e+09
-147424 708077 2.18622e+09 147424 -708077 -1.37833e+09
-147398 708077 2.18554e+09 147398 -708077 -1.37764e+09
-147372 708077 2.18487e+09 147372 -708077 -1.37695e+09
-147346 708077 2.18419e+09 147346 -708077 -1.37627e+09
-147320 708077 2.18351e+09 147320 -708077 -1.37558e+09
-147293 708077 2.18283e+09 147293 -708077 -1.37489e+09
-147267 708077 2.18215e+09 147267 -708077 -1.3742e+09
-147241 708077 2.18147e+09 147241 -708077 -1.37352e+09
-147215 708077 2.1808e+09 147215 -708077 -1.37283e+09
-147189 708077 2.18012e+09 147189 -708077 -1.37214e+09
-147162 708077 2.17944e+09 147162 -708077 -1.37146e+09
-147136 708077 2.17876e+09 147136 -708077 -1.37077e+09
-147110 708077 2.17808e+09 147110 -708077 -1.37008e+09
-147084 708077 2.1774e+09 147084 -708077 -1.3694e+09
-147058 708077 2.17673e+09 147058 -708077 -1.36871e+09
-147031 708077 2.17605e+09 147031 -708077 -1.36802e+09
-147005 708077 2.17537e+09 147005 -708077 -1.36733e+09
-146979 708077 2.17469e+09 146979 -708077 -1.36665e+09
-146953 708077 2.17401e+09 146953 -708077 -1.36596e+09
-146927 708077 2.17333e+09 146927 -708077 -1.36527e+09
-146900 708077 2.17265e+09 146900 -708077 -1.36459e+09
-146874 708077 2.17198e+09 146874 -708077 -1.3639e+09
-146848 708077 2.1713e+09 146848 -708077 -1.36321e+09
-146822 708077 2.17062e+09 146822 -708077 -1.36252e+09
-146796 708077 2.16994e+09 146796 -708077 -1.36184e+09
-146769 708077 2.16926e+09 146769 -708077 -1.36115e+09
-146743 708077 2.16858e+09 146743 -708077 -1.36046e+09
-146717 708077 2.16791e+09 146717 -708077 -1.35978e+09
-146691 708077 2.16723e+09 146691 -708077 -1.35909e+09
-146665 708077 2.16655e+09 146665 -708077 -1.3584e+09
-146638 708077 2.16587e+09 146638 -708077 -1.35771e+09
-146612 708077 2.16519e+09 146612 -708077 -1.35703e+09
-146586 708077 2.16451e+09 146586 -708077 -1.35634e+09
-146560 708077 2.16384e+09 146560 -708077 -1.35565e+09
-146534 708077 2.16316e+09 146534 -708077 -1.35497e+09
-146507 708077 2.16248e+09 146507 -708077 -1.35428e+09
-146481 708077 2.1618e+09 146481 -708077 -1.35359e+09
-146455 708077 2.16112e+09 146455 -708077 -1.3529e+09
-146429 708077 2.16044e+09 146429 -708077 -1.35222e+09
-146403 708077 2.15977e+09 146403 -708077 -1.35153e+09
-146376 708077 2.15909e+09 146376 -708077 -1.35084e+09
-146350 708077 2.15841e+09 146350 -708077 -1.35016e+09
-146324 708077 2.15773e+09 146324 -708077 -1.34947e+09
-146298 708077 2.15705e+09 146298 -708077 -1.34878e+09
-146272 708077 2.15637e+09 146272 -708077 -1.3481e+09
-146245 708077 2.1557e+09 146245 -708077 -1.34741e+09
-146219 708077 2.15502e+09 146219 -708077 -1.34672e+09
-146193 708077 2.15434e+09 146193 -708077 -1.34603e+09
-146167 708077 2.15366e+09 146167 -708077 -1.34535e+09
-146141 708077 2.15298e+09 146141 -708077 -1.34466e+09
-146114 708077 2.1523e+09 146114 -708077 -1.34397e+09
-146088 708077 2.15163e+09 146088 -708077 -1.34329e+09
-146062 708077 2.15095e+09 146062 -708077 -1.3426e+09
-146036 708077 2.15027e+09 146036 -708077 -1.34191e+09
-146010 708077 2.14959e+09 146010 -708077 -1.34122e+09
-145983 708077 2.14891e+09 145983 -708077 -1.34054e+09
-145957 708077 2.14823e+09 145957 -708077 -1.33985e+09
-145931 708077 2.14756e+09 145931 -708077 -1.33916e+09
-145905 708077 2.14688e+09 145905 -708077 -1.33848e+09
-145879 708077 2.1462e+09 145879 -708077 -1.33779e+09
-145852 708077 2.14552e+09 145852 -708077 -1.3371e+09
-145826 708077 2.14484e+09 145826 -708077 -1.33641e+09
-145800 708077 2.14416e+09 145800 -708077 -1.33573e+09
-145774 708077 2.14349e+09 145774 -708077 -1.33504e+09
-145748 708077 2.14281e+09 145748 -708077 -1.33435e+09
-145721 708077 2.14213e+09 145721 -708077 -1.33367e+09
-145695 708077 2.14145e+09 145695 -708077 -1.33298e+09
-145669 708077 2.14077e+09 145669 -708077 -1.33229e+09
-145643 708077 2.14009e+09 145643 -708077 -1.3316e+09
-145617 708077 2.13942e+09 145617 -708077 -1.33092e+09
-145590 708077 2.13874e+09 145590 -708077 -1.33023e+09
-145564 708077 2.13806e+09 145564 -708077 -1.32954e+09
-145538 708077 2.13738e+09 145538 -708077 -1.32886e+09
-145512 708077 2.1367e+09 145512 -708077 -1.32817e+09
-145485 708077 2.13602e+09 145485 -708077 -1.32748e+09
-145459 708077 2.13534e+09 145459 -708077 -1.3268e+09
-145433 708077 2.13467e+09 145433 -708077 -1.32611e+09
-145407 708077 2.13399e+09 145407 -708077 -1.32542e+09
-145381 708077 2.13331e+09 145381 -708077 -1.32473e+09
-145354 708077 2.13263e+09 145354 -708077 -1.32405e+09
-145328 708077 2.13195e+09 145328 -708077 -1.32336e+09
-145302 708077 2.13127e+09 145302 -708077 -1.32267e+09
-145276 708077 2.1306e+09 145276 -708077 -1.32199e+09
-145250 708077 2.12992e+09 145250 -708077 -1.3213e+09
-145223 708077 2.12924e+09 145223 -708077 -1.32061e+09
-145197 708077 2.12856e+09 145197 -708077 -1.31992e+09
-145171 708077 2.12788e+09 145171 -708077 -1.31924e+09
-145145 708077 2.1272e+09 145145 -708077 -1.31855e+09
-145119 708077 2.12653e+09 145119 -708077 -1.31786e+09
-145092 708077 2.12585e+09 145092 -708077 -1.31718e+09
-145066 708077 2.12517e+09 145066 -708077 -1.31649e+09
-145040 708077 2.12449e+09 145040 -708077 -1.3158e+09
-145014 708077 2.12381e+09 145014 -708077 -1.31512e+09
-144988 708077 2.12313e+09 144988 -708077 -1.31443e+09
-144961 708077 2.12246e+09 144961 -708077 -1.31374e+09
-144935 708077 2.12178e+09 144935 -708077 -1.31305e+09
-144909 708077 2.1211e+09 144909 -708077 -1.31237e+09
-144883 708077 2.12042e+09 144883 -708077 -1.31168e+09
-144857 708077 2.11974e+09 144857 -708077 -1.31099e+09
-144830 708077 2.11906e+09 144830 -708077 -1.31031e+09
-144804 708077 2.11839e+09 144804 -708077 -1.30962e+09
-144778 708077 2.11771e+09 144778 -708077 -1.30893e+09
-144752 708077 2.11703e+09 144752 -708077 -1.30824e+09
-144726 708077 2.11635e+09 144726 -708077 -1.30756e+09
-144699 708077 2.11567e+09 144699 -708077 -1.30687e+09
-144673 708077 2.11499e+09 144673 -708077 -1.30618e+09
-144647 708077 2.11432e+09 144647 -708077 -1.3055e+09
-144621 708077 2.11364e+09 144621 -708077 -1.30481e+09
-144595 708077 2.11296e+09 144595 -708077 -1.30412e+09
-144568 708077 2.11228e+09 144568 -708077 -1.30344e+09
-144542 708077 2.1116e+09 144542 -708077 -1.30275e+09
-144516 708077 2.11092e+09 144516 -708077 -1.30206e+09
-144490 708077 2.11025e+09 144490 -708077 -1.30137e+09
-144464 708077 2.10957e+09 144464 -708077 -1.30069e+09
-144437 708077 2.10889e+09 144437 -708077 -1.3e+09
-144411 708077 2.10821e+09 144411 -708077 -1.29931e+09
-144385 708077 2.10753e+09 144385 -708077 -1.29863e+09
-144359 708077 2.10685e+09 144359 -708077 -1.29794e+09
-144333 708077 2.10618e+09 144333 -708077 -1.29725e+09
-144306 708077 2.1055e+09 144306 -708077 -1.29656e+09
-144280 708077 2.10482e+09 144280 -708077 -1.29588e+09
-144254 708077 2.10414e+09 144254 -708077 -1.29519e+09
-144228 708077 2.10346e+09 144228 -708077 -1.2945e+09
-144202 708077 2.10278e+09 144202 -708077 -1.29382e+09
-144175 708077 2.10211e+09 144175 -708077 -1.29313e+09
-144149 708077 2.10143e+09 144149 -708077 -1.29244e+09
-144123 708077 2.10075e+09 144123 -708077 -1.29176e+09
-144097 708077 2.10007e+09 144097 -708077 -1.29107e+09
-144071 708077 2.09939e+09 144071 -708077 -1.29038e+09
-144044 708077 2.09871e+09 144044 -708077 -1.28969e+09
-144018 708077 2.09804e+09 144018 -708077 -1.28901e+09
-143992 708077 2.09736e+09 143992 -708077 -1.28832e+09
-143966 708077 2.09668e+09 143966 -708077 -1.28763e+09
-143940 708077 2.096e+09 143940 -708077 -1.28695e+09
-143913 708077 2.09532e+09 143913 -708077 -1.28626e+09
-143887 708077 2.09464e+09 143887 -708077 -1.28557e+09
-143861 708077 2.09397e+09 143861 -708077 -1.28488e+09
-143835 708077 2.09329e+09 143835 -708077 -1.2842e+09
-143809 708077 2.09261e+09 143809 -708077 -1.28351e+09
-143782 708077 2.09193e+09 143782 -708077 -1.28282e+09
-143756 708077 2.09125e+09 143756 -708077 -1.28214e+09
-143730 708077 2.09057e+09 143730 -708077 -1.28145e+09
-143704 708077 2.0899e+09 143704 -708077 -1.28076e+09
-143678 708077 2.08922e+09 143678 -708077 -1.28008e+09
-143651 708077 2.08854e+09 143651 -708077 -1.27939e+09
-143625 708077 2.08786e+09 143625 -708077 -1.2787e+09
-143599 708077 2.08718e+09 143599 -708077 -1.27801e+09
-143573 708077 2.0865e+09 143573 -708077 -1.27733e+09
-143546 708077 2.08583e+09 143546 -708077 -1.27664e+09
-143520 708077 2.08515e+09 143520 -708077 -1.27595e+09
-143494 708077 2.08447e+09 143494 -708077 -1.27527e+09
-143468 708077 2.08379e+09 143468 -708077 -1.27458e+09
-143442 708077 2.08311e+09 143442 -708077 -1.27389e+09
-143415 708077 2.08243e+09 143415 -708077 -1.2732e+09
-143389 708077 2.08176e+09 143389 -708077 -1.27252e+09
-143363 708077 2.08108e+09 143363 -708077 -1.27183e+09
-143337 708077 2.0804e+09 143337 -708077 -1.27114e+09
-143311 708077 2.07972e+09 143311 -708077 -1.27046e+09
-143284 708077 2.07904e+09 143284 -708077 -1.26977e+09
-143258 708077 2.07836e+09 143258 -708077 -1.26908e+09
-143232 708077 2.07769e+09 143232 -708077 -1.2684e+09
-143206 708077 2.07701e+09 143206 -708077 -1.26771e+09
-143180 708077 2.07633e+09 143180 -708077 -1.26702e+09
-143153 708077 2.07565e+09 143153 -708077 -1.26633e+09
-143127 708077 2.07497e+09 143127 -708077 -1.26565e+09
-143101 708077 2.07429e+09 143101 -708077 -1.26496e+09
-143075 708077 2.07362e+09 143075 -708077 -1.26427e+09
-143049 708077 2.07294e+09 143049 -708077 -1.26359e+09
-143022 708077 2.07226e+09 143022 -708077 -1.2629e+09
-142996 708077 2.07158e+09 142996 -708077 -1.26221e+09
-142970 708077 2.0709e+09 142970 -708077 -1.26153e+09
-142944 708077 2.07022e+09 142944 -708077 -1.26084e+09
-142918 708077 2.06955e+09 142918 -708077 -1.26015e+09
-142891 708077 2.06887e+09 142891 -708077 -1.25946e+09
-142865 708077 2.06819e+09 142865 -708077 -1.25878e+09
-142839 708077 2.06751e+09 142839 -708077 -1.25809e+09
-142813 708077 2.06683e+09 142813 -708077 -1.2574e+09
-142787 708077 2.06615e+09 142787 -708077 -1.25672e+09
-142760 708077 2.06548e+09 142760 -708077 -1.25603e+09
-142734 708077 2.0648e+09 142734 -708077 -1.25534e+09
-142708 708077 2.06412e+09 142708 -708077 -1.25465e+09
-142682 708077 2.06344e+09 142682 -708077 -1.25397e+09
-142656 708077 2.06276e+09 142656 -708077 -1.25328e+09
-142629 708077 2.06208e+09 142629 -708077 -1.25259e+09
-142603 708077 2.06141e+09 142603 -708077 -1.25191e+09
-142577 708077 2.06073e+09 142577 -708077 -1.25122e+09
-142551 708077 2.06005e+09 142551 -708077 -1.25053e+09
-142525 708077 2.05937e+09 142525 -708077 -1.24985e+09
-142498 708077 2.05869e+09 142498 -708077 -1.24916e+09
-142472 708077 2.05801e+09 142472 -708077 -1.24847e+09
-142446 708077 2.05734e+09 142446 -708077 -1.24778e+09
-142420 708077 2.05666e+09 142420 -708077 -1.2471e+09
-142394 708077 2.05598e+09 142394 -708077 -1.24641e+09
-142367 708077 2.0553e+09 142367 -708077 -1.24572e+09
-142341 708077 2.05462e+09 142341 -708077 -1.24504e+09
-142315 708077 2.05395e+09 142315 -708077 -1.24435e+09
-142289 708077 2.05327e+09 142289 -708077 -1.24366e+09
-142262 708077 2.05259e+09 142262 -708077 -1.24298e+09
-142236 708077 2.05191e+09 142236 -708077 -1.24229e+09
-142210 708077 2.05123e+09 142210 -708077 -1.2416e+09
-142184 708077 2.05055e+09 142184 -708077 -1.24091e+09
-142158 708077 2.04988e+09 142158 -708077 -1.24023e+09
-142131 708077 2.0492e+09 142131 -708077 -1.23954e+09
-142105 708077 2.04852e+09 142105 -708077 -1.23885e+09
-142079 708077 2.04784e+09 142079 -708077 -1.23817e+09
-142053 708077 2.04716e+09 142053 -708077 -1.23748e+09
-142027 708077 2.04648e+09 142027 -708077 -1.23679e+09
-142000 708077 2.04581e+09 142000 -708077 -1.23611e+09
-141974 708077 2.04513e+09 141974 -708077 -1.23542e+09
-141948 708077 2.04445e+09 141948 -708077 -1.23473e+09
-141922 708077 2.04377e+09 141922 -708077 -1.23404e+09
-141896 708077 2.04309e+09 141896 -708077 -1.23336e+09
-141869 708077 2.04241e+09 141869 -708077 -1.23267e+09
-141843 708077 2.04174e+09 141843 -708077 -1.23198e+09
-141817 708077 2.04106e+09 141817 -708077 -1.2313e+09
-141791 708077 2.04038e+09 141791 -708077 -1.23061e+09
-141765 708077 2.0397e+09 141765 -708077 -1.22992e+09
-141738 708077 2.03902e+09 141738 -708077 -1.22924e+09
-141712 708077 2.03834e+09 141712 -708077 -1.22855e+09
-141686 708077 2.03767e+09 141686 -708077 -1.22786e+09
-141660 708077 2.03699e+09 141660 -708077 -1.22717e+09
-141634 708077 2.03631e+09 141634 -708077 -1.22649e+09
-141607 708077 2.03563e+09 141607 -708077 -1.2258e+09
-141581 708077 2.03495e+09 141581 -708077 -1.22511e+09
-141555 708077 2.03427e+09 141555 -708077 -1.22443e+09
-141529 708077 2.0336e+09 141529 -708077 -1.22374e+09
-141503 708077 2.03292e+09 141503 -708077 -1.22305e+09
-141476 708077 2.03224e+09 141476 -708077 -1.22237e+09
-141450 708077 2.03156e+09 141450 -708077 -1.22168e+09
-141424 708077 2.03088e+09 141424 -708077 -1.22099e+09
-141398 708077 2.0302e+09 141398 -708077 -1.2203e+09
-141372 708077 2.02953e+09 141372 -708077 -1.21962e+09
-141345 708077 2.02885e+09 141345 -708077 -1.21893e+09
-141319 708077 2.02817e+09 141319 -708077 -1.21824e+09
-141293 708077 2.02749e+09 141293 -708077 -1.21756e+09
-141267 708077 2.02681e+09 141267 -708077 -1.21687e+09
-141240 708077 2.02613e+09 141240 -708077 -1.21618e+09
-141214 708077 2.02546e+09 141214 -708077 -1.2155e+09
-141188 708077 2.02478e+09 141188 -708077 -1.21481e+09
-141162 708077 2.0241e+09 141162 -708077 -1.21412e+09
-141136 708077 2.02342e+09 141136 -708077 -1.21343e+09
-141109 708077 2.02274e+09 141109 -708077 -1.21275e+09
-141083 708077 2.02206e+09 141083 -708077 -1.21206e+09
-141057 708077 2.02139e+09 141057 -708077 -1.21137e+09
-141031 708077 2.02071e+09 141031 -708077 -1.21069e+09
-141005 708077 2.02003e+09 141005 -708077 -1.21e+09
-140978 708077 2.01935e+09 140978 -708077 -1.20931e+09
-140952 708077 2.01867e+09 140952 -708077 -1.20863e+09
-140926 708077 2.018e+09 140926 -708077 -1.20794e+09
-140900 708077 2.01732e+09 140900 -708077 -1.20725e+09
-140874 708077 2.01664e+09 140874 -708077 -1.20656e+09
-140847 708077 2.01596e+09 140847 -708077 -1.20588e+09
-140821 708077 2.01528e+09 140821 -708077 -1.20519e+09
-140795 708077 2.0146e+09 140795 -708077 -1.2045e+09
-140769 708077 2.01393e+09 140769 -708077 -1.20382e+09
-140743 708077 2.01325e+09 140743 -708077 -1.20313e+09
-140716 708077 2.01257e+09 140716 -708077 -1.20244e+09
-140690 708077 2.01189e+09 140690 -708077 -1.20176e+09
-140664 708077 2.01121e+09 140664 -708077 -1.20107e+09
-140638 708077 2.01053e+09 140638 -708077 -1.20038e+09
-140612 708077 2.00986e+09 140612 -708077 -1.19969e+09
-140585 708077 2.00918e+09 140585 -708077 -1.19901e+09
-140559 708077 2.0085e+09 140559 -708077 -1.19832e+09
-140533 708077 2.00782e+09 140533 -708077 -1.19763e+09
-140507 708077 2.00714e+09 140507 -708077 -1.19695e+09
-140481 708077 2.00646e+09 140481 -708077 -1.19626e+09
-140454 708077 2.00579e+09 140454 -708077 -1.19557e+09
-140428 708077 2.00511e+09 140428 -708077 -1.19489e+09
-140402 708077 2.00443e+09 140402 -708077 -1.1942e+09
-140376 708077 2.00375e+09 140376 -708077 -1.19351e+09
-140350 708077 2.00307e+09 140350 -708077 -1.19282e+09
-140323 708077 2.00239e+09 140323 -708077 -1.19214e+09
-140297 708077 2.00172e+09 140297 -708077 -1.19145e+09
-140271 708077 2.00104e+09 140271 -708077 -1.19076e+09
-140245 708077 2.00036e+09 140245 -708077 -1.19008e+09
-140218 708077 1.99968e+09 140218 -708077 -1.18939e+09
-140192 708077 1.999e+09 140192 -708077 -1.1887e+09
-140166 708077 1.99832e+09 140166 -708077 -1.18802e+09
-140140 708077 1.99765e+09 140140 -708077 -1.18733e+09
-140114 708077 1.99697e+09 140114 -708077 -1.18664e+09
-140087 708077 1.99629e+09 140087 -708077 -1.18595e+09
-140061 708077 1.99561e+09 140061 -708077 -1.18527e+09
-140035 708077 1.99493e+09 140035 -708077 -1.18458e+09
-140009 708077 1.99426e+09 140009 -708077 -1.18389e+09
-139983 708077 1.99358e+09 139983 -708077 -1.18321e+09
-139956 708077 1.9929e+09 139956 -708077 -1.18252e+09
-139930 708077 1.99222e+09 139930 -708077 -1.18183e+09
-139904 708077 1.99154e+09 139904 -708077 -1.18115e+09
-139878 708077 1.99086e+09 139878 -708077 -1.18046e+09
-139852 708077 1.99019e+09 139852 -708077 -1.17977e+09
-139825 708077 1.98951e+09 139825 -708077 -1.17909e+09
-139799 708077 1.98883e+09 139799 -708077 -1.1784e+09
-139773 708077 1.98815e+09 139773 -708077 -1.17771e+09
-139747 708077 1.98747e+09 139747 -708077 -1.17702e+09
-139721 708077 1.98679e+09 139721 -708077 -1.17634e+09
-139694 708077 1.98612e+09 139694 -708077 -1.17565e+09
-139668 708077 1.98544e+09 139668 -708077 -1.17496e+09
-139642 708077 1.98476e+09 139642 -708077 -1.17428e+09
-139616 708077 1.98408e+09 139616 -708077 -1.17359e+09
-139590 708077 1.9834e+09 139590 -708077 -1.1729e+09
-139563 708077 1.98272e+09 139563 -708077 -1.17222e+09
-139537 708077 1.98205e+09 139537 -708077 -1.17153e+09
-139511 708077 1.98137e+09 139511 -708077 -1.17084e+09
-139485 708077 1.98069e+09 139485 -708077 -1.17015e+09
-139458 708077 1.98001e+09 139458 -708077 -1.16947e+09
-139432 708077 1.97933e+09 139432 -708077 -1.16878e+09
-139406 708077 1.97865e+09 139406 -708077 -1.16809e+09
-139380 708077 1.97798e+09 139380 -708077 -1.16741e+09
-139354 708077 1.9773e+09 139354 -708077 -1.16672e+09
-139327 708077 1.97662e+09 139327 -708077 -1.16603e+09
-139301 708077 1.97594e+09 139301 -708077 -1.16535e+09
-139275 708077 1.97526e+09 139275 -708077 -1.16466e+09
-139249 708077 1.97459e+09 139249 -708077 -1.16397e+09
-139223 708077 1.97391e+09 139223 -708077 -1.16328e+09
-139196 708077 1.97323e+09 139196 -708077 -1.1626e+09
-139170 708077 1.97255e+09 139170 -708077 -1.16191e+09
-139144 708077 1.97187e+09 139144 -708077 -1.16122e+09
-139118 708077 1.97119e+09 139118 -708077 -1.16054e+09
-139092 708077 1.97052e+09 139092 -708077 -1.15985e+09
-139065 708077 1.96984e+09 139065 -708077 -1.15916e+09
-139039 708077 1.96916e+09 139039 -708077 -1.15848e+09
-139013 708077 1.96848e+09 139013 -708077 -1.15779e+09
-138987 708077 1.9678e+09 138987 -708077 -1.1571e+09
-138961 708077 1.96712e+09 138961 -708077 -1.15642e+09
-138934 708077 1.96645e+09 138934 -708077 -1.15573e+09
-138908 708077 1.96577e+09 138908 -708077 -1.15504e+09
-138882 708077 1.96509e+09 138882 -708077 -1.15435e+09
-138856 708077 1.96441e+09 138856 -708077 -1.15367e+09
-138830 708077 1.96373e+09 138830 -708077 -1.15298e+09
-138803 708077 1.96305e+09 138803 -708077 -1.15229e+09
-138777 708077 1.96238e+09 138777 -708077 -1.15161e+09
-138751 708077 1.9617e+09 138751 -708077 -1.15092e+09
-138725 708077 1.96102e+09 138725 -708077 -1.15023e+09
-138698 708077 1.96034e+09 138698 -708077 -1.14955e+09
-138672 708077 1.95966e+09 138672 -708077 -1.14886e+09
-138646 708077 1.95898e+09 138646 -708077 -1.14817e+09
-138620 708077 1.95831e+09 138620 -708077 -1.14748e+09
-138594 708077 1.95763e+09 138594 -708077 -1.1468e+09
-138567 708077 1.95695e+09 138567 -708077 -1.14611e+09
-138541 708077 1.95627e+09 138541 -708077 -1.14542e+09
-138515 708077 1.95559e+09 138515 -708077 -1.14474e+09
-138489 708077 1.95492e+09 138489 -708077 -1.14405e+09
-138463 708077 1.95424e+09 138463 -708077 -1.14336e+09
-138436 708077 1.95356e+09 138436 -708077 -1.14268e+09
-138410 708077 1.95288e+09 138410 -708077 -1.14199e+09
-138384 708077 1.9522e+09 138384 -708077 -1.1413e+09
-138358 708077 1.95152e+09 138358 -708077 -1.14062e+09
-138332 708077 1.95085e+09 138332 -708077 -1.13993e+09
-138305 708077 1.95017e+09 138305 -708077 -1.13924e+09
-138279 708077 1.94949e+09 138279 -708077 -1.13855e+09
-138253 708077 1.94881e+09 138253 -708077 -1.13787e+09
-138227 708077 1.94813e+09 138227 -708077 -1.13718e+09
-138201 708077 1.94745e+09 138201 -708077 -1.13649e+09
-138174 708077 1.94678e+09 138174 -708077 -1.13581e+09
-138148 708077 1.9461e+09 138148 -708077 -1.13512e+09
-138122 708077 1.94542e+09 138122 -708077 -1.13443e+09
-138096 708077 1.94474e+09 138096 -708077 -1.13375e+09
-138070 708077 1.94406e+09 138070 -708077 -1.13306e+09
-138043 708077 1.94339e+09 138043 -708077 -1.13237e+09
-138017 708077 1.94271e+09 138017 -708077 -1.13169e+09
-137991 708077 1.94203e+09 137991 -708077 -1.131e+09
-137965 708077 1.94135e+09 137965 -708077 -1.13031e+09
-137938 708077 1.94067e+09 137938 -708077 -1.12962e+09
-137912 708077 1.93999e+09 137912 -708077 -1.12894e+09
-137886 708077 1.93932e+09 137886 -708077 -1.12825e+09
-137860 708077 1.93864e+09 137860 -708077 -1.12756e+09
-137834 708077 1.93796e+09 137834 -708077 -1.12688e+09
-137807 708077 1.93728e+09 137807 -708077 -1.12619e+09
-137781 708077 1.9366e+09 137781 -708077 -1.1255e+09
-137755 708077 1.93592e+09 137755 -708077 -1.12482e+09
-137729 708077 1.93525e+09 137729 -708077 -1.12413e+09
-137703 708077 1.93457e+09 137703 -708077 -1.12344e+09
-137676 708077 1.93389e+09 137676 -708077 -1.12275e+09
-137650 708077 1.93321e+09 137650 -708077 -1.12207e+09
-137624 708077 1.93253e+09 137624 -708077 -1.12138e+09
-137598 708077 1.93185e+09 137598 -708077 -1.12069e+09
-137572 708077 1.93118e+09 137572 -708077 -1.12001e+09
-137545 708077 1.9305e+09 137545 -708077 -1.11932e+09
-137519 708077 1.92982e+09 137519 -708077 -1.11863e+09
-137493 708077 1.92914e+09 137493 -708077 -1.11795e+09
-137467 708077 1.92846e+09 137467 -708077 -1.11726e+09
-137441 708077 1.92779e+09 137441 -708077 -1.11657e+09
-137414 708077 1.92711e+09 137414 -708077 -1.11589e+09
-137388 708077 1.92643e+09 137388 -708077 -1.1152e+09
-137362 708077 1.92575e+09 137362 -708077 -1.11451e+09
-137336 708077 1.92507e+09 137336 -708077 -1.11382e+09
-137309 708077 1.92439e+09 137309 -708077 -1.11314e+09
-137283 708077 1.92372e+09 137283 -708077 -1.11245e+09
-137257 708077 1.92304e+09 137257 -708077 -1.11176e+09
-137231 708077 1.92236e+09 137231 -708077 -1.11108e+09
-137205 708077 1.92168e+09 137205 -708077 -1.11039e+09
-137178 708077 1.921e+09 137178 -708077 -1.1097e+09
-137152 708077 1.92032e+09 137152 -708077 -1.10902e+09
-137126 708077 1.91965e+09 137126 -708077 -1.10833e+09
-137100 708077 1.91897e+09 137100 -708077 -1.10764e+09
-137074 708077 1.91829e+09 137074 -708077 -1.10696e+09
-137047 708077 1.91761e+09 137047 -708077 -1.10627e+09
-137021 708077 1.91693e+09 137021 -708077 -1.10558e+09
-136995 708077 1.91626e+09 136995 -708077 -1.10489e+09
-136969 708077 1.91558e+09 136969 -708077 -1.10421e+09
-136943 708077 1.9149e+09 136943 -708077 -1.10352e+09
-136916 708077 1.91422e+09 136916 -708077 -1.10283e+09
-136890 708077 1.91354e+09 136890 -708077 -1.10215e+09
-136864 708077 1.91286e+09 136864 -708077 -1.10146e+09
-136838 708077 1.91219e+09 136838 -708077 -1.10077e+09
-136812 708077 1.91151e+09 136812 -708077 -1.10009e+09
-136785 708077 1.91083e+09 136785 -708077 -1.0994e+09
-136759 708077 1.91015e+09 136759 -708077 -1.09871e+09
-136733 708077 1.90947e+09 136733 -708077 -1.09803e+09
-136707 708077 1.90879e+09 136707 -708077 -1.09734e+09
-136680 708077 1.90812e+09 136680 -708077 -1.09665e+09
-136654 708077 1.90744e+09 136654 -708077 -1.09596e+09
-136628 708077 1.90676e+09 136628 -708077 -1.09528e+09
-136602 708077 1.90608e+09 136602 -708077 -1.09459e+09
-136576 708077 1.9054e+09 136576 -708077 -1.0939e+09
-136549 708077 1.90473e+09 136549 -708077 -1.09322e+09
-136523 708077 1.90405e+09 136523 -708077 -1.09253e+09
-136497 708077 1.90337e+09 136497 -708077 -1.09184e+09
-136471 708077 1.90269e+09 136471 -708077 -1.09116e+09
-136445 708077 1.90201e+09 136445 -708077 -1.09047e+09
-136418 708077 1.90133e+09 136418 -708077 -1.08978e+09
-136392 708077 1.90066e+09 136392 -708077 -1.0891e+09
-136366 708077 1.89998e+09 136366 -708077 -1.08841e+09
-136340 708077 1.8993e+09 136340 -708077 -1.08772e+09
-136314 708077 1.89862e+09 136314 -708077 -1.08704e+09
-136287 708077 1.89794e+09 136287 -708077 -1.08635e+09
-136261 708077 1.89726e+09 136261 -708077 -1.08566e+09
-136235 708077 1.89659e+09 136235 -708077 -1.08497e+09
-136209 708077 1.89591e+09 136209 -708077 -1.08429e+09
-136183 708077 1.89523e+09 136183 -708077 -1.0836e+09
-136156 708077 1.89455e+09 136156 -708077 -1.08291e+09
-136130 708077 1.89387e+09 136130 -708077 -1.08223e+09
-136104 708077 1.8932e+09 136104 -708077 -1.08154e+09
-136078 708077 1.89252e+09 136078 -708077 -1.08085e+09
-136051 708077 1.89184e+09 136051 -708077 -1.08017e+09
-136025 708077 1.89116e+09 136025 -708077 -1.07948e+09
-135999 708077 1.89048e+09 135999 -708077 -1.07879e+09
-135973 708077 1.8898e+09 135973 -708077 -1.07811e+09
-135947 708077 1.88913e+09 135947 -708077 -1.07742e+09
-135920 708077 1.88845e+09 135920 -708077 -1.07673e+09
-135894 708077 1.88777e+09 135894 -708077 -1.07604e+09
-135868 708077 1.88709e+09 135868 -708077 -1.07536e+09
-135842 708077 1.88641e+09 135842 -708077 -1.07467e+09
-135816 708077 1.88573e+09 135816 -708077 -1.07398e+09
-135789 708077 1.88506e+09 135789 -708077 -1.0733e+09
-135763 708077 1.88438e+09 135763 -708077 -1.07261e+09
-135737 708077 1.8837e+09 135737 -708077 -1.07192e+09
-135711 708077 1.88302e+09 135711 -708077 -1.07124e+09
-135685 708077 1.88234e+09 135685 -708077 -1.07055e+09
-135658 708077 1.88167e+09 135658 -708077 -1.06986e+09
-135632 708077 1.88099e+09 135632 -708077 -1.06918e+09
-135606 708077 1.88031e+09 135606 -708077 -1.06849e+09
-135580 708077 1.87963e+09 135580 -708077 -1.0678e+09
-135553 708077 1.87895e+09 135553 -708077 -1.06712e+09
-135527 708077 1.87827e+09 135527 -708077 -1.06643e+09
-135501 708077 1.8776e+09 135501 -708077 -1.06574e+09
-135475 708077 1.87692e+09 135475 -708077 -1.06505e+09
-135449 708077 1.87624e+09 135449 -708077 -1.06437e+09
-135422 708077 1.87556e+09 135422 -708077 -1.06368e+09
-135396 708077 1.87488e+09 135396 -708077 -1.06299e+09
-135370 708077 1.8742e+09 135370 -708077 -1.06231e+09
-135344 708077 1.87353e+09 135344 -708077 -1.06162e+09
-135318 708077 1.87285e+09 135318 -708077 -1.06093e+09
-135291 708077 1.87217e+09 135291 -708077 -1.06025e+09
-135265 708077 1.87149e+09 135265 -708077 -1.05956e+09
-135239 708077 1.87081e+09 135239 -708077 -1.05887e+09
-135213 708077 1.87014e+09 135213 -708077 -1.05819e+09
-135187 708077 1.86946e+09 135187 -708077 -1.0575e+09
-135160 708077 1.86878e+09 135160 -708077 -1.05681e+09
-135134 708077 1.8681e+09 135134 -708077 -1.05612e+09
-135108 708077 1.86742e+09 135108 -708077 -1.05544e+09
-135082 708077 1.86674e+09 135082 -708077 -1.05475e+09
-135055 708077 1.86607e+09 135055 -708077 -1.05406e+09
-135029 708077 1.86539e+09 135029 -708077 -1.05338e+09
-135003 708077 1.86471e+09 135003 -708077 -1.05269e+09
-134977 708077 1.86403e+09 134977 -708077 -1.052e+09
-134951 708077 1.86335e+09 134951 -708077 -1.05132e+09
-134924 708077 1.86268e+09 134924 -708077 -1.05063e+09
-134898 708077 1.862e+09 134898 -708077 -1.04994e+09
-134872 708077 1.86132e+09 134872 -708077 -1.04926e+09
-134846 708077 1.86064e+09 134846 -708077 -1.04857e+09
-134820 708077 1.85996e+09 134820 -708077 -1.04788e+09
-134793 708077 1.85928e+09 134793 -708077 -1.0472e+09
-134767 708077 1.85861e+09 134767 -708077 -1.04651e+09
-134741 708077 1.85793e+09 134741 -708077 -1.04582e+09
-134715 708077 1.85725e+09 134715 -708077 -1.04513e+09
-134689 708077 1.85657e+09 134689 -708077 -1.04445e+09
-134662 708077 1.85589e+09 134662 -708077 -1.04376e+09
-134636 708077 1.85521e+09 134636 -708077 -1.04307e+09
-134610 708077 1.85454e+09 134610 -708077 -1.04239e+09
-134584 708077 1.85386e+09 134584 -708077 -1.0417e+09
-134557 708077 1.85318e+09 134557 -708077 -1.04101e+09
-134531 708077 1.8525e+09 134531 -708077 -1.04033e+09
-134505 708077 1.85182e+09 134505 -708077 -1.03964e+09
-134479 708077 1.85115e+09 134479 -708077 -1.03895e+09
-134453 708077 1.85047e+09 134453 -708077 -1.03827e+09
-134426 708077 1.84979e+09 134426 -708077 -1.03758e+09
-134400 708077 1.84911e+09 134400 -708077 -1.03689e+09
-134374 708077 1.84843e+09 134374 -708077 -1.03621e+09
-134348 708077 1.84775e+09 134348 -708077 -1.03552e+09
-134322 708077 1.84708e+09 134322 -708077 -1.03483e+09
-134295 708077 1.8464e+09 134295 -708077 -1.03414e+09
-134269 708077 1.84572e+09 134269 -708077 -1.03346e+09
-134243 708077 1.84504e+09 134243 -708077 -1.03277e+09
-134217 708077 1.84436e+09 134217 -708077 -1.03208e+09
-134191 708077 1.84369e+09 134191 -708077 -1.0314e+09
-134164 708077 1.84301e+09 134164 -708077 -1.03071e+09
-134138 708077 1.84233e+09 134138 -708077 -1.03002e+09
-134112 708077 1.84165e+09 134112 -708077 -1.02934e+09
-134086 708077 1.84097e+09 134086 -708077 -1.02865e+09
-134059 708077 1.84029e+09 134059 -708077 -1.02796e+09
-134033 708077 1.83962e+09 134033 -708077 -1.02728e+09
-134007 708077 1.83894e+09 134007 -708077 -1.02659e+09
-133981 708077 1.83826e+09 133981 -708077 -1.0259e+09
-133955 708077 1.83758e+09 133955 -708077 -1.02522e+09
-133928 708077 1.8369e+09 133928 -708077 -1.02453e+09
-133902 708077 1.83623e+09 133902 -708077 -1.02384e+09
-133876 708077 1.83555e+09 133876 -708077 -1.02316e+09
-133850 708077 1.83487e+09 133850 -708077 -1.02247e+09
-133824 708077 1.83419e+09 133824 -708077 -1.02178e+09
-133797 708077 1.83351e+09 133797 -708077 -1.02109e+09
-133771 708077 1.83283e+09 133771 -708077 -1.02041e+09
-133745 708077 1.83216e+09 133745 -708077 -1.01972e+09
-133719 708077 1.83148e+09 133719 -708077 -1.01903e+09
-133693 708077 1.8308e+09 133693 -708077 -1.01835e+09
-133666 708077 1.83012e+09 133666 -708077 -1.01766e+09
-133640 708077 1.82944e+09 133640 -708077 -1.01697e+09
-133614 708077 1.82876e+09 133614 -708077 -1.01629e+09
-133588 708077 1.82809e+09 133588 -708077 -1.0156e+09
-133561 708077 1.82741e+09 133561 -708077 -1.01491e+09
-133535 708077 1.82673e+09 133535 -708077 -1.01423e+09
-133509 708077 1.82605e+09 133509 -708077 -1.01354e+09
-133483 708077 1.82537e+09 133483 -708077 -1.01285e+09
-133457 708077 1.8247e+09 133457 -708077 -1.01217e+09
-133430 708077 1.82402e+09 133430 -708077 -1.01148e+09
-133404 708077 1.82334e+09 133404 -708077 -1.01079e+09
-133378 708077 1.82266e+09 133378 -708077 -1.0101e+09
-133352 708077 1.82198e+09 133352 -708077 -1.00942e+09
-133326 708077 1.8213e+09 133326 -708077 -1.00873e+09
-133299 708077 1.82063e+09 133299 -708077 -1.00804e+09
-133273 708077 1.81995e+09 133273 -708077 -1.00736e+09
-133247 708077 1.81927e+09 133247 -708077 -1.00667e+09
-133221 708077 1.81859e+09 133221 -708077 -1.00598e+09
-133195 708077 1.81791e+09 133195 -708077 -1.0053e+09
-133168 708077 1.81724e+09 133168 -708077 -1.00461e+09
-133142 708077 1.81656e+09 133142 -708077 -1.00392e+09
-133116 708077 1.81588e+09 133116 -708077 -1.00324e+09
-133090 708077 1.8152e+09 133090 -708077 -1.00255e+09
-133063 708077 1.81452e+09 133063 -708077 -1.00186e+09
-133037 708077 1.81384e+09 133037 -708077 -1.00118e+09
-133011 708077 1.81317e+09 133011 -708077 -1.00049e+09
-132985 708077 1.81249e+09 132985 -708077 -9.99802e+08
-132959 708077 1.81181e+09 132959 -708077 -9.99115e+08
-132932 708077 1.81113e+09 132932 -708077 -9.98428e+08
-132906 708077 1.81045e+09 132906 -708077 -9.97742e+08
-132880 708077 1.80978e+09 132880 -708077 -9.97055e+08
-132854 708077 1.8091e+09 132854 -708077 -9.96368e+08
-132828 708077 1.80842e+09 132828 -708077 -9.95681e+08
-132801 708077 1.80774e+09 132801 -708077 -9.94994e+08
-132775 708077 1.80706e+09 132775 -708077 -9.94307e+08
-132749 708077 1.80638e+09 132749 -708077 -9.9362e+08
-132723 708077 1.80571e+09 132723 -708077 -9.92934e+08
-132696 708077 1.80503e+09 132696 -708077 -9.92247e+08
-132670 708077 1.80435e+09 132670 -708077 -9.9156e+08
-132644 708077 1.80367e+09 132644 -708077 -9.90873e+08
-132618 708077 1.80299e+09 132618 -708077 -9.90186e+08
-132592 708077 1.80232e+09 132592 -708077 -9.89499e+08
-132565 708077 1.80164e+09 132565 -708077 -9.88813e+08
-132539 708077 1.80096e+09 132539 -708077 -9.88126e+08
-132513 708077 1.80028e+09 132513 -708077 -9.87439e+08
-132487 708077 1.7996e+09 132487 -708077 -9.86752e+08
-132461 708077 1.79892e+09 132461 -708077 -9.86065e+08
-132434 708077 1.79825e+09 132434 -708077 -9.85378e+08
-132408 708077 1.79757e+09 132408 -708077 -9.84692e+08
-132382 708077 1.79689e+09 132382 -708077 -9.84005e+08
-132356 708077 1.79621e+09 132356 -708077 -9.83318e+08
-132330 708077 1.79553e+09 132330 -708077 -9.82631e+08
-132303 708077 1.79486e+09 132303 -708077 -9.81944e+08
-132277 708077 1.79418e+09 132277 -708077 -9.81257e+08
-132251 708077 1.7935e+09 132251 -708077 -9.80571e+08
-132225 708077 1.79282e+09 132225 -708077 -9.79884e+08
-132198 708077 1.79214e+09 132198 -708077 -9.79197e+08
-132172 708077 1.79146e+09 132172 -708077 -9.7851e+08
-132146 708077 1.79079e+09 132146 -708077 -9.77823e+08
-132120 708077 1.79011e+09 132120 -708077 -9.77136e+08
-132094 708077 1.78943e+09 132094 -708077 -9.7645e+08
-132067 708077 1.78875e+09 132067 -708077 -9.75763e+08
-132041 708077 1.78807e+09 132041 -708077 -9.75076e+08
-132015 708077 1.7874e+09 132015 -708077 -9.74389e+08
-131989 708077 1.78672e+09 131989 -708077 -9.73702e+08
-131963 708077 1.78604e+09 131963 -708077 -9.73016e+08
-131936 708077 1.78536e+09 131936 -708077 -9.72329e+08
-131910 708077 1.78468e+09 131910 -708077 -9.71642e+08
-131884 708077 1.784e+09 131884 -708077 -9.70955e+08
-131858 708077 1.78333e+09 131858 -708077 -9.70268e+08
-131831 708077 1.78265e+09 131831 -708077 -9.69581e+08
-131805 708077 1.78197e+09 131805 -708077 -9.68895e+08
-131779 708077 1.78129e+09 131779 -708077 -9.68208e+08
-131753 708077 1.78061e+09 131753 -708077 -9.67521e+08
-131727 708077 1.77994e+09 131727 -708077 -9.66834e+08
-131700 708077 1.77926e+09 131700 -708077 -9.66147e+08
-131674 708077 1.77858e+09 131674 -708077 -9.6546e+08
-131648 708077 1.7779e+09 131648 -708077 -9.64774e+08
-131622 708077 1.77722e+09 131622 -708077 -9.64087e+08
-131596 708077 1.77654e+09 131596 -708077 -9.634e+08
-131569 708077 1.77587e+09 131569 -708077 -9.62713e+08
-131543 708077 1.77519e+09 131543 -708077 -9.62026e+08
-131517 708077 1.77451e+09 131517 -708077 -9.6134e+08
-131491 708077 1.77383e+09 131491 -708077 -9.60653e+08
-131465 708077 1.77315e+09 131465 -708077 -9.59966e+08
-131438 708077 1.77248e+09 131438 -708077 -9.59279e+08
-131412 708077 1.7718e+09 131412 -708077 -9.58592e+08
-131386 708077 1.77112e+09 131386 -708077 -9.57906e+08
-131360 708077 1.77044e+09 131360 -708077 -9.57219e+08
-131333 708077 1.76976e+09 131333 -708077 -9.56532e+08
-131307 708077 1.76909e+09 131307 -708077 -9.55845e+08
-131281 708077 1.76841e+09 131281 -708077 -9.55158e+08
-131255 708077 1.76773e+09 131255 -708077 -9.54471e+08
-131229 708077 1.76705e+09 131229 -708077 -9.53785e+08
-131202 708077 1.76637e+09 131202 -708077 -9.53098e+08
-131176 708077 1.76569e+09 131176 -708077 -9.52411e+08
-131150 708077 1.76502e+09 131150 -708077 -9.51724e+08
-131124 708077 1.76434e+09 131124 -708077 -9.51037e+08
-131098 708077 1.76366e+09 131098 -708077 -9.50351e+08
-131071 708077 1.76298e+09 131071 -708077 -9.49664e+08
-131045 708077 1.7623e+09 131045 -708077 -9.48977e+08
-131019 708077 1.76163e+09 131019 -708077 -9.4829e+08
-130993 708077 1.76095e+09 130993 -708077 -9.47603e+08
-130966 708077 1.76027e+09 130966 -708077 -9.46917e+08
-130940 708077 1.75959e+09 130940 -708077 -9.4623e+08
-130914 708077 1.75891e+09 130914 -708077 -9.45543e+08
-130888 708077 1.75823e+09 130888 -708077 -9.44856e+08
-130862 708077 1.75756e+09 130862 -708077 -9.44169e+08
-130835 708077 1.75688e+09 130835 -708077 -9.43483e+08
-130809 708077 1.7562e+09 130809 -708077 -9.42796e+08
-130783 708077 1.75552e+09 130783 -708077 -9.42109e+08
-130757 708077 1.75484e+09 130757 -708077 -9.41422e+08
-130731 708077 1.75417e+09 130731 -708077 -9.40735e+08
-130704 708077 1.75349e+09 130704 -708077 -9.40049e+08
-130678 708077 1.75281e+09 130678 -708077 -9.39362e+08
-130652 708077 1.75213e+09 130652 -708077 -9.38675e+08
-130626 708077 1.75145e+09 130626 -708077 -9.37988e+08
-130599 708077 1.75077e+09 130599 -708077 -9.37301e+08
-130573 708077 1.7501e+09 130573 -708077 -9.36615e+08
-130547 708077 1.74942e+09 130547 -708077 -9.35928e+08
-130521 708077 1.74874e+09 130521 -708077 -9.35241e+08
-130495 708077 1.74806e+09 130495 -708077 -9.34554e+08
-130468 708077 1.74738e+09 130468 -708077 -9.33867e+08
-130442 708077 1.74671e+09 130442 -708077 -9.33181e+08
-130416 708077 1.74603e+09 130416 -708077 -9.32494e+08
-130390 708077 1.74535e+09 130390 -708077 -9.31807e+08
-130364 708077 1.74467e+09 130364 -708077 -9.3112e+08
-130337 708077 1.74399e+09 130337 -708077 -9.30433e+08
-130311 708077 1.74331e+09 130311 -708077 -9.29747e+08
-130285 708077 1.74264e+09 130285 -708077 -9.2906e+08
-130259 708077 1.74196e+09 130259 -708077 -9.28373e+08
-130232 708077 1.74128e+09 130232 -708077 -9.27686e+08
-130206 708077 1.7406e+09 130206 -708077 -9.26999e+08
-130180 708077 1.73992e+09 130180 -708077 -9.26313e+08
-130154 708077 1.73925e+09 130154 -708077 -9.25626e+08
-130128 708077 1.73857e+09 130128 -708077 -9.24939e+08
-130101 708077 1.73789e+09 130101 -708077 -9.24252e+08
-130075 708077 1.73721e+09 130075 -708077 -9.23565e+08
-130049 708077 1.73653e+09 130049 -708077 -9.22879e+08
-130023 708077 1.73586e+09 130023 -708077 -9.22192e+08
-129997 708077 1.73518e+09 129997 -708077 -9.21505e+08
-129970 708077 1.7345e+09 129970 -708077 -9.20818e+08
-129944 708077 1.73382e+09 129944 -708077 -9.20132e+08
-129918 708077 1.73314e+09 129918 -708077 -9.19445e+08
-129892 708077 1.73246e+09 129892 -708077 -9.18758e+08
-129865 708077 1.73179e+09 129865 -708077 -9.18071e+08
-129839 708077 1.73111e+09 129839 -708077 -9.17384e+08
-129813 708077 1.73043e+09 129813 -708077 -9.16698e+08
-129787 708077 1.72975e+09 129787 -708077 -9.16011e+08
-129761 708077 1.72907e+09 129761 -708077 -9.15324e+08
-129734 708077 1.7284e+09 129734 -708077 -9.14637e+08
-129708 708077 1.72772e+09 129708 -708077 -9.1395e+08
-129682 708077 1.72704e+09 129682 -708077 -9.13264e+08
-129656 708077 1.72636e+09 129656 -708077 -9.12577e+08
-129630 708077 1.72568e+09 129630 -708077 -9.1189e+08
-129603 708077 1.72501e+09 129603 -708077 -9.11203e+08
-129577 708077 1.72433e+09 129577 -708077 -9.10517e+08
-129551 708077 1.72365e+09 129551 -708077 -9.0983e+08
-129525 708077 1.72297e+09 129525 -708077 -9.09143e+08
-129499 708077 1.72229e+09 129499 -708077 -9.08456e+08
-129472 708077 1.72161e+09 129472 -708077 -9.07769e+08
-129446 708077 1.72094e+09 129446 -708077 -9.07083e+08
-129420 708077 1.72026e+09 129420 -708077 -9.06396e+08
-129394 708077 1.71958e+09 129394 -708077 -9.05709e+08
-129367 708077 1.7189e+09 129367 -708077 -9.05022e+08
-129341 708077 1.71822e+09 129341 -708077 -9.04336e+08
-129315 708077 1.71755e+09 129315 -708077 -9.03649e+08
-129289 708077 1.71687e+09 129289 -708077 -9.02962e+08
-129263 708077 1.71619e+09 129263 -708077 -9.02275e+08
-129236 708077 1.71551e+09 129236 -708077 -9.01588e+08
-129210 708077 1.71483e+09 129210 -708077 -9.00902e+08
-129184 708077 1.71415e+09 129184 -708077 -9.00215e+08
-129158 708077 1.71348e+09 129158 -708077 -8.99528e+08
-129131 708077 1.7128e+09 129131 -708077 -8.98841e+08
-129105 708077 1.71212e+09 129105 -708077 -8.98155e+08
-129079 708077 1.71144e+09 129079 -708077 -8.97468e+08
-129053 708077 1.71076e+09 129053 -708077 -8.96781e+08
-129027 708077 1.71009e+09 129027 -708077 -8.96094e+08
-129000 708077 1.70941e+09 129000 -708077 -8.95408e+08
-128974 708077 1.70873e+09 128974 -708077 -8.94721e+08
-128948 708077 1.70805e+09 128948 -708077 -8.94034e+08
-128922 708077 1.70737e+09 128922 -708077 -8.93347e+08
-128896 708077 1.7067e+09 128896 -708077 -8.9266e+08
-128869 708077 1.70602e+09 128869 -708077 -8.91974e+08
-128843 708077 1.70534e+09 128843 -708077 -8.91287e+08
-128817 708077 1.70466e+09 128817 -708077 -8.906e+08
-128791 708077 1.70398e+09 128791 -708077 -8.89913e+08
-128764 708077 1.7033e+09 128764 -708077 -8.89227e+08
-128738 708077 1.70263e+09 128738 -708077 -8.8854e+08
-128712 708077 1.70195e+09 128712 -708077 -8.87853e+08
-128686 708077 1.70127e+09 128686 -708077 -8.87166e+08
-128660 708077 1.70059e+09 128660 -708077 -8.8648e+08
-128633 708077 1.69991e+09 128633 -708077 -8.85793e+08
-128607 708077 1.69924e+09 128607 -708077 -8.85106e+08
-128581 708077 1.69856e+09 128581 -708077 -8.84419e+08
-128555 708077 1.69788e+09 128555 -708077 -8.83733e+08
-128529 708077 1.6972e+09 128529 -708077 -8.83046e+08
-128502 708077 1.69652e+09 128502 -708077 -8.82359e+08
-128476 708077 1.69585e+09 128476 -708077 -8.81672e+08
-128450 708077 1.69517e+09 128450 -708077 -8.80985e+08
-128424 708077 1.69449e+09 128424 -708077 -8.80299e+08
-128397 708077 1.69381e+09 128397 -708077 -8.79612e+08
-128371 708077 1.69313e+09 128371 -708077 -8.78925e+08
-128345 708077 1.69245e+09 128345 -708077 -8.78238e+08
-128319 708077 1.69178e+09 128319 -708077 -8.77552e+08
-128293 708077 1.6911e+09 128293 -708077 -8.76865e+08
-128266 708077 1.69042e+09 128266 -708077 -8.76178e+08
-128240 708077 1.68974e+09 128240 -708077 -8.75491e+08
-128214 708077 1.68906e+09 128214 -708077 -8.74805e+08
-128188 708077 1.68839e+09 128188 -708077 -8.74118e+08
-128162 708077 1.68771e+09 128162 -708077 -8.73431e+08
-128135 708077 1.68703e+09 128135 -708077 -8.72744e+08
-128109 708077 1.68635e+09 128109 -708077 -8.72058e+08
-128083 708077 1.68567e+09 128083 -708077 -8.71371e+08
-128057 708077 1.685e+09 128057 -708077 -8.70684e+08
-128030 708077 1.68432e+09 128030 -708077 -8.69997e+08
-128004 708077 1.68364e+09 128004 -708077 -8.69311e+08
-127978 708077 1.68296e+09 127978 -708077 -8.68624e+08
-127952 708077 1.68228e+09 127952 -708077 -8.67937e+08
-127926 708077 1.6816e+09 127926 -708077 -8.6725e+08
-127899 708077 1.68093e+09 127899 -708077 -8.66564e+08
-127873 708077 1.68025e+09 127873 -708077 -8.65877e+08
-127847 708077 1.67957e+09 127847 -708077 -8.6519e+08
-127821 708077 1.67889e+09 127821 -708077 -8.64503e+08
-127795 708077 1.67821e+09 127795 -708077 -8.63817e+08
-127768 708077 1.67754e+09 127768 -708077 -8.6313e+08
-127742 708077 1.67686e+09 127742 -708077 -8.62443e+08
-127716 708077 1.67618e+09 127716 -708077 -8.61756e+08
-127690 708077 1.6755e+09 127690 -708077 -8.6107e+08
-127663 708077 1.67482e+09 127663 -708077 -8.60383e+08
-127637 708077 1.67415e+09 127637 -708077 -8.59696e+08
-127611 708077 1.67347e+09 127611 -708077 -8.59009e+08
-127585 708077 1.67279e+09 127585 -708077 -8.58323e+08
-127559 708077 1.67211e+09 127559 -708077 -8.57636e+08
-127532 708077 1.67143e+09 127532 -708077 -8.56949e+08
-127506 708077 1.67075e+09 127506 -708077 -8.56262e+08
-127480 708077 1.67008e+09 127480 -708077 -8.55576e+08
-127454 708077 1.6694e+09 127454 -708077 -8.54889e+08
-127428 708077 1.66872e+09 127428 -708077 -8.54202e+08
-127401 708077 1.66804e+09 127401 -708077 -8.53516e+08
-127375 708077 1.66736e+09 127375 -708077 -8.52829e+08
-127349 708077 1.66669e+09 127349 -708077 -8.52142e+08
-127323 708077 1.66601e+09 127323 -708077 -8.51455e+08
-127296 708077 1.66533e+09 127296 -708077 -8.50769e+08
-127270 708077 1.66465e+09 127270 -708077 -8.50082e+08
-127244 708077 1.66397e+09 127244 -708077 -8.49395e+08
-127218 708077 1.6633e+09 127218 -708077 -8.48708e+08
-127192 708077 1.66262e+09 127192 -708077 -8.48022e+08
-127165 708077 1.66194e+09 127165 -708077 -8.47335e+08
-127139 708077 1.66126e+09 127139 -708077 -8.46648e+08
-127113 708077 1.66058e+09 127113 -708077 -8.45961e+08
-127087 708077 1.6599e+09 127087 -708077 -8.45275e+08
-127060 708077 1.65923e+09 127060 -708077 -8.44588e+08
-127034 708077 1.65855e+09 127034 -708077 -8.43901e+08
-127008 708077 1.65787e+09 127008 -708077 -8.43214e+08
-126982 708077 1.65719e+09 126982 -708077 -8.42528e+08
-126956 708077 1.65651e+09 126956 -708077 -8.41841e+08
-126929 708077 1.65584e+09 126929 -708077 -8.41154e+08
-126903 708077 1.65516e+09 126903 -708077 -8.40468e+08
-126877 708077 1.65448e+09 126877 -708077 -8.39781e+08
-126851 708077 1.6538e+09 126851 -708077 -8.39094e+08
-126825 708077 1.65312e+09 126825 -708077 -8.38407e+08
-126798 708077 1.65245e+09 126798 -708077 -8.37721e+08
-126772 708077 1.65177e+09 126772 -708077 -8.37034e+08
-126746 708077 1.65109e+09 126746 -708077 -8.36347e+08
-126720 708077 1.65041e+09 126720 -708077 -8.3566e+08
-126693 708077 1.64973e+09 126693 -708077 -8.34974e+08
-126667 708077 1.64906e+09 126667 -708077 -8.34287e+08
-126641 708077 1.64838e+09 126641 -708077 -8.336e+08
-126615 708077 1.6477e+09 126615 -708077 -8.32914e+08
-126589 708077 1.64702e+09 126589 -708077 -8.32227e+08
-126562 708077 1.64634e+09 126562 -708077 -8.3154e+08
-126536 708077 1.64566e+09 126536 -708077 -8.30853e+08
-126510 708077 1.64499e+09 126510 -708077 -8.30167e+08
-126484 708077 1.64431e+09 126484 -708077 -8.2948e+08
-126458 708077 1.64363e+09 126458 -708077 -8.28793e+08
-126431 708077 1.64295e+09 126431 -708077 -8.28107e+08
-126405 708077 1.64227e+09 126405 -708077 -8.2742e+08
-126379 708077 1.6416e+09 126379 -708077 -8.26733e+08
-126353 708077 1.64092e+09 126353 -708077 -8.26046e+08
-126326 708077 1.64024e+09 126326 -708077 -8.2536e+08
-126300 708077 1.63956e+09 126300 -708077 -8.24673e+08
-126274 708077 1.63888e+09 126274 -708077 -8.23986e+08
-126248 708077 1.63821e+09 126248 -708077 -8.23299e+08
-126222 708077 1.63753e+09 126222 -708077 -8.22613e+08
