-0.000404883 51976.2 0.544888 0.000404883 -51976.2 0.675679
-0.000754487 103952 0.782395 0.000754487 -103952 1.49266
-0.00104205 155929 0.650896 0.00104205 -155929 2.48868
-0.00125916 207905 0.0710511 0.00125916 -207905 3.71331
-0.00139467 259881 -1.06094 0.00139467 -259881 5.23117
-0.00143504 311857 -2.87487 0.00143504 -311857 7.12404
-0.00136129 363833 -5.55355 0.00136129 -363833 9.50782
-0.00114764 415810 -9.34411 0.00114764 -415810 12.5388
-0.000760899 467786 -14.5789 0.000760899 -467786 16.4314
-0.000149356 519762 -21.757 0.000149356 -519762 21.5023
-179.634 519762 1.62039e+06 179.634 -519762 -1.03239e+06
-359.27 519762 3.24079e+06 359.27 -519762 -2.06479e+06
-538.906 519762 4.8612e+06 538.906 -519762 -3.09719e+06
-718.543 519762 6.48161e+06 718.543 -519762 -4.12958e+06
-898.177 519762 8.10202e+06 898.177 -519762 -5.16199e+06
-1077.82 519762 9.72242e+06 1077.82 -519762 -6.19437e+06
-1257.47 519762 1.13428e+07 1257.47 -519762 -7.22674e+06
-1437.09 519762 1.29632e+07 1437.09 -519762 -8.25916e+06
-1616.73 519762 1.45836e+07 1616.73 -519762 -9.29156e+06
-1796.37 519762 1.62041e+07 1796.37 -519762 -1.03239e+07
-1976.01 519762 1.78245e+07 1976.01 -519762 -1.13563e+07
-2155.66 519762 1.94449e+07 2155.66 -519762 -1.23887e+07
-2335.3 519762 2.10653e+07 2335.3 -519762 -1.34211e+07
-2514.94 519762 2.26857e+07 2514.94 -519762 -1.44535e+07
-2694.59 519762 2.43061e+07 2694.59 -519762 -1.54858e+07
-2874.23 519762 2.59265e+07 2874.23 -519762 -1.65182e+07
-3053.88 519762 2.75469e+07 3053.88 -519762 -1.75506e+07
-3233.52 519762 2.91673e+07 3233.52 -519762 -1.85829e+07
-3413.17 519762 3.07877e+07 3413.17 -519762 -1.96153e+07
-3592.82 519762 3.24081e+07 3592.82 -519762 -2.06477e+07
-3772.46 519762 3.40285e+07 3772.46 -519762 -2.168e+07
-3952.11 519762 3.56489e+07 3952.11 -519762 -2.27124e+07
-4131.76 519762 3.72693e+07 4131.76 -519762 -2.37448e+07
-4311.4 519762 3.88897e+07 4311.4 -519762 -2.47771e+07
-4491.06 519762 4.05101e+07 4491.06 -519762 -2.58095e+07
-4670.71 519762 4.21305e+07 4670.71 -519762 -2.68418e+07
-4850.36 519762 4.3751e+07 4850.36 -519762 -2.78742e+07
-5030.01 519762 4.53714e+07 5030.01 -519762 -2.89065e+07
-5209.67 519762 4.69918e+07 5209.67 -519762 -2.99389e+07
-5389.32 519762 4.86122e+07 5389.32 -519762 -3.09712e+07
-5568.97 519762 5.02326e+07 5568.97 -519762 -3.20036e+07
-5748.63 519762 5.1853e+07 5748.63 -519762 -3.30359e+07
-5928.28 519762 5.34734e+07 5928.28 -519762 -3.40682e+07
-6107.94 519762 5.50938e+07 6107.94 -519762 -3.51006e+07
-6287.6 519762 5.67142e+07 6287.6 -519762 -3.61329e+07
-6467.25 519762 5.83346e+07 6467.25 -519762 -3.71652e+07
-6646.91 519762 5.9955e+07 6646.91 -519762 -3.81976e+07
-6826.57 519762 6.15754e+07 6826.57 -519762 -3.92299e+07
-7006.23 519762 6.31958e+07 7006.23 -519762 -4.02622e+07
-7185.89 519762 6.48162e+07 7185.89 -519762 -4.12945e+07
-7365.54 519762 6.64366e+07 7365.54 -519762 -4.23269e+07
-7545.21 519762 6.8057e+07 7545.21 -519762 -4.33592e+07
-7724.87 519762 6.96774e+07 7724.87 -519762 -4.43915e+07
-7904.54 519762 7.12978e+07 7904.54 -519762 -4.54238e+07
-8084.2 519762 7.29182e+07 8084.2 -519762 -4.64561e+07
-8263.87 519762 7.45386e+07 8263.87 -519762 -4.74884e+07
-8443.53 519762 7.6159e+07 8443.53 -519762 -4.85207e+07
-8623.19 519762 7.77794e+07 8623.19 -519762 -4.9553e+07
-8802.86 519762 7.93998e+07 8802.86 -519762 -5.05853e+07
-8982.53 519762 8.10202e+07 8982.53 -519762 -5.16176e+07
-9162.19 519762 8.26406e+07 9162.19 -519762 -5.26499e+07
-9341.86 519762 8.4261e+07 9341.86 -519762 -5.36822e+07
-9521.53 519762 8.58814e+07 9521.53 -519762 -5.47145e+07
-9701.2 519762 8.75018e+07 9701.2 -519762 -5.57468e+07
-9880.87 519762 8.91222e+07 9880.87 -519762 -5.67791e+07
-10060.5 519762 9.07426e+07 10060.5 -519762 -5.78114e+07
-10240.2 519762 9.2363e+07 10240.2 -519762 -5.88437e+07
-10419.9 519762 9.39834e+07 10419.9 -519762 -5.9876e+07
-10599.6 519762 9.56038e+07 10599.6 -519762 -6.09082e+07
-10779.2 519762 9.72242e+07 10779.2 -519762 -6.19405e+07
-10958.9 519762 9.88446e+07 10958.9 -519762 -6.29728e+07
-11138.6 519762 1.00465e+08 11138.6 -519762 -6.40051e+07
-11318.3 519762 1.02085e+08 11318.3 -519762 -6.50373e+07
-11497.9 519762 1.03706e+08 11497.9 -519762 -6.60696e+07
-11677.6 519762 1.05326e+08 11677.6 -519762 -6.71019e+07
-11857.3 519762 1.06947e+08 11857.3 -519762 -6.81341e+07
-12037 519762 1.08567e+08 12037 -519762 -6.91664e+07
-12216.6 519762 1.10187e+08 12216.6 -519762 -7.01987e+07
-12396.3 519762 1.11808e+08 12396.3 -519762 -7.12309e+07
-12576 519762 1.13428e+08 12576 -519762 -7.22632e+07
-12755.7 519762 1.15049e+08 12755.7 -519762 -7.32954e+07
-12935.4 519762 1.16669e+08 12935.4 -519762 -7.43277e+07
-13115 519762 1.18289e+08 13115 -519762 -7.53599e+07
-13294.7 519762 1.1991e+08 13294.7 -519762 -7.63922e+07
-13474.4 519762 1.2153e+08 13474.4 -519762 -7.74244e+07
-13654.1 519762 1.23151e+08 13654.1 -519762 -7.84567e+07
-13833.8 519762 1.24771e+08 13833.8 -519762 -7.94889e+07
-14013.5 519762 1.26391e+08 14013.5 -519762 -8.05212e+07
-14193.1 519762 1.28012e+08 14193.1 -519762 -8.15534e+07
-14372.8 519762 1.29632e+08 14372.8 -519762 -8.25856e+07
-14552.5 519762 1.31253e+08 14552.5 -519762 -8.36179e+07
-14732.2 519762 1.32873e+08 14732.2 -519762 -8.46501e+07
-14911.9 519762 1.34493e+08 14911.9 -519762 -8.56823e+07
-15091.6 519762 1.36114e+08 15091.6 -519762 -8.67146e+07
-15271.3 519762 1.37734e+08 15271.3 -519762 -8.77468e+07
-15451 519762 1.39355e+08 15451 -519762 -8.8779e+07
-15630.7 519762 1.40975e+08 15630.7 -519762 -8.98112e+07
-15810.3 519762 1.42595e+08 15810.3 -519762 -9.08435e+07
-15990.1 519762 1.44216e+08 15990.1 -519762 -9.18756e+07
-16169.7 519762 1.45836e+08 16169.7 -519762 -9.29079e+07
-16349.4 519762 1.47457e+08 16349.4 -519762 -9.39401e+07
-16529.1 519762 1.49077e+08 16529.1 -519762 -9.49723e+07
-16708.8 519762 1.50697e+08 16708.8 -519762 -9.60045e+07
-16888.5 519762 1.52318e+08 16888.5 -519762 -9.70367e+07
-17068.2 519762 1.53938e+08 17068.2 -519762 -9.80689e+07
-17247.9 519762 1.55559e+08 17247.9 -519762 -9.91011e+07
-17427.6 519762 1.57179e+08 17427.6 -519762 -1.00133e+08
-17607.3 519762 1.58799e+08 17607.3 -519762 -1.01166e+08
-17787 519762 1.6042e+08 17787 -519762 -1.02198e+08
-17966.7 519762 1.6204e+08 17966.7 -519762 -1.0323e+08
-18146.4 519762 1.63661e+08 18146.4 -519762 -1.04262e+08
-18326.1 519762 1.65281e+08 18326.1 -519762 -1.05294e+08
-18505.8 519762 1.66901e+08 18505.8 -519762 -1.06327e+08
-18685.5 519762 1.68522e+08 18685.5 -519762 -1.07359e+08
-18865.2 519762 1.70142e+08 18865.2 -519762 -1.08391e+08
-19044.9 519762 1.71763e+08 19044.9 -519762 -1.09423e+08
-19224.6 519762 1.73383e+08 19224.6 -519762 -1.10455e+08
-19404.3 519762 1.75003e+08 19404.3 -519762 -1.11487e+08
-19584 519762 1.76624e+08 19584 -519762 -1.1252e+08
-19763.7 519762 1.78244e+08 19763.7 -519762 -1.13552e+08
-19943.4 519762 1.79865e+08 19943.4 -519762 -1.14584e+08
-20123.1 519762 1.81485e+08 20123.1 -519762 -1.15616e+08
-20302.9 519762 1.83105e+08 20302.9 -519762 -1.16648e+08
-20482.6 519762 1.84726e+08 20482.6 -519762 -1.1768e+08
-20662.3 519762 1.86346e+08 20662.3 -519762 -1.18713e+08
-20842 519762 1.87966e+08 20842 -519762 -1.19745e+08
-21021.7 519762 1.89587e+08 21021.7 -519762 -1.20777e+08
-21201.4 519762 1.91207e+08 21201.4 -519762 -1.21809e+08
-21381.1 519762 1.92828e+08 21381.1 -519762 -1.22841e+08
-21560.8 519762 1.94448e+08 21560.8 -519762 -1.23873e+08
-21740.5 519762 1.96068e+08 21740.5 -519762 -1.24905e+08
-21920.3 519762 1.97689e+08 21920.3 -519762 -1.25938e+08
-22100 519762 1.99309e+08 22100 -519762 -1.2697e+08
-22279.7 519762 2.0093e+08 22279.7 -519762 -1.28002e+08
-22459.4 519762 2.0255e+08 22459.4 -519762 -1.29034e+08
-22639.1 519762 2.0417e+08 22639.1 -519762 -1.30066e+08
-22818.8 519762 2.05791e+08 22818.8 -519762 -1.31098e+08
-22998.6 519762 2.07411e+08 22998.6 -519762 -1.3213e+08
-23178.3 519762 2.09032e+08 23178.3 -519762 -1.33163e+08
-23358 519762 2.10652e+08 23358 -519762 -1.34195e+08
-23537.7 519762 2.12272e+08 23537.7 -519762 -1.35227e+08
-23717.4 519762 2.13893e+08 23717.4 -519762 -1.36259e+08
-23897.2 519762 2.15513e+08 23897.2 -519762 -1.37291e+08
-24076.9 519762 2.17134e+08 24076.9 -519762 -1.38323e+08
-24256.6 519762 2.18754e+08 24256.6 -519762 -1.39355e+08
-24436.3 519762 2.20374e+08 24436.3 -519762 -1.40387e+08
-24616 519762 2.21995e+08 24616 -519762 -1.4142e+08
-24795.8 519762 2.23615e+08 24795.8 -519762 -1.42452e+08
-24975.5 519762 2.25236e+08 24975.5 -519762 -1.43484e+08
-25155.2 519762 2.26856e+08 25155.2 -519762 -1.44516e+08
-25334.9 519762 2.28476e+08 25334.9 -519762 -1.45548e+08
-25514.7 519762 2.30097e+08 25514.7 -519762 -1.4658e+08
-25694.4 519762 2.31717e+08 25694.4 -519762 -1.47612e+08
-25874.1 519762 2.33337e+08 25874.1 -519762 -1.48644e+08
-26053.9 519762 2.34958e+08 26053.9 -519762 -1.49676e+08
-26233.6 519762 2.36578e+08 26233.6 -519762 -1.50708e+08
-26413.3 519762 2.38199e+08 26413.3 -519762 -1.51741e+08
-26593.1 519762 2.39819e+08 26593.1 -519762 -1.52773e+08
-26772.8 519762 2.41439e+08 26772.8 -519762 -1.53805e+08
-26952.5 519762 2.4306e+08 26952.5 -519762 -1.54837e+08
-27132.3 519762 2.4468e+08 27132.3 -519762 -1.55869e+08
-27312 519762 2.46301e+08 27312 -519762 -1.56901e+08
-27491.7 519762 2.47921e+08 27491.7 -519762 -1.57933e+08
-27671.5 519762 2.49541e+08 27671.5 -519762 -1.58965e+08
-27851.2 519762 2.51162e+08 27851.2 -519762 -1.59997e+08
-28030.9 519762 2.52782e+08 28030.9 -519762 -1.61029e+08
-28210.7 519762 2.54403e+08 28210.7 -519762 -1.62061e+08
-28390.4 519762 2.56023e+08 28390.4 -519762 -1.63093e+08
-28570.1 519762 2.57643e+08 28570.1 -519762 -1.64126e+08
-28749.9 519762 2.59264e+08 28749.9 -519762 -1.65158e+08
-28929.6 519762 2.60884e+08 28929.6 -519762 -1.6619e+08
-29109.4 519762 2.62504e+08 29109.4 -519762 -1.67222e+08
-29289.1 519762 2.64125e+08 29289.1 -519762 -1.68254e+08
-29468.8 519762 2.65745e+08 29468.8 -519762 -1.69286e+08
-29648.6 519762 2.67366e+08 29648.6 -519762 -1.70318e+08
-29828.3 519762 2.68986e+08 29828.3 -519762 -1.7135e+08
-30008.1 519762 2.70606e+08 30008.1 -519762 -1.72382e+08
-30187.8 519762 2.72227e+08 30187.8 -519762 -1.73414e+08
-30367.6 519762 2.73847e+08 30367.6 -519762 -1.74446e+08
-30547.3 519762 2.75468e+08 30547.3 -519762 -1.75478e+08
-30727.1 519762 2.77088e+08 30727.1 -519762 -1.7651e+08
-30906.8 519762 2.78708e+08 30906.8 -519762 -1.77542e+08
-31086.5 519762 2.80329e+08 31086.5 -519762 -1.78574e+08
-31266.3 519762 2.81949e+08 31266.3 -519762 -1.79606e+08
-31446.1 519762 2.8357e+08 31446.1 -519762 -1.80638e+08
-31625.8 519762 2.8519e+08 31625.8 -519762 -1.8167e+08
-31805.5 519762 2.8681e+08 31805.5 -519762 -1.82702e+08
-31985.3 519762 2.88431e+08 31985.3 -519762 -1.83734e+08
-32165 519762 2.90051e+08 32165 -519762 -1.84766e+08
-32344.8 519762 2.91671e+08 32344.8 -519762 -1.85798e+08
-32524.6 519762 2.93292e+08 32524.6 -519762 -1.8683e+08
-32704.3 519762 2.94912e+08 32704.3 -519762 -1.87862e+08
-32884.1 519762 2.96533e+08 32884.1 -519762 -1.88895e+08
-33063.8 519762 2.98153e+08 33063.8 -519762 -1.89927e+08
-33243.6 519762 2.99773e+08 33243.6 -519762 -1.90959e+08
-33423.3 519762 3.01394e+08 33423.3 -519762 -1.91991e+08
-33603.1 519762 3.03014e+08 33603.1 -519762 -1.93023e+08
-33782.8 519762 3.04635e+08 33782.8 -519762 -1.94055e+08
-33962.6 519762 3.06255e+08 33962.6 -519762 -1.95087e+08
-34142.4 519762 3.07875e+08 34142.4 -519762 -1.96119e+08
-34322.1 519762 3.09496e+08 34322.1 -519762 -1.97151e+08
-34501.9 519762 3.11116e+08 34501.9 -519762 -1.98183e+08
-34681.6 519762 3.12736e+08 34681.6 -519762 -1.99215e+08
-34861.4 519762 3.14357e+08 34861.4 -519762 -2.00247e+08
-35041.2 519762 3.15977e+08 35041.2 -519762 -2.01279e+08
-35220.9 519762 3.17598e+08 35220.9 -519762 -2.02311e+08
-35400.7 519762 3.19218e+08 35400.7 -519762 -2.03343e+08
-35580.5 519762 3.20838e+08 35580.5 -519762 -2.04374e+08
-35760.2 519762 3.22459e+08 35760.2 -519762 -2.05406e+08
-35940 519762 3.24079e+08 35940 -519762 -2.06438e+08
-36119.7 519762 3.257e+08 36119.7 -519762 -2.0747e+08
-36299.5 519762 3.2732e+08 36299.5 -519762 -2.08502e+08
-36479.3 519762 3.2894e+08 36479.3 -519762 -2.09534e+08
-36659 519762 3.30561e+08 36659 -519762 -2.10566e+08
-36838.8 519762 3.32181e+08 36838.8 -519762 -2.11598e+08
-37018.6 519762 3.33801e+08 37018.6 -519762 -2.1263e+08
-37198.4 519762 3.35422e+08 37198.4 -519762 -2.13662e+08
-37378.1 519762 3.37042e+08 37378.1 -519762 -2.14694e+08
-37557.9 519762 3.38663e+08 37557.9 -519762 -2.15726e+08
-37737.7 519762 3.40283e+08 37737.7 -519762 -2.16758e+08
-37917.4 519762 3.41903e+08 37917.4 -519762 -2.1779e+08
-38097.2 519762 3.43524e+08 38097.2 -519762 -2.18822e+08
-38277 519762 3.45144e+08 38277 -519762 -2.19854e+08
-38456.8 519762 3.46764e+08 38456.8 -519762 -2.20886e+08
-38636.5 519762 3.48385e+08 38636.5 -519762 -2.21918e+08
-38816.3 519762 3.50005e+08 38816.3 -519762 -2.2295e+08
-38996.1 519762 3.51626e+08 38996.1 -519762 -2.23982e+08
-39175.9 519762 3.53246e+08 39175.9 -519762 -2.25014e+08
-39355.7 519762 3.54866e+08 39355.7 -519762 -2.26046e+08
-39535.4 519762 3.56487e+08 39535.4 -519762 -2.27078e+08
-39715.2 519762 3.58107e+08 39715.2 -519762 -2.2811e+08
-39895 519762 3.59728e+08 39895 -519762 -2.29141e+08
-40074.8 519762 3.61348e+08 40074.8 -519762 -2.30173e+08
-40254.5 519762 3.62968e+08 40254.5 -519762 -2.31205e+08
-40434.3 519762 3.64589e+08 40434.3 -519762 -2.32237e+08
-40614.1 519762 3.66209e+08 40614.1 -519762 -2.33269e+08
-40793.9 519762 3.67829e+08 40793.9 -519762 -2.34301e+08
-40973.7 519762 3.6945e+08 40973.7 -519762 -2.35333e+08
-41153.5 519762 3.7107e+08 41153.5 -519762 -2.36365e+08
-41333.2 519762 3.72691e+08 41333.2 -519762 -2.37397e+08
-41513 519762 3.74311e+08 41513 -519762 -2.38429e+08
-41692.8 519762 3.75931e+08 41692.8 -519762 -2.39461e+08
-41872.6 519762 3.77552e+08 41872.6 -519762 -2.40493e+08
-42052.4 519762 3.79172e+08 42052.4 -519762 -2.41524e+08
-42232.2 519762 3.80792e+08 42232.2 -519762 -2.42556e+08
-42412 519762 3.82413e+08 42412 -519762 -2.43588e+08
-42591.8 519762 3.84033e+08 42591.8 -519762 -2.4462e+08
-42771.6 519762 3.85654e+08 42771.6 -519762 -2.45652e+08
-42951.3 519762 3.87274e+08 42951.3 -519762 -2.46684e+08
-43131.1 519762 3.88894e+08 43131.1 -519762 -2.47716e+08
-43310.9 519762 3.90515e+08 43310.9 -519762 -2.48748e+08
-43490.7 519762 3.92135e+08 43490.7 -519762 -2.4978e+08
-43670.5 519762 3.93756e+08 43670.5 -519762 -2.50812e+08
-43850.3 519762 3.95376e+08 43850.3 -519762 -2.51843e+08
-44030.1 519762 3.96996e+08 44030.1 -519762 -2.52875e+08
-44209.9 519762 3.98617e+08 44209.9 -519762 -2.53907e+08
-44389.7 519762 4.00237e+08 44389.7 -519762 -2.54939e+08
-44569.5 519762 4.01857e+08 44569.5 -519762 -2.55971e+08
-44749.3 519762 4.03478e+08 44749.3 -519762 -2.57003e+08
-44929.1 519762 4.05098e+08 44929.1 -519762 -2.58035e+08
-45108.9 519762 4.06719e+08 45108.9 -519762 -2.59067e+08
-45288.7 519762 4.08339e+08 45288.7 -519762 -2.60098e+08
-45468.5 519762 4.09959e+08 45468.5 -519762 -2.6113e+08
-45648.3 519762 4.1158e+08 45648.3 -519762 -2.62162e+08
-45828.1 519762 4.132e+08 45828.1 -519762 -2.63194e+08
-46007.9 519762 4.1482e+08 46007.9 -519762 -2.64226e+08
-46187.7 519762 4.16441e+08 46187.7 -519762 -2.65258e+08
-46367.5 519762 4.18061e+08 46367.5 -519762 -2.6629e+08
-46547.3 519762 4.19682e+08 46547.3 -519762 -2.67321e+08
-46727.1 519762 4.21302e+08 46727.1 -519762 -2.68353e+08
-46906.9 519762 4.22922e+08 46906.9 -519762 -2.69385e+08
-47086.7 519762 4.24543e+08 47086.7 -519762 -2.70417e+08
-47266.5 519762 4.26163e+08 47266.5 -519762 -2.71449e+08
-47446.3 519762 4.27783e+08 47446.3 -519762 -2.72481e+08
-47626.1 519762 4.29404e+08 47626.1 -519762 -2.73513e+08
-47806 519762 4.31024e+08 47806 -519762 -2.74544e+08
-47985.8 519762 4.32645e+08 47985.8 -519762 -2.75576e+08
-48165.6 519762 4.34265e+08 48165.6 -519762 -2.76608e+08
-48345.4 519762 4.35885e+08 48345.4 -519762 -2.7764e+08
-48525.2 519762 4.37506e+08 48525.2 -519762 -2.78672e+08
-48705 519762 4.39126e+08 48705 -519762 -2.79704e+08
-48884.8 519762 4.40746e+08 48884.8 -519762 -2.80735e+08
-49064.6 519762 4.42367e+08 49064.6 -519762 -2.81767e+08
-49244.4 519762 4.43987e+08 49244.4 -519762 -2.82799e+08
-49424.3 519762 4.45608e+08 49424.3 -519762 -2.83831e+08
-49604.1 519762 4.47228e+08 49604.1 -519762 -2.84863e+08
-49783.9 519762 4.48848e+08 49783.9 -519762 -2.85894e+08
-49963.7 519762 4.50469e+08 49963.7 -519762 -2.86926e+08
-50143.5 519762 4.52089e+08 50143.5 -519762 -2.87958e+08
-50323.3 519762 4.53709e+08 50323.3 -519762 -2.8899e+08
-50503.2 519762 4.5533e+08 50503.2 -519762 -2.90022e+08
-50683 519762 4.5695e+08 50683 -519762 -2.91053e+08
-50862.8 519762 4.58571e+08 50862.8 -519762 -2.92085e+08
-51042.6 519762 4.60191e+08 51042.6 -519762 -2.93117e+08
-51222.4 519762 4.61811e+08 51222.4 -519762 -2.94149e+08
-51402.3 519762 4.63432e+08 51402.3 -519762 -2.95181e+08
-51582.1 519762 4.65052e+08 51582.1 -519762 -2.96212e+08
-51761.9 519762 4.66672e+08 51761.9 -519762 -2.97244e+08
-51941.7 519762 4.68293e+08 51941.7 -519762 -2.98276e+08
-52121.6 519762 4.69913e+08 52121.6 -519762 -2.99308e+08
-52301.4 519762 4.71534e+08 52301.4 -519762 -3.0034e+08
-52481.2 519762 4.73154e+08 52481.2 -519762 -3.01371e+08
-52661 519762 4.74774e+08 52661 -519762 -3.02403e+08
-52840.9 519762 4.76395e+08 52840.9 -519762 -3.03435e+08
-53020.7 519762 4.78015e+08 53020.7 -519762 -3.04467e+08
-53200.5 519762 4.79635e+08 53200.5 -519762 -3.05498e+08
-53380.4 519762 4.81256e+08 53380.4 -519762 -3.0653e+08
-53560.2 519762 4.82876e+08 53560.2 -519762 -3.07562e+08
-53740 519762 4.84497e+08 53740 -519762 -3.08594e+08
-53919.8 519762 4.86117e+08 53919.8 -519762 -3.09626e+08
-54099.7 519762 4.87737e+08 54099.7 -519762 -3.10657e+08
-54279.5 519762 4.89358e+08 54279.5 -519762 -3.11689e+08
-54459.3 519762 4.90978e+08 54459.3 -519762 -3.12721e+08
-54639.2 519762 4.92598e+08 54639.2 -519762 -3.13753e+08
-54819 519762 4.94219e+08 54819 -519762 -3.14784e+08
-54998.8 519762 4.95839e+08 54998.8 -519762 -3.15816e+08
-55178.7 519762 4.97459e+08 55178.7 -519762 -3.16848e+08
-55358.5 519762 4.9908e+08 55358.5 -519762 -3.1788e+08
-55538.4 519762 5.007e+08 55538.4 -519762 -3.18911e+08
-55718.2 519762 5.02321e+08 55718.2 -519762 -3.19943e+08
-55898 519762 5.03941e+08 55898 -519762 -3.20975e+08
-56077.9 519762 5.05561e+08 56077.9 -519762 -3.22007e+08
-56257.7 519762 5.07182e+08 56257.7 -519762 -3.23038e+08
-56437.6 519762 5.08802e+08 56437.6 -519762 -3.2407e+08
-56617.4 519762 5.10422e+08 56617.4 -519762 -3.25102e+08
-56797.2 519762 5.12043e+08 56797.2 -519762 -3.26134e+08
-56977.1 519762 5.13663e+08 56977.1 -519762 -3.27165e+08
-57156.9 519762 5.15284e+08 57156.9 -519762 -3.28197e+08
-57336.8 519762 5.16904e+08 57336.8 -519762 -3.29229e+08
-57516.6 519762 5.18524e+08 57516.6 -519762 -3.3026e+08
-57696.5 519762 5.20145e+08 57696.5 -519762 -3.31292e+08
-57876.3 519762 5.21765e+08 57876.3 -519762 -3.32324e+08
-58056.1 519762 5.23385e+08 58056.1 -519762 -3.33356e+08
-58236 519762 5.25006e+08 58236 -519762 -3.34387e+08
-58415.8 519762 5.26626e+08 58415.8 -519762 -3.35419e+08
-58595.7 519762 5.28246e+08 58595.7 -519762 -3.36451e+08
-58775.5 519762 5.29867e+08 58775.5 -519762 -3.37482e+08
-58955.4 519762 5.31487e+08 58955.4 -519762 -3.38514e+08
-59135.2 519762 5.33108e+08 59135.2 -519762 -3.39546e+08
-59315.1 519762 5.34728e+08 59315.1 -519762 -3.40578e+08
-59494.9 519762 5.36348e+08 59494.9 -519762 -3.41609e+08
-59674.8 519762 5.37969e+08 59674.8 -519762 -3.42641e+08
-59854.6 519762 5.39589e+08 59854.6 -519762 -3.43673e+08
-60034.5 519762 5.41209e+08 60034.5 -519762 -3.44704e+08
-60214.4 519762 5.4283e+08 60214.4 -519762 -3.45736e+08
-60394.2 519762 5.4445e+08 60394.2 -519762 -3.46768e+08
-60574.1 519762 5.46071e+08 60574.1 -519762 -3.47799e+08
-60753.9 519762 5.47691e+08 60753.9 -519762 -3.48831e+08
-60933.8 519762 5.49311e+08 60933.8 -519762 -3.49863e+08
-61113.6 519762 5.50932e+08 61113.6 -519762 -3.50894e+08
-61293.5 519762 5.52552e+08 61293.5 -519762 -3.51926e+08
-61473.4 519762 5.54172e+08 61473.4 -519762 -3.52958e+08
-61653.2 519762 5.55793e+08 61653.2 -519762 -3.53989e+08
-61833.1 519762 5.57413e+08 61833.1 -519762 -3.55021e+08
-62012.9 519762 5.59033e+08 62012.9 -519762 -3.56053e+08
-62192.8 519762 5.60654e+08 62192.8 -519762 -3.57084e+08
-62372.7 519762 5.62274e+08 62372.7 -519762 -3.58116e+08
-62552.5 519762 5.63895e+08 62552.5 -519762 -3.59148e+08
-62732.4 519762 5.65515e+08 62732.4 -519762 -3.60179e+08
-62912.2 519762 5.67135e+08 62912.2 -519762 -3.61211e+08
-63092.1 519762 5.68756e+08 63092.1 -519762 -3.62243e+08
-63272 519762 5.70376e+08 63272 -519762 -3.63274e+08
-63451.8 519762 5.71996e+08 63451.8 -519762 -3.64306e+08
-63631.7 519762 5.73617e+08 63631.7 -519762 -3.65338e+08
-63811.6 519762 5.75237e+08 63811.6 -519762 -3.66369e+08
-63991.4 519762 5.76857e+08 63991.4 -519762 -3.67401e+08
-64171.3 519762 5.78478e+08 64171.3 -519762 -3.68433e+08
-64351.2 519762 5.80098e+08 64351.2 -519762 -3.69464e+08
-64531.1 519762 5.81719e+08 64531.1 -519762 -3.70496e+08
-64710.9 519762 5.83339e+08 64710.9 -519762 -3.71528e+08
-64890.8 519762 5.84959e+08 64890.8 -519762 -3.72559e+08
-65070.7 519762 5.8658e+08 65070.7 -519762 -3.73591e+08
-65250.5 519762 5.882e+08 65250.5 -519762 -3.74622e+08
-65430.4 519762 5.8982e+08 65430.4 -519762 -3.75654e+08
-65610.3 519762 5.91441e+08 65610.3 -519762 -3.76686e+08
-65790.2 519762 5.93061e+08 65790.2 -519762 -3.77717e+08
-65970 519762 5.94681e+08 65970 -519762 -3.78749e+08
-66149.9 519762 5.96302e+08 66149.9 -519762 -3.79781e+08
-66329.8 519762 5.97922e+08 66329.8 -519762 -3.80812e+08
-66509.7 519762 5.99543e+08 66509.7 -519762 -3.81844e+08
-66689.5 519762 6.01163e+08 66689.5 -519762 -3.82875e+08
-66869.4 519762 6.02783e+08 66869.4 -519762 -3.83907e+08
-67049.3 519762 6.04404e+08 67049.3 -519762 -3.84939e+08
-67229.2 519762 6.06024e+08 67229.2 -519762 -3.8597e+08
-67409.1 519762 6.07644e+08 67409.1 -519762 -3.87002e+08
-67588.9 519762 6.09265e+08 67588.9 -519762 -3.88033e+08
-67768.8 519762 6.10885e+08 67768.8 -519762 -3.89065e+08
-67948.7 519762 6.12505e+08 67948.7 -519762 -3.90097e+08
-68128.6 519762 6.14126e+08 68128.6 -519762 -3.91128e+08
-68308.5 519762 6.15746e+08 68308.5 -519762 -3.9216e+08
-68488.4 519762 6.17367e+08 68488.4 -519762 -3.93191e+08
-68668.2 519762 6.18987e+08 68668.2 -519762 -3.94223e+08
-68848.1 519762 6.20607e+08 68848.1 -519762 -3.95255e+08
-69028 519762 6.22228e+08 69028 -519762 -3.96286e+08
-69207.9 519762 6.23848e+08 69207.9 -519762 -3.97318e+08
-69387.8 519762 6.25468e+08 69387.8 -519762 -3.98349e+08
-69567.7 519762 6.27089e+08 69567.7 -519762 -3.99381e+08
-69747.6 519762 6.28709e+08 69747.6 -519762 -4.00412e+08
-69927.5 519762 6.30329e+08 69927.5 -519762 -4.01444e+08
-70107.4 519762 6.3195e+08 70107.4 -519762 -4.02476e+08
-70287.3 519762 6.3357e+08 70287.3 -519762 -4.03507e+08
-70467.1 519762 6.3519e+08 70467.1 -519762 -4.04539e+08
-70647 519762 6.36811e+08 70647 -519762 -4.0557e+08
-70826.9 519762 6.38431e+08 70826.9 -519762 -4.06602e+08
-71006.8 519762 6.40052e+08 71006.8 -519762 -4.07633e+08
-71186.7 519762 6.41672e+08 71186.7 -519762 -4.08665e+08
-71366.6 519762 6.43292e+08 71366.6 -519762 -4.09697e+08
-71546.5 519762 6.44913e+08 71546.5 -519762 -4.10728e+08
-71726.4 519762 6.46533e+08 71726.4 -519762 -4.1176e+08
-71906.3 519762 6.48153e+08 71906.3 -519762 -4.12791e+08
-72086.2 519762 6.49774e+08 72086.2 -519762 -4.13823e+08
-72266.1 519762 6.51394e+08 72266.1 -519762 -4.14854e+08
-72446 519762 6.53014e+08 72446 -519762 -4.15886e+08
-72625.9 519762 6.54635e+08 72625.9 -519762 -4.16917e+08
-72805.8 519762 6.56255e+08 72805.8 -519762 -4.17949e+08
-72985.7 519762 6.57876e+08 72985.7 -519762 -4.1898e+08
-73165.6 519762 6.59496e+08 73165.6 -519762 -4.20012e+08
-73345.5 519762 6.61116e+08 73345.5 -519762 -4.21044e+08
-73525.4 519762 6.62737e+08 73525.4 -519762 -4.22075e+08
-73705.3 519762 6.64357e+08 73705.3 -519762 -4.23107e+08
-73885.2 519762 6.65977e+08 73885.2 -519762 -4.24138e+08
-74065.1 519762 6.67598e+08 74065.1 -519762 -4.2517e+08
-74245 519762 6.69218e+08 74245 -519762 -4.26201e+08
-74424.9 519762 6.70838e+08 74424.9 -519762 -4.27233e+08
-74604.8 519762 6.72459e+08 74604.8 -519762 -4.28264e+08
-74784.7 519762 6.74079e+08 74784.7 -519762 -4.29296e+08
-74964.6 519762 6.75699e+08 74964.6 -519762 -4.30327e+08
-75144.6 519762 6.7732e+08 75144.6 -519762 -4.31359e+08
-75324.5 519762 6.7894e+08 75324.5 -519762 -4.3239e+08
-75504.4 519762 6.80561e+08 75504.4 -519762 -4.33422e+08
-75684.3 519762 6.82181e+08 75684.3 -519762 -4.34453e+08
-75864.2 519762 6.83801e+08 75864.2 -519762 -4.35485e+08
-76044.1 519762 6.85422e+08 76044.1 -519762 -4.36516e+08
-76224 519762 6.87042e+08 76224 -519762 -4.37548e+08
-76403.9 519762 6.88662e+08 76403.9 -519762 -4.38579e+08
-76583.9 519762 6.90283e+08 76583.9 -519762 -4.39611e+08
-76763.8 519762 6.91903e+08 76763.8 -519762 -4.40642e+08
-76943.7 519762 6.93523e+08 76943.7 -519762 -4.41674e+08
-77123.6 519762 6.95144e+08 77123.6 -519762 -4.42705e+08
-77303.5 519762 6.96764e+08 77303.5 -519762 -4.43737e+08
-77483.4 519762 6.98384e+08 77483.4 -519762 -4.44768e+08
-77663.3 519762 7.00005e+08 77663.3 -519762 -4.458e+08
-77843.3 519762 7.01625e+08 77843.3 -519762 -4.46831e+08
-78023.2 519762 7.03246e+08 78023.2 -519762 -4.47863e+08
-78203.1 519762 7.04866e+08 78203.1 -519762 -4.48894e+08
-78383 519762 7.06486e+08 78383 -519762 -4.49926e+08
-78563 519762 7.08107e+08 78563 -519762 -4.50957e+08
-78742.9 519762 7.09727e+08 78742.9 -519762 -4.51989e+08
-78922.8 519762 7.11347e+08 78922.8 -519762 -4.5302e+08
-79102.7 519762 7.12968e+08 79102.7 -519762 -4.54052e+08
-79282.6 519762 7.14588e+08 79282.6 -519762 -4.55083e+08
-79462.6 519762 7.16208e+08 79462.6 -519762 -4.56114e+08
-79642.5 519762 7.17829e+08 79642.5 -519762 -4.57146e+08
-79822.4 519762 7.19449e+08 79822.4 -519762 -4.58177e+08
-80002.3 519762 7.21069e+08 80002.3 -519762 -4.59209e+08
-80182.3 519762 7.2269e+08 80182.3 -519762 -4.6024e+08
-80362.2 519762 7.2431e+08 80362.2 -519762 -4.61272e+08
-80542.1 519762 7.2593e+08 80542.1 -519762 -4.62303e+08
-80722.1 519762 7.27551e+08 80722.1 -519762 -4.63335e+08
-80902 519762 7.29171e+08 80902 -519762 -4.64366e+08
-81081.9 519762 7.30792e+08 81081.9 -519762 -4.65397e+08
-81261.9 519762 7.32412e+08 81261.9 -519762 -4.66429e+08
-81441.8 519762 7.34032e+08 81441.8 -519762 -4.6746e+08
-81621.7 519762 7.35653e+08 81621.7 -519762 -4.68492e+08
-81801.6 519762 7.37273e+08 81801.6 -519762 -4.69523e+08
-81981.6 519762 7.38893e+08 81981.6 -519762 -4.70555e+08
-82161.5 519762 7.40514e+08 82161.5 -519762 -4.71586e+08
-82341.5 519762 7.42134e+08 82341.5 -519762 -4.72617e+08
-82521.4 519762 7.43754e+08 82521.4 -519762 -4.73649e+08
-82701.3 519762 7.45375e+08 82701.3 -519762 -4.7468e+08
-82881.3 519762 7.46995e+08 82881.3 -519762 -4.75712e+08
-83061.2 519762 7.48615e+08 83061.2 -519762 -4.76743e+08
-83241.1 519762 7.50236e+08 83241.1 -519762 -4.77775e+08
-83421.1 519762 7.51856e+08 83421.1 -519762 -4.78806e+08
-83601 519762 7.53476e+08 83601 -519762 -4.79837e+08
-83781 519762 7.55097e+08 83781 -519762 -4.80869e+08
-83960.9 519762 7.56717e+08 83960.9 -519762 -4.819e+08
-84140.8 519762 7.58337e+08 84140.8 -519762 -4.82932e+08
-84320.8 519762 7.59958e+08 84320.8 -519762 -4.83963e+08
-84500.7 519762 7.61578e+08 84500.7 -519762 -4.84994e+08
-84680.7 519762 7.63199e+08 84680.7 -519762 -4.86026e+08
-84860.6 519762 7.64819e+08 84860.6 -519762 -4.87057e+08
-85040.6 519762 7.66439e+08 85040.6 -519762 -4.88089e+08
-85220.5 519762 7.6806e+08 85220.5 -519762 -4.8912e+08
-85400.5 519762 7.6968e+08 85400.5 -519762 -4.90151e+08
-85580.4 519762 7.713e+08 85580.4 -519762 -4.91183e+08
-85760.4 519762 7.72921e+08 85760.4 -519762 -4.92214e+08
-85940.3 519762 7.74541e+08 85940.3 -519762 -4.93246e+08
-86120.2 519762 7.76161e+08 86120.2 -519762 -4.94277e+08
-86300.2 519762 7.77782e+08 86300.2 -519762 -4.95308e+08
-86480.2 519762 7.79402e+08 86480.2 -519762 -4.9634e+08
-86660.1 519762 7.81022e+08 86660.1 -519762 -4.97371e+08
-86840.1 519762 7.82643e+08 86840.1 -519762 -4.98402e+08
-87020 519762 7.84263e+08 87020 -519762 -4.99434e+08
-87200 519762 7.85883e+08 87200 -519762 -5.00465e+08
-87379.9 519762 7.87504e+08 87379.9 -519762 -5.01497e+08
-87559.9 519762 7.89124e+08 87559.9 -519762 -5.02528e+08
-87739.8 519762 7.90744e+08 87739.8 -519762 -5.03559e+08
-87919.8 519762 7.92365e+08 87919.8 -519762 -5.04591e+08
-88099.7 519762 7.93985e+08 88099.7 -519762 -5.05622e+08
-88279.7 519762 7.95606e+08 88279.7 -519762 -5.06653e+08
-88459.6 519762 7.97226e+08 88459.6 -519762 -5.07685e+08
-88639.6 519762 7.98846e+08 88639.6 -519762 -5.08716e+08
-88819.6 519762 8.00467e+08 88819.6 -519762 -5.09747e+08
-88999.5 519762 8.02087e+08 88999.5 -519762 -5.10779e+08
-89179.5 519762 8.03707e+08 89179.5 -519762 -5.1181e+08
-89359.4 519762 8.05328e+08 89359.4 -519762 -5.12841e+08
-89539.4 519762 8.06948e+08 89539.4 -519762 -5.13873e+08
-89719.4 519762 8.08568e+08 89719.4 -519762 -5.14904e+08
-89899.3 519762 8.10189e+08 89899.3 -519762 -5.15935e+08
-90079.3 519762 8.11809e+08 90079.3 -519762 -5.16967e+08
-90259.3 519762 8.13429e+08 90259.3 -519762 -5.17998e+08
-90439.2 519762 8.1505e+08 90439.2 -519762 -5.19029e+08
-90619.2 519762 8.1667e+08 90619.2 -519762 -5.20061e+08
-90799.2 519762 8.1829e+08 90799.2 -519762 -5.21092e+08
-90979.1 519762 8.19911e+08 90979.1 -519762 -5.22123e+08
-91159.1 519762 8.21531e+08 91159.1 -519762 -5.23155e+08
-91339.1 519762 8.23151e+08 91339.1 -519762 -5.24186e+08
-91519 519762 8.24772e+08 91519 -519762 -5.25217e+08
-91699 519762 8.26392e+08 91699 -519762 -5.26249e+08
-91879 519762 8.28012e+08 91879 -519762 -5.2728e+08
-92058.9 519762 8.29633e+08 92058.9 -519762 -5.28311e+08
-92238.9 519762 8.31253e+08 92238.9 -519762 -5.29343e+08
-92418.9 519762 8.32873e+08 92418.9 -519762 -5.30374e+08
-92598.9 519762 8.34494e+08 92598.9 -519762 -5.31405e+08
-92778.8 519762 8.36114e+08 92778.8 -519762 -5.32437e+08
-92958.8 519762 8.37735e+08 92958.8 -519762 -5.33468e+08
-93138.8 519762 8.39355e+08 93138.8 -519762 -5.34499e+08
-93318.8 519762 8.40975e+08 93318.8 -519762 -5.3553e+08
-93498.7 519762 8.42596e+08 93498.7 -519762 -5.36562e+08
-93678.7 519762 8.44216e+08 93678.7 -519762 -5.37593e+08
-93858.7 519762 8.45836e+08 93858.7 -519762 -5.38624e+08
-94038.7 519762 8.47457e+08 94038.7 -519762 -5.39656e+08
-94218.6 519762 8.49077e+08 94218.6 -519762 -5.40687e+08
-94398.6 519762 8.50697e+08 94398.6 -519762 -5.41718e+08
-94578.6 519762 8.52318e+08 94578.6 -519762 -5.42749e+08
-94758.6 519762 8.53938e+08 94758.6 -519762 -5.43781e+08
-94938.6 519762 8.55558e+08 94938.6 -519762 -5.44812e+08
-95118.5 519762 8.57179e+08 95118.5 -519762 -5.45843e+08
-95298.5 519762 8.58799e+08 95298.5 -519762 -5.46875e+08
-95478.5 519762 8.60419e+08 95478.5 -519762 -5.47906e+08
-95658.5 519762 8.6204e+08 95658.5 -519762 -5.48937e+08
-95838.5 519762 8.6366e+08 95838.5 -519762 -5.49968e+08
-96018.5 519762 8.6528e+08 96018.5 -519762 -5.51e+08
-96198.5 519762 8.66901e+08 96198.5 -519762 -5.52031e+08
-96378.4 519762 8.68521e+08 96378.4 -519762 -5.53062e+08
-96558.4 519762 8.70141e+08 96558.4 -519762 -5.54093e+08
-96738.4 519762 8.71762e+08 96738.4 -519762 -5.55125e+08
-96918.4 519762 8.73382e+08 96918.4 -519762 -5.56156e+08
-97098.4 519762 8.75002e+08 97098.4 -519762 -5.57187e+08
-97278.4 519762 8.76623e+08 97278.4 -519762 -5.58218e+08
-97458.4 519762 8.78243e+08 97458.4 -519762 -5.5925e+08
-97638.4 519762 8.79863e+08 97638.4 -519762 -5.60281e+08
-97818.4 519762 8.81484e+08 97818.4 -519762 -5.61312e+08
-97998.4 519762 8.83104e+08 97998.4 -519762 -5.62343e+08
-98178.3 519762 8.84724e+08 98178.3 -519762 -5.63375e+08
-98358.3 519762 8.86345e+08 98358.3 -519762 -5.64406e+08
-98538.3 519762 8.87965e+08 98538.3 -519762 -5.65437e+08
-98718.3 519762 8.89585e+08 98718.3 -519762 -5.66468e+08
-98898.3 519762 8.91206e+08 98898.3 -519762 -5.675e+08
-99078.3 519762 8.92826e+08 99078.3 -519762 -5.68531e+08
-99258.3 519762 8.94446e+08 99258.3 -519762 -5.69562e+08
-99438.3 519762 8.96067e+08 99438.3 -519762 -5.70593e+08
-99618.3 519762 8.97687e+08 99618.3 -519762 -5.71624e+08
-99798.3 519762 8.99308e+08 99798.3 -519762 -5.72656e+08
-99978.3 519762 9.00928e+08 99978.3 -519762 -5.73687e+08
-100158 519762 9.02548e+08 100158 -519762 -5.74718e+08
-100338 519762 9.04169e+08 100338 -519762 -5.75749e+08
-100518 519762 9.05789e+08 100518 -519762 -5.7678e+08
-100698 519762 9.07409e+08 100698 -519762 -5.77812e+08
-100878 519762 9.0903e+08 100878 -519762 -5.78843e+08
-101058 519762 9.1065e+08 101058 -519762 -5.79874e+08
-101238 519762 9.1227e+08 101238 -519762 -5.80905e+08
-101418 519762 9.13891e+08 101418 -519762 -5.81937e+08
-101598 519762 9.15511e+08 101598 -519762 -5.82968e+08
-101778 519762 9.17131e+08 101778 -519762 -5.83999e+08
-101958 519762 9.18752e+08 101958 -519762 -5.8503e+08
-102138 519762 9.20372e+08 102138 -519762 -5.86061e+08
-102318 519762 9.21992e+08 102318 -519762 -5.87092e+08
-102498 519762 9.23613e+08 102498 -519762 -5.88124e+08
-102678 519762 9.25233e+08 102678 -519762 -5.89155e+08
-102858 519762 9.26853e+08 102858 -519762 -5.90186e+08
-103038 519762 9.28474e+08 103038 -519762 -5.91217e+08
-103218 519762 9.30094e+08 103218 -519762 -5.92248e+08
-103398 519762 9.31714e+08 103398 -519762 -5.9328e+08
-103578 519762 9.33335e+08 103578 -519762 -5.94311e+08
-103758 519762 9.34955e+08 103758 -519762 -5.95342e+08
-103938 519762 9.36575e+08 103938 -519762 -5.96373e+08
-104118 519762 9.38196e+08 104118 -519762 -5.97404e+08
-104299 519762 9.39816e+08 104299 -519762 -5.98435e+08
-104479 519762 9.41436e+08 104479 -519762 -5.99467e+08
-104659 519762 9.43057e+08 104659 -519762 -6.00498e+08
-104839 519762 9.44677e+08 104839 -519762 -6.01529e+08
-105019 519762 9.46297e+08 105019 -519762 -6.0256e+08
-105199 519762 9.47918e+08 105199 -519762 -6.03591e+08
-105379 519762 9.49538e+08 105379 -519762 -6.04622e+08
-105559 519762 9.51158e+08 105559 -519762 -6.05653e+08
-105739 519762 9.52779e+08 105739 -519762 -6.06685e+08
-105919 519762 9.54399e+08 105919 -519762 -6.07716e+08
-106099 519762 9.56019e+08 106099 -519762 -6.08747e+08
-106279 519762 9.5764e+08 106279 -519762 -6.09778e+08
-106459 519762 9.5926e+08 106459 -519762 -6.10809e+08
-106639 519762 9.6088e+08 106639 -519762 -6.1184e+08
-106819 519762 9.62501e+08 106819 -519762 -6.12871e+08
-106999 519762 9.64121e+08 106999 -519762 -6.13903e+08
-107179 519762 9.65741e+08 107179 -519762 -6.14934e+08
-107359 519762 9.67362e+08 107359 -519762 -6.15965e+08
-107539 519762 9.68982e+08 107539 -519762 -6.16996e+08
-107719 519762 9.70602e+08 107719 -519762 -6.18027e+08
-107899 519762 9.72223e+08 107899 -519762 -6.19058e+08
-108079 519762 9.73843e+08 108079 -519762 -6.20089e+08
-108259 519762 9.75463e+08 108259 -519762 -6.2112e+08
-108439 519762 9.77084e+08 108439 -519762 -6.22152e+08
-108619 519762 9.78704e+08 108619 -519762 -6.23183e+08
-108799 519762 9.80324e+08 108799 -519762 -6.24214e+08
-108979 519762 9.81945e+08 108979 -519762 -6.25245e+08
-109159 519762 9.83565e+08 109159 -519762 -6.26276e+08
-109339 519762 9.85185e+08 109339 -519762 -6.27307e+08
-109519 519762 9.86806e+08 109519 -519762 -6.28338e+08
-109699 519762 9.88426e+08 109699 -519762 -6.29369e+08
-109879 519762 9.90046e+08 109879 -519762 -6.304e+08
-110059 519762 9.91667e+08 110059 -519762 -6.31432e+08
-110239 519762 9.93287e+08 110239 -519762 -6.32463e+08
-110419 519762 9.94907e+08 110419 -519762 -6.33494e+08
-110599 519762 9.96528e+08 110599 -519762 -6.34525e+08
-110780 519762 9.98148e+08 110780 -519762 -6.35556e+08
-110960 519762 9.99768e+08 110960 -519762 -6.36587e+08
-111140 519762 1.00139e+09 111140 -519762 -6.37618e+08
-111320 519762 1.00301e+09 111320 -519762 -6.38649e+08
-111500 519762 1.00463e+09 111500 -519762 -6.3968e+08
-111680 519762 1.00625e+09 111680 -519762 -6.40711e+08
-111860 519762 1.00787e+09 111860 -519762 -6.41742e+08
-112040 519762 1.00949e+09 112040 -519762 -6.42773e+08
-112220 519762 1.01111e+09 112220 -519762 -6.43805e+08
-112400 519762 1.01273e+09 112400 -519762 -6.44836e+08
-112580 519762 1.01435e+09 112580 -519762 -6.45867e+08
-112760 519762 1.01597e+09 112760 -519762 -6.46898e+08
-112940 519762 1.01759e+09 112940 -519762 -6.47929e+08
-113120 519762 1.01921e+09 113120 -519762 -6.4896e+08
-113300 519762 1.02083e+09 113300 -519762 -6.49991e+08
-113480 519762 1.02245e+09 113480 -519762 -6.51022e+08
-113660 519762 1.02407e+09 113660 -519762 -6.52053e+08
-113840 519762 1.02569e+09 113840 -519762 -6.53084e+08
-114020 519762 1.02731e+09 114020 -519762 -6.54115e+08
-114200 519762 1.02893e+09 114200 -519762 -6.55146e+08
-114380 519762 1.03055e+09 114380 -519762 -6.56177e+08
-114561 519762 1.03217e+09 114561 -519762 -6.57208e+08
-114741 519762 1.0338e+09 114741 -519762 -6.58239e+08
-114921 519762 1.03542e+09 114921 -519762 -6.5927e+08
-115101 519762 1.03704e+09 115101 -519762 -6.60301e+08
-115281 519762 1.03866e+09 115281 -519762 -6.61332e+08
-115461 519762 1.04028e+09 115461 -519762 -6.62363e+08
-115641 519762 1.0419e+09 115641 -519762 -6.63394e+08
-115821 519762 1.04352e+09 115821 -519762 -6.64425e+08
-116001 519762 1.04514e+09 116001 -519762 -6.65457e+08
-116181 519762 1.04676e+09 116181 -519762 -6.66488e+08
-116361 519762 1.04838e+09 116361 -519762 -6.67519e+08
-116541 519762 1.05e+09 116541 -519762 -6.6855e+08
-116721 519762 1.05162e+09 116721 -519762 -6.69581e+08
-116901 519762 1.05324e+09 116901 -519762 -6.70612e+08
-117081 519762 1.05486e+09 117081 -519762 -6.71643e+08
-117261 519762 1.05648e+09 117261 -519762 -6.72674e+08
-117441 519762 1.0581e+09 117441 -519762 -6.73705e+08
-117622 519762 1.05972e+09 117622 -519762 -6.74736e+08
-117802 519762 1.06134e+09 117802 -519762 -6.75767e+08
-117982 519762 1.06296e+09 117982 -519762 -6.76798e+08
-118162 519762 1.06458e+09 118162 -519762 -6.77829e+08
-118342 519762 1.0662e+09 118342 -519762 -6.7886e+08
-118522 519762 1.06782e+09 118522 -519762 -6.79891e+08
-118702 519762 1.06944e+09 118702 -519762 -6.80922e+08
-118882 519762 1.07106e+09 118882 -519762 -6.81953e+08
-119062 519762 1.07268e+09 119062 -519762 -6.82984e+08
-119242 519762 1.0743e+09 119242 -519762 -6.84015e+08
-119422 519762 1.07592e+09 119422 -519762 -6.85046e+08
-119602 519762 1.07754e+09 119602 -519762 -6.86077e+08
-119782 519762 1.07916e+09 119782 -519762 -6.87108e+08
-119962 519762 1.08078e+09 119962 -519762 -6.88138e+08
-120142 519762 1.08241e+09 120142 -519762 -6.89169e+08
-120323 519762 1.08403e+09 120323 -519762 -6.902e+08
-120503 519762 1.08565e+09 120503 -519762 -6.91231e+08
-120683 519762 1.08727e+09 120683 -519762 -6.92262e+08
-120863 519762 1.08889e+09 120863 -519762 -6.93293e+08
-121043 519762 1.09051e+09 121043 -519762 -6.94324e+08
-121223 519762 1.09213e+09 121223 -519762 -6.95355e+08
-121403 519762 1.09375e+09 121403 -519762 -6.96386e+08
-121583 519762 1.09537e+09 121583 -519762 -6.97417e+08
-121763 519762 1.09699e+09 121763 -519762 -6.98448e+08
-121943 519762 1.09861e+09 121943 -519762 -6.99479e+08
-122123 519762 1.10023e+09 122123 -519762 -7.0051e+08
-122303 519762 1.10185e+09 122303 -519762 -7.01541e+08
-122483 519762 1.10347e+09 122483 -519762 -7.02572e+08
-122664 519762 1.10509e+09 122664 -519762 -7.03603e+08
-122844 519762 1.10671e+09 122844 -519762 -7.04634e+08
-123024 519762 1.10833e+09 123024 -519762 -7.05665e+08
-123204 519762 1.10995e+09 123204 -519762 -7.06696e+08
-123384 519762 1.11157e+09 123384 -519762 -7.07727e+08
-123564 519762 1.11319e+09 123564 -519762 -7.08758e+08
-123744 519762 1.11481e+09 123744 -519762 -7.09789e+08
-123924 519762 1.11643e+09 123924 -519762 -7.10819e+08
-124104 519762 1.11805e+09 124104 -519762 -7.1185e+08
-124284 519762 1.11967e+09 124284 -519762 -7.12881e+08
-124464 519762 1.12129e+09 124464 -519762 -7.13912e+08
-124645 519762 1.12291e+09 124645 -519762 -7.14943e+08
-124825 519762 1.12453e+09 124825 -519762 -7.15974e+08
-125005 519762 1.12615e+09 125005 -519762 -7.17005e+08
-125185 519762 1.12777e+09 125185 -519762 -7.18036e+08
-125365 519762 1.12939e+09 125365 -519762 -7.19067e+08
-125545 519762 1.13101e+09 125545 -519762 -7.20098e+08
-125725 519762 1.13264e+09 125725 -519762 -7.21129e+08
-125905 519762 1.13426e+09 125905 -519762 -7.2216e+08
-126085 519762 1.13588e+09 126085 -519762 -7.2319e+08
-126265 519762 1.1375e+09 126265 -519762 -7.24221e+08
-126445 519762 1.13912e+09 126445 -519762 -7.25252e+08
-126626 519762 1.14074e+09 126626 -519762 -7.26283e+08
-126806 519762 1.14236e+09 126806 -519762 -7.27314e+08
-126986 519762 1.14398e+09 126986 -519762 -7.28345e+08
-127166 519762 1.1456e+09 127166 -519762 -7.29376e+08
-127346 519762 1.14722e+09 127346 -519762 -7.30407e+08
-127526 519762 1.14884e+09 127526 -519762 -7.31438e+08
-127706 519762 1.15046e+09 127706 -519762 -7.32469e+08
-127886 519762 1.15208e+09 127886 -519762 -7.33499e+08
-128066 519762 1.1537e+09 128066 -519762 -7.3453e+08
-128246 519762 1.15532e+09 128246 -519762 -7.35561e+08
-128427 519762 1.15694e+09 128427 -519762 -7.36592e+08
-128607 519762 1.15856e+09 128607 -519762 -7.37623e+08
-128787 519762 1.16018e+09 128787 -519762 -7.38654e+08
-128967 519762 1.1618e+09 128967 -519762 -7.39685e+08
-129147 519762 1.16342e+09 129147 -519762 -7.40716e+08
-129327 519762 1.16504e+09 129327 -519762 -7.41746e+08
-129507 519762 1.16666e+09 129507 -519762 -7.42777e+08
-129687 519762 1.16828e+09 129687 -519762 -7.43808e+08
-129867 519762 1.1699e+09 129867 -519762 -7.44839e+08
-130048 519762 1.17152e+09 130048 -519762 -7.4587e+08
-130228 519762 1.17314e+09 130228 -519762 -7.46901e+08
-130408 519762 1.17476e+09 130408 -519762 -7.47932e+08
-130588 519762 1.17638e+09 130588 -519762 -7.48962e+08
-130768 519762 1.178e+09 130768 -519762 -7.49993e+08
-130948 519762 1.17962e+09 130948 -519762 -7.51024e+08
-131128 519762 1.18124e+09 131128 -519762 -7.52055e+08
-131308 519762 1.18287e+09 131308 -519762 -7.53086e+08
-131488 519762 1.18449e+09 131488 -519762 -7.54117e+08
-131669 519762 1.18611e+09 131669 -519762 -7.55147e+08
-131849 519762 1.18773e+09 131849 -519762 -7.56178e+08
-132029 519762 1.18935e+09 132029 -519762 -7.57209e+08
-132209 519762 1.19097e+09 132209 -519762 -7.5824e+08
-132389 519762 1.19259e+09 132389 -519762 -7.59271e+08
-132569 519762 1.19421e+09 132569 -519762 -7.60302e+08
-132749 519762 1.19583e+09 132749 -519762 -7.61332e+08
-132929 519762 1.19745e+09 132929 -519762 -7.62363e+08
-133110 519762 1.19907e+09 133110 -519762 -7.63394e+08
-133290 519762 1.20069e+09 133290 -519762 -7.64425e+08
-133470 519762 1.20231e+09 133470 -519762 -7.65456e+08
-133650 519762 1.20393e+09 133650 -519762 -7.66487e+08
-133830 519762 1.20555e+09 133830 -519762 -7.67517e+08
-134010 519762 1.20717e+09 134010 -519762 -7.68548e+08
-134190 519762 1.20879e+09 134190 -519762 -7.69579e+08
-134370 519762 1.21041e+09 134370 -519762 -7.7061e+08
-134551 519762 1.21203e+09 134551 -519762 -7.71641e+08
-134731 519762 1.21365e+09 134731 -519762 -7.72671e+08
-134911 519762 1.21527e+09 134911 -519762 -7.73702e+08
-135091 519762 1.21689e+09 135091 -519762 -7.74733e+08
-135271 519762 1.21851e+09 135271 -519762 -7.75764e+08
-135451 519762 1.22013e+09 135451 -519762 -7.76795e+08
-135631 519762 1.22175e+09 135631 -519762 -7.77825e+08
-135811 519762 1.22337e+09 135811 -519762 -7.78856e+08
-135992 519762 1.22499e+09 135992 -519762 -7.79887e+08
-136172 519762 1.22661e+09 136172 -519762 -7.80918e+08
-136352 519762 1.22823e+09 136352 -519762 -7.81948e+08
-136532 519762 1.22985e+09 136532 -519762 -7.82979e+08
-136712 519762 1.23147e+09 136712 -519762 -7.8401e+08
-136892 519762 1.23309e+09 136892 -519762 -7.85041e+08
-137072 519762 1.23472e+09 137072 -519762 -7.86072e+08
-137252 519762 1.23634e+09 137252 -519762 -7.87102e+08
-137433 519762 1.23796e+09 137433 -519762 -7.88133e+08
-137613 519762 1.23958e+09 137613 -519762 -7.89164e+08
-137793 519762 1.2412e+09 137793 -519762 -7.90195e+08
-137973 519762 1.24282e+09 137973 -519762 -7.91225e+08
-138153 519762 1.24444e+09 138153 -519762 -7.92256e+08
-138333 519762 1.24606e+09 138333 -519762 -7.93287e+08
-138513 519762 1.24768e+09 138513 -519762 -7.94318e+08
-138694 519762 1.2493e+09 138694 -519762 -7.95348e+08
-138874 519762 1.25092e+09 138874 -519762 -7.96379e+08
-139054 519762 1.25254e+09 139054 -519762 -7.9741e+08
-139234 519762 1.25416e+09 139234 -519762 -7.98441e+08
-139414 519762 1.25578e+09 139414 -519762 -7.99471e+08
-139594 519762 1.2574e+09 139594 -519762 -8.00502e+08
-139774 519762 1.25902e+09 139774 -519762 -8.01533e+08
-139955 519762 1.26064e+09 139955 -519762 -8.02564e+08
-140135 519762 1.26226e+09 140135 -519762 -8.03594e+08
-140315 519762 1.26388e+09 140315 -519762 -8.04625e+08
-140495 519762 1.2655e+09 140495 -519762 -8.05656e+08
-140675 519762 1.26712e+09 140675 -519762 -8.06687e+08
-140855 519762 1.26874e+09 140855 -519762 -8.07717e+08
-141036 519762 1.27036e+09 141036 -519762 -8.08748e+08
-141216 519762 1.27198e+09 141216 -519762 -8.09779e+08
-141396 519762 1.2736e+09 141396 -519762 -8.1081e+08
-141576 519762 1.27522e+09 141576 -519762 -8.1184e+08
-141756 519762 1.27684e+09 141756 -519762 -8.12871e+08
-141936 519762 1.27846e+09 141936 -519762 -8.13902e+08
-142116 519762 1.28008e+09 142116 -519762 -8.14932e+08
-142297 519762 1.2817e+09 142297 -519762 -8.15963e+08
-142477 519762 1.28332e+09 142477 -519762 -8.16994e+08
-142657 519762 1.28494e+09 142657 -519762 -8.18025e+08
-142837 519762 1.28657e+09 142837 -519762 -8.19055e+08
-143017 519762 1.28819e+09 143017 -519762 -8.20086e+08
-143197 519762 1.28981e+09 143197 -519762 -8.21117e+08
-143378 519762 1.29143e+09 143378 -519762 -8.22147e+08
-143558 519762 1.29305e+09 143558 -519762 -8.23178e+08
-143738 519762 1.29467e+09 143738 -519762 -8.24209e+08
-143918 519762 1.29629e+09 143918 -519762 -8.25239e+08
-144098 519762 1.29791e+09 144098 -519762 -8.2627e+08
-144278 519762 1.29953e+09 144278 -519762 -8.27301e+08
-144458 519762 1.30115e+09 144458 -519762 -8.28331e+08
-144639 519762 1.30277e+09 144639 -519762 -8.29362e+08
-144819 519762 1.30439e+09 144819 -519762 -8.30393e+08
-144999 519762 1.30601e+09 144999 -519762 -8.31424e+08
-145179 519762 1.30763e+09 145179 -519762 -8.32454e+08
-145359 519762 1.30925e+09 145359 -519762 -8.33485e+08
-145539 519762 1.31087e+09 145539 -519762 -8.34516e+08
-145720 519762 1.31249e+09 145720 -519762 -8.35546e+08
-145900 519762 1.31411e+09 145900 -519762 -8.36577e+08
-146080 519762 1.31573e+09 146080 -519762 -8.37608e+08
-146260 519762 1.31735e+09 146260 -519762 -8.38638e+08
-146440 519762 1.31897e+09 146440 -519762 -8.39669e+08
-146620 519762 1.32059e+09 146620 -519762 -8.407e+08
-146801 519762 1.32221e+09 146801 -519762 -8.4173e+08
-146981 519762 1.32383e+09 146981 -519762 -8.42761e+08
-147161 519762 1.32545e+09 147161 -519762 -8.43791e+08
-147341 519762 1.32707e+09 147341 -519762 -8.44822e+08
-147521 519762 1.32869e+09 147521 -519762 -8.45853e+08
-147702 519762 1.33031e+09 147702 -519762 -8.46883e+08
-147882 519762 1.33193e+09 147882 -519762 -8.47914e+08
-148062 519762 1.33355e+09 148062 -519762 -8.48945e+08
-148242 519762 1.33517e+09 148242 -519762 -8.49975e+08
-148422 519762 1.33679e+09 148422 -519762 -8.51006e+08
-148602 519762 1.33842e+09 148602 -519762 -8.52037e+08
-148783 519762 1.34004e+09 148783 -519762 -8.53067e+08
-148963 519762 1.34166e+09 148963 -519762 -8.54098e+08
-149143 519762 1.34328e+09 149143 -519762 -8.55129e+08
-149323 519762 1.3449e+09 149323 -519762 -8.56159e+08
-149503 519762 1.34652e+09 149503 -519762 -8.5719e+08
-149683 519762 1.34814e+09 149683 -519762 -8.5822e+08
-149864 519762 1.34976e+09 149864 -519762 -8.59251e+08
-150044 519762 1.35138e+09 150044 -519762 -8.60282e+08
-150224 519762 1.353e+09 150224 -519762 -8.61312e+08
-150404 519762 1.35462e+09 150404 -519762 -8.62343e+08
-150584 519762 1.35624e+09 150584 -519762 -8.63374e+08
-150765 519762 1.35786e+09 150765 -519762 -8.64404e+08
-150945 519762 1.35948e+09 150945 -519762 -8.65435e+08
-151125 519762 1.3611e+09 151125 -519762 -8.66465e+08
-151305 519762 1.36272e+09 151305 -519762 -8.67496e+08
-151485 519762 1.36434e+09 151485 -519762 -8.68527e+08
-151666 519762 1.36596e+09 151666 -519762 -8.69557e+08
-151846 519762 1.36758e+09 151846 -519762 -8.70588e+08
-152026 519762 1.3692e+09 152026 -519762 -8.71618e+08
-152206 519762 1.37082e+09 152206 -519762 -8.72649e+08
-152386 519762 1.37244e+09 152386 -519762 -8.7368e+08
-152567 519762 1.37406e+09 152567 -519762 -8.7471e+08
-152747 519762 1.37568e+09 152747 -519762 -8.75741e+08
-152927 519762 1.3773e+09 152927 -519762 -8.76771e+08
-153107 519762 1.37892e+09 153107 -519762 -8.77802e+08
-153287 519762 1.38054e+09 153287 -519762 -8.78832e+08
-153467 519762 1.38216e+09 153467 -519762 -8.79863e+08
-153648 519762 1.38378e+09 153648 -519762 -8.80894e+08
-153828 519762 1.3854e+09 153828 -519762 -8.81924e+08
-154052 519762 1.387e+09 154052 -519762 -8.82795e+08
-154356 519762 1.38855e+09 154356 -519762 -8.83379e+08
-154660 519762 1.39009e+09 154660 -519762 -8.83963e+08
-154964 519762 1.39164e+09 154964 -519762 -8.84548e+08
-155268 519762 1.39319e+09 155268 -519762 -8.85132e+08
-155572 519762 1.39474e+09 155572 -519762 -8.85716e+08
-155876 519762 1.39629e+09 155876 -519762 -8.863e+08
-156180 519762 1.39783e+09 156180 -519762 -8.86884e+08
-156372 519762 1.39882e+09 156372 -519762 -8.87237e+08
-156382 519762 1.39887e+09 156382 -519762 -8.87213e+08
-156391 519762 1.39893e+09 156391 -519762 -8.87189e+08
-156401 519762 1.39898e+09 156401 -519762 -8.87165e+08
-156410 519762 1.39904e+09 156410 -519762 -8.87141e+08
-156420 519762 1.39909e+09 156420 -519762 -8.87117e+08
-156429 519762 1.39915e+09 156429 -519762 -8.87093e+08
-156439 519762 1.3992e+09 156439 -519762 -8.87069e+08
-156449 519762 1.39926e+09 156449 -519762 -8.87045e+08
-156458 519762 1.39931e+09 156458 -519762 -8.87021e+08
-156468 519762 1.39937e+09 156468 -519762 -8.86997e+08
-156477 519762 1.39942e+09 156477 -519762 -8.86973e+08
-156487 519762 1.39948e+09 156487 -519762 -8.86949e+08
-156496 519762 1.39953e+09 156496 -519762 -8.86925e+08
-156506 519762 1.39959e+09 156506 -519762 -8.86901e+08
-156515 519762 1.39965e+09 156515 -519762 -8.86876e+08
-156525 519762 1.3997e+09 156525 -519762 -8.86852e+08
-156534 519762 1.39976e+09 156534 -519762 -8.86828e+08
-156544 519762 1.39981e+09 156544 -519762 -8.86804e+08
-156553 519762 1.39987e+09 156553 -519762 -8.8678e+08
-156563 519762 1.39992e+09 156563 -519762 -8.86756e+08
-156573 519762 1.39998e+09 156573 -519762 -8.86732e+08
-156582 519762 1.40003e+09 156582 -519762 -8.86708e+08
-156592 519762 1.40009e+09 156592 -519762 -8.86684e+08
-156601 519762 1.40014e+09 156601 -519762 -8.8666e+08
-156611 519762 1.4002e+09 156611 -519762 -8.86636e+08
-156620 519762 1.40025e+09 156620 -519762 -8.86612e+08
-156630 519762 1.40031e+09 156630 -519762 -8.86588e+08
-156639 519762 1.40036e+09 156639 -519762 -8.86564e+08
-156649 519762 1.40042e+09 156649 -519762 -8.8654e+08
-156658 519762 1.40048e+09 156658 -519762 -8.86516e+08
-156668 519762 1.40053e+09 156668 -519762 -8.86492e+08
-156677 519762 1.40059e+09 156677 -519762 -8.86468e+08
-156687 519762 1.40064e+09 156687 -519762 -8.86444e+08
-156697 519762 1.4007e+09 156697 -519762 -8.8642e+08
-156706 519762 1.40075e+09 156706 -519762 -8.86396e+08
-156716 519762 1.40081e+09 156716 -519762 -8.86372e+08
-156725 519762 1.40086e+09 156725 -519762 -8.86348e+08
-156735 519762 1.40092e+09 156735 -519762 -8.86324e+08
-156744 519762 1.40097e+09 156744 -519762 -8.863e+08
-156754 519762 1.40103e+09 156754 -519762 -8.86276e+08
-156763 519762 1.40108e+09 156763 -519762 -8.86251e+08
-156773 519762 1.40114e+09 156773 -519762 -8.86227e+08
-156782 519762 1.40119e+09 156782 -519762 -8.86203e+08
-156792 519762 1.40125e+09 156792 -519762 -8.86179e+08
-156801 519762 1.40131e+09 156801 -519762 -8.86155e+08
-156811 519762 1.40136e+09 156811 -519762 -8.86131e+08
-156821 519762 1.40142e+09 156821 -519762 -8.86107e+08
-156830 519762 1.40147e+09 156830 -519762 -8.86083e+08
-156840 519762 1.40153e+09 156840 -519762 -8.86059e+08
-156849 519762 1.40158e+09 156849 -519762 -8.86035e+08
-156859 519762 1.40164e+09 156859 -519762 -8.86011e+08
-156868 519762 1.40169e+09 156868 -519762 -8.85987e+08
-156878 519762 1.40175e+09 156878 -519762 -8.85963e+08
-156887 519762 1.4018e+09 156887 -519762 -8.85939e+08
-156897 519762 1.40186e+09 156897 -519762 -8.85915e+08
-156906 519762 1.40191e+09 156906 -519762 -8.85891e+08
-156916 519762 1.40197e+09 156916 -519762 -8.85867e+08
-156926 519762 1.40202e+09 156926 -519762 -8.85843e+08
-156935 519762 1.40208e+09 156935 -519762 -8.85819e+08
-156945 519762 1.40214e+09 156945 -519762 -8.85795e+08
-156954 519762 1.40219e+09 156954 -519762 -8.85771e+08
-156964 519762 1.40225e+09 156964 -519762 -8.85747e+08
-156973 519762 1.4023e+09 156973 -519762 -8.85723e+08
-156983 519762 1.40236e+09 156983 -519762 -8.85699e+08
-156992 519762 1.40241e+09 156992 -519762 -8.85675e+08
-157002 519762 1.40247e+09 157002 -519762 -8.85651e+08
-157011 519762 1.40252e+09 157011 -519762 -8.85627e+08
-157021 519762 1.40258e+09 157021 -519762 -8.85603e+08
-157030 519762 1.40263e+09 157030 -519762 -8.85578e+08
-157040 519762 1.40269e+09 157040 -519762 -8.85554e+08
-157050 519762 1.40274e+09 157050 -519762 -8.8553e+08
-157059 519762 1.4028e+09 157059 -519762 -8.85506e+08
-157069 519762 1.40285e+09 157069 -519762 -8.85482e+08
-157078 519762 1.40291e+09 157078 -519762 -8.85458e+08
-157088 519762 1.40297e+09 157088 -519762 -8.85434e+08
-157097 519762 1.40302e+09 157097 -519762 -8.8541e+08
-157107 519762 1.40308e+09 157107 -519762 -8.85386e+08
-157116 519762 1.40313e+09 157116 -519762 -8.85362e+08
-157126 519762 1.40319e+09 157126 -519762 -8.85338e+08
-157135 519762 1.40324e+09 157135 -519762 -8.85314e+08
-157145 519762 1.4033e+09 157145 -519762 -8.8529e+08
-157154 519762 1.40335e+09 157154 -519762 -8.85266e+08
-157164 519762 1.40341e+09 157164 -519762 -8.85242e+08
-157174 519762 1.40346e+09 157174 -519762 -8.85218e+08
-157183 519762 1.40352e+09 157183 -519762 -8.85194e+08
-157193 519762 1.40357e+09 157193 -519762 -8.8517e+08
-157202 519762 1.40363e+09 157202 -519762 -8.85146e+08
-157212 519762 1.40368e+09 157212 -519762 -8.85122e+08
-157221 519762 1.40374e+09 157221 -519762 -8.85098e+08
-157231 519762 1.4038e+09 157231 -519762 -8.85074e+08
-157240 519762 1.40385e+09 157240 -519762 -8.8505e+08
-157250 519762 1.40391e+09 157250 -519762 -8.85026e+08
-157259 519762 1.40396e+09 157259 -519762 -8.85002e+08
-157269 519762 1.40402e+09 157269 -519762 -8.84978e+08
-157278 519762 1.40407e+09 157278 -519762 -8.84954e+08
-157288 519762 1.40413e+09 157288 -519762 -8.8493e+08
-157298 519762 1.40418e+09 157298 -519762 -8.84906e+08
-157307 519762 1.40424e+09 157307 -519762 -8.84882e+08
-157317 519762 1.40429e+09 157317 -519762 -8.84858e+08
-157326 519762 1.40435e+09 157326 -519762 -8.84833e+08
-157336 519762 1.4044e+09 157336 -519762 -8.84809e+08
-157345 519762 1.40446e+09 157345 -519762 -8.84785e+08
-157355 519762 1.40451e+09 157355 -519762 -8.84761e+08
-157364 519762 1.40457e+09 157364 -519762 -8.84737e+08
-157374 519762 1.40463e+09 157374 -519762 -8.84713e+08
-157383 519762 1.40468e+09 157383 -519762 -8.84689e+08
-157393 519762 1.40474e+09 157393 -519762 -8.84665e+08
-157403 519762 1.40479e+09 157403 -519762 -8.84641e+08
-157412 519762 1.40485e+09 157412 -519762 -8.84617e+08
-157422 519762 1.4049e+09 157422 -519762 -8.84593e+08
-157431 519762 1.40496e+09 157431 -519762 -8.84569e+08
-157441 519762 1.40501e+09 157441 -519762 -8.84545e+08
-157450 519762 1.40507e+09 157450 -519762 -8.84521e+08
-157460 519762 1.40512e+09 157460 -519762 -8.84497e+08
-157469 519762 1.40518e+09 157469 -519762 -8.84473e+08
-157479 519762 1.40523e+09 157479 -519762 -8.84449e+08
-157488 519762 1.40529e+09 157488 -519762 -8.84425e+08
-157498 519762 1.40535e+09 157498 -519762 -8.84401e+08
-157507 519762 1.4054e+09 157507 -519762 -8.84377e+08
-157517 519762 1.40546e+09 157517 -519762 -8.84353e+08
-157527 519762 1.40551e+09 157527 -519762 -8.84329e+08
-157536 519762 1.40557e+09 157536 -519762 -8.84305e+08
-157546 519762 1.40562e+09 157546 -519762 -8.84281e+08
-157555 519762 1.40568e+09 157555 -519762 -8.84257e+08
-157565 519762 1.40573e+09 157565 -519762 -8.84233e+08
-157574 519762 1.40579e+09 157574 -519762 -8.84209e+08
-157584 519762 1.40584e+09 157584 -519762 -8.84185e+08
-157593 519762 1.4059e+09 157593 -519762 -8.84161e+08
-157603 519762 1.40595e+09 157603 -519762 -8.84137e+08
-157612 519762 1.40601e+09 157612 -519762 -8.84113e+08
-157622 519762 1.40606e+09 157622 -519762 -8.84089e+08
-157632 519762 1.40612e+09 157632 -519762 -8.84065e+08
-157641 519762 1.40618e+09 157641 -519762 -8.84041e+08
-157651 519762 1.40623e+09 157651 -519762 -8.84016e+08
-157660 519762 1.40629e+09 157660 -519762 -8.83992e+08
-157670 519762 1.40634e+09 157670 -519762 -8.83968e+08
-157679 519762 1.4064e+09 157679 -519762 -8.83944e+08
-157689 519762 1.40645e+09 157689 -519762 -8.8392e+08
-157698 519762 1.40651e+09 157698 -519762 -8.83896e+08
-157708 519762 1.40656e+09 157708 -519762 -8.83872e+08
-157717 519762 1.40662e+09 157717 -519762 -8.83848e+08
-157727 519762 1.40667e+09 157727 -519762 -8.83824e+08
-157737 519762 1.40673e+09 157737 -519762 -8.838e+08
-157746 519762 1.40678e+09 157746 -519762 -8.83776e+08
-157756 519762 1.40684e+09 157756 -519762 -8.83752e+08
-157765 519762 1.40689e+09 157765 -519762 -8.83728e+08
-157775 519762 1.40695e+09 157775 -519762 -8.83704e+08
-157784 519762 1.40701e+09 157784 -519762 -8.8368e+08
-157794 519762 1.40706e+09 157794 -519762 -8.83656e+08
-157803 519762 1.40712e+09 157803 -519762 -8.83632e+08
-157813 519762 1.40717e+09 157813 -519762 -8.83608e+08
-157822 519762 1.40723e+09 157822 -519762 -8.83584e+08
-157832 519762 1.40728e+09 157832 -519762 -8.8356e+08
-157841 519762 1.40734e+09 157841 -519762 -8.83536e+08
-157851 519762 1.40739e+09 157851 -519762 -8.83512e+08
-157861 519762 1.40745e+09 157861 -519762 -8.83488e+08
-157870 519762 1.4075e+09 157870 -519762 -8.83464e+08
-157880 519762 1.40756e+09 157880 -519762 -8.8344e+08
-157889 519762 1.40761e+09 157889 -519762 -8.83416e+08
-157899 519762 1.40767e+09 157899 -519762 -8.83392e+08
-157908 519762 1.40773e+09 157908 -519762 -8.83368e+08
-157918 519762 1.40778e+09 157918 -519762 -8.83344e+08
-157927 519762 1.40784e+09 157927 -519762 -8.8332e+08
-157937 519762 1.40789e+09 157937 -519762 -8.83296e+08
-157946 519762 1.40795e+09 157946 -519762 -8.83272e+08
-157956 519762 1.408e+09 157956 -519762 -8.83248e+08
-157966 519762 1.40806e+09 157966 -519762 -8.83224e+08
-157975 519762 1.40811e+09 157975 -519762 -8.832e+08
-157985 519762 1.40817e+09 157985 -519762 -8.83176e+08
-157994 519762 1.40822e+09 157994 -519762 -8.83152e+08
-158004 519762 1.40828e+09 158004 -519762 -8.83128e+08
-158013 519762 1.40833e+09 158013 -519762 -8.83103e+08
-158023 519762 1.40839e+09 158023 -519762 -8.83079e+08
-158032 519762 1.40844e+09 158032 -519762 -8.83055e+08
-158042 519762 1.4085e+09 158042 -519762 -8.83031e+08
-158051 519762 1.40856e+09 158051 -519762 -8.83007e+08
-158061 519762 1.40861e+09 158061 -519762 -8.82983e+08
-158071 519762 1.40867e+09 158071 -519762 -8.82959e+08
-158080 519762 1.40872e+09 158080 -519762 -8.82935e+08
-158090 519762 1.40878e+09 158090 -519762 -8.82911e+08
-158099 519762 1.40883e+09 158099 -519762 -8.82887e+08
-158109 519762 1.40889e+09 158109 -519762 -8.82863e+08
-158118 519762 1.40894e+09 158118 -519762 -8.82839e+08
-158128 519762 1.409e+09 158128 -519762 -8.82815e+08
-158137 519762 1.40905e+09 158137 -519762 -8.82791e+08
-158147 519762 1.40911e+09 158147 -519762 -8.82767e+08
-158156 519762 1.40916e+09 158156 -519762 -8.82743e+08
-158166 519762 1.40922e+09 158166 -519762 -8.82719e+08
-158176 519762 1.40928e+09 158176 -519762 -8.82695e+08
-158185 519762 1.40933e+09 158185 -519762 -8.82671e+08
-158195 519762 1.40939e+09 158195 -519762 -8.82647e+08
-158204 519762 1.40944e+09 158204 -519762 -8.82623e+08
-158214 519762 1.4095e+09 158214 -519762 -8.82599e+08
-158223 519762 1.40955e+09 158223 -519762 -8.82575e+08
-158233 519762 1.40961e+09 158233 -519762 -8.82551e+08
-158242 519762 1.40966e+09 158242 -519762 -8.82527e+08
-158252 519762 1.40972e+09 158252 -519762 -8.82503e+08
-158261 519762 1.40977e+09 158261 -519762 -8.82479e+08
-158271 519762 1.40983e+09 158271 -519762 -8.82455e+08
-158280 519762 1.40988e+09 158280 -519762 -8.82431e+08
-158290 519762 1.40994e+09 158290 -519762 -8.82407e+08
-158300 519762 1.40999e+09 158300 -519762 -8.82383e+08
-158309 519762 1.41005e+09 158309 -519762 -8.82359e+08
-158319 519762 1.41011e+09 158319 -519762 -8.82335e+08
-158328 519762 1.41016e+09 158328 -519762 -8.82311e+08
-158338 519762 1.41022e+09 158338 -519762 -8.82287e+08
-158347 519762 1.41027e+09 158347 -519762 -8.82263e+08
-158357 519762 1.41033e+09 158357 -519762 -8.82239e+08
-158366 519762 1.41038e+09 158366 -519762 -8.82215e+08
-158376 519762 1.41044e+09 158376 -519762 -8.82191e+08
-158385 519762 1.41049e+09 158385 -519762 -8.82167e+08
-158395 519762 1.41055e+09 158395 -519762 -8.82143e+08
-158405 519762 1.4106e+09 158405 -519762 -8.82119e+08
-158414 519762 1.41066e+09 158414 -519762 -8.82095e+08
-158424 519762 1.41071e+09 158424 -519762 -8.82071e+08
-158433 519762 1.41077e+09 158433 -519762 -8.82047e+08
-158443 519762 1.41083e+09 158443 -519762 -8.82022e+08
-158452 519762 1.41088e+09 158452 -519762 -8.81998e+08
-158462 519762 1.41094e+09 158462 -519762 -8.81974e+08
-158471 519762 1.41099e+09 158471 -519762 -8.8195e+08
-158481 519762 1.41105e+09 158481 -519762 -8.81926e+08
-158490 519762 1.4111e+09 158490 -519762 -8.81902e+08
-158500 519762 1.41116e+09 158500 -519762 -8.81878e+08
-158510 519762 1.41121e+09 158510 -519762 -8.81854e+08
-158519 519762 1.41127e+09 158519 -519762 -8.8183e+08
-158529 519762 1.41132e+09 158529 -519762 -8.81806e+08
-158538 519762 1.41138e+09 158538 -519762 -8.81782e+08
-158548 519762 1.41143e+09 158548 -519762 -8.81758e+08
-158557 519762 1.41149e+09 158557 -519762 -8.81734e+08
-158567 519762 1.41155e+09 158567 -519762 -8.8171e+08
-158576 519762 1.4116e+09 158576 -519762 -8.81686e+08
-158586 519762 1.41166e+09 158586 -519762 -8.81662e+08
-158596 519762 1.41171e+09 158596 -519762 -8.81638e+08
-158605 519762 1.41177e+09 158605 -519762 -8.81614e+08
-158615 519762 1.41182e+09 158615 -519762 -8.8159e+08
-158624 519762 1.41188e+09 158624 -519762 -8.81566e+08
-158634 519762 1.41193e+09 158634 -519762 -8.81542e+08
-158643 519762 1.41199e+09 158643 -519762 -8.81518e+08
-158653 519762 1.41204e+09 158653 -519762 -8.81494e+08
-158662 519762 1.4121e+09 158662 -519762 -8.8147e+08
-158672 519762 1.41215e+09 158672 -519762 -8.81446e+08
-158681 519762 1.41221e+09 158681 -519762 -8.81422e+08
-158691 519762 1.41227e+09 158691 -519762 -8.81398e+08
-158701 519762 1.41232e+09 158701 -519762 -8.81374e+08
-158710 519762 1.41238e+09 158710 -519762 -8.8135e+08
-158720 519762 1.41243e+09 158720 -519762 -8.81326e+08
-158729 519762 1.41249e+09 158729 -519762 -8.81302e+08
-158739 519762 1.41254e+09 158739 -519762 -8.81278e+08
-158748 519762 1.4126e+09 158748 -519762 -8.81254e+08
-158758 519762 1.41265e+09 158758 -519762 -8.8123e+08
-158767 519762 1.41271e+09 158767 -519762 -8.81206e+08
-158777 519762 1.41276e+09 158777 -519762 -8.81182e+08
-158786 519762 1.41282e+09 158786 -519762 -8.81158e+08
-158796 519762 1.41287e+09 158796 -519762 -8.81134e+08
-158806 519762 1.41293e+09 158806 -519762 -8.8111e+08
-158815 519762 1.41298e+09 158815 -519762 -8.81086e+08
-158825 519762 1.41304e+09 158825 -519762 -8.81062e+08
-158834 519762 1.4131e+09 158834 -519762 -8.81038e+08
-158844 519762 1.41315e+09 158844 -519762 -8.81014e+08
-158853 519762 1.41321e+09 158853 -519762 -8.8099e+08
-158863 519762 1.41326e+09 158863 -519762 -8.80966e+08
-158872 519762 1.41332e+09 158872 -519762 -8.80942e+08
-158882 519762 1.41337e+09 158882 -519762 -8.80918e+08
-158891 519762 1.41343e+09 158891 -519762 -8.80894e+08
-158901 519762 1.41348e+09 158901 -519762 -8.8087e+08
-158911 519762 1.41354e+09 158911 -519762 -8.80846e+08
-158920 519762 1.41359e+09 158920 -519762 -8.80822e+08
-158930 519762 1.41365e+09 158930 -519762 -8.80798e+08
-158939 519762 1.4137e+09 158939 -519762 -8.80774e+08
-158949 519762 1.41376e+09 158949 -519762 -8.8075e+08
-158958 519762 1.41382e+09 158958 -519762 -8.80726e+08
-158968 519762 1.41387e+09 158968 -519762 -8.80702e+08
-158977 519762 1.41393e+09 158977 -519762 -8.80678e+08
-158987 519762 1.41398e+09 158987 -519762 -8.80654e+08
-158996 519762 1.41404e+09 158996 -519762 -8.8063e+08
-159006 519762 1.41409e+09 159006 -519762 -8.80606e+08
-159016 519762 1.41415e+09 159016 -519762 -8.80582e+08
-159025 519762 1.4142e+09 159025 -519762 -8.80558e+08
-159035 519762 1.41426e+09 159035 -519762 -8.80533e+08
-159044 519762 1.41431e+09 159044 -519762 -8.80509e+08
-159054 519762 1.41437e+09 159054 -519762 -8.80485e+08
-159063 519762 1.41442e+09 159063 -519762 -8.80461e+08
-159073 519762 1.41448e+09 159073 -519762 -8.80437e+08
-159082 519762 1.41454e+09 159082 -519762 -8.80413e+08
-159092 519762 1.41459e+09 159092 -519762 -8.80389e+08
-159102 519762 1.41465e+09 159102 -519762 -8.80365e+08
-159111 519762 1.4147e+09 159111 -519762 -8.80341e+08
-159121 519762 1.41476e+09 159121 -519762 -8.80317e+08
-159130 519762 1.41481e+09 159130 -519762 -8.80293e+08
-159140 519762 1.41487e+09 159140 -519762 -8.80269e+08
-159149 519762 1.41492e+09 159149 -519762 -8.80245e+08
-159159 519762 1.41498e+09 159159 -519762 -8.80221e+08
-159168 519762 1.41503e+09 159168 -519762 -8.80197e+08
-159178 519762 1.41509e+09 159178 -519762 -8.80173e+08
-159187 519762 1.41514e+09 159187 -519762 -8.80149e+08
-159197 519762 1.4152e+09 159197 -519762 -8.80125e+08
-159207 519762 1.41526e+09 159207 -519762 -8.80101e+08
-159216 519762 1.41531e+09 159216 -519762 -8.80077e+08
-159226 519762 1.41537e+09 159226 -519762 -8.80053e+08
-159235 519762 1.41542e+09 159235 -519762 -8.80029e+08
-159245 519762 1.41548e+09 159245 -519762 -8.80005e+08
-159254 519762 1.41553e+09 159254 -519762 -8.79981e+08
-159264 519762 1.41559e+09 159264 -519762 -8.79957e+08
-159273 519762 1.41564e+09 159273 -519762 -8.79933e+08
-159283 519762 1.4157e+09 159283 -519762 -8.79909e+08
-159292 519762 1.41575e+09 159292 -519762 -8.79885e+08
-159302 519762 1.41581e+09 159302 -519762 -8.79861e+08
-159312 519762 1.41586e+09 159312 -519762 -8.79837e+08
-159321 519762 1.41592e+09 159321 -519762 -8.79813e+08
-159331 519762 1.41598e+09 159331 -519762 -8.79789e+08
-159340 519762 1.41603e+09 159340 -519762 -8.79765e+08
-159350 519762 1.41609e+09 159350 -519762 -8.79741e+08
-159359 519762 1.41614e+09 159359 -519762 -8.79717e+08
-159369 519762 1.4162e+09 159369 -519762 -8.79693e+08
-159378 519762 1.41625e+09 159378 -519762 -8.79669e+08
-159388 519762 1.41631e+09 159388 -519762 -8.79645e+08
-159398 519762 1.41636e+09 159398 -519762 -8.79621e+08
-159407 519762 1.41642e+09 159407 -519762 -8.79597e+08
-159417 519762 1.41647e+09 159417 -519762 -8.79573e+08
-159426 519762 1.41653e+09 159426 -519762 -8.79549e+08
-159436 519762 1.41658e+09 159436 -519762 -8.79525e+08
-159445 519762 1.41664e+09 159445 -519762 -8.79501e+08
-159455 519762 1.4167e+09 159455 -519762 -8.79477e+08
-159464 519762 1.41675e+09 159464 -519762 -8.79453e+08
-159474 519762 1.41681e+09 159474 -519762 -8.79429e+08
-159483 519762 1.41686e+09 159483 -519762 -8.79405e+08
-159493 519762 1.41692e+09 159493 -519762 -8.79381e+08
-159503 519762 1.41697e+09 159503 -519762 -8.79357e+08
-159512 519762 1.41703e+09 159512 -519762 -8.79333e+08
-159522 519762 1.41708e+09 159522 -519762 -8.79309e+08
-159531 519762 1.41714e+09 159531 -519762 -8.79285e+08
-159541 519762 1.41719e+09 159541 -519762 -8.79261e+08
-159550 519762 1.41725e+09 159550 -519762 -8.79237e+08
-159560 519762 1.4173e+09 159560 -519762 -8.79213e+08
-159569 519762 1.41736e+09 159569 -519762 -8.79189e+08
-159579 519762 1.41742e+09 159579 -519762 -8.79165e+08
-159589 519762 1.41747e+09 159589 -519762 -8.79141e+08
-159598 519762 1.41753e+09 159598 -519762 -8.79117e+08
-159608 519762 1.41758e+09 159608 -519762 -8.79093e+08
-159617 519762 1.41764e+09 159617 -519762 -8.79069e+08
-159627 519762 1.41769e+09 159627 -519762 -8.79045e+08
-159636 519762 1.41775e+09 159636 -519762 -8.79021e+08
-159646 519762 1.4178e+09 159646 -519762 -8.78997e+08
-159655 519762 1.41786e+09 159655 -519762 -8.78973e+08
-159665 519762 1.41791e+09 159665 -519762 -8.78949e+08
-159674 519762 1.41797e+09 159674 -519762 -8.78925e+08
-159684 519762 1.41802e+09 159684 -519762 -8.78901e+08
-159694 519762 1.41808e+09 159694 -519762 -8.78877e+08
-159703 519762 1.41814e+09 159703 -519762 -8.78853e+08
-159713 519762 1.41819e+09 159713 -519762 -8.78829e+08
-159722 519762 1.41825e+09 159722 -519762 -8.78805e+08
-159732 519762 1.4183e+09 159732 -519762 -8.78781e+08
-159741 519762 1.41836e+09 159741 -519762 -8.78757e+08
-159751 519762 1.41841e+09 159751 -519762 -8.78733e+08
-159760 519762 1.41847e+09 159760 -519762 -8.78709e+08
-159770 519762 1.41852e+09 159770 -519762 -8.78685e+08
-159780 519762 1.41858e+09 159780 -519762 -8.78661e+08
-159789 519762 1.41863e+09 159789 -519762 -8.78637e+08
-159799 519762 1.41869e+09 159799 -519762 -8.78613e+08
-159808 519762 1.41875e+09 159808 -519762 -8.78589e+08
-159818 519762 1.4188e+09 159818 -519762 -8.78565e+08
-159827 519762 1.41886e+09 159827 -519762 -8.78541e+08
-159837 519762 1.41891e+09 159837 -519762 -8.78517e+08
-159846 519762 1.41897e+09 159846 -519762 -8.78493e+08
-159856 519762 1.41902e+09 159856 -519762 -8.78469e+08
-159865 519762 1.41908e+09 159865 -519762 -8.78445e+08
-159875 519762 1.41913e+09 159875 -519762 -8.78421e+08
-159885 519762 1.41919e+09 159885 -519762 -8.78397e+08
-159894 519762 1.41924e+09 159894 -519762 -8.78373e+08
-159904 519762 1.4193e+09 159904 -519762 -8.78349e+08
-159913 519762 1.41935e+09 159913 -519762 -8.78325e+08
-159923 519762 1.41941e+09 159923 -519762 -8.78301e+08
-159932 519762 1.41947e+09 159932 -519762 -8.78277e+08
-159942 519762 1.41952e+09 159942 -519762 -8.78253e+08
-159951 519762 1.41958e+09 159951 -519762 -8.78229e+08
-159961 519762 1.41963e+09 159961 -519762 -8.78205e+08
-159971 519762 1.41969e+09 159971 -519762 -8.78181e+08
-159980 519762 1.41974e+09 159980 -519762 -8.78157e+08
-159990 519762 1.4198e+09 159990 -519762 -8.78133e+08
-159999 519762 1.41985e+09 159999 -519762 -8.78109e+08
-160009 519762 1.41991e+09 160009 -519762 -8.78085e+08
-160018 519762 1.41996e+09 160018 -519762 -8.78061e+08
-160028 519762 1.42002e+09 160028 -519762 -8.78037e+08
-160037 519762 1.42007e+09 160037 -519762 -8.78013e+08
-160047 519762 1.42013e+09 160047 -519762 -8.77989e+08
-160057 519762 1.42019e+09 160057 -519762 -8.77965e+08
-160066 519762 1.42024e+09 160066 -519762 -8.77941e+08
-160076 519762 1.4203e+09 160076 -519762 -8.77917e+08
-160085 519762 1.42035e+09 160085 -519762 -8.77893e+08
-160095 519762 1.42041e+09 160095 -519762 -8.77869e+08
-160104 519762 1.42046e+09 160104 -519762 -8.77845e+08
-160114 519762 1.42052e+09 160114 -519762 -8.77821e+08
-160123 519762 1.42057e+09 160123 -519762 -8.77797e+08
-160133 519762 1.42063e+09 160133 -519762 -8.77773e+08
-160142 519762 1.42068e+09 160142 -519762 -8.77749e+08
-160152 519762 1.42074e+09 160152 -519762 -8.77725e+08
-160162 519762 1.42079e+09 160162 -519762 -8.77701e+08
-160171 519762 1.42085e+09 160171 -519762 -8.77677e+08
-160181 519762 1.42091e+09 160181 -519762 -8.77653e+08
-160190 519762 1.42096e+09 160190 -519762 -8.77629e+08
-160200 519762 1.42102e+09 160200 -519762 -8.77605e+08
-160209 519762 1.42107e+09 160209 -519762 -8.77581e+08
-160219 519762 1.42113e+09 160219 -519762 -8.77557e+08
-160228 519762 1.42118e+09 160228 -519762 -8.77533e+08
-160238 519762 1.42124e+09 160238 -519762 -8.77509e+08
-160248 519762 1.42129e+09 160248 -519762 -8.77485e+08
-160257 519762 1.42135e+09 160257 -519762 -8.77461e+08
-160267 519762 1.4214e+09 160267 -519762 -8.77437e+08
-160276 519762 1.42146e+09 160276 -519762 -8.77413e+08
-160286 519762 1.42152e+09 160286 -519762 -8.77389e+08
-160295 519762 1.42157e+09 160295 -519762 -8.77365e+08
-160305 519762 1.42163e+09 160305 -519762 -8.77341e+08
-160314 519762 1.42168e+09 160314 -519762 -8.77317e+08
-160324 519762 1.42174e+09 160324 -519762 -8.77293e+08
-160334 519762 1.42179e+09 160334 -519762 -8.77269e+08
-160343 519762 1.42185e+09 160343 -519762 -8.77245e+08
-160353 519762 1.4219e+09 160353 -519762 -8.77221e+08
-160362 519762 1.42196e+09 160362 -519762 -8.77197e+08
-160372 519762 1.42201e+09 160372 -519762 -8.77173e+08
-160381 519762 1.42207e+09 160381 -519762 -8.77149e+08
-160391 519762 1.42212e+09 160391 -519762 -8.77125e+08
-160400 519762 1.42218e+09 160400 -519762 -8.77101e+08
-160410 519762 1.42224e+09 160410 -519762 -8.77077e+08
-160420 519762 1.42229e+09 160420 -519762 -8.77053e+08
-160429 519762 1.42235e+09 160429 -519762 -8.77029e+08
-160439 519762 1.4224e+09 160439 -519762 -8.77005e+08
-160448 519762 1.42246e+09 160448 -519762 -8.76981e+08
-160458 519762 1.42251e+09 160458 -519762 -8.76957e+08
-160467 519762 1.42257e+09 160467 -519762 -8.76933e+08
-160477 519762 1.42262e+09 160477 -519762 -8.76909e+08
-160486 519762 1.42268e+09 160486 -519762 -8.76885e+08
-160496 519762 1.42273e+09 160496 -519762 -8.76861e+08
-160505 519762 1.42279e+09 160505 -519762 -8.76837e+08
-160515 519762 1.42284e+09 160515 -519762 -8.76813e+08
-160525 519762 1.4229e+09 160525 -519762 -8.76789e+08
-160534 519762 1.42296e+09 160534 -519762 -8.76765e+08
-160544 519762 1.42301e+09 160544 -519762 -8.76741e+08
-160553 519762 1.42307e+09 160553 -519762 -8.76717e+08
-160563 519762 1.42312e+09 160563 -519762 -8.76693e+08
-160572 519762 1.42318e+09 160572 -519762 -8.76669e+08
-160582 519762 1.42323e+09 160582 -519762 -8.76645e+08
-160591 519762 1.42329e+09 160591 -519762 -8.76621e+08
-160601 519762 1.42334e+09 160601 -519762 -8.76597e+08
-160611 519762 1.4234e+09 160611 -519762 -8.76573e+08
-160620 519762 1.42345e+09 160620 -519762 -8.76549e+08
-160630 519762 1.42351e+09 160630 -519762 -8.76525e+08
-160639 519762 1.42357e+09 160639 -519762 -8.76501e+08
-160649 519762 1.42362e+09 160649 -519762 -8.76477e+08
-160658 519762 1.42368e+09 160658 -519762 -8.76453e+08
-160668 519762 1.42373e+09 160668 -519762 -8.76429e+08
-160677 519762 1.42379e+09 160677 -519762 -8.76405e+08
-160687 519762 1.42384e+09 160687 -519762 -8.76381e+08
-160697 519762 1.4239e+09 160697 -519762 -8.76357e+08
-160706 519762 1.42395e+09 160706 -519762 -8.76333e+08
-160716 519762 1.42401e+09 160716 -519762 -8.76309e+08
-160725 519762 1.42406e+09 160725 -519762 -8.76285e+08
-160735 519762 1.42412e+09 160735 -519762 -8.76261e+08
-160744 519762 1.42417e+09 160744 -519762 -8.76237e+08
-160754 519762 1.42423e+09 160754 -519762 -8.76213e+08
-160763 519762 1.42429e+09 160763 -519762 -8.76189e+08
-160773 519762 1.42434e+09 160773 -519762 -8.76165e+08
-160783 519762 1.4244e+09 160783 -519762 -8.76141e+08
-160792 519762 1.42445e+09 160792 -519762 -8.76117e+08
-160802 519762 1.42451e+09 160802 -519762 -8.76093e+08
-160811 519762 1.42456e+09 160811 -519762 -8.76069e+08
-160821 519762 1.42462e+09 160821 -519762 -8.76045e+08
-160830 519762 1.42467e+09 160830 -519762 -8.76021e+08
-160840 519762 1.42473e+09 160840 -519762 -8.75997e+08
-160849 519762 1.42478e+09 160849 -519762 -8.75973e+08
-160859 519762 1.42484e+09 160859 -519762 -8.75949e+08
-160869 519762 1.4249e+09 160869 -519762 -8.75925e+08
-160878 519762 1.42495e+09 160878 -519762 -8.75901e+08
-160888 519762 1.42501e+09 160888 -519762 -8.75877e+08
-160897 519762 1.42506e+09 160897 -519762 -8.75853e+08
-160907 519762 1.42512e+09 160907 -519762 -8.75829e+08
-160916 519762 1.42517e+09 160916 -519762 -8.75805e+08
-160926 519762 1.42523e+09 160926 -519762 -8.75781e+08
-160935 519762 1.42528e+09 160935 -519762 -8.75757e+08
-160945 519762 1.42534e+09 160945 -519762 -8.75733e+08
-160955 519762 1.42539e+09 160955 -519762 -8.75709e+08
-160964 519762 1.42545e+09 160964 -519762 -8.75685e+08
-160974 519762 1.4255e+09 160974 -519762 -8.75661e+08
-160983 519762 1.42556e+09 160983 -519762 -8.75637e+08
-160993 519762 1.42562e+09 160993 -519762 -8.75613e+08
-161002 519762 1.42567e+09 161002 -519762 -8.75589e+08
-161012 519762 1.42573e+09 161012 -519762 -8.75565e+08
-161021 519762 1.42578e+09 161021 -519762 -8.75541e+08
-161031 519762 1.42584e+09 161031 -519762 -8.75517e+08
-161041 519762 1.42589e+09 161041 -519762 -8.75493e+08
-161050 519762 1.42595e+09 161050 -519762 -8.75469e+08
-161060 519762 1.426e+09 161060 -519762 -8.75445e+08
-161069 519762 1.42606e+09 161069 -519762 -8.75421e+08
-161079 519762 1.42611e+09 161079 -519762 -8.75397e+08
-161088 519762 1.42617e+09 161088 -519762 -8.75373e+08
-161098 519762 1.42623e+09 161098 -519762 -8.75349e+08
-161107 519762 1.42628e+09 161107 -519762 -8.75325e+08
-161117 519762 1.42634e+09 161117 -519762 -8.75301e+08
-161127 519762 1.42639e+09 161127 -519762 -8.75277e+08
-161136 519762 1.42645e+09 161136 -519762 -8.75253e+08
-161146 519762 1.4265e+09 161146 -519762 -8.75229e+08
-161155 519762 1.42656e+09 161155 -519762 -8.75205e+08
-161165 519762 1.42661e+09 161165 -519762 -8.75181e+08
-161174 519762 1.42667e+09 161174 -519762 -8.75157e+08
-161184 519762 1.42672e+09 161184 -519762 -8.75133e+08
-161193 519762 1.42678e+09 161193 -519762 -8.75109e+08
-161203 519762 1.42684e+09 161203 -519762 -8.75085e+08
-161213 519762 1.42689e+09 161213 -519762 -8.75061e+08
-161222 519762 1.42695e+09 161222 -519762 -8.75037e+08
-161232 519762 1.427e+09 161232 -519762 -8.75013e+08
-161241 519762 1.42706e+09 161241 -519762 -8.74989e+08
-161251 519762 1.42711e+09 161251 -519762 -8.74965e+08
-161260 519762 1.42717e+09 161260 -519762 -8.74941e+08
-161270 519762 1.42722e+09 161270 -519762 -8.74917e+08
-161279 519762 1.42728e+09 161279 -519762 -8.74893e+08
-161289 519762 1.42733e+09 161289 -519762 -8.74869e+08
-161299 519762 1.42739e+09 161299 -519762 -8.74845e+08
-161308 519762 1.42744e+09 161308 -519762 -8.74821e+08
-161318 519762 1.4275e+09 161318 -519762 -8.74797e+08
-161327 519762 1.42756e+09 161327 -519762 -8.74773e+08
-161337 519762 1.42761e+09 161337 -519762 -8.74749e+08
-161346 519762 1.42767e+09 161346 -519762 -8.74725e+08
-161356 519762 1.42772e+09 161356 -519762 -8.74701e+08
-161365 519762 1.42778e+09 161365 -519762 -8.74677e+08
-161375 519762 1.42783e+09 161375 -519762 -8.74653e+08
-161385 519762 1.42789e+09 161385 -519762 -8.74629e+08
-161394 519762 1.42794e+09 161394 -519762 -8.74605e+08
-161404 519762 1.428e+09 161404 -519762 -8.74581e+08
-161413 519762 1.42805e+09 161413 -519762 -8.74557e+08
-161423 519762 1.42811e+09 161423 -519762 -8.74533e+08
-161432 519762 1.42817e+09 161432 -519762 -8.74509e+08
-161442 519762 1.42822e+09 161442 -519762 -8.74485e+08
-161451 519762 1.42828e+09 161451 -519762 -8.74461e+08
-161461 519762 1.42833e+09 161461 -519762 -8.74437e+08
-161471 519762 1.42839e+09 161471 -519762 -8.74413e+08
-161480 519762 1.42844e+09 161480 -519762 -8.74389e+08
-161490 519762 1.4285e+09 161490 -519762 -8.74365e+08
-161499 519762 1.42855e+09 161499 -519762 -8.74341e+08
-161509 519762 1.42861e+09 161509 -519762 -8.74317e+08
-161518 519762 1.42866e+09 161518 -519762 -8.74293e+08
-161528 519762 1.42872e+09 161528 -519762 -8.74269e+08
-161537 519762 1.42878e+09 161537 -519762 -8.74245e+08
-161547 519762 1.42883e+09 161547 -519762 -8.74221e+08
-161557 519762 1.42889e+09 161557 -519762 -8.74197e+08
-161566 519762 1.42894e+09 161566 -519762 -8.74173e+08
-161576 519762 1.429e+09 161576 -519762 -8.74149e+08
-161585 519762 1.42905e+09 161585 -519762 -8.74125e+08
-161595 519762 1.42911e+09 161595 -519762 -8.74101e+08
-161604 519762 1.42916e+09 161604 -519762 -8.74077e+08
-161614 519762 1.42922e+09 161614 -519762 -8.74053e+08
-161624 519762 1.42927e+09 161624 -519762 -8.74029e+08
-161633 519762 1.42933e+09 161633 -519762 -8.74005e+08
-161643 519762 1.42938e+09 161643 -519762 -8.73981e+08
-161652 519762 1.42944e+09 161652 -519762 -8.73957e+08
-161662 519762 1.4295e+09 161662 -519762 -8.73933e+08
-161671 519762 1.42955e+09 161671 -519762 -8.73909e+08
-161681 519762 1.42961e+09 161681 -519762 -8.73885e+08
-161690 519762 1.42966e+09 161690 -519762 -8.73861e+08
-161700 519762 1.42972e+09 161700 -519762 -8.73838e+08
-161710 519762 1.42977e+09 161710 -519762 -8.73814e+08
-161719 519762 1.42983e+09 161719 -519762 -8.7379e+08
-161729 519762 1.42988e+09 161729 -519762 -8.73766e+08
-161738 519762 1.42994e+09 161738 -519762 -8.73742e+08
-161748 519762 1.42999e+09 161748 -519762 -8.73718e+08
-161757 519762 1.43005e+09 161757 -519762 -8.73694e+08
-161767 519762 1.43011e+09 161767 -519762 -8.7367e+08
-161776 519762 1.43016e+09 161776 -519762 -8.73646e+08
-161786 519762 1.43022e+09 161786 -519762 -8.73622e+08
-161796 519762 1.43027e+09 161796 -519762 -8.73598e+08
-161805 519762 1.43033e+09 161805 -519762 -8.73574e+08
-161815 519762 1.43038e+09 161815 -519762 -8.7355e+08
-161824 519762 1.43044e+09 161824 -519762 -8.73526e+08
-161834 519762 1.43049e+09 161834 -519762 -8.73502e+08
-161843 519762 1.43055e+09 161843 -519762 -8.73478e+08
-161853 519762 1.4306e+09 161853 -519762 -8.73454e+08
-161862 519762 1.43066e+09 161862 -519762 -8.7343e+08
-161872 519762 1.43072e+09 161872 -519762 -8.73406e+08
-161882 519762 1.43077e+09 161882 -519762 -8.73382e+08
-161891 519762 1.43083e+09 161891 -519762 -8.73358e+08
-161901 519762 1.43088e+09 161901 -519762 -8.73334e+08
-161910 519762 1.43094e+09 161910 -519762 -8.7331e+08
-161920 519762 1.43099e+09 161920 -519762 -8.73286e+08
-161929 519762 1.43105e+09 161929 -519762 -8.73262e+08
-161939 519762 1.4311e+09 161939 -519762 -8.73238e+08
-161949 519762 1.43116e+09 161949 -519762 -8.73214e+08
-161958 519762 1.43121e+09 161958 -519762 -8.7319e+08
-161968 519762 1.43127e+09 161968 -519762 -8.73166e+08
-161977 519762 1.43133e+09 161977 -519762 -8.73142e+08
-161987 519762 1.43138e+09 161987 -519762 -8.73118e+08
-161996 519762 1.43144e+09 161996 -519762 -8.73094e+08
-162006 519762 1.43149e+09 162006 -519762 -8.7307e+08
-162015 519762 1.43155e+09 162015 -519762 -8.73046e+08
-162025 519762 1.4316e+09 162025 -519762 -8.73022e+08
-162035 519762 1.43166e+09 162035 -519762 -8.72998e+08
-162044 519762 1.43171e+09 162044 -519762 -8.72974e+08
-162054 519762 1.43177e+09 162054 -519762 -8.7295e+08
-162063 519762 1.43182e+09 162063 -519762 -8.72926e+08
-162073 519762 1.43188e+09 162073 -519762 -8.72902e+08
-162082 519762 1.43194e+09 162082 -519762 -8.72878e+08
-162092 519762 1.43199e+09 162092 -519762 -8.72854e+08
-162101 519762 1.43205e+09 162101 -519762 -8.7283e+08
-162111 519762 1.4321e+09 162111 -519762 -8.72806e+08
-162121 519762 1.43216e+09 162121 -519762 -8.72782e+08
-162130 519762 1.43221e+09 162130 -519762 -8.72758e+08
-162140 519762 1.43227e+09 162140 -519762 -8.72734e+08
-162149 519762 1.43232e+09 162149 -519762 -8.7271e+08
-162159 519762 1.43238e+09 162159 -519762 -8.72686e+08
-162168 519762 1.43243e+09 162168 -519762 -8.72662e+08
-162178 519762 1.43249e+09 162178 -519762 -8.72638e+08
-162188 519762 1.43255e+09 162188 -519762 -8.72614e+08
-162197 519762 1.4326e+09 162197 -519762 -8.7259e+08
-162207 519762 1.43266e+09 162207 -519762 -8.72566e+08
-162216 519762 1.43271e+09 162216 -519762 -8.72542e+08
-162226 519762 1.43277e+09 162226 -519762 -8.72518e+08
-162235 519762 1.43282e+09 162235 -519762 -8.72494e+08
-162245 519762 1.43288e+09 162245 -519762 -8.7247e+08
-162254 519762 1.43293e+09 162254 -519762 -8.72446e+08
-162264 519762 1.43299e+09 162264 -519762 -8.72423e+08
-162274 519762 1.43304e+09 162274 -519762 -8.72399e+08
-162283 519762 1.4331e+09 162283 -519762 -8.72375e+08
-162293 519762 1.43316e+09 162293 -519762 -8.72351e+08
-162302 519762 1.43321e+09 162302 -519762 -8.72327e+08
-162312 519762 1.43327e+09 162312 -519762 -8.72303e+08
-162321 519762 1.43332e+09 162321 -519762 -8.72279e+08
-162331 519762 1.43338e+09 162331 -519762 -8.72255e+08
-162340 519762 1.43343e+09 162340 -519762 -8.72231e+08
-162350 519762 1.43349e+09 162350 -519762 -8.72207e+08
-162360 519762 1.43354e+09 162360 -519762 -8.72183e+08
-162369 519762 1.4336e+09 162369 -519762 -8.72159e+08
-162379 519762 1.43365e+09 162379 -519762 -8.72135e+08
-162388 519762 1.43371e+09 162388 -519762 -8.72111e+08
-162398 519762 1.43377e+09 162398 -519762 -8.72087e+08
-162407 519762 1.43382e+09 162407 -519762 -8.72063e+08
-162417 519762 1.43388e+09 162417 -519762 -8.72039e+08
-162427 519762 1.43393e+09 162427 -519762 -8.72015e+08
-162436 519762 1.43399e+09 162436 -519762 -8.71991e+08
-162446 519762 1.43404e+09 162446 -519762 -8.71967e+08
-162455 519762 1.4341e+09 162455 -519762 -8.71943e+08
-162465 519762 1.43415e+09 162465 -519762 -8.71919e+08
-162474 519762 1.43421e+09 162474 -519762 -8.71895e+08
-162484 519762 1.43426e+09 162484 -519762 -8.71871e+08
-162493 519762 1.43432e+09 162493 -519762 -8.71847e+08
-162503 519762 1.43438e+09 162503 -519762 -8.71823e+08
-162513 519762 1.43443e+09 162513 -519762 -8.71799e+08
-162522 519762 1.43449e+09 162522 -519762 -8.71775e+08
-162532 519762 1.43454e+09 162532 -519762 -8.71751e+08
-162541 519762 1.4346e+09 162541 -519762 -8.71727e+08
-162551 519762 1.43465e+09 162551 -519762 -8.71703e+08
-162560 519762 1.43471e+09 162560 -519762 -8.71679e+08
-162570 519762 1.43476e+09 162570 -519762 -8.71655e+08
-162580 519762 1.43482e+09 162580 -519762 -8.71631e+08
-162589 519762 1.43487e+09 162589 -519762 -8.71607e+08
-162599 519762 1.43493e+09 162599 -519762 -8.71583e+08
-162608 519762 1.43499e+09 162608 -519762 -8.71559e+08
-162618 519762 1.43504e+09 162618 -519762 -8.71535e+08
-162627 519762 1.4351e+09 162627 -519762 -8.71511e+08
-162637 519762 1.43515e+09 162637 -519762 -8.71487e+08
-162646 519762 1.43521e+09 162646 -519762 -8.71463e+08
-162656 519762 1.43526e+09 162656 -519762 -8.71439e+08
-162666 519762 1.43532e+09 162666 -519762 -8.71415e+08
-162675 519762 1.43537e+09 162675 -519762 -8.71391e+08
-162685 519762 1.43543e+09 162685 -519762 -8.71367e+08
-162694 519762 1.43548e+09 162694 -519762 -8.71343e+08
-162704 519762 1.43554e+09 162704 -519762 -8.71319e+08
-162713 519762 1.4356e+09 162713 -519762 -8.71296e+08
-162723 519762 1.43565e+09 162723 -519762 -8.71272e+08
-162732 519762 1.43571e+09 162732 -519762 -8.71248e+08
-162742 519762 1.43576e+09 162742 -519762 -8.71224e+08
-162752 519762 1.43582e+09 162752 -519762 -8.712e+08
-162761 519762 1.43587e+09 162761 -519762 -8.71176e+08
-162771 519762 1.43593e+09 162771 -519762 -8.71152e+08
-162780 519762 1.43598e+09 162780 -519762 -8.71128e+08
-162790 519762 1.43604e+09 162790 -519762 -8.71104e+08
-162799 519762 1.43609e+09 162799 -519762 -8.7108e+08
-162809 519762 1.43615e+09 162809 -519762 -8.71056e+08
-162819 519762 1.43621e+09 162819 -519762 -8.71032e+08
-162828 519762 1.43626e+09 162828 -519762 -8.71008e+08
-162838 519762 1.43632e+09 162838 -519762 -8.70984e+08
-162847 519762 1.43637e+09 162847 -519762 -8.7096e+08
-162857 519762 1.43643e+09 162857 -519762 -8.70936e+08
-162866 519762 1.43648e+09 162866 -519762 -8.70912e+08
-162876 519762 1.43654e+09 162876 -519762 -8.70888e+08
-162885 519762 1.43659e+09 162885 -519762 -8.70864e+08
-162895 519762 1.43665e+09 162895 -519762 -8.7084e+08
-162905 519762 1.4367e+09 162905 -519762 -8.70816e+08
-162914 519762 1.43676e+09 162914 -519762 -8.70792e+08
-162924 519762 1.43682e+09 162924 -519762 -8.70768e+08
-162933 519762 1.43687e+09 162933 -519762 -8.70744e+08
-162943 519762 1.43693e+09 162943 -519762 -8.7072e+08
-162952 519762 1.43698e+09 162952 -519762 -8.70696e+08
-162962 519762 1.43704e+09 162962 -519762 -8.70672e+08
-162972 519762 1.43709e+09 162972 -519762 -8.70648e+08
-162981 519762 1.43715e+09 162981 -519762 -8.70624e+08
-162991 519762 1.4372e+09 162991 -519762 -8.706e+08
-163000 519762 1.43726e+09 163000 -519762 -8.70576e+08
-163010 519762 1.43731e+09 163010 -519762 -8.70552e+08
-163019 519762 1.43737e+09 163019 -519762 -8.70528e+08
-163029 519762 1.43743e+09 163029 -519762 -8.70504e+08
-163039 519762 1.43748e+09 163039 -519762 -8.7048e+08
-163048 519762 1.43754e+09 163048 -519762 -8.70456e+08
-163058 519762 1.43759e+09 163058 -519762 -8.70432e+08
-163067 519762 1.43765e+09 163067 -519762 -8.70408e+08
-163077 519762 1.4377e+09 163077 -519762 -8.70384e+08
-163086 519762 1.43776e+09 163086 -519762 -8.70361e+08
-163096 519762 1.43781e+09 163096 -519762 -8.70337e+08
-163105 519762 1.43787e+09 163105 -519762 -8.70313e+08
-163115 519762 1.43792e+09 163115 -519762 -8.70289e+08
-163125 519762 1.43798e+09 163125 -519762 -8.70265e+08
-163134 519762 1.43804e+09 163134 -519762 -8.70241e+08
-163144 519762 1.43809e+09 163144 -519762 -8.70217e+08
-163153 519762 1.43815e+09 163153 -519762 -8.70193e+08
-163163 519762 1.4382e+09 163163 -519762 -8.70169e+08
-163172 519762 1.43826e+09 163172 -519762 -8.70145e+08
-163182 519762 1.43831e+09 163182 -519762 -8.70121e+08
-163192 519762 1.43837e+09 163192 -519762 -8.70097e+08
-163201 519762 1.43842e+09 163201 -519762 -8.70073e+08
-163211 519762 1.43848e+09 163211 -519762 -8.70049e+08
-163220 519762 1.43853e+09 163220 -519762 -8.70025e+08
-163230 519762 1.43859e+09 163230 -519762 -8.70001e+08
-163239 519762 1.43865e+09 163239 -519762 -8.69977e+08
-163249 519762 1.4387e+09 163249 -519762 -8.69953e+08
-163258 519762 1.43876e+09 163258 -519762 -8.69929e+08
-163268 519762 1.43881e+09 163268 -519762 -8.69905e+08
-163278 519762 1.43887e+09 163278 -519762 -8.69881e+08
-163287 519762 1.43892e+09 163287 -519762 -8.69857e+08
-163297 519762 1.43898e+09 163297 -519762 -8.69833e+08
-163306 519762 1.43903e+09 163306 -519762 -8.69809e+08
-163316 519762 1.43909e+09 163316 -519762 -8.69785e+08
-163325 519762 1.43914e+09 163325 -519762 -8.69761e+08
-163335 519762 1.4392e+09 163335 -519762 -8.69737e+08
-163345 519762 1.43926e+09 163345 -519762 -8.69713e+08
-163354 519762 1.43931e+09 163354 -519762 -8.69689e+08
-163364 519762 1.43937e+09 163364 -519762 -8.69665e+08
-163373 519762 1.43942e+09 163373 -519762 -8.69641e+08
-163383 519762 1.43948e+09 163383 -519762 -8.69617e+08
-163392 519762 1.43953e+09 163392 -519762 -8.69593e+08
-163402 519762 1.43959e+09 163402 -519762 -8.69569e+08
-163412 519762 1.43964e+09 163412 -519762 -8.69546e+08
-163421 519762 1.4397e+09 163421 -519762 -8.69522e+08
-163431 519762 1.43976e+09 163431 -519762 -8.69498e+08
-163440 519762 1.43981e+09 163440 -519762 -8.69474e+08
-163450 519762 1.43987e+09 163450 -519762 -8.6945e+08
-163459 519762 1.43992e+09 163459 -519762 -8.69426e+08
-163469 519762 1.43998e+09 163469 -519762 -8.69402e+08
-163478 519762 1.44003e+09 163478 -519762 -8.69378e+08
-163488 519762 1.44009e+09 163488 -519762 -8.69354e+08
-163498 519762 1.44014e+09 163498 -519762 -8.6933e+08
-163507 519762 1.4402e+09 163507 -519762 -8.69306e+08
-163517 519762 1.44025e+09 163517 -519762 -8.69282e+08
-163526 519762 1.44031e+09 163526 -519762 -8.69258e+08
-163536 519762 1.44037e+09 163536 -519762 -8.69234e+08
-163545 519762 1.44042e+09 163545 -519762 -8.6921e+08
-163555 519762 1.44048e+09 163555 -519762 -8.69186e+08
-163565 519762 1.44053e+09 163565 -519762 -8.69162e+08
-163574 519762 1.44059e+09 163574 -519762 -8.69138e+08
-163584 519762 1.44064e+09 163584 -519762 -8.69114e+08
-163593 519762 1.4407e+09 163593 -519762 -8.6909e+08
-163603 519762 1.44075e+09 163603 -519762 -8.69066e+08
-163612 519762 1.44081e+09 163612 -519762 -8.69042e+08
-163622 519762 1.44086e+09 163622 -519762 -8.69018e+08
-163632 519762 1.44092e+09 163632 -519762 -8.68994e+08
-163641 519762 1.44098e+09 163641 -519762 -8.6897e+08
-163651 519762 1.44103e+09 163651 -519762 -8.68946e+08
-163660 519762 1.44109e+09 163660 -519762 -8.68922e+08
-163670 519762 1.44114e+09 163670 -519762 -8.68898e+08
-163679 519762 1.4412e+09 163679 -519762 -8.68874e+08
-163689 519762 1.44125e+09 163689 -519762 -8.6885e+08
-163698 519762 1.44131e+09 163698 -519762 -8.68826e+08
-163708 519762 1.44136e+09 163708 -519762 -8.68802e+08
-163718 519762 1.44142e+09 163718 -519762 -8.68779e+08
-163727 519762 1.44147e+09 163727 -519762 -8.68755e+08
-163737 519762 1.44153e+09 163737 -519762 -8.68731e+08
-163746 519762 1.44159e+09 163746 -519762 -8.68707e+08
-163756 519762 1.44164e+09 163756 -519762 -8.68683e+08
-163765 519762 1.4417e+09 163765 -519762 -8.68659e+08
-163775 519762 1.44175e+09 163775 -519762 -8.68635e+08
-163785 519762 1.44181e+09 163785 -519762 -8.68611e+08
-163794 519762 1.44186e+09 163794 -519762 -8.68587e+08
-163804 519762 1.44192e+09 163804 -519762 -8.68563e+08
-163813 519762 1.44197e+09 163813 -519762 -8.68539e+08
-163823 519762 1.44203e+09 163823 -519762 -8.68515e+08
-163832 519762 1.44209e+09 163832 -519762 -8.68491e+08
-163842 519762 1.44214e+09 163842 -519762 -8.68467e+08
-163852 519762 1.4422e+09 163852 -519762 -8.68443e+08
-163861 519762 1.44225e+09 163861 -519762 -8.68419e+08
-163871 519762 1.44231e+09 163871 -519762 -8.68395e+08
-163880 519762 1.44236e+09 163880 -519762 -8.68371e+08
-163890 519762 1.44242e+09 163890 -519762 -8.68347e+08
-163899 519762 1.44247e+09 163899 -519762 -8.68323e+08
-163909 519762 1.44253e+09 163909 -519762 -8.68299e+08
-163919 519762 1.44258e+09 163919 -519762 -8.68275e+08
-163928 519762 1.44264e+09 163928 -519762 -8.68251e+08
-163938 519762 1.4427e+09 163938 -519762 -8.68227e+08
-163947 519762 1.44275e+09 163947 -519762 -8.68203e+08
-163957 519762 1.44281e+09 163957 -519762 -8.68179e+08
-163966 519762 1.44286e+09 163966 -519762 -8.68155e+08
-163976 519762 1.44292e+09 163976 -519762 -8.68132e+08
-163985 519762 1.44297e+09 163985 -519762 -8.68108e+08
-163995 519762 1.44303e+09 163995 -519762 -8.68084e+08
-164005 519762 1.44308e+09 164005 -519762 -8.6806e+08
-164014 519762 1.44314e+09 164014 -519762 -8.68036e+08
-164024 519762 1.44319e+09 164024 -519762 -8.68012e+08
-164033 519762 1.44325e+09 164033 -519762 -8.67988e+08
-164043 519762 1.44331e+09 164043 -519762 -8.67964e+08
-164052 519762 1.44336e+09 164052 -519762 -8.6794e+08
-164062 519762 1.44342e+09 164062 -519762 -8.67916e+08
-164072 519762 1.44347e+09 164072 -519762 -8.67892e+08
-164081 519762 1.44353e+09 164081 -519762 -8.67868e+08
-164091 519762 1.44358e+09 164091 -519762 -8.67844e+08
-164100 519762 1.44364e+09 164100 -519762 -8.6782e+08
-164110 519762 1.44369e+09 164110 -519762 -8.67796e+08
-164119 519762 1.44375e+09 164119 -519762 -8.67772e+08
-164129 519762 1.44381e+09 164129 -519762 -8.67748e+08
-164139 519762 1.44386e+09 164139 -519762 -8.67724e+08
-164148 519762 1.44392e+09 164148 -519762 -8.677e+08
-164158 519762 1.44397e+09 164158 -519762 -8.67676e+08
-164167 519762 1.44403e+09 164167 -519762 -8.67652e+08
-164177 519762 1.44408e+09 164177 -519762 -8.67628e+08
-164186 519762 1.44414e+09 164186 -519762 -8.67604e+08
-164196 519762 1.44419e+09 164196 -519762 -8.6758e+08
-164206 519762 1.44425e+09 164206 -519762 -8.67556e+08
-164215 519762 1.4443e+09 164215 -519762 -8.67532e+08
-164225 519762 1.44436e+09 164225 -519762 -8.67509e+08
-164234 519762 1.44442e+09 164234 -519762 -8.67485e+08
-164244 519762 1.44447e+09 164244 -519762 -8.67461e+08
-164253 519762 1.44453e+09 164253 -519762 -8.67437e+08
-164263 519762 1.44458e+09 164263 -519762 -8.67413e+08
-164273 519762 1.44464e+09 164273 -519762 -8.67389e+08
-164282 519762 1.44469e+09 164282 -519762 -8.67365e+08
-164292 519762 1.44475e+09 164292 -519762 -8.67341e+08
-164301 519762 1.4448e+09 164301 -519762 -8.67317e+08
-164311 519762 1.44486e+09 164311 -519762 -8.67293e+08
-164320 519762 1.44492e+09 164320 -519762 -8.67269e+08
-164330 519762 1.44497e+09 164330 -519762 -8.67245e+08
-164340 519762 1.44503e+09 164340 -519762 -8.67221e+08
-164349 519762 1.44508e+09 164349 -519762 -8.67197e+08
-164359 519762 1.44514e+09 164359 -519762 -8.67173e+08
-164368 519762 1.44519e+09 164368 -519762 -8.67149e+08
-164378 519762 1.44525e+09 164378 -519762 -8.67125e+08
-164387 519762 1.4453e+09 164387 -519762 -8.67101e+08
-164397 519762 1.44536e+09 164397 -519762 -8.67077e+08
-164406 519762 1.44541e+09 164406 -519762 -8.67053e+08
-164416 519762 1.44547e+09 164416 -519762 -8.67029e+08
-164426 519762 1.44553e+09 164426 -519762 -8.67005e+08
-164435 519762 1.44558e+09 164435 -519762 -8.66981e+08
-164445 519762 1.44564e+09 164445 -519762 -8.66957e+08
-164454 519762 1.44569e+09 164454 -519762 -8.66933e+08
-164464 519762 1.44575e+09 164464 -519762 -8.6691e+08
-164473 519762 1.4458e+09 164473 -519762 -8.66886e+08
-164483 519762 1.44586e+09 164483 -519762 -8.66862e+08
-164493 519762 1.44591e+09 164493 -519762 -8.66838e+08
-164502 519762 1.44597e+09 164502 -519762 -8.66814e+08
-164512 519762 1.44602e+09 164512 -519762 -8.6679e+08
-164521 519762 1.44608e+09 164521 -519762 -8.66766e+08
-164531 519762 1.44614e+09 164531 -519762 -8.66742e+08
-164540 519762 1.44619e+09 164540 -519762 -8.66718e+08
-164550 519762 1.44625e+09 164550 -519762 -8.66694e+08
-164560 519762 1.4463e+09 164560 -519762 -8.6667e+08
-164569 519762 1.44636e+09 164569 -519762 -8.66646e+08
-164579 519762 1.44641e+09 164579 -519762 -8.66622e+08
-164588 519762 1.44647e+09 164588 -519762 -8.66598e+08
-164598 519762 1.44652e+09 164598 -519762 -8.66574e+08
-164607 519762 1.44658e+09 164607 -519762 -8.6655e+08
-164617 519762 1.44664e+09 164617 -519762 -8.66526e+08
-164627 519762 1.44669e+09 164627 -519762 -8.66502e+08
-164636 519762 1.44675e+09 164636 -519762 -8.66478e+08
-164646 519762 1.4468e+09 164646 -519762 -8.66454e+08
-164655 519762 1.44686e+09 164655 -519762 -8.6643e+08
-164665 519762 1.44691e+09 164665 -519762 -8.66406e+08
-164674 519762 1.44697e+09 164674 -519762 -8.66382e+08
-164684 519762 1.44702e+09 164684 -519762 -8.66359e+08
-164694 519762 1.44708e+09 164694 -519762 -8.66335e+08
-164703 519762 1.44714e+09 164703 -519762 -8.66311e+08
-164713 519762 1.44719e+09 164713 -519762 -8.66287e+08
-164722 519762 1.44725e+09 164722 -519762 -8.66263e+08
-164732 519762 1.4473e+09 164732 -519762 -8.66239e+08
-164741 519762 1.44736e+09 164741 -519762 -8.66215e+08
-164751 519762 1.44741e+09 164751 -519762 -8.66191e+08
-164761 519762 1.44747e+09 164761 -519762 -8.66167e+08
-164770 519762 1.44752e+09 164770 -519762 -8.66143e+08
-164780 519762 1.44758e+09 164780 -519762 -8.66119e+08
-164789 519762 1.44763e+09 164789 -519762 -8.66095e+08
-164799 519762 1.44769e+09 164799 -519762 -8.66071e+08
-164808 519762 1.44775e+09 164808 -519762 -8.66047e+08
-164818 519762 1.4478e+09 164818 -519762 -8.66023e+08
-164828 519762 1.44786e+09 164828 -519762 -8.65999e+08
-164837 519762 1.44791e+09 164837 -519762 -8.65975e+08
-164847 519762 1.44797e+09 164847 -519762 -8.65951e+08
-164856 519762 1.44802e+09 164856 -519762 -8.65927e+08
-164866 519762 1.44808e+09 164866 -519762 -8.65903e+08
-164875 519762 1.44813e+09 164875 -519762 -8.65879e+08
-164885 519762 1.44819e+09 164885 -519762 -8.65855e+08
-164895 519762 1.44825e+09 164895 -519762 -8.65831e+08
-164904 519762 1.4483e+09 164904 -519762 -8.65808e+08
-164914 519762 1.44836e+09 164914 -519762 -8.65784e+08
-164923 519762 1.44841e+09 164923 -519762 -8.6576e+08
-164933 519762 1.44847e+09 164933 -519762 -8.65736e+08
-164942 519762 1.44852e+09 164942 -519762 -8.65712e+08
-164952 519762 1.44858e+09 164952 -519762 -8.65688e+08
-164962 519762 1.44863e+09 164962 -519762 -8.65664e+08
-164971 519762 1.44869e+09 164971 -519762 -8.6564e+08
-164981 519762 1.44874e+09 164981 -519762 -8.65616e+08
-164990 519762 1.4488e+09 164990 -519762 -8.65592e+08
-165000 519762 1.44886e+09 165000 -519762 -8.65568e+08
-165009 519762 1.44891e+09 165009 -519762 -8.65544e+08
-165019 519762 1.44897e+09 165019 -519762 -8.6552e+08
-165029 519762 1.44902e+09 165029 -519762 -8.65496e+08
-165038 519762 1.44908e+09 165038 -519762 -8.65472e+08
-165048 519762 1.44913e+09 165048 -519762 -8.65448e+08
-165057 519762 1.44919e+09 165057 -519762 -8.65424e+08
-165067 519762 1.44924e+09 165067 -519762 -8.654e+08
-165076 519762 1.4493e+09 165076 -519762 -8.65376e+08
-165086 519762 1.44936e+09 165086 -519762 -8.65352e+08
-165096 519762 1.44941e+09 165096 -519762 -8.65328e+08
-165105 519762 1.44947e+09 165105 -519762 -8.65305e+08
-165115 519762 1.44952e+09 165115 -519762 -8.65281e+08
-165124 519762 1.44958e+09 165124 -519762 -8.65257e+08
-165134 519762 1.44963e+09 165134 -519762 -8.65233e+08
-165143 519762 1.44969e+09 165143 -519762 -8.65209e+08
-165153 519762 1.44974e+09 165153 -519762 -8.65185e+08
-165163 519762 1.4498e+09 165163 -519762 -8.65161e+08
-165172 519762 1.44985e+09 165172 -519762 -8.65137e+08
-165182 519762 1.44991e+09 165182 -519762 -8.65113e+08
-165191 519762 1.44997e+09 165191 -519762 -8.65089e+08
-165201 519762 1.45002e+09 165201 -519762 -8.65065e+08
-165210 519762 1.45008e+09 165210 -519762 -8.65041e+08
-165220 519762 1.45013e+09 165220 -519762 -8.65017e+08
-165230 519762 1.45019e+09 165230 -519762 -8.64993e+08
-165239 519762 1.45024e+09 165239 -519762 -8.64969e+08
-165249 519762 1.4503e+09 165249 -519762 -8.64945e+08
-165258 519762 1.45035e+09 165258 -519762 -8.64921e+08
-165268 519762 1.45041e+09 165268 -519762 -8.64897e+08
-165277 519762 1.45047e+09 165277 -519762 -8.64873e+08
-165287 519762 1.45052e+09 165287 -519762 -8.64849e+08
-165297 519762 1.45058e+09 165297 -519762 -8.64826e+08
-165306 519762 1.45063e+09 165306 -519762 -8.64802e+08
-165316 519762 1.45069e+09 165316 -519762 -8.64778e+08
-165325 519762 1.45074e+09 165325 -519762 -8.64754e+08
-165335 519762 1.4508e+09 165335 -519762 -8.6473e+08
-165344 519762 1.45085e+09 165344 -519762 -8.64706e+08
-165354 519762 1.45091e+09 165354 -519762 -8.64682e+08
-165364 519762 1.45097e+09 165364 -519762 -8.64658e+08
-165373 519762 1.45102e+09 165373 -519762 -8.64634e+08
-165383 519762 1.45108e+09 165383 -519762 -8.6461e+08
-165392 519762 1.45113e+09 165392 -519762 -8.64586e+08
-165402 519762 1.45119e+09 165402 -519762 -8.64562e+08
-165411 519762 1.45124e+09 165411 -519762 -8.64538e+08
-165421 519762 1.4513e+09 165421 -519762 -8.64514e+08
-165431 519762 1.45135e+09 165431 -519762 -8.6449e+08
-165440 519762 1.45141e+09 165440 -519762 -8.64466e+08
-165450 519762 1.45146e+09 165450 -519762 -8.64442e+08
-165459 519762 1.45152e+09 165459 -519762 -8.64418e+08
-165469 519762 1.45158e+09 165469 -519762 -8.64394e+08
-165478 519762 1.45163e+09 165478 -519762 -8.64371e+08
-165488 519762 1.45169e+09 165488 -519762 -8.64347e+08
-165498 519762 1.45174e+09 165498 -519762 -8.64323e+08
-165507 519762 1.4518e+09 165507 -519762 -8.64299e+08
-165517 519762 1.45185e+09 165517 -519762 -8.64275e+08
-165526 519762 1.45191e+09 165526 -519762 -8.64251e+08
-165536 519762 1.45196e+09 165536 -519762 -8.64227e+08
-165545 519762 1.45202e+09 165545 -519762 -8.64203e+08
-165555 519762 1.45208e+09 165555 -519762 -8.64179e+08
-165565 519762 1.45213e+09 165565 -519762 -8.64155e+08
-165574 519762 1.45219e+09 165574 -519762 -8.64131e+08
-165584 519762 1.45224e+09 165584 -519762 -8.64107e+08
-165593 519762 1.4523e+09 165593 -519762 -8.64083e+08
-165603 519762 1.45235e+09 165603 -519762 -8.64059e+08
-165612 519762 1.45241e+09 165612 -519762 -8.64035e+08
-165622 519762 1.45246e+09 165622 -519762 -8.64011e+08
-165632 519762 1.45252e+09 165632 -519762 -8.63987e+08
-165641 519762 1.45258e+09 165641 -519762 -8.63963e+08
-165651 519762 1.45263e+09 165651 -519762 -8.63939e+08
-165660 519762 1.45269e+09 165660 -519762 -8.63916e+08
-165670 519762 1.45274e+09 165670 -519762 -8.63892e+08
-165679 519762 1.4528e+09 165679 -519762 -8.63868e+08
-165689 519762 1.45285e+09 165689 -519762 -8.63844e+08
-165699 519762 1.45291e+09 165699 -519762 -8.6382e+08
-165708 519762 1.45296e+09 165708 -519762 -8.63796e+08
-165718 519762 1.45302e+09 165718 -519762 -8.63772e+08
-165727 519762 1.45307e+09 165727 -519762 -8.63748e+08
-165737 519762 1.45313e+09 165737 -519762 -8.63724e+08
-165747 519762 1.45319e+09 165747 -519762 -8.637e+08
-165756 519762 1.45324e+09 165756 -519762 -8.63676e+08
-165766 519762 1.4533e+09 165766 -519762 -8.63652e+08
-165775 519762 1.45335e+09 165775 -519762 -8.63628e+08
-165785 519762 1.45341e+09 165785 -519762 -8.63604e+08
-165794 519762 1.45346e+09 165794 -519762 -8.6358e+08
-165804 519762 1.45352e+09 165804 -519762 -8.63556e+08
-165814 519762 1.45357e+09 165814 -519762 -8.63532e+08
-165823 519762 1.45363e+09 165823 -519762 -8.63508e+08
-165833 519762 1.45369e+09 165833 -519762 -8.63485e+08
-165842 519762 1.45374e+09 165842 -519762 -8.63461e+08
-165852 519762 1.4538e+09 165852 -519762 -8.63437e+08
-165861 519762 1.45385e+09 165861 -519762 -8.63413e+08
-165871 519762 1.45391e+09 165871 -519762 -8.63389e+08
-165881 519762 1.45396e+09 165881 -519762 -8.63365e+08
-165890 519762 1.45402e+09 165890 -519762 -8.63341e+08
-165900 519762 1.45407e+09 165900 -519762 -8.63317e+08
-165909 519762 1.45413e+09 165909 -519762 -8.63293e+08
-165919 519762 1.45419e+09 165919 -519762 -8.63269e+08
-165928 519762 1.45424e+09 165928 -519762 -8.63245e+08
-165938 519762 1.4543e+09 165938 -519762 -8.63221e+08
-165948 519762 1.45435e+09 165948 -519762 -8.63197e+08
-165957 519762 1.45441e+09 165957 -519762 -8.63173e+08
-165967 519762 1.45446e+09 165967 -519762 -8.63149e+08
-165976 519762 1.45452e+09 165976 -519762 -8.63125e+08
-165986 519762 1.45457e+09 165986 -519762 -8.63101e+08
-165995 519762 1.45463e+09 165995 -519762 -8.63077e+08
-166005 519762 1.45469e+09 166005 -519762 -8.63054e+08
-166015 519762 1.45474e+09 166015 -519762 -8.6303e+08
-166024 519762 1.4548e+09 166024 -519762 -8.63006e+08
-166034 519762 1.45485e+09 166034 -519762 -8.62982e+08
-166043 519762 1.45491e+09 166043 -519762 -8.62958e+08
-166053 519762 1.45496e+09 166053 -519762 -8.62934e+08
-166062 519762 1.45502e+09 166062 -519762 -8.6291e+08
-166072 519762 1.45507e+09 166072 -519762 -8.62886e+08
-166082 519762 1.45513e+09 166082 -519762 -8.62862e+08
-166091 519762 1.45518e+09 166091 -519762 -8.62838e+08
-166101 519762 1.45524e+09 166101 -519762 -8.62814e+08
-166110 519762 1.4553e+09 166110 -519762 -8.6279e+08
-166120 519762 1.45535e+09 166120 -519762 -8.62766e+08
-166129 519762 1.45541e+09 166129 -519762 -8.62742e+08
-166139 519762 1.45546e+09 166139 -519762 -8.62718e+08
-166149 519762 1.45552e+09 166149 -519762 -8.62694e+08
-166158 519762 1.45557e+09 166158 -519762 -8.6267e+08
-166168 519762 1.45563e+09 166168 -519762 -8.62647e+08
-166177 519762 1.45568e+09 166177 -519762 -8.62623e+08
-166187 519762 1.45574e+09 166187 -519762 -8.62599e+08
-166197 519762 1.4558e+09 166197 -519762 -8.62575e+08
-166206 519762 1.45585e+09 166206 -519762 -8.62551e+08
-166216 519762 1.45591e+09 166216 -519762 -8.62527e+08
-166225 519762 1.45596e+09 166225 -519762 -8.62503e+08
-166235 519762 1.45602e+09 166235 -519762 -8.62479e+08
-166244 519762 1.45607e+09 166244 -519762 -8.62455e+08
-166254 519762 1.45613e+09 166254 -519762 -8.62431e+08
-166264 519762 1.45618e+09 166264 -519762 -8.62407e+08
-166273 519762 1.45624e+09 166273 -519762 -8.62383e+08
-166283 519762 1.4563e+09 166283 -519762 -8.62359e+08
-166292 519762 1.45635e+09 166292 -519762 -8.62335e+08
-166302 519762 1.45641e+09 166302 -519762 -8.62311e+08
-166311 519762 1.45646e+09 166311 -519762 -8.62287e+08
-166321 519762 1.45652e+09 166321 -519762 -8.62263e+08
-166331 519762 1.45657e+09 166331 -519762 -8.6224e+08
-166340 519762 1.45663e+09 166340 -519762 -8.62216e+08
-166350 519762 1.45668e+09 166350 -519762 -8.62192e+08
-166359 519762 1.45674e+09 166359 -519762 -8.62168e+08
-166369 519762 1.4568e+09 166369 -519762 -8.62144e+08
-166378 519762 1.45685e+09 166378 -519762 -8.6212e+08
-166388 519762 1.45691e+09 166388 -519762 -8.62096e+08
-166398 519762 1.45696e+09 166398 -519762 -8.62072e+08
-166407 519762 1.45702e+09 166407 -519762 -8.62048e+08
-166417 519762 1.45707e+09 166417 -519762 -8.62024e+08
-166426 519762 1.45713e+09 166426 -519762 -8.62e+08
-166436 519762 1.45718e+09 166436 -519762 -8.61976e+08
-166446 519762 1.45724e+09 166446 -519762 -8.61952e+08
-166455 519762 1.4573e+09 166455 -519762 -8.61928e+08
-166465 519762 1.45735e+09 166465 -519762 -8.61904e+08
-166474 519762 1.45741e+09 166474 -519762 -8.6188e+08
-166484 519762 1.45746e+09 166484 -519762 -8.61857e+08
-166493 519762 1.45752e+09 166493 -519762 -8.61833e+08
-166503 519762 1.45757e+09 166503 -519762 -8.61809e+08
-166513 519762 1.45763e+09 166513 -519762 -8.61785e+08
-166522 519762 1.45768e+09 166522 -519762 -8.61761e+08
-166532 519762 1.45774e+09 166532 -519762 -8.61737e+08
-166541 519762 1.4578e+09 166541 -519762 -8.61713e+08
-166551 519762 1.45785e+09 166551 -519762 -8.61689e+08
-166560 519762 1.45791e+09 166560 -519762 -8.61665e+08
-166570 519762 1.45796e+09 166570 -519762 -8.61641e+08
-166580 519762 1.45802e+09 166580 -519762 -8.61617e+08
-166589 519762 1.45807e+09 166589 -519762 -8.61593e+08
-166599 519762 1.45813e+09 166599 -519762 -8.61569e+08
-166608 519762 1.45818e+09 166608 -519762 -8.61545e+08
-166618 519762 1.45824e+09 166618 -519762 -8.61521e+08
-166627 519762 1.45829e+09 166627 -519762 -8.61497e+08
-166637 519762 1.45835e+09 166637 -519762 -8.61473e+08
-166647 519762 1.45841e+09 166647 -519762 -8.6145e+08
-166656 519762 1.45846e+09 166656 -519762 -8.61426e+08
-166666 519762 1.45852e+09 166666 -519762 -8.61402e+08
-166675 519762 1.45857e+09 166675 -519762 -8.61378e+08
-166685 519762 1.45863e+09 166685 -519762 -8.61354e+08
-166695 519762 1.45868e+09 166695 -519762 -8.6133e+08
-166704 519762 1.45874e+09 166704 -519762 -8.61306e+08
-166714 519762 1.45879e+09 166714 -519762 -8.61282e+08
-166723 519762 1.45885e+09 166723 -519762 -8.61258e+08
-166733 519762 1.45891e+09 166733 -519762 -8.61234e+08
-166742 519762 1.45896e+09 166742 -519762 -8.6121e+08
-166752 519762 1.45902e+09 166752 -519762 -8.61186e+08
-166762 519762 1.45907e+09 166762 -519762 -8.61162e+08
-166771 519762 1.45913e+09 166771 -519762 -8.61138e+08
-166781 519762 1.45918e+09 166781 -519762 -8.61114e+08
-166790 519762 1.45924e+09 166790 -519762 -8.61091e+08
-166800 519762 1.45929e+09 166800 -519762 -8.61067e+08
-166809 519762 1.45935e+09 166809 -519762 -8.61043e+08
-166819 519762 1.45941e+09 166819 -519762 -8.61019e+08
-166829 519762 1.45946e+09 166829 -519762 -8.60995e+08
-166838 519762 1.45952e+09 166838 -519762 -8.60971e+08
-166848 519762 1.45957e+09 166848 -519762 -8.60947e+08
-166857 519762 1.45963e+09 166857 -519762 -8.60923e+08
-166867 519762 1.45968e+09 166867 -519762 -8.60899e+08
-166877 519762 1.45974e+09 166877 -519762 -8.60875e+08
-166886 519762 1.45979e+09 166886 -519762 -8.60851e+08
-166896 519762 1.45985e+09 166896 -519762 -8.60827e+08
-166905 519762 1.45991e+09 166905 -519762 -8.60803e+08
-166915 519762 1.45996e+09 166915 -519762 -8.60779e+08
-166924 519762 1.46002e+09 166924 -519762 -8.60755e+08
-166934 519762 1.46007e+09 166934 -519762 -8.60732e+08
-166944 519762 1.46013e+09 166944 -519762 -8.60708e+08
-166953 519762 1.46018e+09 166953 -519762 -8.60684e+08
-166963 519762 1.46024e+09 166963 -519762 -8.6066e+08
-166972 519762 1.46029e+09 166972 -519762 -8.60636e+08
-166982 519762 1.46035e+09 166982 -519762 -8.60612e+08
-166991 519762 1.46041e+09 166991 -519762 -8.60588e+08
-167001 519762 1.46046e+09 167001 -519762 -8.60564e+08
-167011 519762 1.46052e+09 167011 -519762 -8.6054e+08
-167020 519762 1.46057e+09 167020 -519762 -8.60516e+08
-167030 519762 1.46063e+09 167030 -519762 -8.60492e+08
-167039 519762 1.46068e+09 167039 -519762 -8.60468e+08
-167049 519762 1.46074e+09 167049 -519762 -8.60444e+08
-167056 519762 1.4607e+09 167056 -519762 -8.60334e+08
-167058 519762 1.46042e+09 167058 -519762 -8.6e+08
-167059 519762 1.46015e+09 167059 -519762 -8.59666e+08
-167061 519762 1.45987e+09 167061 -519762 -8.59332e+08
-167062 519762 1.45959e+09 167062 -519762 -8.58998e+08
-167064 519762 1.45931e+09 167064 -519762 -8.58664e+08
-167065 519762 1.45903e+09 167065 -519762 -8.5833e+08
-167067 519762 1.45876e+09 167067 -519762 -8.57996e+08
-167068 519762 1.45848e+09 167068 -519762 -8.57662e+08
-167070 519762 1.4582e+09 167070 -519762 -8.57328e+08
-167071 519762 1.45792e+09 167071 -519762 -8.56994e+08
-167073 519762 1.45765e+09 167073 -519762 -8.5666e+08
-167074 519762 1.45737e+09 167074 -519762 -8.56326e+08
-167076 519762 1.45709e+09 167076 -519762 -8.55991e+08
-167077 519762 1.45681e+09 167077 -519762 -8.55657e+08
-167079 519762 1.45653e+09 167079 -519762 -8.55323e+08
-167080 519762 1.45626e+09 167080 -519762 -8.54989e+08
-167082 519762 1.45598e+09 167082 -519762 -8.54655e+08
-167083 519762 1.4557e+09 167083 -519762 -8.54321e+08
-167085 519762 1.45542e+09 167085 -519762 -8.53987e+08
-167086 519762 1.45514e+09 167086 -519762 -8.53653e+08
-167088 519762 1.45487e+09 167088 -519762 -8.53319e+08
-167089 519762 1.45459e+09 167089 -519762 -8.52985e+08
-167091 519762 1.45431e+09 167091 -519762 -8.52651e+08
-167092 519762 1.45403e+09 167092 -519762 -8.52317e+08
-167094 519762 1.45376e+09 167094 -519762 -8.51983e+08
-167095 519762 1.45348e+09 167095 -519762 -8.51649e+08
-167097 519762 1.4532e+09 167097 -519762 -8.51315e+08
-167098 519762 1.45292e+09 167098 -519762 -8.50981e+08
-167100 519762 1.45264e+09 167100 -519762 -8.50646e+08
-167101 519762 1.45237e+09 167101 -519762 -8.50312e+08
-167103 519762 1.45209e+09 167103 -519762 -8.49978e+08
-167104 519762 1.45181e+09 167104 -519762 -8.49644e+08
-167106 519762 1.45153e+09 167106 -519762 -8.4931e+08
-167107 519762 1.45125e+09 167107 -519762 -8.48976e+08
-167109 519762 1.45098e+09 167109 -519762 -8.48642e+08
-167110 519762 1.4507e+09 167110 -519762 -8.48308e+08
-167112 519762 1.45042e+09 167112 -519762 -8.47974e+08
-167113 519762 1.45014e+09 167113 -519762 -8.4764e+08
-167115 519762 1.44986e+09 167115 -519762 -8.47306e+08
-167116 519762 1.44959e+09 167116 -519762 -8.46972e+08
-167118 519762 1.44931e+09 167118 -519762 -8.46638e+08
-167119 519762 1.44903e+09 167119 -519762 -8.46304e+08
-167121 519762 1.44875e+09 167121 -519762 -8.4597e+08
-167122 519762 1.44848e+09 167122 -519762 -8.45636e+08
-167124 519762 1.4482e+09 167124 -519762 -8.45302e+08
-167125 519762 1.44792e+09 167125 -519762 -8.44968e+08
-167127 519762 1.44764e+09 167127 -519762 -8.44633e+08
-167128 519762 1.44736e+09 167128 -519762 -8.44299e+08
-167130 519762 1.44709e+09 167130 -519762 -8.43965e+08
-167131 519762 1.44681e+09 167131 -519762 -8.43631e+08
-167133 519762 1.44653e+09 167133 -519762 -8.43297e+08
-167134 519762 1.44625e+09 167134 -519762 -8.42963e+08
-167136 519762 1.44597e+09 167136 -519762 -8.42629e+08
-167137 519762 1.4457e+09 167137 -519762 -8.42295e+08
-167139 519762 1.44542e+09 167139 -519762 -8.41961e+08
-167140 519762 1.44514e+09 167140 -519762 -8.41627e+08
-167142 519762 1.44486e+09 167142 -519762 -8.41293e+08
-167143 519762 1.44458e+09 167143 -519762 -8.40959e+08
-167145 519762 1.44431e+09 167145 -519762 -8.40625e+08
-167146 519762 1.44403e+09 167146 -519762 -8.40291e+08
-167148 519762 1.44375e+09 167148 -519762 -8.39957e+08
-167149 519762 1.44347e+09 167149 -519762 -8.39623e+08
-167151 519762 1.4432e+09 167151 -519762 -8.39289e+08
-167089 519762 1.44257e+09 167089 -519762 -8.38795e+08
-167020 519762 1.4419e+09 167020 -519762 -8.38283e+08
-166951 519762 1.44123e+09 166951 -519762 -8.37772e+08
-166882 519762 1.44057e+09 166882 -519762 -8.3726e+08
-166813 519762 1.4399e+09 166813 -519762 -8.36748e+08
-166744 519762 1.43923e+09 166744 -519762 -8.36237e+08
-166676 519762 1.43857e+09 166676 -519762 -8.35725e+08
-166607 519762 1.4379e+09 166607 -519762 -8.35213e+08
-166538 519762 1.43723e+09 166538 -519762 -8.34702e+08
-166469 519762 1.43657e+09 166469 -519762 -8.3419e+08
-166400 519762 1.4359e+09 166400 -519762 -8.33678e+08
-166331 519762 1.43523e+09 166331 -519762 -8.33167e+08
-166262 519762 1.43457e+09 166262 -519762 -8.32655e+08
-166194 519762 1.4339e+09 166194 -519762 -8.32144e+08
-166125 519762 1.43323e+09 166125 -519762 -8.31632e+08
-166056 519762 1.43257e+09 166056 -519762 -8.3112e+08
-165987 519762 1.4319e+09 165987 -519762 -8.30609e+08
-165918 519762 1.43123e+09 165918 -519762 -8.30097e+08
-165849 519762 1.43057e+09 165849 -519762 -8.29585e+08
-165780 519762 1.4299e+09 165780 -519762 -8.29074e+08
-165712 519762 1.42923e+09 165712 -519762 -8.28562e+08
-165643 519762 1.42857e+09 165643 -519762 -8.2805e+08
-165574 519762 1.4279e+09 165574 -519762 -8.27539e+08
-165505 519762 1.42723e+09 165505 -519762 -8.27027e+08
-165436 519762 1.42657e+09 165436 -519762 -8.26516e+08
-165367 519762 1.4259e+09 165367 -519762 -8.26004e+08
-165298 519762 1.42523e+09 165298 -519762 -8.25492e+08
-165230 519762 1.42457e+09 165230 -519762 -8.24981e+08
-165161 519762 1.4239e+09 165161 -519762 -8.24469e+08
-165092 519762 1.42323e+09 165092 -519762 -8.23957e+08
-165023 519762 1.42257e+09 165023 -519762 -8.23446e+08
-164954 519762 1.4219e+09 164954 -519762 -8.22934e+08
-164885 519762 1.42123e+09 164885 -519762 -8.22423e+08
-164816 519762 1.42057e+09 164816 -519762 -8.21911e+08
-164748 519762 1.4199e+09 164748 -519762 -8.21399e+08
-164679 519762 1.41923e+09 164679 -519762 -8.20888e+08
-164610 519762 1.41857e+09 164610 -519762 -8.20376e+08
-164541 519762 1.4179e+09 164541 -519762 -8.19865e+08
-164472 519762 1.41723e+09 164472 -519762 -8.19353e+08
-164403 519762 1.41657e+09 164403 -519762 -8.18841e+08
-164334 519762 1.4159e+09 164334 -519762 -8.1833e+08
-164266 519762 1.41523e+09 164266 -519762 -8.17818e+08
-164197 519762 1.41457e+09 164197 -519762 -8.17307e+08
-164128 519762 1.4139e+09 164128 -519762 -8.16795e+08
-164059 519762 1.41323e+09 164059 -519762 -8.16283e+08
-163990 519762 1.41257e+09 163990 -519762 -8.15772e+08
-163921 519762 1.4119e+09 163921 -519762 -8.1526e+08
-163853 519762 1.41123e+09 163853 -519762 -8.14749e+08
-163784 519762 1.41057e+09 163784 -519762 -8.14237e+08
-163715 519762 1.4099e+09 163715 -519762 -8.13725e+08
-163646 519762 1.40923e+09 163646 -519762 -8.13214e+08
-163577 519762 1.40857e+09 163577 -519762 -8.12702e+08
-163508 519762 1.4079e+09 163508 -519762 -8.12191e+08
-163439 519762 1.40723e+09 163439 -519762 -8.11679e+08
-163371 519762 1.40657e+09 163371 -519762 -8.11168e+08
-163302 519762 1.4059e+09 163302 -519762 -8.10656e+08
-163233 519762 1.40523e+09 163233 -519762 -8.10144e+08
-163164 519762 1.40457e+09 163164 -519762 -8.09633e+08
-163095 519762 1.4039e+09 163095 -519762 -8.09121e+08
-163026 519762 1.40323e+09 163026 -519762 -8.0861e+08
-162957 519762 1.40257e+09 162957 -519762 -8.08098e+08
-162889 519762 1.4019e+09 162889 -519762 -8.07587e+08
-162820 519762 1.40123e+09 162820 -519762 -8.07075e+08
-162751 519762 1.40057e+09 162751 -519762 -8.06563e+08
-162682 519762 1.3999e+09 162682 -519762 -8.06052e+08
-162613 519762 1.39923e+09 162613 -519762 -8.0554e+08
-162544 519762 1.39857e+09 162544 -519762 -8.05029e+08
-162475 519762 1.3979e+09 162475 -519762 -8.04517e+08
-162407 519762 1.39723e+09 162407 -519762 -8.04006e+08
-162338 519762 1.39657e+09 162338 -519762 -8.03494e+08
-162269 519762 1.3959e+09 162269 -519762 -8.02982e+08
-162200 519762 1.39523e+09 162200 -519762 -8.02471e+08
-162131 519762 1.39457e+09 162131 -519762 -8.01959e+08
-162062 519762 1.3939e+09 162062 -519762 -8.01448e+08
-161993 519762 1.39323e+09 161993 -519762 -8.00936e+08
-161925 519762 1.39257e+09 161925 -519762 -8.00425e+08
-161856 519762 1.3919e+09 161856 -519762 -7.99913e+08
-161787 519762 1.39123e+09 161787 -519762 -7.99402e+08
-161718 519762 1.39057e+09 161718 -519762 -7.9889e+08
-161649 519762 1.3899e+09 161649 -519762 -7.98379e+08
-161580 519762 1.38923e+09 161580 -519762 -7.97867e+08
-161511 519762 1.38857e+09 161511 -519762 -7.97355e+08
-161443 519762 1.3879e+09 161443 -519762 -7.96844e+08
-161374 519762 1.38723e+09 161374 -519762 -7.96332e+08
-161305 519762 1.38657e+09 161305 -519762 -7.95821e+08
-161236 519762 1.3859e+09 161236 -519762 -7.95309e+08
-161167 519762 1.38523e+09 161167 -519762 -7.94798e+08
-161098 519762 1.38457e+09 161098 -519762 -7.94286e+08
-161029 519762 1.3839e+09 161029 -519762 -7.93775e+08
-160961 519762 1.38323e+09 160961 -519762 -7.93263e+08
-160892 519762 1.38257e+09 160892 -519762 -7.92752e+08
-160823 519762 1.3819e+09 160823 -519762 -7.9224e+08
-160754 519762 1.38123e+09 160754 -519762 -7.91729e+08
-160685 519762 1.38057e+09 160685 -519762 -7.91217e+08
-160616 519762 1.3799e+09 160616 -519762 -7.90706e+08
-160547 519762 1.37923e+09 160547 -519762 -7.90194e+08
-160479 519762 1.37857e+09 160479 -519762 -7.89683e+08
-160410 519762 1.3779e+09 160410 -519762 -7.89171e+08
-160341 519762 1.37723e+09 160341 -519762 -7.88659e+08
-160272 519762 1.37657e+09 160272 -519762 -7.88148e+08
-160203 519762 1.3759e+09 160203 -519762 -7.87636e+08
-160134 519762 1.37523e+09 160134 -519762 -7.87125e+08
-160065 519762 1.37457e+09 160065 -519762 -7.86613e+08
-159997 519762 1.3739e+09 159997 -519762 -7.86102e+08
-159928 519762 1.37323e+09 159928 -519762 -7.8559e+08
-159859 519762 1.37257e+09 159859 -519762 -7.85079e+08
-159790 519762 1.3719e+09 159790 -519762 -7.84567e+08
-159721 519762 1.37124e+09 159721 -519762 -7.84056e+08
-159652 519762 1.37057e+09 159652 -519762 -7.83544e+08
-159583 519762 1.3699e+09 159583 -519762 -7.83033e+08
-159515 519762 1.36924e+09 159515 -519762 -7.82521e+08
-159446 519762 1.36857e+09 159446 -519762 -7.8201e+08
-159377 519762 1.3679e+09 159377 -519762 -7.81498e+08
-159308 519762 1.36724e+09 159308 -519762 -7.80987e+08
-159239 519762 1.36657e+09 159239 -519762 -7.80475e+08
-159170 519762 1.3659e+09 159170 -519762 -7.79964e+08
-159101 519762 1.36524e+09 159101 -519762 -7.79452e+08
-159033 519762 1.36457e+09 159033 -519762 -7.78941e+08
-158964 519762 1.3639e+09 158964 -519762 -7.7843e+08
-158895 519762 1.36324e+09 158895 -519762 -7.77918e+08
-158826 519762 1.36257e+09 158826 -519762 -7.77407e+08
-158757 519762 1.3619e+09 158757 -519762 -7.76895e+08
-158688 519762 1.36124e+09 158688 -519762 -7.76384e+08
-158619 519762 1.36057e+09 158619 -519762 -7.75872e+08
-158551 519762 1.3599e+09 158551 -519762 -7.75361e+08
-158482 519762 1.35924e+09 158482 -519762 -7.74849e+08
-158413 519762 1.35857e+09 158413 -519762 -7.74338e+08
-158344 519762 1.3579e+09 158344 -519762 -7.73826e+08
-158275 519762 1.35724e+09 158275 -519762 -7.73315e+08
-158206 519762 1.35657e+09 158206 -519762 -7.72803e+08
-158137 519762 1.3559e+09 158137 -519762 -7.72292e+08
-158069 519762 1.35524e+09 158069 -519762 -7.7178e+08
-158000 519762 1.35457e+09 158000 -519762 -7.71269e+08
-157931 519762 1.3539e+09 157931 -519762 -7.70757e+08
-157862 519762 1.35324e+09 157862 -519762 -7.70246e+08
-157793 519762 1.35257e+09 157793 -519762 -7.69734e+08
-157724 519762 1.3519e+09 157724 -519762 -7.69223e+08
-157655 519762 1.35124e+09 157655 -519762 -7.68712e+08
-157587 519762 1.35057e+09 157587 -519762 -7.682e+08
-157518 519762 1.34991e+09 157518 -519762 -7.67689e+08
-157449 519762 1.34924e+09 157449 -519762 -7.67177e+08
-157380 519762 1.34857e+09 157380 -519762 -7.66666e+08
-157311 519762 1.34791e+09 157311 -519762 -7.66154e+08
-157242 519762 1.34724e+09 157242 -519762 -7.65643e+08
-157173 519762 1.34657e+09 157173 -519762 -7.65131e+08
-157105 519762 1.34591e+09 157105 -519762 -7.6462e+08
-157036 519762 1.34524e+09 157036 -519762 -7.64108e+08
-156967 519762 1.34457e+09 156967 -519762 -7.63597e+08
-156898 519762 1.34391e+09 156898 -519762 -7.63086e+08
-156829 519762 1.34324e+09 156829 -519762 -7.62574e+08
-156760 519762 1.34257e+09 156760 -519762 -7.62063e+08
-156691 519762 1.34191e+09 156691 -519762 -7.61551e+08
-156623 519762 1.34124e+09 156623 -519762 -7.6104e+08
-156554 519762 1.34057e+09 156554 -519762 -7.60528e+08
-156485 519762 1.33991e+09 156485 -519762 -7.60017e+08
-156416 519762 1.33924e+09 156416 -519762 -7.59506e+08
-156347 519762 1.33857e+09 156347 -519762 -7.58994e+08
-156278 519762 1.33791e+09 156278 -519762 -7.58483e+08
-156210 519762 1.33724e+09 156210 -519762 -7.57971e+08
-156141 519762 1.33657e+09 156141 -519762 -7.5746e+08
-156072 519762 1.33591e+09 156072 -519762 -7.56948e+08
-156003 519762 1.33524e+09 156003 -519762 -7.56437e+08
-155934 519762 1.33458e+09 155934 -519762 -7.55926e+08
-155865 519762 1.33391e+09 155865 -519762 -7.55414e+08
-155796 519762 1.33324e+09 155796 -519762 -7.54903e+08
-155728 519762 1.33258e+09 155728 -519762 -7.54391e+08
-155659 519762 1.33191e+09 155659 -519762 -7.5388e+08
-155590 519762 1.33124e+09 155590 -519762 -7.53368e+08
-155521 519762 1.33058e+09 155521 -519762 -7.52857e+08
-155452 519762 1.32991e+09 155452 -519762 -7.52346e+08
-155383 519762 1.32924e+09 155383 -519762 -7.51834e+08
-155314 519762 1.32858e+09 155314 -519762 -7.51323e+08
-155246 519762 1.32791e+09 155246 -519762 -7.50811e+08
-155177 519762 1.32724e+09 155177 -519762 -7.503e+08
-155108 519762 1.32658e+09 155108 -519762 -7.49789e+08
-155039 519762 1.32591e+09 155039 -519762 -7.49277e+08
-154970 519762 1.32524e+09 154970 -519762 -7.48766e+08
-154901 519762 1.32458e+09 154901 -519762 -7.48254e+08
-154832 519762 1.32391e+09 154832 -519762 -7.47743e+08
-154764 519762 1.32325e+09 154764 -519762 -7.47232e+08
-154695 519762 1.32258e+09 154695 -519762 -7.4672e+08
-154626 519762 1.32191e+09 154626 -519762 -7.46209e+08
-154557 519762 1.32125e+09 154557 -519762 -7.45697e+08
-154488 519762 1.32058e+09 154488 -519762 -7.45186e+08
-154419 519762 1.31991e+09 154419 -519762 -7.44675e+08
-154350 519762 1.31925e+09 154350 -519762 -7.44163e+08
-154282 519762 1.31858e+09 154282 -519762 -7.43652e+08
-154213 519762 1.31791e+09 154213 -519762 -7.4314e+08
-154144 519762 1.31725e+09 154144 -519762 -7.42629e+08
-154075 519762 1.31658e+09 154075 -519762 -7.42118e+08
-154006 519762 1.31591e+09 154006 -519762 -7.41606e+08
-153937 519762 1.31525e+09 153937 -519762 -7.41095e+08
-153868 519762 1.31458e+09 153868 -519762 -7.40584e+08
-153800 519762 1.31391e+09 153800 -519762 -7.40072e+08
-153731 519762 1.31325e+09 153731 -519762 -7.39561e+08
-153662 519762 1.31258e+09 153662 -519762 -7.39049e+08
-153593 519762 1.31192e+09 153593 -519762 -7.38538e+08
-153524 519762 1.31125e+09 153524 -519762 -7.38027e+08
-153455 519762 1.31058e+09 153455 -519762 -7.37515e+08
-153386 519762 1.30992e+09 153386 -519762 -7.37004e+08
-153318 519762 1.30925e+09 153318 -519762 -7.36493e+08
-153249 519762 1.30858e+09 153249 -519762 -7.35981e+08
-153180 519762 1.30792e+09 153180 -519762 -7.3547e+08
-153111 519762 1.30725e+09 153111 -519762 -7.34958e+08
-153042 519762 1.30658e+09 153042 -519762 -7.34447e+08
-152973 519762 1.30592e+09 152973 -519762 -7.33936e+08
-152904 519762 1.30525e+09 152904 -519762 -7.33424e+08
-152836 519762 1.30458e+09 152836 -519762 -7.32913e+08
-152767 519762 1.30392e+09 152767 -519762 -7.32402e+08
-152698 519762 1.30325e+09 152698 -519762 -7.3189e+08
-152629 519762 1.30259e+09 152629 -519762 -7.31379e+08
-152560 519762 1.30192e+09 152560 -519762 -7.30868e+08
-152491 519762 1.30125e+09 152491 -519762 -7.30356e+08
-152422 519762 1.30059e+09 152422 -519762 -7.29845e+08
-152354 519762 1.29992e+09 152354 -519762 -7.29334e+08
-152285 519762 1.29925e+09 152285 -519762 -7.28822e+08
-152216 519762 1.29859e+09 152216 -519762 -7.28311e+08
-152147 519762 1.29792e+09 152147 -519762 -7.278e+08
-152078 519762 1.29725e+09 152078 -519762 -7.27288e+08
-152009 519762 1.29659e+09 152009 -519762 -7.26777e+08
-151940 519762 1.29592e+09 151940 -519762 -7.26266e+08
-151872 519762 1.29525e+09 151872 -519762 -7.25754e+08
-151803 519762 1.29459e+09 151803 -519762 -7.25243e+08
-151734 519762 1.29392e+09 151734 -519762 -7.24732e+08
-151665 519762 1.29326e+09 151665 -519762 -7.2422e+08
-151596 519762 1.29259e+09 151596 -519762 -7.23709e+08
-151527 519762 1.29192e+09 151527 -519762 -7.23198e+08
-151458 519762 1.29126e+09 151458 -519762 -7.22686e+08
-151390 519762 1.29059e+09 151390 -519762 -7.22175e+08
-151321 519762 1.28992e+09 151321 -519762 -7.21664e+08
-151252 519762 1.28926e+09 151252 -519762 -7.21152e+08
-151183 519762 1.28859e+09 151183 -519762 -7.20641e+08
-151114 519762 1.28792e+09 151114 -519762 -7.2013e+08
-151045 519762 1.28726e+09 151045 -519762 -7.19618e+08
-150977 519762 1.28659e+09 150977 -519762 -7.19107e+08
-150908 519762 1.28592e+09 150908 -519762 -7.18596e+08
-150839 519762 1.28526e+09 150839 -519762 -7.18084e+08
-150770 519762 1.28459e+09 150770 -519762 -7.17573e+08
-150701 519762 1.28393e+09 150701 -519762 -7.17062e+08
-150632 519762 1.28326e+09 150632 -519762 -7.1655e+08
-150563 519762 1.28259e+09 150563 -519762 -7.16039e+08
-150495 519762 1.28193e+09 150495 -519762 -7.15528e+08
-150426 519762 1.28126e+09 150426 -519762 -7.15016e+08
-150357 519762 1.28059e+09 150357 -519762 -7.14505e+08
-150288 519762 1.27993e+09 150288 -519762 -7.13994e+08
-150219 519762 1.27926e+09 150219 -519762 -7.13483e+08
-150150 519762 1.27859e+09 150150 -519762 -7.12971e+08
-150081 519762 1.27793e+09 150081 -519762 -7.1246e+08
-150013 519762 1.27726e+09 150013 -519762 -7.11949e+08
-149944 519762 1.2766e+09 149944 -519762 -7.11437e+08
-149875 519762 1.27593e+09 149875 -519762 -7.10926e+08
-149806 519762 1.27526e+09 149806 -519762 -7.10415e+08
-149737 519762 1.2746e+09 149737 -519762 -7.09903e+08
-149668 519762 1.27393e+09 149668 -519762 -7.09392e+08
-149599 519762 1.27326e+09 149599 -519762 -7.08881e+08
-149531 519762 1.2726e+09 149531 -519762 -7.0837e+08
-149462 519762 1.27193e+09 149462 -519762 -7.07858e+08
-149393 519762 1.27126e+09 149393 -519762 -7.07347e+08
-149324 519762 1.2706e+09 149324 -519762 -7.06836e+08
-149255 519762 1.26993e+09 149255 -519762 -7.06324e+08
-149186 519762 1.26927e+09 149186 -519762 -7.05813e+08
-149117 519762 1.2686e+09 149117 -519762 -7.05302e+08
-149049 519762 1.26793e+09 149049 -519762 -7.04791e+08
-148980 519762 1.26727e+09 148980 -519762 -7.04279e+08
-148911 519762 1.2666e+09 148911 -519762 -7.03768e+08
-148842 519762 1.26593e+09 148842 -519762 -7.03257e+08
-148773 519762 1.26527e+09 148773 -519762 -7.02746e+08
-148704 519762 1.2646e+09 148704 -519762 -7.02234e+08
-148635 519762 1.26393e+09 148635 -519762 -7.01723e+08
-148567 519762 1.26327e+09 148567 -519762 -7.01212e+08
-148498 519762 1.2626e+09 148498 -519762 -7.007e+08
-148429 519762 1.26194e+09 148429 -519762 -7.00189e+08
-148360 519762 1.26127e+09 148360 -519762 -6.99678e+08
-148291 519762 1.2606e+09 148291 -519762 -6.99167e+08
-148222 519762 1.25994e+09 148222 -519762 -6.98655e+08
-148153 519762 1.25927e+09 148153 -519762 -6.98144e+08
-148085 519762 1.2586e+09 148085 -519762 -6.97633e+08
-148016 519762 1.25794e+09 148016 -519762 -6.97122e+08
-147947 519762 1.25727e+09 147947 -519762 -6.9661e+08
-147878 519762 1.2566e+09 147878 -519762 -6.96099e+08
-147809 519762 1.25594e+09 147809 -519762 -6.95588e+08
-147740 519762 1.25527e+09 147740 -519762 -6.95077e+08
-147671 519762 1.25461e+09 147671 -519762 -6.94565e+08
-147603 519762 1.25394e+09 147603 -519762 -6.94054e+08
-147534 519762 1.25327e+09 147534 -519762 -6.93543e+08
-147465 519762 1.25261e+09 147465 -519762 -6.93032e+08
-147396 519762 1.25194e+09 147396 -519762 -6.9252e+08
-147327 519762 1.25127e+09 147327 -519762 -6.92009e+08
-147258 519762 1.25061e+09 147258 -519762 -6.91498e+08
-147189 519762 1.24994e+09 147189 -519762 -6.90987e+08
-147121 519762 1.24928e+09 147121 -519762 -6.90475e+08
-147052 519762 1.24861e+09 147052 -519762 -6.89964e+08
-146983 519762 1.24794e+09 146983 -519762 -6.89453e+08
-146914 519762 1.24728e+09 146914 -519762 -6.88942e+08
-146845 519762 1.24661e+09 146845 -519762 -6.88431e+08
-146776 519762 1.24594e+09 146776 -519762 -6.87919e+08
-146708 519762 1.24528e+09 146708 -519762 -6.87408e+08
-146639 519762 1.24461e+09 146639 -519762 -6.86897e+08
-146570 519762 1.24394e+09 146570 -519762 -6.86386e+08
-146501 519762 1.24328e+09 146501 -519762 -6.85874e+08
-146432 519762 1.24261e+09 146432 -519762 -6.85363e+08
-146363 519762 1.24195e+09 146363 -519762 -6.84852e+08
-146294 519762 1.24128e+09 146294 -519762 -6.84341e+08
-146226 519762 1.24061e+09 146226 -519762 -6.8383e+08
-146157 519762 1.23995e+09 146157 -519762 -6.83318e+08
-146088 519762 1.23928e+09 146088 -519762 -6.82807e+08
-146019 519762 1.23861e+09 146019 -519762 -6.82296e+08
-145950 519762 1.23795e+09 145950 -519762 -6.81785e+08
-145881 519762 1.23728e+09 145881 -519762 -6.81273e+08
-145812 519762 1.23662e+09 145812 -519762 -6.80762e+08
-145744 519762 1.23595e+09 145744 -519762 -6.80251e+08
-145675 519762 1.23528e+09 145675 -519762 -6.7974e+08
-145606 519762 1.23462e+09 145606 -519762 -6.79229e+08
-145537 519762 1.23395e+09 145537 -519762 -6.78717e+08
-145468 519762 1.23328e+09 145468 -519762 -6.78206e+08
-145399 519762 1.23262e+09 145399 -519762 -6.77695e+08
-145330 519762 1.23195e+09 145330 -519762 -6.77184e+08
-145262 519762 1.23129e+09 145262 -519762 -6.76673e+08
-145193 519762 1.23062e+09 145193 -519762 -6.76161e+08
-145124 519762 1.22995e+09 145124 -519762 -6.7565e+08
-145055 519762 1.22929e+09 145055 -519762 -6.75139e+08
-144986 519762 1.22862e+09 144986 -519762 -6.74628e+08
-144917 519762 1.22795e+09 144917 -519762 -6.74117e+08
-144848 519762 1.22729e+09 144848 -519762 -6.73605e+08
-144780 519762 1.22662e+09 144780 -519762 -6.73094e+08
-144711 519762 1.22596e+09 144711 -519762 -6.72583e+08
-144642 519762 1.22529e+09 144642 -519762 -6.72072e+08
-144573 519762 1.22462e+09 144573 -519762 -6.71561e+08
-144504 519762 1.22396e+09 144504 -519762 -6.7105e+08
-144435 519762 1.22329e+09 144435 -519762 -6.70538e+08
-144366 519762 1.22262e+09 144366 -519762 -6.70027e+08
-144298 519762 1.22196e+09 144298 -519762 -6.69516e+08
-144229 519762 1.22129e+09 144229 -519762 -6.69005e+08
-144160 519762 1.22063e+09 144160 -519762 -6.68494e+08
-144091 519762 1.21996e+09 144091 -519762 -6.67982e+08
-144022 519762 1.21929e+09 144022 -519762 -6.67471e+08
-143953 519762 1.21863e+09 143953 -519762 -6.6696e+08
-143884 519762 1.21796e+09 143884 -519762 -6.66449e+08
-143816 519762 1.21729e+09 143816 -519762 -6.65938e+08
-143747 519762 1.21663e+09 143747 -519762 -6.65427e+08
-143678 519762 1.21596e+09 143678 -519762 -6.64916e+08
-143609 519762 1.2153e+09 143609 -519762 -6.64404e+08
-143540 519762 1.21463e+09 143540 -519762 -6.63893e+08
-143471 519762 1.21396e+09 143471 -519762 -6.63382e+08
-143402 519762 1.2133e+09 143402 -519762 -6.62871e+08
-143334 519762 1.21263e+09 143334 -519762 -6.6236e+08
-143265 519762 1.21196e+09 143265 -519762 -6.61849e+08
-143196 519762 1.2113e+09 143196 -519762 -6.61337e+08
-143127 519762 1.21063e+09 143127 -519762 -6.60826e+08
-143058 519762 1.20997e+09 143058 -519762 -6.60315e+08
-142989 519762 1.2093e+09 142989 -519762 -6.59804e+08
-142921 519762 1.20863e+09 142921 -519762 -6.59293e+08
-142852 519762 1.20797e+09 142852 -519762 -6.58782e+08
-142783 519762 1.2073e+09 142783 -519762 -6.58271e+08
-142714 519762 1.20663e+09 142714 -519762 -6.57759e+08
-142645 519762 1.20597e+09 142645 -519762 -6.57248e+08
-142576 519762 1.2053e+09 142576 -519762 -6.56737e+08
-142507 519762 1.20464e+09 142507 -519762 -6.56226e+08
-142439 519762 1.20397e+09 142439 -519762 -6.55715e+08
-142370 519762 1.2033e+09 142370 -519762 -6.55204e+08
-142301 519762 1.20264e+09 142301 -519762 -6.54693e+08
-142232 519762 1.20197e+09 142232 -519762 -6.54181e+08
-142163 519762 1.2013e+09 142163 -519762 -6.5367e+08
-142094 519762 1.20064e+09 142094 -519762 -6.53159e+08
-142025 519762 1.19997e+09 142025 -519762 -6.52648e+08
-141957 519762 1.19931e+09 141957 -519762 -6.52137e+08
-141888 519762 1.19864e+09 141888 -519762 -6.51626e+08
-141819 519762 1.19797e+09 141819 -519762 -6.51115e+08
-141750 519762 1.19731e+09 141750 -519762 -6.50604e+08
-141681 519762 1.19664e+09 141681 -519762 -6.50092e+08
-141612 519762 1.19597e+09 141612 -519762 -6.49581e+08
-141543 519762 1.19531e+09 141543 -519762 -6.4907e+08
-141475 519762 1.19464e+09 141475 -519762 -6.48559e+08
-141406 519762 1.19398e+09 141406 -519762 -6.48048e+08
-141337 519762 1.19331e+09 141337 -519762 -6.47537e+08
-141268 519762 1.19264e+09 141268 -519762 -6.47026e+08
-141199 519762 1.19198e+09 141199 -519762 -6.46515e+08
-141130 519762 1.19131e+09 141130 -519762 -6.46003e+08
-141061 519762 1.19065e+09 141061 -519762 -6.45492e+08
-140993 519762 1.18998e+09 140993 -519762 -6.44981e+08
-140924 519762 1.18931e+09 140924 -519762 -6.4447e+08
-140855 519762 1.18865e+09 140855 -519762 -6.43959e+08
-140786 519762 1.18798e+09 140786 -519762 -6.43448e+08
-140717 519762 1.18731e+09 140717 -519762 -6.42937e+08
-140648 519762 1.18665e+09 140648 -519762 -6.42426e+08
-140579 519762 1.18598e+09 140579 -519762 -6.41915e+08
-140511 519762 1.18532e+09 140511 -519762 -6.41404e+08
-140442 519762 1.18465e+09 140442 -519762 -6.40892e+08
-140373 519762 1.18398e+09 140373 -519762 -6.40381e+08
-140304 519762 1.18332e+09 140304 -519762 -6.3987e+08
-140235 519762 1.18265e+09 140235 -519762 -6.39359e+08
-140166 519762 1.18199e+09 140166 -519762 -6.38848e+08
-140097 519762 1.18132e+09 140097 -519762 -6.38337e+08
-140029 519762 1.18065e+09 140029 -519762 -6.37826e+08
-139960 519762 1.17999e+09 139960 -519762 -6.37315e+08
-139891 519762 1.17932e+09 139891 -519762 -6.36804e+08
-139822 519762 1.17865e+09 139822 -519762 -6.36293e+08
-139753 519762 1.17799e+09 139753 -519762 -6.35782e+08
-139684 519762 1.17732e+09 139684 -519762 -6.3527e+08
-139616 519762 1.17666e+09 139616 -519762 -6.34759e+08
-139547 519762 1.17599e+09 139547 -519762 -6.34248e+08
-139478 519762 1.17532e+09 139478 -519762 -6.33737e+08
-139409 519762 1.17466e+09 139409 -519762 -6.33226e+08
-139340 519762 1.17399e+09 139340 -519762 -6.32715e+08
-139271 519762 1.17332e+09 139271 -519762 -6.32204e+08
-139202 519762 1.17266e+09 139202 -519762 -6.31693e+08
-139134 519762 1.17199e+09 139134 -519762 -6.31182e+08
-139065 519762 1.17133e+09 139065 -519762 -6.30671e+08
-138996 519762 1.17066e+09 138996 -519762 -6.3016e+08
-138927 519762 1.16999e+09 138927 -519762 -6.29649e+08
-138858 519762 1.16933e+09 138858 -519762 -6.29138e+08
-138789 519762 1.16866e+09 138789 -519762 -6.28627e+08
-138720 519762 1.168e+09 138720 -519762 -6.28116e+08
-138652 519762 1.16733e+09 138652 -519762 -6.27604e+08
-138583 519762 1.16666e+09 138583 -519762 -6.27093e+08
-138514 519762 1.166e+09 138514 -519762 -6.26582e+08
-138445 519762 1.16533e+09 138445 -519762 -6.26071e+08
-138376 519762 1.16467e+09 138376 -519762 -6.2556e+08
-138307 519762 1.164e+09 138307 -519762 -6.25049e+08
-138238 519762 1.16333e+09 138238 -519762 -6.24538e+08
-138170 519762 1.16267e+09 138170 -519762 -6.24027e+08
-138101 519762 1.162e+09 138101 -519762 -6.23516e+08
-138032 519762 1.16133e+09 138032 -519762 -6.23005e+08
-137963 519762 1.16067e+09 137963 -519762 -6.22494e+08
-137894 519762 1.16e+09 137894 -519762 -6.21983e+08
-137825 519762 1.15934e+09 137825 -519762 -6.21472e+08
-137756 519762 1.15867e+09 137756 -519762 -6.20961e+08
-137688 519762 1.158e+09 137688 -519762 -6.2045e+08
-137619 519762 1.15734e+09 137619 -519762 -6.19939e+08
-137550 519762 1.15667e+09 137550 -519762 -6.19428e+08
-137481 519762 1.15601e+09 137481 -519762 -6.18917e+08
-137412 519762 1.15534e+09 137412 -519762 -6.18406e+08
-137343 519762 1.15467e+09 137343 -519762 -6.17895e+08
-137274 519762 1.15401e+09 137274 -519762 -6.17384e+08
-137206 519762 1.15334e+09 137206 -519762 -6.16873e+08
-137137 519762 1.15268e+09 137137 -519762 -6.16362e+08
-137068 519762 1.15201e+09 137068 -519762 -6.15851e+08
-136999 519762 1.15134e+09 136999 -519762 -6.1534e+08
-136930 519762 1.15068e+09 136930 -519762 -6.14829e+08
-136861 519762 1.15001e+09 136861 -519762 -6.14318e+08
-136793 519762 1.14934e+09 136793 -519762 -6.13806e+08
-136724 519762 1.14868e+09 136724 -519762 -6.13295e+08
-136655 519762 1.14801e+09 136655 -519762 -6.12784e+08
-136586 519762 1.14735e+09 136586 -519762 -6.12273e+08
-136517 519762 1.14668e+09 136517 -519762 -6.11762e+08
-136448 519762 1.14601e+09 136448 -519762 -6.11251e+08
-136379 519762 1.14535e+09 136379 -519762 -6.1074e+08
-136311 519762 1.14468e+09 136311 -519762 -6.10229e+08
-136242 519762 1.14402e+09 136242 -519762 -6.09718e+08
-136173 519762 1.14335e+09 136173 -519762 -6.09207e+08
-136104 519762 1.14268e+09 136104 -519762 -6.08696e+08
-136035 519762 1.14202e+09 136035 -519762 -6.08185e+08
-135966 519762 1.14135e+09 135966 -519762 -6.07674e+08
-135897 519762 1.14069e+09 135897 -519762 -6.07163e+08
-135829 519762 1.14002e+09 135829 -519762 -6.06652e+08
-135760 519762 1.13935e+09 135760 -519762 -6.06141e+08
-135691 519762 1.13869e+09 135691 -519762 -6.0563e+08
-135622 519762 1.13802e+09 135622 -519762 -6.05119e+08
-135553 519762 1.13736e+09 135553 -519762 -6.04608e+08
-135484 519762 1.13669e+09 135484 -519762 -6.04097e+08
-135415 519762 1.13602e+09 135415 -519762 -6.03586e+08
-135347 519762 1.13536e+09 135347 -519762 -6.03075e+08
-135278 519762 1.13469e+09 135278 -519762 -6.02564e+08
-135209 519762 1.13402e+09 135209 -519762 -6.02053e+08
-135140 519762 1.13336e+09 135140 -519762 -6.01542e+08
-135071 519762 1.13269e+09 135071 -519762 -6.01031e+08
-135002 519762 1.13203e+09 135002 -519762 -6.00521e+08
-134933 519762 1.13136e+09 134933 -519762 -6.0001e+08
-134865 519762 1.13069e+09 134865 -519762 -5.99499e+08
-134796 519762 1.13003e+09 134796 -519762 -5.98988e+08
-134727 519762 1.12936e+09 134727 -519762 -5.98477e+08
-134658 519762 1.1287e+09 134658 -519762 -5.97966e+08
-134589 519762 1.12803e+09 134589 -519762 -5.97455e+08
-134520 519762 1.12736e+09 134520 -519762 -5.96944e+08
-134451 519762 1.1267e+09 134451 -519762 -5.96433e+08
-134383 519762 1.12603e+09 134383 -519762 -5.95922e+08
-134314 519762 1.12537e+09 134314 -519762 -5.95411e+08
-134245 519762 1.1247e+09 134245 -519762 -5.949e+08
-134176 519762 1.12403e+09 134176 -519762 -5.94389e+08
-134107 519762 1.12337e+09 134107 -519762 -5.93878e+08
-134038 519762 1.1227e+09 134038 -519762 -5.93367e+08
-133970 519762 1.12204e+09 133970 -519762 -5.92856e+08
-133901 519762 1.12137e+09 133901 -519762 -5.92345e+08
-133832 519762 1.1207e+09 133832 -519762 -5.91834e+08
-133763 519762 1.12004e+09 133763 -519762 -5.91323e+08
-133694 519762 1.11937e+09 133694 -519762 -5.90812e+08
-133625 519762 1.11871e+09 133625 -519762 -5.90301e+08
-133556 519762 1.11804e+09 133556 -519762 -5.8979e+08
-133488 519762 1.11737e+09 133488 -519762 -5.89279e+08
-133419 519762 1.11671e+09 133419 -519762 -5.88768e+08
-133350 519762 1.11604e+09 133350 -519762 -5.88257e+08
-133281 519762 1.11538e+09 133281 -519762 -5.87746e+08
-133212 519762 1.11471e+09 133212 -519762 -5.87236e+08
-133143 519762 1.11404e+09 133143 -519762 -5.86725e+08
-133074 519762 1.11338e+09 133074 -519762 -5.86214e+08
-133006 519762 1.11271e+09 133006 -519762 -5.85703e+08
-132937 519762 1.11205e+09 132937 -519762 -5.85192e+08
-132868 519762 1.11138e+09 132868 -519762 -5.84681e+08
-132799 519762 1.11071e+09 132799 -519762 -5.8417e+08
-132730 519762 1.11005e+09 132730 -519762 -5.83659e+08
-132661 519762 1.10938e+09 132661 -519762 -5.83148e+08
-132592 519762 1.10872e+09 132592 -519762 -5.82637e+08
-132524 519762 1.10805e+09 132524 -519762 -5.82126e+08
-132455 519762 1.10738e+09 132455 -519762 -5.81615e+08
-132386 519762 1.10672e+09 132386 -519762 -5.81104e+08
-132317 519762 1.10605e+09 132317 -519762 -5.80593e+08
-132248 519762 1.10539e+09 132248 -519762 -5.80082e+08
-132179 519762 1.10472e+09 132179 -519762 -5.79572e+08
-132110 519762 1.10405e+09 132110 -519762 -5.79061e+08
-132042 519762 1.10339e+09 132042 -519762 -5.7855e+08
-131973 519762 1.10272e+09 131973 -519762 -5.78039e+08
-131904 519762 1.10206e+09 131904 -519762 -5.77528e+08
-131835 519762 1.10139e+09 131835 -519762 -5.77017e+08
-131766 519762 1.10072e+09 131766 -519762 -5.76506e+08
-131697 519762 1.10006e+09 131697 -519762 -5.75995e+08
-131629 519762 1.09939e+09 131629 -519762 -5.75484e+08
-131560 519762 1.09873e+09 131560 -519762 -5.74973e+08
-131491 519762 1.09806e+09 131491 -519762 -5.74462e+08
-131422 519762 1.09739e+09 131422 -519762 -5.73952e+08
-131353 519762 1.09673e+09 131353 -519762 -5.73441e+08
-131284 519762 1.09606e+09 131284 -519762 -5.7293e+08
-131215 519762 1.0954e+09 131215 -519762 -5.72419e+08
-131147 519762 1.09473e+09 131147 -519762 -5.71908e+08
-131078 519762 1.09406e+09 131078 -519762 -5.71397e+08
-131009 519762 1.0934e+09 131009 -519762 -5.70886e+08
-130940 519762 1.09273e+09 130940 -519762 -5.70375e+08
-130871 519762 1.09207e+09 130871 -519762 -5.69864e+08
-130802 519762 1.0914e+09 130802 -519762 -5.69353e+08
-130733 519762 1.09073e+09 130733 -519762 -5.68843e+08
-130665 519762 1.09007e+09 130665 -519762 -5.68332e+08
-130596 519762 1.0894e+09 130596 -519762 -5.67821e+08
-130527 519762 1.08874e+09 130527 -519762 -5.6731e+08
-130458 519762 1.08807e+09 130458 -519762 -5.66799e+08
-130389 519762 1.0874e+09 130389 -519762 -5.66288e+08
-130320 519762 1.08674e+09 130320 -519762 -5.65777e+08
-130251 519762 1.08607e+09 130251 -519762 -5.65266e+08
-130183 519762 1.08541e+09 130183 -519762 -5.64756e+08
-130114 519762 1.08474e+09 130114 -519762 -5.64245e+08
-130045 519762 1.08407e+09 130045 -519762 -5.63734e+08
-129976 519762 1.08341e+09 129976 -519762 -5.63223e+08
-129907 519762 1.08274e+09 129907 -519762 -5.62712e+08
-129838 519762 1.08208e+09 129838 -519762 -5.62201e+08
-129769 519762 1.08141e+09 129769 -519762 -5.6169e+08
-129701 519762 1.08074e+09 129701 -519762 -5.61179e+08
-129632 519762 1.08008e+09 129632 -519762 -5.60669e+08
-129563 519762 1.07941e+09 129563 -519762 -5.60158e+08
-129494 519762 1.07875e+09 129494 -519762 -5.59647e+08
-129425 519762 1.07808e+09 129425 -519762 -5.59136e+08
-129356 519762 1.07741e+09 129356 -519762 -5.58625e+08
-129288 519762 1.07675e+09 129288 -519762 -5.58114e+08
-129219 519762 1.07608e+09 129219 -519762 -5.57603e+08
-129150 519762 1.07542e+09 129150 -519762 -5.57092e+08
-129081 519762 1.07475e+09 129081 -519762 -5.56582e+08
-129012 519762 1.07409e+09 129012 -519762 -5.56071e+08
-128943 519762 1.07342e+09 128943 -519762 -5.5556e+08
-128874 519762 1.07275e+09 128874 -519762 -5.55049e+08
-128806 519762 1.07209e+09 128806 -519762 -5.54538e+08
-128737 519762 1.07142e+09 128737 -519762 -5.54027e+08
-128668 519762 1.07076e+09 128668 -519762 -5.53517e+08
-128599 519762 1.07009e+09 128599 -519762 -5.53006e+08
-128530 519762 1.06942e+09 128530 -519762 -5.52495e+08
-128461 519762 1.06876e+09 128461 -519762 -5.51984e+08
-128392 519762 1.06809e+09 128392 -519762 -5.51473e+08
-128324 519762 1.06743e+09 128324 -519762 -5.50962e+08
-128255 519762 1.06676e+09 128255 -519762 -5.50451e+08
-128186 519762 1.06609e+09 128186 -519762 -5.49941e+08
-128117 519762 1.06543e+09 128117 -519762 -5.4943e+08
-128048 519762 1.06476e+09 128048 -519762 -5.48919e+08
-127979 519762 1.0641e+09 127979 -519762 -5.48408e+08
-127910 519762 1.06343e+09 127910 -519762 -5.47897e+08
-127842 519762 1.06276e+09 127842 -519762 -5.47386e+08
-127773 519762 1.0621e+09 127773 -519762 -5.46876e+08
-127704 519762 1.06143e+09 127704 -519762 -5.46365e+08
-127635 519762 1.06077e+09 127635 -519762 -5.45854e+08
-127566 519762 1.0601e+09 127566 -519762 -5.45343e+08
-127497 519762 1.05943e+09 127497 -519762 -5.44832e+08
-127428 519762 1.05877e+09 127428 -519762 -5.44322e+08
-127360 519762 1.0581e+09 127360 -519762 -5.43811e+08
-127291 519762 1.05744e+09 127291 -519762 -5.433e+08
-127222 519762 1.05677e+09 127222 -519762 -5.42789e+08
-127153 519762 1.05611e+09 127153 -519762 -5.42278e+08
-127084 519762 1.05544e+09 127084 -519762 -5.41767e+08
-127015 519762 1.05477e+09 127015 -519762 -5.41257e+08
-126947 519762 1.05411e+09 126947 -519762 -5.40746e+08
-126878 519762 1.05344e+09 126878 -519762 -5.40235e+08
-126809 519762 1.05278e+09 126809 -519762 -5.39724e+08
-126740 519762 1.05211e+09 126740 -519762 -5.39213e+08
-126671 519762 1.05144e+09 126671 -519762 -5.38703e+08
-126602 519762 1.05078e+09 126602 -519762 -5.38192e+08
-126533 519762 1.05011e+09 126533 -519762 -5.37681e+08
-126465 519762 1.04945e+09 126465 -519762 -5.3717e+08
-126396 519762 1.04878e+09 126396 -519762 -5.36659e+08
-126327 519762 1.04811e+09 126327 -519762 -5.36149e+08
-126258 519762 1.04745e+09 126258 -519762 -5.35638e+08
-126189 519762 1.04678e+09 126189 -519762 -5.35127e+08
-126120 519762 1.04612e+09 126120 -519762 -5.34616e+08
-126051 519762 1.04545e+09 126051 -519762 -5.34105e+08
-125983 519762 1.04479e+09 125983 -519762 -5.33595e+08
-125914 519762 1.04412e+09 125914 -519762 -5.33084e+08
-125845 519762 1.04345e+09 125845 -519762 -5.32573e+08
-125776 519762 1.04279e+09 125776 -519762 -5.32062e+08
-125707 519762 1.04212e+09 125707 -519762 -5.31552e+08
-125638 519762 1.04146e+09 125638 -519762 -5.31041e+08
-125569 519762 1.04079e+09 125569 -519762 -5.3053e+08
-125501 519762 1.04012e+09 125501 -519762 -5.30019e+08
-125432 519762 1.03946e+09 125432 -519762 -5.29508e+08
-125363 519762 1.03879e+09 125363 -519762 -5.28998e+08
-125294 519762 1.03813e+09 125294 -519762 -5.28487e+08
-125225 519762 1.03746e+09 125225 -519762 -5.27976e+08
-125156 519762 1.0368e+09 125156 -519762 -5.27465e+08
-125087 519762 1.03613e+09 125087 -519762 -5.26954e+08
-125019 519762 1.03546e+09 125019 -519762 -5.26444e+08
-124950 519762 1.0348e+09 124950 -519762 -5.25933e+08
-124881 519762 1.03413e+09 124881 -519762 -5.25422e+08
-124812 519762 1.03347e+09 124812 -519762 -5.24911e+08
-124743 519762 1.0328e+09 124743 -519762 -5.24401e+08
-124674 519762 1.03213e+09 124674 -519762 -5.2389e+08
-124606 519762 1.03147e+09 124606 -519762 -5.23379e+08
-124537 519762 1.0308e+09 124537 -519762 -5.22868e+08
-124468 519762 1.03014e+09 124468 -519762 -5.22358e+08
-124399 519762 1.02947e+09 124399 -519762 -5.21847e+08
-124330 519762 1.02881e+09 124330 -519762 -5.21336e+08
-124261 519762 1.02814e+09 124261 -519762 -5.20825e+08
-124192 519762 1.02747e+09 124192 -519762 -5.20315e+08
-124124 519762 1.02681e+09 124124 -519762 -5.19804e+08
-124055 519762 1.02614e+09 124055 -519762 -5.19293e+08
-123986 519762 1.02548e+09 123986 -519762 -5.18782e+08
-123917 519762 1.02481e+09 123917 -519762 -5.18272e+08
-123848 519762 1.02414e+09 123848 -519762 -5.17761e+08
-123779 519762 1.02348e+09 123779 -519762 -5.1725e+08
-123710 519762 1.02281e+09 123710 -519762 -5.16739e+08
-123642 519762 1.02215e+09 123642 -519762 -5.16229e+08
-123573 519762 1.02148e+09 123573 -519762 -5.15718e+08
-123504 519762 1.02082e+09 123504 -519762 -5.15207e+08
-123435 519762 1.02015e+09 123435 -519762 -5.14696e+08
-123366 519762 1.01948e+09 123366 -519762 -5.14186e+08
-123297 519762 1.01882e+09 123297 -519762 -5.13675e+08
-123228 519762 1.01815e+09 123228 -519762 -5.13164e+08
-123160 519762 1.01749e+09 123160 -519762 -5.12653e+08
-123091 519762 1.01682e+09 123091 -519762 -5.12143e+08
-123022 519762 1.01615e+09 123022 -519762 -5.11632e+08
-122953 519762 1.01549e+09 122953 -519762 -5.11121e+08
-122884 519762 1.01482e+09 122884 -519762 -5.10611e+08
-122815 519762 1.01416e+09 122815 -519762 -5.101e+08
-122747 519762 1.01349e+09 122747 -519762 -5.09589e+08
-122678 519762 1.01283e+09 122678 -519762 -5.09078e+08
-122609 519762 1.01216e+09 122609 -519762 -5.08568e+08
-122540 519762 1.01149e+09 122540 -519762 -5.08057e+08
-122471 519762 1.01083e+09 122471 -519762 -5.07546e+08
-122402 519762 1.01016e+09 122402 -519762 -5.07036e+08
-122333 519762 1.0095e+09 122333 -519762 -5.06525e+08
-122265 519762 1.00883e+09 122265 -519762 -5.06014e+08
-122196 519762 1.00817e+09 122196 -519762 -5.05503e+08
-122127 519762 1.0075e+09 122127 -519762 -5.04993e+08
-122058 519762 1.00683e+09 122058 -519762 -5.04482e+08
-121989 519762 1.00617e+09 121989 -519762 -5.03971e+08
-121920 519762 1.0055e+09 121920 -519762 -5.03461e+08
-121851 519762 1.00484e+09 121851 -519762 -5.0295e+08
-121783 519762 1.00417e+09 121783 -519762 -5.02439e+08
-121714 519762 1.0035e+09 121714 -519762 -5.01929e+08
-121645 519762 1.00284e+09 121645 -519762 -5.01418e+08
-121576 519762 1.00217e+09 121576 -519762 -5.00907e+08
-121507 519762 1.00151e+09 121507 -519762 -5.00396e+08
-121438 519762 1.00084e+09 121438 -519762 -4.99886e+08
-121369 519762 1.00018e+09 121369 -519762 -4.99375e+08
-121301 519762 9.9951e+08 121301 -519762 -4.98864e+08
-121232 519762 9.98844e+08 121232 -519762 -4.98354e+08
-121163 519762 9.98178e+08 121163 -519762 -4.97843e+08
-121094 519762 9.97513e+08 121094 -519762 -4.97332e+08
-121025 519762 9.96847e+08 121025 -519762 -4.96822e+08
-120956 519762 9.96181e+08 120956 -519762 -4.96311e+08
-120887 519762 9.95515e+08 120887 -519762 -4.958e+08
-120819 519762 9.9485e+08 120819 -519762 -4.9529e+08
-120750 519762 9.94184e+08 120750 -519762 -4.94779e+08
-120681 519762 9.93518e+08 120681 -519762 -4.94268e+08
-120612 519762 9.92852e+08 120612 -519762 -4.93758e+08
-120543 519762 9.92187e+08 120543 -519762 -4.93247e+08
-120474 519762 9.91521e+08 120474 -519762 -4.92736e+08
-120406 519762 9.90855e+08 120406 -519762 -4.92225e+08
-120337 519762 9.90189e+08 120337 -519762 -4.91715e+08
-120268 519762 9.89524e+08 120268 -519762 -4.91204e+08
-120199 519762 9.88858e+08 120199 -519762 -4.90693e+08
-120130 519762 9.88192e+08 120130 -519762 -4.90183e+08
-120061 519762 9.87526e+08 120061 -519762 -4.89672e+08
-119992 519762 9.86861e+08 119992 -519762 -4.89162e+08
-119924 519762 9.86195e+08 119924 -519762 -4.88651e+08
-119855 519762 9.85529e+08 119855 -519762 -4.8814e+08
-119786 519762 9.84863e+08 119786 -519762 -4.8763e+08
-119717 519762 9.84198e+08 119717 -519762 -4.87119e+08
-119648 519762 9.83532e+08 119648 -519762 -4.86608e+08
-119579 519762 9.82866e+08 119579 -519762 -4.86098e+08
-119510 519762 9.822e+08 119510 -519762 -4.85587e+08
-119442 519762 9.81535e+08 119442 -519762 -4.85076e+08
-119373 519762 9.80869e+08 119373 -519762 -4.84566e+08
-119304 519762 9.80203e+08 119304 -519762 -4.84055e+08
-119235 519762 9.79538e+08 119235 -519762 -4.83544e+08
-119166 519762 9.78872e+08 119166 -519762 -4.83034e+08
-119097 519762 9.78206e+08 119097 -519762 -4.82523e+08
-119028 519762 9.7754e+08 119028 -519762 -4.82012e+08
-118960 519762 9.76875e+08 118960 -519762 -4.81502e+08
-118891 519762 9.76209e+08 118891 -519762 -4.80991e+08
-118822 519762 9.75543e+08 118822 -519762 -4.8048e+08
-118753 519762 9.74877e+08 118753 -519762 -4.7997e+08
-118684 519762 9.74212e+08 118684 -519762 -4.79459e+08
-118615 519762 9.73546e+08 118615 -519762 -4.78949e+08
-118547 519762 9.7288e+08 118547 -519762 -4.78438e+08
-118478 519762 9.72215e+08 118478 -519762 -4.77927e+08
-118409 519762 9.71549e+08 118409 -519762 -4.77417e+08
-118340 519762 9.70883e+08 118340 -519762 -4.76906e+08
-118271 519762 9.70218e+08 118271 -519762 -4.76395e+08
-118202 519762 9.69552e+08 118202 -519762 -4.75885e+08
-118133 519762 9.68886e+08 118133 -519762 -4.75374e+08
-118065 519762 9.6822e+08 118065 -519762 -4.74864e+08
-117996 519762 9.67555e+08 117996 -519762 -4.74353e+08
-117927 519762 9.66889e+08 117927 -519762 -4.73842e+08
-117858 519762 9.66223e+08 117858 -519762 -4.73332e+08
-117789 519762 9.65558e+08 117789 -519762 -4.72821e+08
-117720 519762 9.64892e+08 117720 -519762 -4.7231e+08
-117651 519762 9.64226e+08 117651 -519762 -4.718e+08
-117583 519762 9.63561e+08 117583 -519762 -4.71289e+08
-117514 519762 9.62895e+08 117514 -519762 -4.70779e+08
-117445 519762 9.62229e+08 117445 -519762 -4.70268e+08
-117376 519762 9.61563e+08 117376 -519762 -4.69757e+08
-117307 519762 9.60898e+08 117307 -519762 -4.69247e+08
-117238 519762 9.60232e+08 117238 -519762 -4.68736e+08
-117169 519762 9.59566e+08 117169 -519762 -4.68226e+08
-117101 519762 9.58901e+08 117101 -519762 -4.67715e+08
-117032 519762 9.58235e+08 117032 -519762 -4.67204e+08
-116963 519762 9.57569e+08 116963 -519762 -4.66694e+08
-116894 519762 9.56904e+08 116894 -519762 -4.66183e+08
-116825 519762 9.56238e+08 116825 -519762 -4.65673e+08
-116756 519762 9.55572e+08 116756 -519762 -4.65162e+08
-116688 519762 9.54907e+08 116688 -519762 -4.64651e+08
-116619 519762 9.54241e+08 116619 -519762 -4.64141e+08
-116550 519762 9.53575e+08 116550 -519762 -4.6363e+08
-116481 519762 9.5291e+08 116481 -519762 -4.6312e+08
-116412 519762 9.52244e+08 116412 -519762 -4.62609e+08
-116343 519762 9.51578e+08 116343 -519762 -4.62098e+08
-116274 519762 9.50913e+08 116274 -519762 -4.61588e+08
-116206 519762 9.50247e+08 116206 -519762 -4.61077e+08
-116137 519762 9.49581e+08 116137 -519762 -4.60567e+08
-116068 519762 9.48916e+08 116068 -519762 -4.60056e+08
-115999 519762 9.4825e+08 115999 -519762 -4.59546e+08
-115930 519762 9.47584e+08 115930 -519762 -4.59035e+08
-115861 519762 9.46919e+08 115861 -519762 -4.58524e+08
-115792 519762 9.46253e+08 115792 -519762 -4.58014e+08
-115724 519762 9.45587e+08 115724 -519762 -4.57503e+08
-115655 519762 9.44922e+08 115655 -519762 -4.56993e+08
-115586 519762 9.44256e+08 115586 -519762 -4.56482e+08
-115517 519762 9.43591e+08 115517 -519762 -4.55971e+08
-115448 519762 9.42925e+08 115448 -519762 -4.55461e+08
-115379 519762 9.42259e+08 115379 -519762 -4.5495e+08
-115310 519762 9.41594e+08 115310 -519762 -4.5444e+08
-115242 519762 9.40928e+08 115242 -519762 -4.53929e+08
-115173 519762 9.40262e+08 115173 -519762 -4.53419e+08
-115104 519762 9.39597e+08 115104 -519762 -4.52908e+08
-115035 519762 9.38931e+08 115035 -519762 -4.52398e+08
-114966 519762 9.38265e+08 114966 -519762 -4.51887e+08
-114897 519762 9.376e+08 114897 -519762 -4.51376e+08
-114829 519762 9.36934e+08 114829 -519762 -4.50866e+08
-114760 519762 9.36269e+08 114760 -519762 -4.50355e+08
-114691 519762 9.35603e+08 114691 -519762 -4.49845e+08
-114622 519762 9.34937e+08 114622 -519762 -4.49334e+08
-114553 519762 9.34272e+08 114553 -519762 -4.48824e+08
-114484 519762 9.33606e+08 114484 -519762 -4.48313e+08
-114415 519762 9.3294e+08 114415 -519762 -4.47803e+08
-114347 519762 9.32275e+08 114347 -519762 -4.47292e+08
-114278 519762 9.31609e+08 114278 -519762 -4.46782e+08
-114209 519762 9.30944e+08 114209 -519762 -4.46271e+08
-114140 519762 9.30278e+08 114140 -519762 -4.4576e+08
-114071 519762 9.29612e+08 114071 -519762 -4.4525e+08
-114002 519762 9.28947e+08 114002 -519762 -4.44739e+08
-113933 519762 9.28281e+08 113933 -519762 -4.44229e+08
-113865 519762 9.27615e+08 113865 -519762 -4.43718e+08
-113796 519762 9.2695e+08 113796 -519762 -4.43208e+08
-113727 519762 9.26284e+08 113727 -519762 -4.42697e+08
-113658 519762 9.25619e+08 113658 -519762 -4.42187e+08
-113589 519762 9.24953e+08 113589 -519762 -4.41676e+08
-113520 519762 9.24287e+08 113520 -519762 -4.41166e+08
-113451 519762 9.23622e+08 113451 -519762 -4.40655e+08
-113383 519762 9.22956e+08 113383 -519762 -4.40145e+08
-113314 519762 9.22291e+08 113314 -519762 -4.39634e+08
-113245 519762 9.21625e+08 113245 -519762 -4.39124e+08
-113176 519762 9.20959e+08 113176 -519762 -4.38613e+08
-113107 519762 9.20294e+08 113107 -519762 -4.38103e+08
-113038 519762 9.19628e+08 113038 -519762 -4.37592e+08
-112970 519762 9.18963e+08 112970 -519762 -4.37081e+08
-112901 519762 9.18297e+08 112901 -519762 -4.36571e+08
-112832 519762 9.17631e+08 112832 -519762 -4.3606e+08
-112763 519762 9.16966e+08 112763 -519762 -4.3555e+08
-112694 519762 9.163e+08 112694 -519762 -4.35039e+08
-112625 519762 9.15635e+08 112625 -519762 -4.34529e+08
-112556 519762 9.14969e+08 112556 -519762 -4.34018e+08
-112488 519762 9.14304e+08 112488 -519762 -4.33508e+08
-112419 519762 9.13638e+08 112419 -519762 -4.32997e+08
-112350 519762 9.12972e+08 112350 -519762 -4.32487e+08
-112281 519762 9.12307e+08 112281 -519762 -4.31976e+08
-112212 519762 9.11641e+08 112212 -519762 -4.31466e+08
-112143 519762 9.10976e+08 112143 -519762 -4.30955e+08
-112074 519762 9.1031e+08 112074 -519762 -4.30445e+08
-112006 519762 9.09644e+08 112006 -519762 -4.29934e+08
-111937 519762 9.08979e+08 111937 -519762 -4.29424e+08
-111868 519762 9.08313e+08 111868 -519762 -4.28913e+08
-111799 519762 9.07648e+08 111799 -519762 -4.28403e+08
-111730 519762 9.06982e+08 111730 -519762 -4.27892e+08
-111661 519762 9.06317e+08 111661 -519762 -4.27382e+08
-111593 519762 9.05651e+08 111593 -519762 -4.26871e+08
-111524 519762 9.04986e+08 111524 -519762 -4.26361e+08
-111455 519762 9.0432e+08 111455 -519762 -4.25851e+08
-111386 519762 9.03654e+08 111386 -519762 -4.2534e+08
-111317 519762 9.02989e+08 111317 -519762 -4.2483e+08
-111248 519762 9.02323e+08 111248 -519762 -4.24319e+08
-111179 519762 9.01658e+08 111179 -519762 -4.23809e+08
-111111 519762 9.00992e+08 111111 -519762 -4.23298e+08
-111042 519762 9.00327e+08 111042 -519762 -4.22788e+08
-110973 519762 8.99661e+08 110973 -519762 -4.22277e+08
-110904 519762 8.98996e+08 110904 -519762 -4.21767e+08
-110835 519762 8.9833e+08 110835 -519762 -4.21256e+08
-110766 519762 8.97664e+08 110766 -519762 -4.20746e+08
-110697 519762 8.96999e+08 110697 -519762 -4.20235e+08
-110629 519762 8.96333e+08 110629 -519762 -4.19725e+08
-110560 519762 8.95668e+08 110560 -519762 -4.19214e+08
-110491 519762 8.95002e+08 110491 -519762 -4.18704e+08
-110422 519762 8.94337e+08 110422 -519762 -4.18193e+08
-110353 519762 8.93671e+08 110353 -519762 -4.17683e+08
-110284 519762 8.93006e+08 110284 -519762 -4.17173e+08
-110215 519762 8.9234e+08 110215 -519762 -4.16662e+08
-110147 519762 8.91675e+08 110147 -519762 -4.16152e+08
-110078 519762 8.91009e+08 110078 -519762 -4.15641e+08
-110009 519762 8.90344e+08 110009 -519762 -4.15131e+08
-109940 519762 8.89678e+08 109940 -519762 -4.1462e+08
-109871 519762 8.89012e+08 109871 -519762 -4.1411e+08
-109802 519762 8.88347e+08 109802 -519762 -4.13599e+08
-109734 519762 8.87681e+08 109734 -519762 -4.13089e+08
-109665 519762 8.87016e+08 109665 -519762 -4.12578e+08
-109596 519762 8.8635e+08 109596 -519762 -4.12068e+08
-109527 519762 8.85685e+08 109527 -519762 -4.11558e+08
-109458 519762 8.85019e+08 109458 -519762 -4.11047e+08
-109389 519762 8.84354e+08 109389 -519762 -4.10537e+08
-109320 519762 8.83688e+08 109320 -519762 -4.10026e+08
-109252 519762 8.83023e+08 109252 -519762 -4.09516e+08
-109183 519762 8.82357e+08 109183 -519762 -4.09005e+08
-109114 519762 8.81692e+08 109114 -519762 -4.08495e+08
-109045 519762 8.81026e+08 109045 -519762 -4.07985e+08
-108976 519762 8.80361e+08 108976 -519762 -4.07474e+08
-108907 519762 8.79695e+08 108907 -519762 -4.06964e+08
-108838 519762 8.7903e+08 108838 -519762 -4.06453e+08
-108770 519762 8.78364e+08 108770 -519762 -4.05943e+08
-108701 519762 8.77699e+08 108701 -519762 -4.05432e+08
-108632 519762 8.77033e+08 108632 -519762 -4.04922e+08
-108563 519762 8.76368e+08 108563 -519762 -4.04412e+08
-108494 519762 8.75702e+08 108494 -519762 -4.03901e+08
-108425 519762 8.75037e+08 108425 -519762 -4.03391e+08
-108356 519762 8.74371e+08 108356 -519762 -4.0288e+08
-108288 519762 8.73706e+08 108288 -519762 -4.0237e+08
-108219 519762 8.7304e+08 108219 -519762 -4.01859e+08
-108150 519762 8.72375e+08 108150 -519762 -4.01349e+08
-108081 519762 8.71709e+08 108081 -519762 -4.00839e+08
-108012 519762 8.71044e+08 108012 -519762 -4.00328e+08
-107943 519762 8.70378e+08 107943 -519762 -3.99818e+08
-107875 519762 8.69713e+08 107875 -519762 -3.99307e+08
-107806 519762 8.69047e+08 107806 -519762 -3.98797e+08
-107737 519762 8.68382e+08 107737 -519762 -3.98287e+08
-107668 519762 8.67716e+08 107668 -519762 -3.97776e+08
-107599 519762 8.67051e+08 107599 -519762 -3.97266e+08
-107530 519762 8.66385e+08 107530 -519762 -3.96755e+08
-107461 519762 8.6572e+08 107461 -519762 -3.96245e+08
-107393 519762 8.65054e+08 107393 -519762 -3.95735e+08
-107324 519762 8.64389e+08 107324 -519762 -3.95224e+08
-107255 519762 8.63724e+08 107255 -519762 -3.94714e+08
-107186 519762 8.63058e+08 107186 -519762 -3.94203e+08
-107117 519762 8.62393e+08 107117 -519762 -3.93693e+08
-107048 519762 8.61727e+08 107048 -519762 -3.93183e+08
-106979 519762 8.61062e+08 106979 -519762 -3.92672e+08
-106911 519762 8.60396e+08 106911 -519762 -3.92162e+08
-106842 519762 8.59731e+08 106842 -519762 -3.91651e+08
-106773 519762 8.59065e+08 106773 -519762 -3.91141e+08
-106704 519762 8.584e+08 106704 -519762 -3.90631e+08
-106635 519762 8.57734e+08 106635 -519762 -3.9012e+08
-106566 519762 8.57069e+08 106566 -519762 -3.8961e+08
-106498 519762 8.56403e+08 106498 -519762 -3.891e+08
-106429 519762 8.55738e+08 106429 -519762 -3.88589e+08
-106360 519762 8.55073e+08 106360 -519762 -3.88079e+08
-106291 519762 8.54407e+08 106291 -519762 -3.87568e+08
-106222 519762 8.53742e+08 106222 -519762 -3.87058e+08
-106153 519762 8.53076e+08 106153 -519762 -3.86548e+08
-106084 519762 8.52411e+08 106084 -519762 -3.86037e+08
-106016 519762 8.51745e+08 106016 -519762 -3.85527e+08
-105947 519762 8.5108e+08 105947 -519762 -3.85017e+08
-105878 519762 8.50414e+08 105878 -519762 -3.84506e+08
-105809 519762 8.49749e+08 105809 -519762 -3.83996e+08
-105740 519762 8.49084e+08 105740 -519762 -3.83486e+08
-105671 519762 8.48418e+08 105671 -519762 -3.82975e+08
-105602 519762 8.47753e+08 105602 -519762 -3.82465e+08
-105534 519762 8.47087e+08 105534 -519762 -3.81954e+08
-105465 519762 8.46422e+08 105465 -519762 -3.81444e+08
-105396 519762 8.45756e+08 105396 -519762 -3.80934e+08
-105327 519762 8.45091e+08 105327 -519762 -3.80423e+08
-105258 519762 8.44425e+08 105258 -519762 -3.79913e+08
-105189 519762 8.4376e+08 105189 -519762 -3.79403e+08
-105121 519762 8.43095e+08 105121 -519762 -3.78892e+08
-105052 519762 8.42429e+08 105052 -519762 -3.78382e+08
-104983 519762 8.41764e+08 104983 -519762 -3.77872e+08
-104914 519762 8.41098e+08 104914 -519762 -3.77361e+08
-104845 519762 8.40433e+08 104845 -519762 -3.76851e+08
-104776 519762 8.39767e+08 104776 -519762 -3.76341e+08
-104707 519762 8.39102e+08 104707 -519762 -3.7583e+08
-104639 519762 8.38437e+08 104639 -519762 -3.7532e+08
-104570 519762 8.37771e+08 104570 -519762 -3.7481e+08
-104501 519762 8.37106e+08 104501 -519762 -3.74299e+08
-104432 519762 8.3644e+08 104432 -519762 -3.73789e+08
-104363 519762 8.35775e+08 104363 -519762 -3.73279e+08
-104294 519762 8.3511e+08 104294 -519762 -3.72768e+08
-104225 519762 8.34444e+08 104225 -519762 -3.72258e+08
-104157 519762 8.33779e+08 104157 -519762 -3.71748e+08
-104088 519762 8.33113e+08 104088 -519762 -3.71237e+08
-104019 519762 8.32448e+08 104019 -519762 -3.70727e+08
-103950 519762 8.31783e+08 103950 -519762 -3.70217e+08
-103881 519762 8.31117e+08 103881 -519762 -3.69706e+08
-103812 519762 8.30452e+08 103812 -519762 -3.69196e+08
-103743 519762 8.29786e+08 103743 -519762 -3.68686e+08
-103675 519762 8.29121e+08 103675 -519762 -3.68175e+08
-103606 519762 8.28456e+08 103606 -519762 -3.67665e+08
-103537 519762 8.2779e+08 103537 -519762 -3.67155e+08
-103468 519762 8.27125e+08 103468 -519762 -3.66644e+08
-103399 519762 8.26459e+08 103399 -519762 -3.66134e+08
-103330 519762 8.25794e+08 103330 -519762 -3.65624e+08
-103262 519762 8.25129e+08 103262 -519762 -3.65113e+08
-103193 519762 8.24463e+08 103193 -519762 -3.64603e+08
-103124 519762 8.23798e+08 103124 -519762 -3.64093e+08
-103055 519762 8.23132e+08 103055 -519762 -3.63583e+08
-102986 519762 8.22467e+08 102986 -519762 -3.63072e+08
-102917 519762 8.21802e+08 102917 -519762 -3.62562e+08
-102848 519762 8.21136e+08 102848 -519762 -3.62052e+08
-102780 519762 8.20471e+08 102780 -519762 -3.61541e+08
-102711 519762 8.19806e+08 102711 -519762 -3.61031e+08
-102642 519762 8.1914e+08 102642 -519762 -3.60521e+08
-102573 519762 8.18475e+08 102573 -519762 -3.6001e+08
-102504 519762 8.17809e+08 102504 -519762 -3.595e+08
-102435 519762 8.17144e+08 102435 -519762 -3.5899e+08
-102366 519762 8.16479e+08 102366 -519762 -3.5848e+08
-102298 519762 8.15813e+08 102298 -519762 -3.57969e+08
-102229 519762 8.15148e+08 102229 -519762 -3.57459e+08
-102160 519762 8.14483e+08 102160 -519762 -3.56949e+08
-102091 519762 8.13817e+08 102091 -519762 -3.56438e+08
-102022 519762 8.13152e+08 102022 -519762 -3.55928e+08
-101953 519762 8.12487e+08 101953 -519762 -3.55418e+08
-101885 519762 8.11821e+08 101885 -519762 -3.54908e+08
-101816 519762 8.11156e+08 101816 -519762 -3.54397e+08
-101747 519762 8.1049e+08 101747 -519762 -3.53887e+08
-101678 519762 8.09825e+08 101678 -519762 -3.53377e+08
-101609 519762 8.0916e+08 101609 -519762 -3.52866e+08
-101540 519762 8.08494e+08 101540 -519762 -3.52356e+08
-101471 519762 8.07829e+08 101471 -519762 -3.51846e+08
-101403 519762 8.07164e+08 101403 -519762 -3.51336e+08
-101334 519762 8.06498e+08 101334 -519762 -3.50825e+08
-101265 519762 8.05833e+08 101265 -519762 -3.50315e+08
-101196 519762 8.05168e+08 101196 -519762 -3.49805e+08
-101127 519762 8.04502e+08 101127 -519762 -3.49295e+08
-101058 519762 8.03837e+08 101058 -519762 -3.48784e+08
-100989 519762 8.03172e+08 100989 -519762 -3.48274e+08
-100921 519762 8.02506e+08 100921 -519762 -3.47764e+08
-100852 519762 8.01841e+08 100852 -519762 -3.47253e+08
-100783 519762 8.01176e+08 100783 -519762 -3.46743e+08
-100714 519762 8.0051e+08 100714 -519762 -3.46233e+08
-100645 519762 7.99845e+08 100645 -519762 -3.45723e+08
-100576 519762 7.9918e+08 100576 -519762 -3.45212e+08
-100508 519762 7.98514e+08 100508 -519762 -3.44702e+08
-100439 519762 7.97849e+08 100439 -519762 -3.44192e+08
-100370 519762 7.97184e+08 100370 -519762 -3.43682e+08
-100301 519762 7.96518e+08 100301 -519762 -3.43171e+08
-100232 519762 7.95853e+08 100232 -519762 -3.42661e+08
-100163 519762 7.95188e+08 100163 -519762 -3.42151e+08
-100094 519762 7.94522e+08 100094 -519762 -3.41641e+08
-100026 519762 7.93857e+08 100026 -519762 -3.41131e+08
-99956.7 519762 7.93192e+08 99956.7 -519762 -3.4062e+08
-99887.9 519762 7.92526e+08 99887.9 -519762 -3.4011e+08
-99819 519762 7.91861e+08 99819 -519762 -3.396e+08
-99750.2 519762 7.91196e+08 99750.2 -519762 -3.3909e+08
-99681.3 519762 7.9053e+08 99681.3 -519762 -3.38579e+08
-99612.5 519762 7.89865e+08 99612.5 -519762 -3.38069e+08
-99543.6 519762 7.892e+08 99543.6 -519762 -3.37559e+08
-99474.8 519762 7.88535e+08 99474.8 -519762 -3.37049e+08
-99405.9 519762 7.87869e+08 99405.9 -519762 -3.36538e+08
-99337.1 519762 7.87204e+08 99337.1 -519762 -3.36028e+08
-99268.2 519762 7.86539e+08 99268.2 -519762 -3.35518e+08
-99199.4 519762 7.85873e+08 99199.4 -519762 -3.35008e+08
-99130.5 519762 7.85208e+08 99130.5 -519762 -3.34497e+08
-99061.7 519762 7.84543e+08 99061.7 -519762 -3.33987e+08
-98992.8 519762 7.83877e+08 98992.8 -519762 -3.33477e+08
-98924 519762 7.83212e+08 98924 -519762 -3.32967e+08
-98855.1 519762 7.82547e+08 98855.1 -519762 -3.32457e+08
-98786.3 519762 7.81882e+08 98786.3 -519762 -3.31946e+08
-98717.4 519762 7.81216e+08 98717.4 -519762 -3.31436e+08
-98648.6 519762 7.80551e+08 98648.6 -519762 -3.30926e+08
-98579.7 519762 7.79886e+08 98579.7 -519762 -3.30416e+08
-98510.9 519762 7.7922e+08 98510.9 -519762 -3.29906e+08
-98442 519762 7.78555e+08 98442 -519762 -3.29395e+08
-98373.2 519762 7.7789e+08 98373.2 -519762 -3.28885e+08
-98304.3 519762 7.77225e+08 98304.3 -519762 -3.28375e+08
-98235.5 519762 7.76559e+08 98235.5 -519762 -3.27865e+08
-98166.6 519762 7.75894e+08 98166.6 -519762 -3.27355e+08
-98097.8 519762 7.75229e+08 98097.8 -519762 -3.26844e+08
-98028.9 519762 7.74563e+08 98028.9 -519762 -3.26334e+08
-97960.1 519762 7.73898e+08 97960.1 -519762 -3.25824e+08
-97891.2 519762 7.73233e+08 97891.2 -519762 -3.25314e+08
-97822.4 519762 7.72568e+08 97822.4 -519762 -3.24804e+08
-97753.5 519762 7.71902e+08 97753.5 -519762 -3.24293e+08
-97684.7 519762 7.71237e+08 97684.7 -519762 -3.23783e+08
-97615.8 519762 7.70572e+08 97615.8 -519762 -3.23273e+08
-97547 519762 7.69907e+08 97547 -519762 -3.22763e+08
-97478.1 519762 7.69241e+08 97478.1 -519762 -3.22253e+08
-97409.3 519762 7.68576e+08 97409.3 -519762 -3.21742e+08
-97340.4 519762 7.67911e+08 97340.4 -519762 -3.21232e+08
-97271.6 519762 7.67245e+08 97271.6 -519762 -3.20722e+08
-97202.7 519762 7.6658e+08 97202.7 -519762 -3.20212e+08
-97133.9 519762 7.65915e+08 97133.9 -519762 -3.19702e+08
-97065 519762 7.6525e+08 97065 -519762 -3.19191e+08
-96996.2 519762 7.64584e+08 96996.2 -519762 -3.18681e+08
-96927.3 519762 7.63919e+08 96927.3 -519762 -3.18171e+08
-96858.5 519762 7.63254e+08 96858.5 -519762 -3.17661e+08
-96789.6 519762 7.62589e+08 96789.6 -519762 -3.17151e+08
-96720.8 519762 7.61923e+08 96720.8 -519762 -3.16641e+08
-96651.9 519762 7.61258e+08 96651.9 -519762 -3.1613e+08
-96583.1 519762 7.60593e+08 96583.1 -519762 -3.1562e+08
-96514.2 519762 7.59928e+08 96514.2 -519762 -3.1511e+08
-96445.4 519762 7.59262e+08 96445.4 -519762 -3.146e+08
-96376.5 519762 7.58597e+08 96376.5 -519762 -3.1409e+08
-96307.7 519762 7.57932e+08 96307.7 -519762 -3.1358e+08
-96238.8 519762 7.57267e+08 96238.8 -519762 -3.13069e+08
-96170 519762 7.56602e+08 96170 -519762 -3.12559e+08
-96101.1 519762 7.55936e+08 96101.1 -519762 -3.12049e+08
-96032.3 519762 7.55271e+08 96032.3 -519762 -3.11539e+08
-95963.4 519762 7.54606e+08 95963.4 -519762 -3.11029e+08
-95894.6 519762 7.53941e+08 95894.6 -519762 -3.10519e+08
-95825.7 519762 7.53275e+08 95825.7 -519762 -3.10009e+08
-95756.9 519762 7.5261e+08 95756.9 -519762 -3.09498e+08
-95688 519762 7.51945e+08 95688 -519762 -3.08988e+08
-95619.2 519762 7.5128e+08 95619.2 -519762 -3.08478e+08
-95550.3 519762 7.50614e+08 95550.3 -519762 -3.07968e+08
-95481.5 519762 7.49949e+08 95481.5 -519762 -3.07458e+08
-95412.6 519762 7.49284e+08 95412.6 -519762 -3.06948e+08
-95343.8 519762 7.48619e+08 95343.8 -519762 -3.06437e+08
-95274.9 519762 7.47954e+08 95274.9 -519762 -3.05927e+08
-95206.1 519762 7.47288e+08 95206.1 -519762 -3.05417e+08
-95137.2 519762 7.46623e+08 95137.2 -519762 -3.04907e+08
-95068.4 519762 7.45958e+08 95068.4 -519762 -3.04397e+08
-94999.5 519762 7.45293e+08 94999.5 -519762 -3.03887e+08
-94930.7 519762 7.44628e+08 94930.7 -519762 -3.03377e+08
-94861.8 519762 7.43962e+08 94861.8 -519762 -3.02867e+08
-94793 519762 7.43297e+08 94793 -519762 -3.02356e+08
-94724.1 519762 7.42632e+08 94724.1 -519762 -3.01846e+08
-94655.3 519762 7.41967e+08 94655.3 -519762 -3.01336e+08
-94586.4 519762 7.41301e+08 94586.4 -519762 -3.00826e+08
-94517.6 519762 7.40636e+08 94517.6 -519762 -3.00316e+08
-94448.7 519762 7.39971e+08 94448.7 -519762 -2.99806e+08
-94379.9 519762 7.39306e+08 94379.9 -519762 -2.99296e+08
-94311 519762 7.38641e+08 94311 -519762 -2.98786e+08
-94242.2 519762 7.37975e+08 94242.2 -519762 -2.98275e+08
-94173.3 519762 7.3731e+08 94173.3 -519762 -2.97765e+08
-94104.5 519762 7.36645e+08 94104.5 -519762 -2.97255e+08
-94035.6 519762 7.3598e+08 94035.6 -519762 -2.96745e+08
-93966.8 519762 7.35315e+08 93966.8 -519762 -2.96235e+08
-93897.9 519762 7.34649e+08 93897.9 -519762 -2.95725e+08
-93829.1 519762 7.33984e+08 93829.1 -519762 -2.95215e+08
-93760.2 519762 7.33319e+08 93760.2 -519762 -2.94705e+08
-93691.4 519762 7.32654e+08 93691.4 -519762 -2.94195e+08
-93622.5 519762 7.31989e+08 93622.5 -519762 -2.93684e+08
-93553.7 519762 7.31324e+08 93553.7 -519762 -2.93174e+08
-93484.8 519762 7.30658e+08 93484.8 -519762 -2.92664e+08
-93416 519762 7.29993e+08 93416 -519762 -2.92154e+08
-93347.1 519762 7.29328e+08 93347.1 -519762 -2.91644e+08
-93278.3 519762 7.28663e+08 93278.3 -519762 -2.91134e+08
-93209.4 519762 7.27998e+08 93209.4 -519762 -2.90624e+08
-93140.6 519762 7.27333e+08 93140.6 -519762 -2.90114e+08
-93071.7 519762 7.26667e+08 93071.7 -519762 -2.89604e+08
-93002.9 519762 7.26002e+08 93002.9 -519762 -2.89094e+08
-92934 519762 7.25337e+08 92934 -519762 -2.88583e+08
-92865.2 519762 7.24672e+08 92865.2 -519762 -2.88073e+08
-92796.3 519762 7.24007e+08 92796.3 -519762 -2.87563e+08
-92727.5 519762 7.23342e+08 92727.5 -519762 -2.87053e+08
-92658.6 519762 7.22676e+08 92658.6 -519762 -2.86543e+08
-92589.8 519762 7.22011e+08 92589.8 -519762 -2.86033e+08
-92520.9 519762 7.21346e+08 92520.9 -519762 -2.85523e+08
-92452.1 519762 7.20681e+08 92452.1 -519762 -2.85013e+08
-92383.2 519762 7.20016e+08 92383.2 -519762 -2.84503e+08
-92314.4 519762 7.19351e+08 92314.4 -519762 -2.83993e+08
-92245.5 519762 7.18685e+08 92245.5 -519762 -2.83483e+08
-92176.7 519762 7.1802e+08 92176.7 -519762 -2.82973e+08
-92107.8 519762 7.17355e+08 92107.8 -519762 -2.82462e+08
-92039 519762 7.1669e+08 92039 -519762 -2.81952e+08
-91970.1 519762 7.16025e+08 91970.1 -519762 -2.81442e+08
-91901.3 519762 7.1536e+08 91901.3 -519762 -2.80932e+08
-91832.4 519762 7.14694e+08 91832.4 -519762 -2.80422e+08
-91763.6 519762 7.14029e+08 91763.6 -519762 -2.79912e+08
-91694.7 519762 7.13364e+08 91694.7 -519762 -2.79402e+08
