6.369324840764330545e-03 7.193078155995826783e+00
9.554012738853503300e-03 1.078966130081842678e+01
1.273872611464968267e-02 1.438629480772638658e+01
1.592343949044585857e-02 1.798277722837827497e+01
1.910815286624203968e-02 2.157956182154230618e+01
2.229286624203821732e-02 2.517663599669714714e+01
2.547757961783439495e-02 2.877274070170885523e+01
2.866229299363057259e-02 3.236934902757412402e+01
3.184700636942675023e-02 3.596620916386618916e+01
3.503171974522293480e-02 3.956306930015827561e+01
3.821643312101910550e-02 4.315967762602355151e+01
4.140114649681528314e-02 4.675653776231563086e+01
4.458585987261146077e-02 5.035339789860769599e+01
4.777057324840763841e-02 5.395025803489977534e+01
5.095528662420382299e-02 5.754686636076505835e+01
5.414000000000000756e-02 6.114397830748390561e+01
5.732471337579618520e-02 6.474083844377599917e+01
6.050942675159236284e-02 6.833782448528145892e+01
6.369414012738854047e-02 7.193493643200031329e+01
6.687898089171974425e-02 7.553192247350578725e+01
7.006369426751592189e-02 7.912878260979785239e+01
7.324840764331209952e-02 8.272602046173014401e+01
7.643312101910827716e-02 8.632288059802218072e+01
7.961783439490446868e-02 8.992011844995445813e+01
8.280254777070063243e-02 9.351697858624652326e+01
8.598726114649682395e-02 9.711409053296537763e+01
8.917197452229298771e-02 1.007114542901110212e+02
9.235668789808916535e-02 1.043086921420432986e+02
9.554140127388535686e-02 1.079055522783353780e+02
9.872611464968152062e-02 1.115030419406944162e+02
1.019108280254776983e-01 1.151002797926266794e+02
1.050955414012738898e-01 1.186975176445589568e+02
1.082802547770700674e-01 1.222947554964911916e+02
1.114649681528662450e-01 1.258922451588502440e+02
1.146496815286624088e-01 1.294896089159959160e+02
1.178343949044586003e-01 1.330867208627147420e+02
1.210191082802547780e-01 1.366843364302872601e+02
1.242038216560509556e-01 1.402814483770060860e+02
1.273885350318471332e-01 1.438790639445785189e+02
1.305732484076433109e-01 1.474764277017241625e+02
1.337579617834394885e-01 1.510739173640832291e+02
1.369426751592356661e-01 1.546714070264422958e+02
1.401273885350318438e-01 1.582694003096548840e+02
1.433121019108280214e-01 1.618665122563738237e+02
1.464968152866241990e-01 1.654641278239462281e+02
1.496815286624203767e-01 1.690619952019454786e+02
1.528662420382165543e-01 1.726593589590911222e+02
1.560509554140127320e-01 1.762571004318769496e+02
1.592356687898089374e-01 1.798547159994494677e+02
1.624203821656050872e-01 1.834524574722352668e+02
1.656050955414012649e-01 1.870501989450211227e+02
1.687898089171974425e-01 1.906480663230203163e+02
1.719745222929936479e-01 1.942455559853793829e+02
1.751592356687898255e-01 1.978434233633786334e+02
1.783439490445859754e-01 2.014414166465912217e+02
1.815286624203821531e-01 2.050392840245905290e+02
1.847133757961783307e-01 2.086368995921629903e+02
1.878980891719745361e-01 2.122350187805889732e+02
1.910828025477707137e-01 2.158332638742284075e+02
1.942675159235668636e-01 2.194307535365874742e+02
1.974522292993630412e-01 2.230286209145866110e+02
2.006369426751592466e-01 2.266261105769457345e+02
2.038216560509553965e-01 2.302249851966521987e+02
2.070063694267516019e-01 2.338227266694379978e+02
2.101910828025477795e-01 2.374202163317970360e+02
2.133757961783439294e-01 2.410178318993695257e+02
2.165605095541401348e-01 2.446174619503563008e+02
2.197452229299363125e-01 2.482145738970752404e+02
2.229299363057324901e-01 2.518129448959279841e+02
2.261146496815286677e-01 2.554125749469147308e+02
2.292993630573248176e-01 2.590096868936336705e+02
2.324840764331210230e-01 2.626067988403524964e+02
2.356687898089172006e-01 2.662051698392053254e+02
2.388535031847133783e-01 2.698047998901921005e+02
2.420382165605095559e-01 2.734019118369109265e+02
2.452229299363057058e-01 2.769990237836297524e+02
2.484076433121019112e-01 2.805999128867505306e+02
2.515923566878980888e-01 2.841970248334692997e+02
2.547770700636942665e-01 2.877941367801882393e+02
2.579617834394904441e-01 2.913950258833089038e+02
2.611464968152866217e-01 2.949933968821619032e+02
2.643312101910827994e-01 2.985905088288807292e+02
2.675159235668789770e-01 3.021901388798674475e+02
2.707006369426751546e-01 3.057885098787202764e+02
2.738853503184713323e-01 3.093881399297071084e+02
2.770700636942675099e-01 3.129852518764259912e+02
2.802547770700636875e-01 3.165823638231448172e+02
2.834394904458598652e-01 3.201832529262655953e+02
2.866242038216560428e-01 3.237803648729844213e+02
2.898089171974522205e-01 3.273799949239712532e+02
2.929936305732483981e-01 3.309783659228240822e+02
2.961783439490445757e-01 3.345767369216769112e+02
2.993630573248407534e-01 3.381763669726636294e+02
3.025477707006369865e-01 3.417734789193824554e+02
3.057324840764331086e-01 3.453731089703692874e+02
3.089171974522292863e-01 3.489702209170881133e+02
3.121019108280254639e-01 3.525723690723427808e+02
3.152866242038216416e-01 3.561694810190616636e+02
3.184713375796178747e-01 3.597691110700484387e+02
3.216560509554139968e-01 3.633662230167673783e+02
3.248407643312101745e-01 3.669671121198880428e+02
3.280254777070063521e-01 3.705654831187409286e+02
3.312101910828025297e-01 3.741651131697277037e+02
3.343949044585987629e-01 3.777622251164465865e+02
3.375796178343948850e-01 3.813618551674331911e+02
3.407643312101910626e-01 3.849614852184201368e+02
3.439490445859872958e-01 3.885611152694068551e+02
3.471337579617834179e-01 3.921582272161257379e+02
3.503184713375796511e-01 3.957578572671125130e+02
3.535031847133757732e-01 3.993574873180992313e+02
3.566878980891719508e-01 4.029571173690860633e+02
3.598726114649681840e-01 4.065567474200728952e+02
3.630573248407643061e-01 4.101538593667918349e+02
3.662420382165605393e-01 4.137547484699124425e+02
3.694267515923566614e-01 4.173518604166314390e+02
3.726114649681528390e-01 4.209527495197521034e+02
3.757961783439490722e-01 4.245536386228728247e+02
3.789808917197451943e-01 4.281507505695917644e+02
3.821656050955414274e-01 4.317503806205785395e+02
3.853503184713376051e-01 4.353487516194313685e+02
3.885350318471337272e-01 4.389496407225519761e+02
3.917197452229299048e-01 4.425492707735386375e+02
3.949044585987260825e-01 4.461476417723915802e+02
3.980891719745223156e-01 4.497472718233783553e+02
4.012738853503184933e-01 4.533469018743652441e+02
4.044585987261146709e-01 4.569452728732180162e+02
4.076433121019107930e-01 4.605461619763387944e+02
4.108280254777069707e-01 4.641470510794595157e+02
4.140127388535032038e-01 4.677441630261782848e+02
4.171974522292993814e-01 4.713437930771651736e+02
4.203821656050955591e-01 4.749446821802859517e+02
4.235668789808916812e-01 4.785443122312726700e+02
4.267515923566878588e-01 4.821439422822595020e+02
4.299363057324840920e-01 4.857435723332461635e+02
4.331210191082802696e-01 4.893444614363669984e+02
4.363057324840764473e-01 4.929415733830857675e+02
4.394904458598726249e-01 4.965424624862065457e+02
4.426751592356687470e-01 5.001420925371932071e+02
4.458598726114649802e-01 5.037429816403140421e+02
4.490445859872611578e-01 5.073438707434348771e+02
4.522292993630573354e-01 5.109409826901537599e+02
4.554140127388535131e-01 5.145418717932743675e+02
4.585987261146496352e-01 5.181415018442610290e+02
4.617834394904458684e-01 5.217423909473817503e+02
4.649681528662420460e-01 5.253407619462346929e+02
4.681528662420382236e-01 5.289403919972213544e+02
4.713375796178344013e-01 5.325412811003423030e+02
4.745222929936305234e-01 5.361421702034629106e+02
4.777070063694267565e-01 5.397430593065837456e+02
4.808917197452229342e-01 5.433426893575706345e+02
4.840764331210191118e-01 5.469410603564234634e+02
4.872611464968152895e-01 5.505406904074102385e+02
4.904458598726114116e-01 5.541415795105308462e+02
4.936305732484076447e-01 5.577412095615177350e+02
4.968152866242038224e-01 5.613420986646384563e+02
5.000000000000000000e-01 5.649429877677591776e+02
5.031847133757961776e-01 5.685438768708797852e+02
5.063694267515923553e-01 5.721447659740005065e+02
5.095541401273885329e-01 5.757418779207192756e+02
5.127388535031847105e-01 5.793427670238401106e+02
5.159235668789808882e-01 5.829436561269610593e+02
5.191082802547770658e-01 5.865432861779477207e+02
5.222929936305732435e-01 5.901441752810685557e+02
5.254777070063694211e-01 5.937450643841893907e+02
5.286624203821655987e-01 5.973446944351760521e+02
5.318471337579617764e-01 6.009455835382966598e+02
5.350318471337579540e-01 6.045464726414174947e+02
5.382165605095541316e-01 6.081473617445383297e+02
5.414012738853503093e-01 6.117482508476590510e+02
5.445859872611464869e-01 6.153491399507795450e+02
5.477707006369426646e-01 6.189487700017664338e+02
5.509554140127388422e-01 6.225496591048872688e+02
5.541401273885350198e-01 6.261505482080078764e+02
5.573248407643311975e-01 6.297514373111287114e+02
5.605095541401273751e-01 6.333510673621153728e+02
5.636942675159235527e-01 6.369519564652362078e+02
5.668789808917197304e-01 6.405528455683568154e+02
5.700636942675159080e-01 6.441524756193439316e+02
5.732484076433120856e-01 6.477533647224643119e+02
5.764331210191082633e-01 6.513542538255851468e+02
5.796178343949044409e-01 6.549551429287057545e+02
5.828025477707006186e-01 6.585547729796928706e+02
5.859872611464967962e-01 6.621556620828134783e+02
5.891719745222930849e-01 6.657565511859343133e+02
5.923566878980891515e-01 6.693574402890548072e+02
5.955414012738853291e-01 6.729595884443097020e+02
5.987261146496815067e-01 6.765617365995643695e+02
6.019108280254776844e-01 6.801626257026848634e+02
6.050955414012739730e-01 6.837635148058056984e+02
6.082802547770700397e-01 6.873644039089265334e+02
6.114649681528662173e-01 6.909652930120474821e+02
6.146496815286623949e-01 6.945661821151678623e+02
6.178343949044585726e-01 6.981658121661546375e+02
6.210191082802548612e-01 7.017667012692754724e+02
6.242038216560509278e-01 7.053701084766641998e+02
6.273885350318471055e-01 7.089709975797848074e+02
6.305732484076432831e-01 7.125718866829056424e+02
6.337579617834394607e-01 7.161727757860264774e+02
6.369426751592357494e-01 7.197736648891471987e+02
6.401273885350318160e-01 7.233745539922679200e+02
6.433121019108279937e-01 7.269767021475227011e+02
6.464968152866241713e-01 7.305775912506431951e+02
6.496815286624203489e-01 7.341784803537641437e+02
6.528662420382166376e-01 7.377793694568849787e+02
6.560509554140127042e-01 7.413802585600054726e+02
6.592356687898088818e-01 7.449836657673943137e+02
6.624203821656050595e-01 7.485845548705149213e+02
6.656050955414012371e-01 7.521854439736355289e+02
6.687898089171975258e-01 7.557863330767565913e+02
6.719745222929937034e-01 7.593897402841450912e+02
6.751592356687897700e-01 7.629906293872658125e+02
6.783439490445859477e-01 7.665915184903865338e+02
6.815286624203821253e-01 7.701924075935072551e+02
6.847133757961784140e-01 7.737958148008957551e+02
6.878980891719745916e-01 7.773967039040165901e+02
6.910828025477706582e-01 7.809975930071373114e+02
6.942675159235668358e-01 7.846010002145259250e+02
6.974522292993630135e-01 7.882018893176468737e+02
7.006369426751593021e-01 7.918027784207673676e+02
7.038216560509554798e-01 7.954061856281562086e+02
7.070063694267515464e-01 7.990070747312769299e+02
7.101910828025477240e-01 8.026067047822637051e+02
7.133757961783439017e-01 8.062101119896524324e+02
7.165605095541401903e-01 8.098110010927732674e+02
7.197452229299363680e-01 8.134118901958939887e+02
7.229299363057324346e-01 8.170152974032826023e+02
7.261146496815286122e-01 8.206161865064032099e+02
7.292993630573247898e-01 8.242183346616577637e+02
7.324840764331210785e-01 8.278217418690466047e+02
7.356687898089172561e-01 8.314226309721670987e+02
7.388535031847133228e-01 8.350260381795560534e+02
7.420382165605095004e-01 8.386269272826766610e+02
7.452229299363056780e-01 8.422278163857974960e+02
7.484076433121019667e-01 8.458312235931862233e+02
7.515923566878981443e-01 8.494321126963070583e+02
7.547770700636943220e-01 8.530367789558293907e+02
7.579617834394903886e-01 8.566376680589504531e+02
7.611464968152865662e-01 8.602410752663386120e+02
7.643312101910828549e-01 8.638407053173256145e+02
7.675159235668790325e-01 8.674441125247144555e+02
7.707006369426752102e-01 8.710450016278347221e+02
7.738853503184712768e-01 8.746496678873575092e+02
7.770700636942674544e-01 8.782505569904786853e+02
7.802547770700637431e-01 8.818539641978670716e+02
7.834394904458598097e-01 8.854548533009879066e+02
7.866242038216560983e-01 8.890582605083766339e+02
7.898089171974521649e-01 8.926604086636314150e+02
7.929936305732484536e-01 8.962638158710196876e+02
7.961783439490446312e-01 8.998647049741405226e+02
7.993630573248406979e-01 9.034681121815291363e+02
8.025477707006369865e-01 9.070690012846496302e+02
8.057324840764330531e-01 9.106724084920388123e+02
8.089171974522293418e-01 9.142732975951594199e+02
8.121019108280255194e-01 9.178767048025479198e+02
8.152866242038215860e-01 9.214788529578025873e+02
8.184713375796178747e-01 9.250822601651914283e+02
8.216560509554139413e-01 9.286856673725801556e+02
8.248407643312102300e-01 9.322878155278347094e+02
8.280254777070064076e-01 9.358912227352234368e+02
8.312101910828024742e-01 9.394908527862100982e+02
8.343949044585987629e-01 9.430955190457328854e+02
8.375796178343948295e-01 9.466989262531212717e+02
8.407643312101911182e-01 9.502998153562419930e+02
8.439490445859872958e-01 9.539044816157647801e+02
8.471337579617833624e-01 9.575078888231535075e+02
8.503184713375796511e-01 9.611087779262742288e+02
8.535031847133757177e-01 9.647134441857965612e+02
8.566878980891720063e-01 9.683130742367834500e+02
8.598726114649681840e-01 9.719164814441721774e+02
8.630573248407644726e-01 9.755211477036948509e+02
8.662420382165605393e-01 9.791245549110838056e+02
8.694267515923566059e-01 9.827267030663384730e+02
8.726114649681528945e-01 9.863301102737269730e+02
8.757961783439490722e-01 9.899335174811157003e+02
8.789808917197452498e-01 9.935344065842364216e+02
8.821656050955414274e-01 9.971378137916251490e+02
8.853503184713374941e-01 1.000742480051147481e+03
8.885350318471337827e-01 1.004343369154268203e+03
8.917197452229299603e-01 1.007948035413791104e+03
8.949044585987262490e-01 1.011551442621179831e+03
8.980891719745223156e-01 1.015153590776434157e+03
9.012738853503183822e-01 1.018755738931688938e+03
9.044585987261146709e-01 1.022359146139077893e+03
9.076433121019108485e-01 1.025963812398600339e+03
9.108280254777070262e-01 1.029567219605988839e+03
9.140127388535032038e-01 1.033171885865511513e+03
9.171974522292992704e-01 1.036771515916498402e+03
9.203821656050955591e-01 1.040376182176021075e+03
9.235668789808917367e-01 1.043979589383409348e+03
9.267515923566880254e-01 1.047584255642931794e+03
9.299363057324840920e-01 1.051188921902454695e+03
9.331210191082801586e-01 1.054791070057709476e+03
9.363057324840764473e-01 1.058393218212964257e+03
9.394904458598726249e-01 1.061996625420352984e+03
9.426751592356688025e-01 1.065601291679875658e+03
9.458598726114649802e-01 1.069204698887263930e+03
9.490445859872610468e-01 1.072808106094652885e+03
9.522292993630573354e-01 1.076411513302041385e+03
9.554140127388535131e-01 1.080013661457296166e+03
9.585987261146498017e-01 1.083618327716818612e+03
9.617834394904458684e-01 1.087221734924207340e+03
9.649681528662419350e-01 1.090825142131596294e+03
9.681528662420382236e-01 1.094428549338984794e+03
9.713375796178344013e-01 1.098033215598507013e+03
9.745222929936305789e-01 1.101637881858029914e+03
9.777070063694267565e-01 1.105241289065418641e+03
9.808917197452228232e-01 1.108844696272807141e+03
9.840764331210191118e-01 1.112449362532329815e+03
9.872611464968152895e-01 1.116052769739718315e+03
9.904458598726115781e-01 1.119657435999241216e+03
9.936305732484076447e-01 1.123260843206629488e+03
9.968152866242037113e-01 1.126861732309750323e+03
1.000000000000000000e+00 1.130468916673541116e+03
1.003184713375796067e+00 1.134071064828795670e+03
1.006369426751592355e+00 1.137674472036184397e+03
1.009554140127388422e+00 1.141277879243572897e+03
1.012738853503184711e+00 1.144882545503095571e+03
1.015923566878980999e+00 1.148487211762618244e+03
1.019108280254777066e+00 1.152090618970006972e+03
1.022292993630573354e+00 1.155696544281663364e+03
1.025477707006369421e+00 1.159301210541186265e+03
1.028662420382165710e+00 1.162904617748574992e+03
1.031847133757961776e+00 1.166509284008097211e+03
1.035031847133757843e+00 1.170112691215485938e+03
1.038216560509554132e+00 1.173717357475008839e+03
1.041401273885350198e+00 1.177322023734531285e+03
1.044585987261146487e+00 1.180924171889786066e+03
1.047770700636942776e+00 1.184528838149308285e+03
1.050955414012738842e+00 1.188133504408830959e+03
1.054140127388535131e+00 1.191738170668353860e+03
1.057324840764331197e+00 1.195341577875742132e+03
1.060509554140127486e+00 1.198944985083131087e+03
1.063694267515923553e+00 1.202549651342653760e+03
1.066878980891719619e+00 1.206156835706444326e+03
1.070063694267515908e+00 1.209760242913832826e+03
1.073248407643311975e+00 1.213364909173355727e+03
1.076433121019108263e+00 1.216969575432878628e+03
1.079617834394904552e+00 1.220571723588132954e+03
1.082802547770700619e+00 1.224176389847655173e+03
1.085987261146496907e+00 1.227781056107177847e+03
1.089171974522292974e+00 1.231388240470968867e+03
1.092356687898089262e+00 1.234991647678356912e+03
1.095541401273885329e+00 1.238596313937880041e+03
1.098726114649681396e+00 1.242200980197402714e+03
1.101910828025477684e+00 1.245804387404791214e+03
1.105095541401273751e+00 1.249411571768581325e+03
1.108280254777070040e+00 1.253014978975970052e+03
1.111464968152866328e+00 1.256618386183359007e+03
1.114649681528662395e+00 1.260223052442881681e+03
1.117834394904458684e+00 1.263827718702404127e+03
1.121019108280254750e+00 1.267433644014060519e+03
1.124203821656051039e+00 1.271038310273583193e+03
1.127388535031847105e+00 1.274642976533105639e+03
1.130573248407643172e+00 1.278247642792628540e+03
1.133757961783439461e+00 1.281853568104285387e+03
1.136942675159235527e+00 1.285458234363808060e+03
1.140127388535031816e+00 1.289062900623330279e+03
1.143312101910828105e+00 1.292668825934986671e+03
1.146496815286624171e+00 1.296273492194509572e+03
1.149681528662420460e+00 1.299878158454032246e+03
1.152866242038216527e+00 1.303481565661420518e+03
1.156050955414012815e+00 1.307088750025211539e+03
1.159235668789808882e+00 1.310693416284733757e+03
1.162420382165604948e+00 1.314296823492122257e+03
1.165605095541401237e+00 1.317904007855912823e+03
1.168789808917197304e+00 1.321507415063301778e+03
1.171974522292993592e+00 1.325114599427091889e+03
1.175159235668789881e+00 1.328719265686615017e+03
1.178343949044586170e+00 1.332323931946137691e+03
1.181528662420382236e+00 1.335931116309927802e+03
1.184713375796178303e+00 1.339535782569450475e+03
1.187898089171974592e+00 1.343139189776839430e+03
1.191082802547770658e+00 1.346746374140629769e+03
1.194267515923566947e+00 1.350351040400152669e+03
1.197452229299363013e+00 1.353956965711809289e+03
1.200636942675159080e+00 1.357561631971331508e+03
1.203821656050955369e+00 1.361166298230854181e+03
1.207006369426751657e+00 1.364773482594644975e+03
1.210191082802547946e+00 1.368378148854167648e+03
1.213375796178344013e+00 1.371984074165824495e+03
1.216560509554140079e+00 1.375588740425346487e+03
1.219745222929936368e+00 1.379195924789137052e+03
1.222929936305732435e+00 1.382799331996525780e+03
1.226114649681528723e+00 1.386407775412450519e+03
1.229299363057324790e+00 1.390011182619838564e+03
1.232484076433120856e+00 1.393618366983629585e+03
1.235668789808917145e+00 1.397223033243152258e+03
1.238853503184713434e+00 1.400828958554808878e+03
1.242038216560509722e+00 1.404434883866465725e+03
1.245222929936305789e+00 1.408040809178121435e+03
1.248407643312101856e+00 1.411645475437644109e+03
1.251592356687898144e+00 1.415252659801435129e+03
1.254777070063694211e+00 1.418856067008823629e+03
1.257961783439490500e+00 1.422464510424748369e+03
1.261146496815286566e+00 1.426067917632136869e+03
1.264331210191082633e+00 1.429675101995926980e+03
1.267515923566878921e+00 1.433281027307584282e+03
1.270700636942675210e+00 1.436886952619240674e+03
1.273885350318471499e+00 1.440491618878763120e+03
1.277070063694267565e+00 1.444097544190419740e+03
1.280254777070063632e+00 1.447705987606344024e+03
1.283439490445859921e+00 1.451310653865866698e+03
1.286624203821655987e+00 1.454916579177523317e+03
1.289808917197452276e+00 1.458522504489179710e+03
1.292993630573248343e+00 1.462128429800836557e+03
1.296178343949044409e+00 1.465735614164626895e+03
1.299363057324840698e+00 1.469340280424149114e+03
1.302547770700636987e+00 1.472947464787940135e+03
1.305732484076433275e+00 1.476554649151730700e+03
1.308917197452229342e+00 1.480159315411253147e+03
1.312101910828025408e+00 1.483766499775043485e+03
1.315286624203821697e+00 1.487372425086700559e+03
1.318471337579617764e+00 1.490978350398357179e+03
1.321656050955414052e+00 1.494584275710013571e+03
1.324840764331210119e+00 1.498192719125937856e+03
1.328025477707006186e+00 1.501796126333326356e+03
1.331210191082802474e+00 1.505403310697117149e+03
1.334394904458598763e+00 1.509010495060907488e+03
1.337579617834395052e+00 1.512615161320430389e+03
1.340764331210191118e+00 1.516223604736354901e+03
1.343949044585987407e+00 1.519829530048011748e+03
1.347133757961783473e+00 1.523437973463935577e+03
1.350318471337579540e+00 1.527041380671324077e+03
1.353503184713375829e+00 1.530648565035114643e+03
1.356687898089171895e+00 1.534255749398905436e+03
1.359872611464968184e+00 1.537862933762695775e+03
1.363057324840764251e+00 1.541467600022218448e+03
1.366242038216560539e+00 1.545074784386009242e+03
1.369426751592356828e+00 1.548681968749800262e+03
1.372611464968152895e+00 1.552289153113590146e+03
1.375796178343949183e+00 1.555896337477380712e+03
1.378980891719745250e+00 1.559501003736903385e+03
1.382165605095541316e+00 1.563108188100693951e+03
1.385350318471337605e+00 1.566715372464484290e+03
1.388535031847133672e+00 1.570322556828275083e+03
1.391719745222929960e+00 1.573931000244199367e+03
1.394904458598726027e+00 1.577536925555856442e+03
1.398089171974522316e+00 1.581142850867513062e+03
1.401273885350318604e+00 1.584748776179168999e+03
1.404458598726114671e+00 1.588357219595093738e+03
1.407643312101910960e+00 1.591963144906750586e+03
1.410828025477707026e+00 1.595571588322674415e+03
1.414012738853503093e+00 1.599178772686464754e+03
1.417197452229299381e+00 1.602785957050256229e+03
1.420382165605095448e+00 1.606393141414046568e+03
1.423566878980891737e+00 1.609997807673569241e+03
1.426751592356687803e+00 1.613604992037359807e+03
1.429936305732484092e+00 1.617213435453284546e+03
1.433121019108280381e+00 1.620819360764941166e+03
1.436305732484076447e+00 1.624427804180865223e+03
1.439490445859872736e+00 1.628034988544655789e+03
1.442675159235668803e+00 1.631642172908446582e+03
1.445859872611464869e+00 1.635249357272237148e+03
1.449044585987261158e+00 1.638857800688161660e+03
1.452229299363057224e+00 1.642463725999818053e+03
1.455414012738853513e+00 1.646070910363608618e+03
1.458598726114649580e+00 1.649679353779532903e+03
1.461783439490445868e+00 1.653285279091188841e+03
1.464968152866242157e+00 1.656893722507113807e+03
1.468152866242038224e+00 1.660500906870904601e+03
1.471337579617834512e+00 1.664108091234695166e+03
1.474522292993630579e+00 1.667715275598485277e+03
1.477707006369426646e+00 1.671323719014410472e+03
1.480891719745222934e+00 1.674930903378200583e+03
1.484076433121019001e+00 1.678536828689856975e+03
1.487261146496815289e+00 1.682145272105781714e+03
1.490445859872611356e+00 1.685752456469572280e+03
1.493630573248407645e+00 1.689360899885496792e+03
1.496815286624203933e+00 1.692966825197153412e+03
1.500000000000000000e+00 1.696575268613077697e+03
1.503184713375796289e+00 1.700182452976867808e+03
1.506369426751592355e+00 1.703789637340658373e+03
1.509554140127388644e+00 1.707398080756583113e+03
1.512738853503184711e+00 1.711006524172508080e+03
1.515923566878980777e+00 1.714614967588431909e+03
1.519108280254777066e+00 1.718222151952222475e+03
1.522292993630573132e+00 1.721830595368146987e+03
1.525477707006369421e+00 1.725437779731937553e+03
1.528662420382165710e+00 1.729044964095728119e+03
1.531847133757961776e+00 1.732652148459518230e+03
1.535031847133758065e+00 1.736259332823309251e+03
1.538216560509554132e+00 1.739870294343502337e+03
1.541401273885350420e+00 1.743477478707292221e+03
1.544585987261146487e+00 1.747084663071082332e+03
1.547770700636942554e+00 1.750693106487007753e+03
1.550955414012738842e+00 1.754300290850797865e+03
1.554140127388534909e+00 1.757911252370989814e+03
1.557324840764331197e+00 1.761517177682646889e+03
1.560509554140127486e+00 1.765124362046437227e+03
1.563694267515923553e+00 1.768732805462361284e+03
1.566878980891719619e+00 1.772339989826151850e+03
1.570063694267516130e+00 1.775950951346344482e+03
1.573248407643312197e+00 1.779558135710135730e+03
1.576433121019108263e+00 1.783165320073925614e+03
1.579617834394904330e+00 1.786773763489850353e+03
1.582802547770700397e+00 1.790383465957908584e+03
1.585987261146496907e+00 1.793990650321698922e+03
1.589171974522292974e+00 1.797599093737623662e+03
1.592356687898089262e+00 1.801206278101414227e+03
1.595541401273885329e+00 1.804817239621606859e+03
1.598726114649681396e+00 1.808424423985396970e+03
1.601910828025477906e+00 1.812031608349187763e+03
1.605095541401273973e+00 1.815640051765112503e+03
1.608280254777070040e+00 1.819249754233170734e+03
1.611464968152866106e+00 1.822856938596961754e+03
1.614649681528662173e+00 1.826465382012885811e+03
1.617834394904458684e+00 1.830075084480943588e+03
1.621019108280254750e+00 1.833682268844734381e+03
1.624203821656051039e+00 1.837290712260658438e+03
1.627388535031847105e+00 1.840900414728717351e+03
1.630573248407643172e+00 1.844507599092508372e+03
1.633757961783439683e+00 1.848118560612700321e+03
1.636942675159235749e+00 1.851725744976491342e+03
1.640127388535031816e+00 1.855332929340281680e+03
1.643312101910827883e+00 1.858945149912607576e+03
1.646496815286623949e+00 1.862552334276397914e+03
1.649681528662420460e+00 1.866159518640188708e+03
1.652866242038216527e+00 1.869770480160380885e+03
1.656050955414012815e+00 1.873377664524171678e+03
1.659235668789808882e+00 1.876987366992230363e+03
1.662420382165604948e+00 1.880595810408154648e+03
1.665605095541401459e+00 1.884205512876213561e+03
1.668789808917197526e+00 1.887813956292138300e+03
1.671974522292993592e+00 1.891422399708062130e+03
1.675159235668789659e+00 1.895032102176120588e+03
1.678343949044585726e+00 1.898639286539911382e+03
1.681528662420382236e+00 1.902250248060103559e+03
1.684713375796178303e+00 1.905857432423893670e+03
1.687898089171974592e+00 1.909468393944086756e+03
1.691082802547770658e+00 1.913075578307877777e+03
1.694267515923566725e+00 1.916686539828069272e+03
1.697452229299363236e+00 1.920293724191860065e+03
1.700636942675159302e+00 1.923903426659918750e+03
1.703821656050955369e+00 1.927513129127976754e+03
1.707006369426751435e+00 1.931122831596035212e+03
1.710191082802547502e+00 1.934730015959826233e+03
1.713375796178344013e+00 1.938340977480018410e+03
1.716560509554140079e+00 1.941949420895943376e+03
1.719745222929936368e+00 1.945559123364000698e+03
1.722929936305732435e+00 1.949168825832059156e+03
1.726114649681528945e+00 1.952777269247983895e+03
1.729299363057325012e+00 1.956388230768176527e+03
1.732484076433121079e+00 1.959995415131967093e+03
1.735668789808917145e+00 1.963605117600025778e+03
1.738853503184713212e+00 1.967214820068084009e+03
1.742038216560509722e+00 1.970824522536142467e+03
1.745222929936305789e+00 1.974434225004200698e+03
1.748407643312101856e+00 1.978042668420125665e+03
1.751592356687898144e+00 1.981653629940318297e+03
1.754777070063694211e+00 1.985263332408376300e+03
1.757961783439490500e+00 1.988871775824300585e+03
1.761146496815286788e+00 1.992482737344492762e+03
1.764331210191082855e+00 1.996092439812551220e+03
1.767515923566878921e+00 1.999700883228476414e+03
1.770700636942674988e+00 2.003310585696534417e+03
1.773885350318471499e+00 2.006921547216727049e+03
1.777070063694267565e+00 2.010529990632651561e+03
1.780254777070063632e+00 2.014139693100709565e+03
1.783439490445859921e+00 2.017750654620902424e+03
1.786624203821655987e+00 2.021357838984692535e+03
1.789808917197452498e+00 2.024970059557019340e+03
1.792993630573248565e+00 2.028579762025077798e+03
1.796178343949044631e+00 2.032186946388867909e+03
1.799363057324840698e+00 2.035797907909061223e+03
1.802547770700636764e+00 2.039408869429252718e+03
1.805732484076433275e+00 2.043019830949445350e+03
1.808917197452229342e+00 2.046627015313236143e+03
1.812101910828025408e+00 2.050237976833427638e+03
1.815286624203821697e+00 2.053847679301486551e+03
1.818471337579617764e+00 2.057458640821679182e+03
1.821656050955414052e+00 2.061067084237603467e+03
1.824840764331210341e+00 2.064676786705662380e+03
1.828025477707006408e+00 2.068287748225854557e+03
1.831210191082802474e+00 2.071898709746046734e+03
1.834394904458598541e+00 2.075509671266238911e+03
1.837579617834395052e+00 2.079118114682163650e+03
1.840764331210191118e+00 2.082727817150222108e+03
1.843949044585987185e+00 2.086338778670415195e+03
1.847133757961783473e+00 2.089949740190606917e+03
1.850318471337579540e+00 2.093560701710798639e+03
1.853503184713376051e+00 2.097170404178858462e+03
1.856687898089172117e+00 2.100778847594782746e+03
1.859872611464968184e+00 2.104388550062840295e+03
1.863057324840764251e+00 2.107999511583032472e+03
1.866242038216560317e+00 2.111611732155359277e+03
1.869426751592356828e+00 2.115221434623417736e+03
1.872611464968152895e+00 2.118832396143610822e+03
1.875796178343948961e+00 2.122442098611668371e+03
1.878980891719745250e+00 2.126059355392530961e+03
1.882165605095541316e+00 2.129665280704187808e+03
1.885350318471337605e+00 2.133267428859442134e+03
1.888535031847133894e+00 2.136885944692438898e+03
1.891719745222929960e+00 2.140490610951961571e+03
1.894904458598726027e+00 2.144109126784956970e+03
1.898089171974522094e+00 2.147715052096613817e+03
1.901273885350318604e+00 2.151319718356136036e+03
1.904458598726114671e+00 2.154938234189132345e+03
1.907643312101910738e+00 2.158544159500789192e+03
1.910828025477707026e+00 2.162161416281651327e+03
1.914012738853503093e+00 2.165767341593307719e+03
1.917197452229299603e+00 2.169385857426304483e+03
1.920382165605095670e+00 2.172990523685826247e+03
1.923566878980891737e+00 2.176596448997483094e+03
1.926751592356687803e+00 2.180214964830479403e+03
1.929936305732483870e+00 2.183820890142135795e+03
1.933121019108280381e+00 2.187438146922998385e+03
1.936305732484076447e+00 2.191044072234653868e+03
1.939490445859872514e+00 2.194649997546312079e+03
1.942675159235668803e+00 2.198268513379307024e+03
1.945859872611464869e+00 2.201873179638829697e+03
1.949044585987261158e+00 2.205491695471826461e+03
1.952229299363057446e+00 2.209097620783482853e+03
1.955414012738853513e+00 2.212703546095139245e+03
1.958598726114649580e+00 2.216320802876001835e+03
1.961783439490445646e+00 2.219929246291927029e+03
1.964968152866242157e+00 2.223547762124921519e+03
1.968152866242038224e+00 2.227153687436578821e+03
1.971337579617834290e+00 2.230772203269575130e+03
1.974522292993630579e+00 2.234376869529098258e+03
1.977707006369426646e+00 2.237982794840753741e+03
1.980891719745223156e+00 2.241601310673750049e+03
1.984076433121019223e+00 2.245207235985407351e+03
1.987261146496815289e+00 2.248825751818402750e+03
1.990445859872611356e+00 2.252434195234327490e+03
1.993630573248407423e+00 2.256040120545983882e+03
1.996815286624203933e+00 2.259657377326846472e+03
2.000000000000000000e+00 2.263263302638501955e+03
2.003184713375796289e+00 2.266881818471499628e+03
2.006369426751592133e+00 2.270487743783155565e+03
2.009554140127388422e+00 2.274096187199080759e+03
2.012738853503184711e+00 2.277714703032076613e+03
2.015923566878980999e+00 2.281320628343733006e+03
2.019108280254776844e+00 2.284939144176728405e+03
2.022292993630573132e+00 2.288545069488385707e+03
2.025477707006369421e+00 2.292166103425649453e+03
2.028662420382165710e+00 2.295772028737306300e+03
2.031847133757961998e+00 2.299376694996828974e+03
2.035031847133757843e+00 2.302995210829824828e+03
2.038216560509554132e+00 2.306603654245750022e+03
2.041401273885350420e+00 2.310222170078745421e+03
2.044585987261146709e+00 2.313828095390402723e+03
2.047770700636942554e+00 2.317434020702058206e+03
2.050955414012738842e+00 2.321055054639322407e+03
2.054140127388535131e+00 2.324660979950978799e+03
2.057324840764331420e+00 2.328279495783976017e+03
2.060509554140127264e+00 2.331887939199899847e+03
2.063694267515923553e+00 2.335493864511556239e+03
2.066878980891719841e+00 2.339112380344553458e+03
2.070063694267515686e+00 2.342723341864744725e+03
2.073248407643312419e+00 2.346339339593474051e+03
2.076433121019108263e+00 2.349942746800862096e+03
2.079617834394904552e+00 2.353546154008250596e+03
2.082802547770700397e+00 2.357177260362585912e+03
2.085987261146496685e+00 2.360780667569974867e+03
2.089171974522292974e+00 2.364399183402971630e+03
2.092356687898089262e+00 2.368002590610360130e+03
2.095541401273885551e+00 2.371605997817748630e+03
2.098726114649681396e+00 2.375237104172083491e+03
2.101910828025477684e+00 2.378840511379472446e+03
2.105095541401273973e+00 2.382459027212468754e+03
2.108280254777070262e+00 2.386062434419857709e+03
2.111464968152866106e+00 2.389668359731515011e+03
2.114649681528662395e+00 2.393307020398653549e+03
2.117834394904458684e+00 2.396907909501774611e+03
2.121019108280254972e+00 2.400521389126235590e+03
2.124203821656051261e+00 2.404122278229355743e+03
2.127388535031847105e+00 2.407735757853816722e+03
2.130573248407643394e+00 2.411349237478276336e+03
2.133757961783439239e+00 2.414950126581396944e+03
2.136942675159235971e+00 2.418588787248537301e+03
2.140127388535031816e+00 2.422189676351657454e+03
2.143312101910828105e+00 2.425803155976117523e+03
2.146496815286623949e+00 2.429416635600578047e+03
2.149681528662420238e+00 2.433017524703698655e+03
2.152866242038216527e+00 2.436631004328158724e+03
2.156050955414012815e+00 2.440244483952619248e+03
2.159235668789809104e+00 2.443870554098418779e+03
2.162420382165604948e+00 2.447484033722878848e+03
2.165605095541401237e+00 2.451084922826000366e+03
2.168789808917197526e+00 2.454698402450460890e+03
2.171974522292993814e+00 2.458311882074921414e+03
2.175159235668789659e+00 2.461912771178042021e+03
2.178343949044585948e+00 2.465551431845181014e+03
2.181528662420382236e+00 2.469152320948302076e+03
2.184713375796178525e+00 2.472778391094101607e+03
2.187898089171974370e+00 2.476379280197222215e+03
2.191082802547770658e+00 2.479980169300342823e+03
2.194267515923566947e+00 2.483593648924803801e+03
2.197452229299362791e+00 2.487232309591943249e+03
2.200636942675159524e+00 2.490845789216404228e+03
2.203821656050955369e+00 2.494446678319523926e+03
2.207006369426751657e+00 2.498047567422643624e+03
2.210191082802547502e+00 2.501661047047105058e+03
2.213375796178343791e+00 2.505274526671565582e+03
2.216560509554140079e+00 2.508888006296025651e+03
2.219745222929936368e+00 2.512514076441825637e+03
2.222929936305732657e+00 2.516114965544945790e+03
2.226114649681528501e+00 2.519741035690746685e+03
2.229299363057324790e+00 2.523341924793867292e+03
2.232484076433121079e+00 2.526955404418326907e+03
2.235668789808917367e+00 2.530556293521448424e+03
2.238853503184713212e+00 2.534194954188586962e+03
2.242038216560509500e+00 2.537808433813047486e+03
2.245222929936305789e+00 2.541409322916169003e+03
2.248407643312102078e+00 2.545010212019289156e+03
2.251592356687898366e+00 2.548636282165089142e+03
2.254777070063694211e+00 2.552262352310888673e+03
2.257961783439490500e+00 2.555875831935349652e+03
2.261146496815286344e+00 2.559476721038469805e+03
2.264331210191083077e+00 2.563090200662930329e+03
2.267515923566878921e+00 2.566703680287390853e+03
2.270700636942675210e+00 2.570304569390511460e+03
2.273885350318471055e+00 2.573943230057650908e+03
2.277070063694267343e+00 2.577556709682111432e+03
2.280254777070063632e+00 2.581157598785232494e+03
2.283439490445859921e+00 2.584771078409692564e+03
2.286624203821656209e+00 2.588371967512814081e+03
2.289808917197452054e+00 2.591998037658613612e+03
2.292993630573248343e+00 2.595624107804413597e+03
2.296178343949044631e+00 2.599224996907534660e+03
2.299363057324840920e+00 2.602838476531993365e+03
2.302547770700636764e+00 2.606451956156454344e+03
2.305732484076433053e+00 2.610065435780914413e+03
2.308917197452229342e+00 2.613691505926714854e+03
2.312101910828025630e+00 2.617292395029835461e+03
2.315286624203821475e+00 2.620918465175634992e+03
2.318471337579617764e+00 2.624519354278756055e+03
2.321656050955414052e+00 2.628120243381877117e+03
2.324840764331209897e+00 2.631733723006336731e+03
2.328025477707006630e+00 2.635372383673477088e+03
2.331210191082802474e+00 2.638985863297936703e+03
2.334394904458598763e+00 2.642586752401057311e+03
2.337579617834394607e+00 2.646187641504178828e+03
2.340764331210190896e+00 2.649813711649978359e+03
2.343949044585987185e+00 2.653439781795777890e+03
2.347133757961783473e+00 2.657053261420238414e+03
2.350318471337579762e+00 2.660654150523359021e+03
2.353503184713375607e+00 2.664267630147819546e+03
2.356687898089172339e+00 2.667881109772279160e+03
2.359872611464968184e+00 2.671507179918079601e+03
2.363057324840764473e+00 2.675108069021200208e+03
2.366242038216560317e+00 2.678734139167000649e+03
2.369426751592356606e+00 2.682335028270121256e+03
2.372611464968152895e+00 2.685948507894581326e+03
2.375796178343949183e+00 2.689587168561721228e+03
2.378980891719745472e+00 2.693188057664841836e+03
2.382165605095541316e+00 2.696801537289302814e+03
2.385350318471337605e+00 2.700402426392422967e+03
2.388535031847133894e+00 2.704028496538222498e+03
2.391719745222930182e+00 2.707654566684022029e+03
2.394904458598726027e+00 2.711255455787142637e+03
2.398089171974522316e+00 2.714868935411604070e+03
2.401273885350318160e+00 2.718482415036063685e+03
2.404458598726114893e+00 2.722083304139184293e+03
2.407643312101910738e+00 2.725721964806323740e+03
2.410828025477707026e+00 2.729335444430785174e+03
2.414012738853503315e+00 2.732948924055245698e+03
2.417197452229299159e+00 2.736549813158365396e+03
2.420382165605095892e+00 2.740150702261486913e+03
2.423566878980891737e+00 2.743801953449965367e+03
2.426751592356688025e+00 2.747402842553085975e+03
2.429936305732483870e+00 2.751016322177546499e+03
2.433121019108280159e+00 2.754629801802007023e+03
2.436305732484076447e+00 2.758255871947807009e+03
2.439490445859872736e+00 2.761869351572267078e+03
2.442675159235668580e+00 2.765470240675387686e+03
2.445859872611464869e+00 2.769083720299849119e+03
2.449044585987261158e+00 2.772697199924308279e+03
2.452229299363057446e+00 2.776323270070108720e+03
2.455414012738853735e+00 2.779949340215907796e+03
2.458598726114649580e+00 2.783550229319028858e+03
2.461783439490445868e+00 2.787151118422149921e+03
2.464968152866241713e+00 2.790764598046610445e+03
2.468152866242038446e+00 2.794403258713749892e+03
2.471337579617834290e+00 2.798004147816870500e+03
2.474522292993630579e+00 2.801617627441330569e+03
2.477707006369426868e+00 2.805231107065790638e+03
2.480891719745222712e+00 2.808869767732930995e+03
2.484076433121019445e+00 2.812470656836051603e+03
2.487261146496815289e+00 2.816071545939172211e+03
2.490445859872611578e+00 2.819697616084971742e+03
2.493630573248407423e+00 2.823298505188092349e+03
2.496815286624203711e+00 2.826924575333892790e+03
2.500000000000000000e+00 2.830550645479692776e+03
2.503184713375796289e+00 2.834151534582812928e+03
2.506369426751592577e+00 2.837765014207273452e+03
2.509554140127388422e+00 2.841403674874412900e+03
2.512738853503184711e+00 2.845004563977533508e+03
2.515923566878980999e+00 2.848618043601994032e+03
2.519108280254777288e+00 2.852218932705114639e+03
2.522292993630573132e+00 2.855857593372254541e+03
2.525477707006369421e+00 2.859471072996714156e+03
2.528662420382165266e+00 2.863071962099835218e+03
2.531847133757961998e+00 2.866698032245635204e+03
2.535031847133757843e+00 2.870298921348755357e+03
2.538216560509554132e+00 2.873924991494556252e+03
2.541401273885350420e+00 2.877551061640355783e+03
2.544585987261146265e+00 2.881151950743475936e+03
2.547770700636942998e+00 2.884752839846597453e+03
2.550955414012738842e+00 2.888391500513736901e+03
2.554140127388535131e+00 2.892004980138196970e+03
2.557324840764330975e+00 2.895618459762657039e+03
2.560509554140127264e+00 2.899219348865777647e+03
2.563694267515923553e+00 2.902858009532917549e+03
2.566878980891719841e+00 2.906471489157377619e+03
2.570063694267515686e+00 2.910072378260498226e+03
2.573248407643311975e+00 2.913685857884958295e+03
2.576433121019108263e+00 2.917324518552098198e+03
2.579617834394904552e+00 2.920925407655219260e+03
2.582802547770700841e+00 2.924551477801019246e+03
2.585987261146496685e+00 2.928152366904139853e+03
2.589171974522292974e+00 2.931778437049939384e+03
2.592356687898088818e+00 2.935404507195739370e+03
2.595541401273885551e+00 2.939005396298859523e+03
2.598726114649681396e+00 2.942606285401980585e+03
2.601910828025477684e+00 2.946257536590460404e+03
2.605095541401273973e+00 2.949858425693581466e+03
2.608280254777069818e+00 2.953459314796701619e+03
2.611464968152866550e+00 2.957072794421161234e+03
2.614649681528662395e+00 2.960711455088301591e+03
2.617834394904458684e+00 2.964324934712762115e+03
2.621019108280254528e+00 2.967925823815882723e+03
2.624203821656050817e+00 2.971539303440342337e+03
2.627388535031847105e+00 2.975177964107482694e+03
2.630573248407643394e+00 2.978778853210602847e+03
2.633757961783439683e+00 2.982392332835063826e+03
2.636942675159235527e+00 2.986005812459524350e+03
2.640127388535031816e+00 2.989631882605323881e+03
2.643312101910828105e+00 2.993245362229784405e+03
2.646496815286624393e+00 2.996858841854244019e+03
2.649681528662420238e+00 3.000459730957364627e+03
2.652866242038216527e+00 3.004110982145843991e+03
2.656050955414012371e+00 3.007711871248964599e+03
2.659235668789809104e+00 3.011312760352086116e+03
2.662420382165604948e+00 3.014938830497885647e+03
2.665605095541401237e+00 3.018564900643685178e+03
2.668789808917197526e+00 3.022165789746805785e+03
2.671974522292993814e+00 3.025791859892606226e+03
2.675159235668790103e+00 3.029392748995726834e+03
2.678343949044585948e+00 3.033031409662867190e+03
2.681528662420382236e+00 3.036644889287326350e+03
2.684713375796178081e+00 3.040245778390447413e+03
2.687898089171974814e+00 3.043884439057585951e+03
2.691082802547770658e+00 3.047497918682046475e+03
2.694267515923566947e+00 3.051098807785167537e+03
2.697452229299362791e+00 3.054712287409628516e+03
2.700636942675159080e+00 3.058350948076767054e+03
2.703821656050955369e+00 3.061951837179887661e+03
2.707006369426751657e+00 3.065565316804349095e+03
2.710191082802547946e+00 3.069178796428808710e+03
2.713375796178343791e+00 3.072804866574609150e+03
2.716560509554140079e+00 3.076418346199068765e+03
2.719745222929936368e+00 3.080031825823528834e+03
2.722929936305732657e+00 3.083670486490669646e+03
2.726114649681528501e+00 3.086352267535999999e+03
2.729299363057324790e+00 3.087422461849864249e+03
2.732484076433121079e+00 3.088467475121050484e+03
2.735668789808917367e+00 3.089562850477594111e+03
2.738853503184713656e+00 3.090633044791458815e+03
2.742038216560509500e+00 3.091678058062643686e+03
2.745222929936305789e+00 3.092760842897847397e+03
2.748407643312101634e+00 3.093818446690373094e+03
2.751592356687898366e+00 3.093138558538035795e+03
2.754777070063694211e+00 3.089550259956255104e+03
2.757961783439490500e+00 3.085974551895813420e+03
2.761146496815286788e+00 3.082398843835370826e+03
2.764331210191082633e+00 3.078823135774929142e+03
2.767515923566878921e+00 3.075247427714487912e+03
2.770700636942675210e+00 3.071659129132707676e+03
2.773885350318471499e+00 3.068083421072265082e+03
2.777070063694267343e+00 3.064507713011823853e+03
2.780254777070063632e+00 3.060932004951382623e+03
2.783439490445859921e+00 3.057343706369601477e+03
2.786624203821656209e+00 3.053767998309160248e+03
2.789808917197452054e+00 3.050217471291396578e+03
2.792993630573248343e+00 3.046641763230955803e+03
2.796178343949044631e+00 3.043066055170513209e+03
2.799363057324840920e+00 3.039477756588732518e+03
2.802547770700637209e+00 3.035902048528290834e+03
2.805732484076433053e+00 3.032338930989189066e+03
2.808917197452229342e+00 3.028763222928747382e+03
2.812101910828025186e+00 3.025174924346966691e+03
2.815286624203821919e+00 3.021599216286525461e+03
2.818471337579617764e+00 3.018023508226083322e+03
2.821656050955414052e+00 3.014447800165641638e+03
2.824840764331209897e+00 3.010872092105199954e+03
2.828025477707006186e+00 3.007283793523418353e+03
2.831210191082802474e+00 3.003733266505656502e+03
2.834394904458598763e+00 3.000157558445214818e+03
2.837579617834395052e+00 2.996581850384774043e+03
2.840764331210190896e+00 2.993006142324332359e+03
2.843949044585987185e+00 2.989417843742551213e+03
2.847133757961783473e+00 2.985842135682109074e+03
2.850318471337579762e+00 2.982266427621667390e+03
2.853503184713375607e+00 2.978690719561225706e+03
2.856687898089171895e+00 2.975102420979445014e+03
2.859872611464968184e+00 2.971526712919004240e+03
2.863057324840764473e+00 2.967951004858561646e+03
2.866242038216560761e+00 2.964375296798120871e+03
2.869426751592356606e+00 2.960799588737677368e+03
2.872611464968152895e+00 2.957249061719916426e+03
2.875796178343948739e+00 2.953673353659474742e+03
2.878980891719745472e+00 2.950097645599033058e+03
2.882165605095541316e+00 2.946521937538591374e+03
2.885350318471337605e+00 2.942946229478150144e+03
2.888535031847133894e+00 2.939357930896368089e+03
2.891719745222929738e+00 2.935782222835927314e+03
2.894904458598726027e+00 2.932206514775485630e+03
2.898089171974522316e+00 2.928630806715043946e+03
2.901273885350318604e+00 2.925042508133263254e+03
2.904458598726114449e+00 2.921466800072821570e+03
2.907643312101910738e+00 2.917891092012379886e+03
2.910828025477707026e+00 2.914315383951938202e+03
2.914012738853503315e+00 2.910764856934175441e+03
2.917197452229299159e+00 2.907176558352394750e+03
2.920382165605095448e+00 2.903600850291952156e+03
2.923566878980891737e+00 2.900025142231510472e+03
2.926751592356688025e+00 2.896449434171070152e+03
2.929936305732484314e+00 2.892873726110628922e+03
2.933121019108280159e+00 2.889285427528847777e+03
2.936305732484076447e+00 2.885722309989744645e+03
2.939490445859872292e+00 2.882146601929302960e+03
2.942675159235669025e+00 2.878570893868862186e+03
2.945859872611464869e+00 2.874982595287081040e+03
2.949044585987261158e+00 2.871406887226639810e+03
2.952229299363057002e+00 2.867831179166196307e+03
2.955414012738853291e+00 2.864280652148435365e+03
2.958598726114649580e+00 2.860704944087994591e+03
2.961783439490445868e+00 2.857116645506212535e+03
2.964968152866242157e+00 2.853540937445770851e+03
2.968152866242038002e+00 2.849965229385329621e+03
2.971337579617834734e+00 2.846389521324887482e+03
2.974522292993630579e+00 2.842813813264446253e+03
2.977707006369426868e+00 2.839225514682665562e+03
2.980891719745222712e+00 2.835649806622222968e+03
2.984076433121019001e+00 2.832074098561782193e+03
2.987261146496815289e+00 2.828498390501340509e+03
2.990445859872611578e+00 2.824910091919559818e+03
2.993630573248407867e+00 2.821334383859118589e+03
2.996815286624203711e+00 2.817783856841354918e+03
3.000000000000000000e+00 2.814220739302253151e+03
3.003184713375796289e+00 2.810645031241812831e+03
3.006369426751592577e+00 2.807056732660030775e+03
3.009554140127388422e+00 2.803481024599588636e+03
3.012738853503184711e+00 2.799905316539146952e+03
3.015923566878980999e+00 2.796329608478706632e+03
3.019108280254777288e+00 2.792753900418264948e+03
3.022292993630573132e+00 2.789165601836483347e+03
3.025477707006369421e+00 2.785589893776040753e+03
3.028662420382165710e+00 2.782014185715599979e+03
3.031847133757961554e+00 2.778438477655158295e+03
3.035031847133758287e+00 2.774862769594717065e+03
3.038216560509554132e+00 2.771299652055614843e+03
3.041401273885350420e+00 2.767723943995172704e+03
3.044585987261146265e+00 2.764148235934731474e+03
3.047770700636942554e+00 2.760572527874290699e+03
3.050955414012738842e+00 2.756984229292509099e+03
3.054140127388535131e+00 2.753408521232067415e+03
3.057324840764331420e+00 2.749832813171625730e+03
3.060509554140127264e+00 2.746257105111184501e+03
3.063694267515923553e+00 2.742693987572081824e+03
3.066878980891719841e+00 2.739105688990301132e+03
3.070063694267516130e+00 2.735529980929858539e+03
3.073248407643311975e+00 2.731954272869418674e+03
3.076433121019108263e+00 2.728403745851655913e+03
3.079617834394904108e+00 2.724828037791213319e+03
3.082802547770700841e+00 2.721239739209433083e+03
3.085987261146496685e+00 2.717664031148990944e+03
3.089171974522292974e+00 2.714088323088549259e+03
3.092356687898089262e+00 2.710512615028108939e+03
3.095541401273885107e+00 2.706936906967665891e+03
3.098726114649681840e+00 2.703348608385884745e+03
3.101910828025477684e+00 2.699772900325442606e+03
3.105095541401273973e+00 2.696197192265002741e+03
3.108280254777069818e+00 2.692621484204561057e+03
3.111464968152866106e+00 2.689033185622779456e+03
3.114649681528662395e+00 2.685457477562337772e+03
3.117834394904458684e+00 2.681906950544575921e+03
3.121019108280254972e+00 2.678331242484134236e+03
3.124203821656050817e+00 2.674768124945031559e+03
3.127388535031847105e+00 2.671179826363250868e+03
3.130573248407643394e+00 2.667604118302808729e+03
3.133757961783439239e+00 2.664028410242367499e+03
3.136942675159235527e+00 2.660452702181926725e+03
3.140127388535032260e+00 2.656876994121485041e+03
3.143312101910828105e+00 2.653288695539703440e+03
3.146496815286624393e+00 2.649712987479261756e+03
3.149681528662420238e+00 2.646137279418820071e+03
3.152866242038216527e+00 2.642561571358378387e+03
3.156050955414012815e+00 2.639011044340615626e+03
3.159235668789808660e+00 2.635422745758834935e+03
3.162420382165605393e+00 2.631847037698393251e+03
3.165605095541400793e+00 2.628271329637951567e+03
3.168789808917197526e+00 2.624695621577509883e+03
3.171974522292993814e+00 2.621107322995729191e+03
3.175159235668789659e+00 2.617531614935287053e+03
3.178343949044585948e+00 2.613955906874846278e+03
3.181528662420381792e+00 2.610380198814403684e+03
3.184713375796178525e+00 2.606817081275301916e+03
3.187898089171974814e+00 2.603228782693520770e+03
3.191082802547770658e+00 2.599653074633079086e+03
3.194267515923566947e+00 2.596077366572639221e+03
3.197452229299362791e+00 2.592526839554875551e+03
3.200636942675159080e+00 2.588951131494434321e+03
3.203821656050955813e+00 2.585362832912653175e+03
3.207006369426751213e+00 2.581787124852211491e+03
3.210191082802547946e+00 2.578211416791769352e+03
3.213375796178343791e+00 2.574635708731327668e+03
3.216560509554140079e+00 2.571060000670886893e+03
3.219745222929936368e+00 2.567471702089104838e+03
3.222929936305732213e+00 2.563895994028664063e+03
3.226114649681528945e+00 2.560320285968222379e+03
3.229299363057324346e+00 2.556744577907780695e+03
3.232484076433121079e+00 2.553168869847339010e+03
3.235668789808917367e+00 2.549605752308238152e+03
3.238853503184713212e+00 2.546030044247795558e+03
3.242038216560509500e+00 2.542454336187353874e+03
3.245222929936305345e+00 2.538891218648251197e+03
3.248407643312102078e+00 2.535302920066470506e+03
3.251592356687898366e+00 2.531727212006028822e+03
3.254777070063694211e+00 2.528151503945587137e+03
3.257961783439490500e+00 2.524575795885145453e+03
3.261146496815286344e+00 2.521000087824704678e+03
3.264331210191082633e+00 2.517411789242923078e+03
3.267515923566879366e+00 2.513836081182481394e+03
3.270700636942675210e+00 2.510260373122040164e+03
3.273885350318471499e+00 2.506709846104277858e+03
3.277070063694267343e+00 2.503134138043837083e+03
3.280254777070063632e+00 2.499545839462054573e+03
3.283439490445859921e+00 2.495970131401614708e+03
3.286624203821655765e+00 2.492394423341172569e+03
3.289808917197452498e+00 2.488818715280730885e+03
3.292993630573247898e+00 2.485243007220289201e+03
3.296178343949044631e+00 2.481654708638507600e+03
3.299363057324840920e+00 2.478079000578065916e+03
3.302547770700636764e+00 2.474503292517624686e+03
3.305732484076433053e+00 2.470940174978522919e+03
3.308917197452228898e+00 2.467364466918081234e+03
3.312101910828025630e+00 2.463801349378978557e+03
3.315286624203821919e+00 2.460225641318538237e+03
3.318471337579617764e+00 2.456649933258096098e+03
3.321656050955414052e+00 2.453074225197654414e+03
3.324840764331209897e+00 2.449498517137212730e+03
3.328025477707006186e+00 2.445910218555431129e+03
3.331210191082802918e+00 2.442334510494989900e+03
3.334394904458598319e+00 2.438758802434548670e+03
3.337579617834395052e+00 2.435183094374107895e+03
3.340764331210190896e+00 2.431594795792325385e+03
3.343949044585987185e+00 2.428019087731884156e+03
3.347133757961783473e+00 2.424443379671442017e+03
3.350318471337579318e+00 2.420892852653680620e+03
3.353503184713376051e+00 2.417317144593238481e+03
3.356687898089171451e+00 2.413728846011456881e+03
3.359872611464968184e+00 2.410153137951017015e+03
3.363057324840764473e+00 2.406590020411913883e+03
3.366242038216560317e+00 2.403014312351472654e+03
3.369426751592356606e+00 2.399438604291030060e+03
3.372611464968152450e+00 2.395850305709250279e+03
3.375796178343949183e+00 2.392274597648808140e+03
3.378980891719745472e+00 2.388698889588366910e+03
3.382165605095541316e+00 2.385123181527924316e+03
3.385350318471337605e+00 2.381547473467482632e+03
3.388535031847133450e+00 2.377984355928380864e+03
3.391719745222929738e+00 2.374408647867939635e+03
3.394904458598726471e+00 2.370832939807497951e+03
3.398089171974522316e+00 2.367257231747056267e+03
3.401273885350318604e+00 2.363681523686614128e+03
3.404458598726114449e+00 2.360093225104834346e+03
3.407643312101910738e+00 2.356517517044392662e+03
3.410828025477707026e+00 2.352941808983950068e+03
3.414012738853502871e+00 2.349366100923509293e+03
3.417197452229299603e+00 2.345790392863067609e+03
3.420382165605095004e+00 2.342214684802625925e+03
3.423566878980891737e+00 2.338638976742184241e+03
3.426751592356688025e+00 2.335088449724422389e+03
3.429936305732483870e+00 2.331512741663981160e+03
3.433121019108280159e+00 2.327937033603539476e+03
3.436305732484076003e+00 2.324348735021758330e+03
3.439490445859872736e+00 2.320773026961316646e+03
3.442675159235669025e+00 2.317197318900874507e+03
3.445859872611464869e+00 2.313621610840432368e+03
3.449044585987261158e+00 2.310045902779991593e+03
3.452229299363057891e+00 2.306457604198210447e+03
3.455414012738853291e+00 2.302881896137769218e+03
3.458598726114650024e+00 2.299306188077327533e+03
3.461783439490445424e+00 2.295730480016885849e+03
3.464968152866242157e+00 2.292179952999123998e+03
3.468152866242038446e+00 2.288591654417341488e+03
3.471337579617834290e+00 2.285015946356900258e+03
3.474522292993630579e+00 2.281440238296458574e+03
3.477707006369426423e+00 2.277877120757356806e+03
3.480891719745223156e+00 2.274288822175575660e+03
3.484076433121019445e+00 2.270713114115134431e+03
3.487261146496815289e+00 2.267137406054692292e+03
3.490445859872611578e+00 2.263561697994250608e+03
3.493630573248407423e+00 2.259985989933809833e+03
3.496815286624203711e+00 2.256397691352028232e+03
3.500000000000000444e+00 2.252821983291586548e+03
3.503184713375796289e+00 2.249271456273825152e+03
3.506369426751592577e+00 2.245695748213382103e+03
3.509554140127388422e+00 2.242120040152941328e+03
3.512738853503184711e+00 2.238531741571159273e+03
3.515923566878980999e+00 2.234956033510718953e+03
3.519108280254776844e+00 2.231380325450277269e+03
3.522292993630573577e+00 2.227804617389835585e+03
3.525477707006369421e+00 2.224228909329392991e+03
3.528662420382165710e+00 2.220640610747612300e+03
3.531847133757961998e+00 2.217064902687170616e+03
3.535031847133757843e+00 2.213501785148068848e+03
3.538216560509554132e+00 2.209926077087627618e+03
3.541401273885349976e+00 2.206375550069864858e+03
3.544585987261146709e+00 2.202787251488083712e+03
3.547770700636942998e+00 2.199211543427642937e+03
3.550955414012738842e+00 2.195635835367200343e+03
3.554140127388535131e+00 2.192060127306759114e+03
3.557324840764330975e+00 2.188484419246316975e+03
3.560509554140127264e+00 2.184896120664536284e+03
3.563694267515923997e+00 2.181320412604094599e+03
3.566878980891719841e+00 2.177744704543652915e+03
3.570063694267516130e+00 2.174168996483211686e+03
3.573248407643311975e+00 2.170593288422769547e+03
3.576433121019108263e+00 2.167030170883668688e+03
3.579617834394904996e+00 2.163454462823227004e+03
3.582802547770700397e+00 2.159878754762784865e+03
3.585987261146497129e+00 2.156303046702342726e+03
3.589171974522292530e+00 2.152739929163241413e+03
3.592356687898089262e+00 2.149151630581461177e+03
3.595541401273885551e+00 2.145575922521018583e+03
3.598726114649681396e+00 2.142000214460577808e+03
3.601910828025477684e+00 2.138424506400134760e+03
3.605095541401273529e+00 2.134848798339694440e+03
3.608280254777070262e+00 2.131260499757913749e+03
3.611464968152866550e+00 2.127684791697471155e+03
3.614649681528662395e+00 2.124134264679708849e+03
3.617834394904458684e+00 2.120558556619267165e+03
3.621019108280254528e+00 2.116982848558825481e+03
3.624203821656050817e+00 2.113394549977043425e+03
3.627388535031847550e+00 2.109818841916602651e+03
3.630573248407643394e+00 2.106243133856160966e+03
3.633757961783439683e+00 2.102667425795719737e+03
3.636942675159235527e+00 2.099091717735278507e+03
3.640127388535031816e+00 2.095503419153496907e+03
3.643312101910828105e+00 2.091927711093056132e+03
3.646496815286623949e+00 2.088364593553953455e+03
3.649681528662420682e+00 2.084814066536191604e+03
3.652866242038216527e+00 2.081238358475749919e+03
3.656050955414012815e+00 2.077650059893967409e+03
3.659235668789809104e+00 2.074074351833527544e+03
3.662420382165604948e+00 2.070498643773086314e+03
3.665605095541401237e+00 2.066922935712644176e+03
3.668789808917197082e+00 2.063347227652201582e+03
3.671974522292993814e+00 2.059758929070420891e+03
3.675159235668790103e+00 2.056183221009979661e+03
3.678343949044585948e+00 2.052607512949537522e+03
3.681528662420382236e+00 2.049031804889096748e+03
3.684713375796178081e+00 2.045456096828653699e+03
3.687898089171974370e+00 2.041892979289552841e+03
3.691082802547771102e+00 2.038317271229110702e+03
3.694267515923566947e+00 2.034741563168669472e+03
3.697452229299363236e+00 2.031165855108227788e+03
3.700636942675159080e+00 2.027602737569125566e+03
3.703821656050955369e+00 2.024014438987344874e+03
3.707006369426752102e+00 2.020438730926903190e+03
3.710191082802547502e+00 2.016863022866461051e+03
3.713375796178344235e+00 2.013287314806019822e+03
3.716560509554139635e+00 2.009711606745578365e+03
3.719745222929936368e+00 2.006123308163797446e+03
3.722929936305732657e+00 2.002572781146035823e+03
3.726114649681528501e+00 1.998997073085593001e+03
3.729299363057324790e+00 1.995421365025151772e+03
3.732484076433120634e+00 1.991845656964710315e+03
3.735668789808917367e+00 1.988257358382929397e+03
3.738853503184713656e+00 1.984681650322487485e+03
3.742038216560509500e+00 1.981105942262046483e+03
3.745222929936305789e+00 1.977530234201603434e+03
3.748407643312101634e+00 1.973954526141163569e+03
3.751592356687897922e+00 1.970366227559382196e+03
3.754777070063694655e+00 1.966803110020279746e+03
3.757961783439490500e+00 1.963227401959838062e+03
3.761146496815286788e+00 1.959676874942075301e+03
3.764331210191082633e+00 1.956101166881634072e+03
3.767515923566878921e+00 1.952512868299852471e+03
3.770700636942675210e+00 1.948937160239411014e+03
3.773885350318471055e+00 1.945361452178969785e+03
3.777070063694267787e+00 1.941785744118528100e+03
3.780254777070063632e+00 1.938210036058087553e+03
3.783439490445859921e+00 1.934621737476305270e+03
3.786624203821656209e+00 1.931046029415863813e+03
3.789808917197452054e+00 1.927470321355422357e+03
3.792993630573248343e+00 1.923894613294980900e+03
3.796178343949044187e+00 1.920344086277217230e+03
3.799363057324840920e+00 1.916755787695436766e+03
3.802547770700637209e+00 1.913180079634996673e+03
3.805732484076433053e+00 1.909604371574553625e+03
3.808917197452229342e+00 1.906041254035452994e+03
3.812101910828025186e+00 1.902465545975010627e+03
3.815286624203821475e+00 1.898877247393229027e+03
3.818471337579618208e+00 1.895301539332787570e+03
3.821656050955414052e+00 1.891725831272346340e+03
3.824840764331210341e+00 1.888150123211905566e+03
3.828025477707006186e+00 1.884574415151461835e+03
3.831210191082802474e+00 1.881011297612361432e+03
3.834394904458599207e+00 1.877435589551919747e+03
3.837579617834394607e+00 1.873859881491478063e+03
3.840764331210191340e+00 1.870284173431035924e+03
3.843949044585986741e+00 1.866708465370594467e+03
3.847133757961783473e+00 1.863132757310153011e+03
3.850318471337579762e+00 1.859544458728371865e+03
3.853503184713375607e+00 1.855968750667930180e+03
3.856687898089171895e+00 1.852393042607488496e+03
3.859872611464967740e+00 1.848829925068386274e+03
3.863057324840764473e+00 1.845254217007945726e+03
3.866242038216560761e+00 1.841691099468844186e+03
3.869426751592356606e+00 1.838115391408402047e+03
3.872611464968152895e+00 1.834539683347959681e+03
3.875796178343948739e+00 1.830963975287518224e+03
3.878980891719745028e+00 1.827388267227077449e+03
3.882165605095541761e+00 1.823799968645295394e+03
3.885350318471337605e+00 1.820224260584855301e+03
3.888535031847133894e+00 1.816648552524411571e+03
3.891719745222929738e+00 1.813072844463971705e+03
3.894904458598726027e+00 1.809497136403530476e+03
3.898089171974522316e+00 1.805908837821748875e+03
3.901273885350318160e+00 1.802358310803986114e+03
3.904458598726114893e+00 1.798782602743544430e+03
3.907643312101910738e+00 1.795206894683102973e+03
3.910828025477707026e+00 1.791631186622661517e+03
3.914012738853503315e+00 1.788055478562219832e+03
3.917197452229299159e+00 1.784479770501778376e+03
3.920382165605095448e+00 1.780904062441336464e+03
3.923566878980891293e+00 1.777328354380895689e+03
3.926751592356688025e+00 1.773752646320453323e+03
3.929936305732484314e+00 1.770164347738672404e+03
3.933121019108280159e+00 1.766588639678230493e+03
3.936305732484076447e+00 1.763038112660468187e+03
3.939490445859872292e+00 1.759462404600026048e+03
3.942675159235668580e+00 1.755886696539584591e+03
3.945859872611465313e+00 1.752298397957804809e+03
3.949044585987261158e+00 1.748722689897361761e+03
3.952229299363057446e+00 1.745146981836921441e+03
3.955414012738853291e+00 1.741571273776479757e+03
3.958598726114649580e+00 1.737995565716037163e+03
3.961783439490446312e+00 1.734407267134256472e+03
3.964968152866241713e+00 1.730844149595154249e+03
3.968152866242038446e+00 1.727268441534713475e+03
3.971337579617833846e+00 1.723717914516950714e+03
3.974522292993630579e+00 1.720142206456509257e+03
3.977707006369426868e+00 1.716566498396067800e+03
3.980891719745222712e+00 1.712978199814286427e+03
3.984076433121019001e+00 1.709402491753844743e+03
3.987261146496814845e+00 1.705826783693403286e+03
3.990445859872611578e+00 1.702251075632961147e+03
3.993630573248407867e+00 1.698675367572519690e+03
3.996815286624203711e+00 1.695087068990738771e+03
4.000000000000000000e+00 1.691511360930297542e+03
4.003184713375795845e+00 1.687935652869855403e+03
4.006369426751592577e+00 1.684385125852093779e+03
4.009554140127388422e+00 1.680809417791650958e+03
4.012738853503184266e+00 1.677221119209870722e+03
4.015923566878980999e+00 1.673658001670768499e+03
4.019108280254776844e+00 1.670082293610327270e+03
4.022292993630573577e+00 1.666506585549885813e+03
4.025477707006369421e+00 1.662930877489442764e+03
4.028662420382165266e+00 1.659342578907662073e+03
4.031847133757961998e+00 1.655766870847220616e+03
4.035031847133757843e+00 1.652191162786779842e+03
4.038216560509553688e+00 1.648615454726338385e+03
4.041401273885350420e+00 1.645064927708575397e+03
4.044585987261146265e+00 1.641476629126794705e+03
4.047770700636942998e+00 1.637900921066353249e+03
4.050955414012738842e+00 1.634325213005910882e+03
4.054140127388534687e+00 1.630749504945468743e+03
4.057324840764331420e+00 1.627173796885028196e+03
4.060509554140127264e+00 1.623585498303247277e+03
4.063694267515923997e+00 1.620009790242805138e+03
4.066878980891719841e+00 1.616446672703703825e+03
4.070063694267515686e+00 1.612870964643261686e+03
4.073248407643312419e+00 1.609295256582820002e+03
4.076433121019108263e+00 1.605744729565058606e+03
4.079617834394904108e+00 1.602156430983277005e+03
4.082802547770700841e+00 1.598580722922834411e+03
4.085987261146496685e+00 1.595005014862392727e+03
4.089171974522293418e+00 1.591429306801952634e+03
4.092356687898089262e+00 1.587853598741511178e+03
4.095541401273885107e+00 1.584265300159729804e+03
4.098726114649681840e+00 1.580689592099286756e+03
4.101910828025477684e+00 1.577113884038846209e+03
4.105095541401274417e+00 1.573538175978405434e+03
4.108280254777070262e+00 1.569962467917962385e+03
4.111464968152866106e+00 1.566399350378861072e+03
4.114649681528662839e+00 1.562823642318419616e+03
4.117834394904458684e+00 1.559260524779317393e+03
4.121019108280254528e+00 1.555684816718876618e+03
4.124203821656050373e+00 1.552109108658434479e+03
4.127388535031847105e+00 1.548520810076652879e+03
4.130573248407643838e+00 1.544945102016211422e+03
4.133757961783439683e+00 1.541369393955769965e+03
4.136942675159235527e+00 1.537793685895328508e+03
4.140127388535031372e+00 1.534217977834886369e+03
4.143312101910828105e+00 1.530667450817124745e+03
4.146496815286624837e+00 1.527079152235342463e+03
4.149681528662420682e+00 1.523503444174902597e+03
4.152866242038216527e+00 1.519927736114459094e+03
4.156050955414012371e+00 1.516352028054018319e+03
4.159235668789809104e+00 1.512776319993576863e+03
4.162420382165605837e+00 1.509188021411795944e+03
4.165605095541400793e+00 1.505612313351354715e+03
4.168789808917197526e+00 1.502049195812251810e+03
4.171974522292993370e+00 1.498473487751810808e+03
4.175159235668790103e+00 1.494897779691369578e+03
4.178343949044585948e+00 1.491334662152267356e+03
4.181528662420381792e+00 1.487758954091825672e+03
4.184713375796178525e+00 1.484183246031383760e+03
4.187898089171974370e+00 1.480607537970942076e+03
4.191082802547771102e+00 1.477031829910500619e+03
4.194267515923566947e+00 1.473443531328719928e+03
4.197452229299362791e+00 1.469867823268277107e+03
4.200636942675159524e+00 1.466292115207836105e+03
4.203821656050955369e+00 1.462716407147395330e+03
4.207006369426751213e+00 1.459140699086953191e+03
4.210191082802547946e+00 1.455590172069191340e+03
4.213375796178343791e+00 1.452001873487409739e+03
4.216560509554140523e+00 1.448438755948307517e+03
4.219745222929936368e+00 1.444863047887866742e+03
4.222929936305732213e+00 1.441287339827424603e+03
4.226114649681528945e+00 1.437711631766983828e+03
4.229299363057324790e+00 1.434123333185201545e+03
4.232484076433121523e+00 1.430547625124760998e+03
4.235668789808917367e+00 1.426971917064319314e+03
4.238853503184713212e+00 1.423396209003877175e+03
4.242038216560509944e+00 1.419820500943435718e+03
4.245222929936305789e+00 1.416257383404333723e+03
4.248407643312102522e+00 1.412681675343892039e+03
4.251592356687897478e+00 1.409105967283449900e+03
4.254777070063694211e+00 1.405530259223009125e+03
4.257961783439490944e+00 1.401954551162566986e+03
4.261146496815286788e+00 1.398366252580786295e+03
4.264331210191082633e+00 1.394803135041684754e+03
4.267515923566878477e+00 1.391227426981242388e+03
4.270700636942675210e+00 1.387651718920801159e+03
4.273885350318471943e+00 1.384076010860359474e+03
4.277070063694267787e+00 1.380525483842596714e+03
4.280254777070063632e+00 1.376937185260815113e+03
4.283439490445859477e+00 1.373361477200373884e+03
4.286624203821656209e+00 1.369785769139933564e+03
4.289808917197452942e+00 1.366210061079491425e+03
4.292993630573247898e+00 1.362634353019049968e+03
4.296178343949044631e+00 1.359046054437267912e+03
4.299363057324840476e+00 1.355470346376826910e+03
4.302547770700637209e+00 1.351894638316385226e+03
4.305732484076433053e+00 1.348318930255943542e+03
4.308917197452228898e+00 1.344743222195502767e+03
4.312101910828025630e+00 1.341180104656399863e+03
4.315286624203821475e+00 1.337616987117298322e+03
4.318471337579618208e+00 1.334041279056857547e+03
4.321656050955414052e+00 1.330465570996414726e+03
4.324840764331209897e+00 1.326889862935973269e+03
4.328025477707006630e+00 1.323314154875531585e+03
4.331210191082802474e+00 1.319725856293750894e+03
4.334394904458598319e+00 1.316150148233308755e+03
4.337579617834395052e+00 1.312574440172867526e+03
4.340764331210190896e+00 1.308998732112425841e+03
4.343949044585987629e+00 1.305448205094664445e+03
4.347133757961783473e+00 1.301859906512882844e+03
4.350318471337579318e+00 1.298284198452441615e+03
4.353503184713376051e+00 1.294708490391999476e+03
4.356687898089171895e+00 1.291132782331557792e+03
4.359872611464968628e+00 1.287557074271115653e+03
4.363057324840764473e+00 1.283981366210675333e+03
4.366242038216560317e+00 1.280405658150232739e+03
4.369426751592357050e+00 1.276829950089791964e+03
4.372611464968152895e+00 1.273254242029349143e+03
4.375796178343948739e+00 1.269678533968909051e+03
4.378980891719744584e+00 1.266128006951146062e+03
4.382165605095541316e+00 1.262539708369364689e+03
4.385350318471338049e+00 1.258964000308923005e+03
4.388535031847133894e+00 1.255388292248481775e+03
4.391719745222929738e+00 1.251812584188040091e+03
4.394904458598725583e+00 1.248236876127597952e+03
4.398089171974522316e+00 1.244648577545817261e+03
4.401273885350319048e+00 1.241072869485375804e+03
4.404458598726114893e+00 1.237497161424934347e+03
4.407643312101910738e+00 1.233921453364492891e+03
4.410828025477706582e+00 1.230383516868069364e+03
4.414012738853503315e+00 1.226807808807627680e+03
4.417197452229300048e+00 1.223219510225846989e+03
4.420382165605095004e+00 1.219643802165405759e+03
4.423566878980891737e+00 1.216068094104964757e+03
4.426751592356687581e+00 1.212492386044521027e+03
4.429936305732484314e+00 1.208916677984081161e+03
4.433121019108280159e+00 1.205328379402300470e+03
4.436305732484076003e+00 1.201752671341858786e+03
4.439490445859872736e+00 1.198176963281415965e+03
4.442675159235668580e+00 1.194626436263653659e+03
4.445859872611465313e+00 1.191050728203212202e+03
4.449044585987261158e+00 1.187462429621431511e+03
4.452229299363057002e+00 1.183886721560989599e+03
4.455414012738853735e+00 1.180311013500547688e+03
4.458598726114649580e+00 1.176747895961445920e+03
4.461783439490445424e+00 1.173172187901005145e+03
4.464968152866242157e+00 1.169596479840563461e+03
4.468152866242038002e+00 1.166008181258782088e+03
4.471337579617834734e+00 1.162432473198339949e+03
4.474522292993630579e+00 1.158881946180577870e+03
4.477707006369426423e+00 1.155306238120136868e+03
4.480891719745223156e+00 1.151730530059694047e+03
4.484076433121019001e+00 1.148142231477914038e+03
4.487261146496815734e+00 1.144566523417471217e+03
4.490445859872611578e+00 1.140990815357030897e+03
4.493630573248407423e+00 1.137415107296589667e+03
4.496815286624204155e+00 1.133839399236146619e+03
4.500000000000000000e+00 1.130263691175705844e+03
4.503184713375796733e+00 1.126675392593924471e+03
4.506369426751591689e+00 1.123137456097501399e+03
4.509554140127388422e+00 1.119561748037060170e+03
4.512738853503185155e+00 1.115986039976618486e+03
4.515923566878980999e+00 1.112410331916177256e+03
4.519108280254776844e+00 1.108822033334395655e+03
4.522292993630572688e+00 1.105246325273953971e+03
4.525477707006369421e+00 1.101670617213512742e+03
4.528662420382166154e+00 1.098094909153070603e+03
4.531847133757961998e+00 1.094519201092629146e+03
4.535031847133757843e+00 1.090943493032187689e+03
4.538216560509553688e+00 1.087355194450406998e+03
4.541401273885350420e+00 1.083804667432643328e+03
4.544585987261147153e+00 1.080228959372203235e+03
4.547770700636942109e+00 1.076653251311761778e+03
4.550955414012738842e+00 1.073090133772658874e+03
4.554140127388534687e+00 1.069501835190878182e+03
4.557324840764331420e+00 1.065926127130436498e+03
4.560509554140127264e+00 1.062350419069995041e+03
4.563694267515923109e+00 1.058774711009553585e+03
4.566878980891719841e+00 1.055199002949112128e+03
4.570063694267515686e+00 1.051610704367329845e+03
4.573248407643312419e+00 1.048060177349567766e+03
4.576433121019108263e+00 1.044484469289126991e+03
4.579617834394904108e+00 1.040908761228684853e+03
4.582802547770700841e+00 1.037333053168243396e+03
4.585987261146496685e+00 1.033757345107801939e+03
4.589171974522292530e+00 1.030169046526020566e+03
4.592356687898089262e+00 1.026593338465580473e+03
4.595541401273885107e+00 1.023017630405137425e+03
4.598726114649681840e+00 1.019454512866036112e+03
4.601910828025477684e+00 1.015878804805593859e+03
4.605095541401273529e+00 1.012315687266493228e+03
4.608280254777070262e+00 1.008739979206050293e+03
4.611464968152866106e+00 1.005164271145608836e+03
4.614649681528662839e+00 1.001588563085168062e+03
4.617834394904458684e+00 9.980128550247266048e+02
4.621019108280254528e+00 9.944371469642844659e+02
4.624203821656051261e+00 9.908488483825021831e+02
4.627388535031847105e+00 9.872731403220620905e+02
4.630573248407642950e+00 9.836974322616206337e+02
4.633757961783438795e+00 9.801217242011786084e+02
4.636942675159235527e+00 9.765711971834155065e+02
4.640127388535032260e+00 9.729828986016348153e+02
4.643312101910828105e+00 9.694197810625325928e+02
4.646496815286623949e+00 9.658440730020911360e+02
4.649681528662419794e+00 9.622683649416495655e+02
4.652866242038216527e+00 9.586926568812082223e+02
4.656050955414013259e+00 9.551169488207660834e+02
4.659235668789809104e+00 9.515286502389860743e+02
4.662420382165604948e+00 9.479529421785446175e+02
4.665605095541400793e+00 9.443772341181015690e+02
4.668789808917197526e+00 9.408267071003400588e+02
4.671974522292994259e+00 9.372509990398980335e+02
4.675159235668789215e+00 9.336627004581177971e+02
4.678343949044585948e+00 9.300869923976742939e+02
4.681528662420381792e+00 9.265112843372343150e+02
4.684713375796178525e+00 9.229355762767927445e+02
4.687898089171974370e+00 9.193724587376907493e+02
4.691082802547770214e+00 9.157967506772490651e+02
4.694267515923566947e+00 9.122084520954676918e+02
4.697452229299363680e+00 9.086579250777048173e+02
4.700636942675159524e+00 9.050822170172632468e+02
4.703821656050955369e+00 9.015065089568217900e+02
4.707006369426751213e+00 8.979308008963803331e+02
4.710191082802547946e+00 8.943550928359381942e+02
4.713375796178344679e+00 8.907667942541581851e+02
4.716560509554139635e+00 8.871910861937160462e+02
4.719745222929936368e+00 8.836153781332752715e+02
4.722929936305732213e+00 8.800396700728322230e+02
4.726114649681528945e+00 8.764639620123908799e+02
4.729299363057324790e+00 8.729008444732901353e+02
4.732484076433120634e+00 8.693251364128486784e+02
4.735668789808917367e+00 8.657620188737464559e+02
4.738853503184713212e+00 8.621863108133049991e+02
4.742038216560509944e+00 8.586106027528628601e+02
4.745222929936305789e+00 8.550348946924212896e+02
4.748407643312101634e+00 8.514465961106404848e+02
4.751592356687898366e+00 8.478708880501984595e+02
4.754777070063694211e+00 8.442951799897562069e+02
4.757961783439490944e+00 8.407194719293154321e+02
4.761146496815286788e+00 8.371689449115540356e+02
4.764331210191082633e+00 8.335806463297717528e+02
4.767515923566879366e+00 8.300049382693309781e+02
4.770700636942675210e+00 8.264292302088881570e+02
4.773885350318471055e+00 8.228535221484473823e+02
4.777070063694267787e+00 8.192778140880052433e+02
4.780254777070063632e+00 8.157146965489030208e+02
4.783439490445860365e+00 8.121263979671223296e+02
4.786624203821656209e+00 8.085506899066800770e+02
4.789808917197452054e+00 8.049749818462400981e+02
4.792993630573248787e+00 8.014244548284771099e+02
4.796178343949044631e+00 7.978487467680356531e+02
4.799363057324841364e+00 7.942604481862549619e+02
4.802547770700636320e+00 7.906847401258127093e+02
4.805732484076433053e+00 7.871090320653705703e+02
4.808917197452229786e+00 7.835333240049289998e+02
4.812101910828025630e+00 7.799576159444883388e+02
4.815286624203821475e+00 7.763819078840461998e+02
4.818471337579617320e+00 7.727936093022653949e+02
4.821656050955414052e+00 7.692179012418239381e+02
4.824840764331210785e+00 7.656799647454002979e+02
4.828025477707006630e+00 7.621042566849596369e+02
4.831210191082802474e+00 7.585285486245180664e+02
4.834394904458598319e+00 7.549528405640751316e+02
4.837579617834395052e+00 7.513645419822944405e+02
4.840764331210191784e+00 7.477888339218529836e+02
4.843949044585986741e+00 7.442131258614128910e+02
4.847133757961783473e+00 7.406374178009707521e+02
4.850318471337579318e+00 7.370617097405286131e+02
4.853503184713376051e+00 7.334985922014270727e+02
4.856687898089171895e+00 7.299228841409856159e+02
4.859872611464967740e+00 7.263471760805432496e+02
4.863057324840764473e+00 7.227714680201013380e+02
4.866242038216560317e+00 7.191957599596604496e+02
4.869426751592357050e+00 7.156326424205583407e+02
4.872611464968152895e+00 7.120443438387775359e+02
4.875796178343948739e+00 7.084686357783360791e+02
4.878980891719745472e+00 7.048929277178939401e+02
4.882165605095541316e+00 7.013172196574523696e+02
4.885350318471337161e+00 6.977666926396902909e+02
4.888535031847133894e+00 6.941909845792487204e+02
4.891719745222929738e+00 6.906026859974665513e+02
4.894904458598726471e+00 6.870269779370250944e+02
4.898089171974522316e+00 6.834512698765851155e+02
4.901273885350318160e+00 6.798755618161421808e+02
4.904458598726114893e+00 6.762998537557007239e+02
4.907643312101910738e+00 6.727115551739191233e+02
4.910828025477707470e+00 6.691484376348178102e+02
4.914012738853503315e+00 6.655727295743762397e+02
4.917197452229299159e+00 6.620222025566133652e+02
4.920382165605095892e+00 6.584464944961725905e+02
4.923566878980891737e+00 6.548707864357304516e+02
4.926751592356688469e+00 6.512824878539497604e+02
4.929936305732483426e+00 6.477067797935081899e+02
4.933121019108280159e+00 6.441310717330667330e+02
4.936305732484076891e+00 6.405553636726244804e+02
4.939490445859872736e+00 6.369796556121830235e+02
4.942675159235668580e+00 6.334039475517415667e+02
4.945859872611464425e+00 6.298408300126393442e+02
4.949044585987261158e+00 6.262651219521980011e+02
4.952229299363057891e+00 6.226894138917571127e+02
4.955414012738853735e+00 6.191262963526535259e+02
4.958598726114649580e+00 6.155505882922134333e+02
4.961783439490445424e+00 6.119622897104313779e+02
4.964968152866242157e+00 6.083865816499906032e+02
4.968152866242038890e+00 6.048108735895484642e+02
4.971337579617833846e+00 6.012351655291070074e+02
4.974522292993630579e+00 5.976594574686662327e+02
4.977707006369426423e+00 5.941089304509032445e+02
4.980891719745223156e+00 5.905206318691225533e+02
4.984076433121019001e+00 5.869449238086804144e+02
4.987261146496814845e+00 5.833692157482389575e+02
4.990445859872611578e+00 5.797935076877975007e+02
4.993630573248407423e+00 5.762177996273560439e+02
4.996815286624204155e+00 5.726420915669137912e+02
5.000000000000000000e+00 5.690663835064723344e+02
5.003184713375795845e+00 5.654906754460307639e+02
5.006369426751592577e+00 5.619401484282680030e+02
5.009554140127388422e+00 5.583644403678265462e+02
5.012738853503185155e+00 5.547887323073864536e+02
5.015923566878980999e+00 5.512130242469442010e+02
5.019108280254776844e+00 5.476247256651628277e+02
5.022292993630573577e+00 5.440490176047212572e+02
5.025477707006369421e+00 5.404733095442798003e+02
5.028662420382165266e+00 5.368976014838383435e+02
5.031847133757961998e+00 5.333218934233962045e+02
5.035031847133757843e+00 5.297335948416147176e+02
5.038216560509554576e+00 5.261830678238532073e+02
5.041401273885350420e+00 5.226199502847510985e+02
5.044585987261146265e+00 5.190442422243103238e+02
5.047770700636942998e+00 5.154685341638673890e+02
5.050955414012738842e+00 5.118928261034259322e+02
5.054140127388535575e+00 5.083045275216451273e+02
5.057324840764330531e+00 5.047288194612036705e+02
5.060509554140127264e+00 5.011531114007607925e+02
5.063694267515923997e+00 4.975774033403200178e+02
5.066878980891719841e+00 4.940268763225585644e+02
5.070063694267515686e+00 4.904511682621171076e+02
5.073248407643311531e+00 4.868628696803348817e+02
5.076433121019108263e+00 4.832871616198934248e+02
5.079617834394904996e+00 4.797114535594520248e+02
5.082802547770700841e+00 4.761357454990111933e+02
5.085987261146496685e+00 4.725726279599082886e+02
5.089171974522292530e+00 4.689969198994675708e+02
5.092356687898089262e+00 4.654086213176847195e+02
5.095541401273885995e+00 4.618329132572445701e+02
5.098726114649680952e+00 4.582823862394824346e+02
5.101910828025477684e+00 4.547066781790402388e+02
5.105095541401273529e+00 4.511309701185981567e+02
5.108280254777070262e+00 4.475426715368172950e+02
5.111464968152866106e+00 4.439669634763758381e+02
5.114649681528661951e+00 4.403912554159343813e+02
5.117834394904458684e+00 4.368155473554921855e+02
5.121019108280254528e+00 4.332398392950507287e+02
5.124203821656051261e+00 4.296641312346092718e+02
5.127388535031847105e+00 4.261136042168477616e+02
5.130573248407642950e+00 4.225378961564048836e+02
5.133757961783439683e+00 4.189621880959641089e+02
5.136942675159235527e+00 4.153864800355227089e+02
5.140127388535031372e+00 4.118107719750804563e+02
5.143312101910828105e+00 4.082350639146397384e+02
5.146496815286623949e+00 4.046467653328575125e+02
5.149681528662420682e+00 4.010710572724167946e+02
5.152866242038216527e+00 3.974953492119753378e+02
5.156050955414012371e+00 3.939448221942124064e+02
5.159235668789809104e+00 3.903691141337709496e+02
5.162420382165604948e+00 3.867934060733294928e+02
5.165605095541401681e+00 3.832051074915480058e+02
5.168789808917197526e+00 3.796419899524458401e+02
5.171974522292993370e+00 3.760662818920043264e+02
5.175159235668790103e+00 3.724905738315628696e+02
5.178343949044585948e+00 3.689148657711214128e+02
5.181528662420382680e+00 3.653391577106799559e+02
5.184713375796177637e+00 3.617760401715784724e+02
5.187898089171974370e+00 3.582003321111362766e+02
5.191082802547771102e+00 3.546246240506948197e+02
5.194267515923566947e+00 3.510489159902533629e+02
5.197452229299362791e+00 3.474732079298119061e+02
5.200636942675158636e+00 3.438974998693689713e+02
5.203821656050955369e+00 3.403092012875896444e+02
5.207006369426752102e+00 3.367334932271481875e+02
5.210191082802547946e+00 3.331703756880460219e+02
5.213375796178343791e+00 3.295946676276038261e+02
5.216560509554139635e+00 3.260441406098409516e+02
5.219745222929936368e+00 3.224558420280601467e+02
5.222929936305733101e+00 3.188801339676186899e+02
5.226114649681528057e+00 3.153044259071772331e+02
5.229299363057324790e+00 3.117287178467349804e+02
5.232484076433120634e+00 3.081530097862935236e+02
5.235668789808917367e+00 3.045773017258528625e+02
5.238853503184713212e+00 3.009890031440713187e+02
5.242038216560509056e+00 2.974132950836298619e+02
5.245222929936305789e+00 2.938627680658669306e+02
5.248407643312101634e+00 2.902870600054254737e+02
5.251592356687898366e+00 2.867239424663240470e+02
5.254777070063694211e+00 2.831482344058825902e+02
5.257961783439490056e+00 2.795599358241017853e+02
5.261146496815286788e+00 2.759842277636581684e+02
5.264331210191082633e+00 2.724085197032181895e+02
5.267515923566879366e+00 2.688328116427767327e+02
5.270700636942675210e+00 2.652571035823352759e+02
5.273885350318471055e+00 2.617065765645716056e+02
5.277070063694267787e+00 2.581182779827908007e+02
5.280254777070063632e+00 2.545425699223493439e+02
5.283439490445859477e+00 2.509668618619093081e+02
5.286624203821656209e+00 2.473911538014656912e+02
5.289808917197452054e+00 2.438154457410249734e+02
5.292993630573248787e+00 2.402523282019227793e+02
5.296178343949044631e+00 2.366640296201420313e+02
5.299363057324840476e+00 2.330883215597006028e+02
5.302547770700637209e+00 2.295377945419376431e+02
5.305732484076433053e+00 2.259620864814961578e+02
5.308917197452229786e+00 2.223863784210547294e+02
5.312101910828024742e+00 2.188106703606132442e+02
5.315286624203821475e+00 2.152223717788310751e+02
5.318471337579618208e+00 2.116466637183903003e+02
5.321656050955414052e+00 2.080709556579488435e+02
5.324840764331209897e+00 2.044952475975073583e+02
5.328025477707006630e+00 2.009195395370659014e+02
5.331210191082802474e+00 1.973690125193022595e+02
5.334394904458599207e+00 1.937933044588615417e+02
5.337579617834395052e+00 1.902175963984207669e+02
5.340764331210190896e+00 1.866418883379778890e+02
5.343949044585987629e+00 1.830661802775371143e+02
5.347133757961783473e+00 1.794904722170956290e+02
5.350318471337580206e+00 1.759147641566534617e+02
5.353503184713375163e+00 1.723264655748726852e+02
5.356687898089171895e+00 1.687507575144305179e+02
5.359872611464968628e+00 1.652002304966690645e+02
5.363057324840764473e+00 1.616245224362268686e+02
5.366242038216560317e+00 1.580488143757854118e+02
5.369426751592356162e+00 1.544731063153439550e+02
5.372611464968152895e+00 1.508848077335631501e+02
5.375796178343949627e+00 1.473216901944609845e+02
5.378980891719745472e+00 1.437459821340194992e+02
5.382165605095541316e+00 1.401702740735773318e+02
5.385350318471337161e+00 1.365945660131351644e+02
5.388535031847133894e+00 1.330440389953729436e+02
5.391719745222930626e+00 1.294557404135936167e+02
5.394904458598725583e+00 1.258800323531500140e+02
5.398089171974522316e+00 1.223043242927092820e+02
5.401273885350318160e+00 1.187286162322670862e+02
5.404458598726114893e+00 1.151529081718263257e+02
5.407643312101910738e+00 1.115772001113855794e+02
5.410828025477706582e+00 1.079889015296033961e+02
5.414012738853503315e+00 1.044131934691612003e+02
5.417197452229299159e+00 1.008500759300590204e+02
5.420382165605095892e+00 9.729954891229755276e+01
5.423566878980891737e+00 9.372384085185680647e+01
5.426751592356687581e+00 9.014813279141390012e+01
5.429936305732484314e+00 8.655983420963315211e+01
5.433121019108280159e+00 8.298412614919166685e+01
5.436305732484076891e+00 7.940841808875021002e+01
5.439490445859872736e+00 7.583271002830873897e+01
5.442675159235668580e+00 7.225700196786654317e+01
5.445859872611465313e+00 6.870647495010507555e+01
5.449044585987261158e+00 6.511817636832289224e+01
5.452229299363057002e+00 6.154246830788285649e+01
5.455414012738853735e+00 5.796676024743923961e+01
5.458598726114649580e+00 5.440364270833849503e+01
5.461783439490446312e+00 5.082793464789629923e+01
5.464968152866242157e+00 4.725222658745482818e+01
5.468152866242038002e+00 4.366392800567336252e+01
5.471337579617834734e+00 4.008821994523189147e+01
5.474522292993630579e+00 3.653769292746970621e+01
5.477707006369427312e+00 3.296198486702895281e+01
5.480891719745222268e+00 2.938627680658677122e+01
5.484076433121019001e+00 2.581056874614530017e+01
5.487261146496815734e+00 2.222227016436382740e+01
5.490445859872611578e+00 1.864656210392235991e+01
5.493630573248407423e+00 1.507085404348088886e+01
5.496815286624203267e+00 1.150773650437870366e+01
5.500000000000000000e+00 7.932028443937234385e+00
5.503184713375796733e+00 4.381501426175766767e+00
5.506369426751592577e+00 7.932028443942960028e-01
5.509554140127388422e+00 -2.782505216048605234e+00
5.512738853503184266e+00 -6.358213276489358634e+00
5.515923566878980999e+00 -9.933921336930829682e+00
5.519108280254777732e+00 -1.350962939737301483e+01
5.522292993630573577e+00 -1.708533745781376822e+01
5.525477707006369421e+00 -2.067363603959595508e+01
5.528662420382165266e+00 -2.424934410003599083e+01
5.531847133757961998e+00 -2.779987111779960784e+01
5.535031847133757843e+00 -3.137557917824107534e+01
5.538216560509553688e+00 -3.493869671734326232e+01
5.541401273885350420e+00 -3.851440477778473337e+01
5.544585987261146265e+00 -4.210270335956548848e+01
5.547770700636942998e+00 -4.567841142000695243e+01
5.550955414012738842e+00 -4.925411948044913402e+01
5.554140127388534687e+00 -5.282982754089061928e+01
5.557324840764331420e+00 -5.640553560133207611e+01
5.560509554140127264e+00 -5.995606261909354373e+01
5.563694267515923997e+00 -6.354436120087500939e+01
5.566878980891719841e+00 -6.712006926131719808e+01
5.570063694267515686e+00 -7.069577732175866913e+01
5.573248407643312419e+00 -7.427148538220015439e+01
5.576433121019108263e+00 -7.783460292130160951e+01
5.579617834394904108e+00 -8.141031098174309477e+01
5.582802547770700841e+00 -8.499860956352455332e+01
5.585987261146496685e+00 -8.857431762396745967e+01
5.589171974522293418e+00 -9.212484464172891307e+01
5.592356687898089262e+00 -9.570055270216967358e+01
5.595541401273885107e+00 -9.927626076261257992e+01
5.598726114649681840e+00 -1.028519688230540510e+02
5.601910828025477684e+00 -1.064402674048348132e+02
5.605095541401274417e+00 -1.100159754652762842e+02
5.608280254777069374e+00 -1.135916835257184516e+02
5.611464968152866106e+00 -1.171673915861599369e+02
5.614649681528662839e+00 -1.207430996466006690e+02
5.617834394904458684e+00 -1.242810361430235844e+02
5.621019108280254528e+00 -1.278693347248050429e+02
5.624203821656050373e+00 -1.314450427852465282e+02
5.627388535031847105e+00 -1.350207508456886956e+02
5.630573248407643838e+00 -1.385964589061294703e+02
5.633757961783439683e+00 -1.421721669665709271e+02
5.636942675159235527e+00 -1.457478750270124124e+02
5.640127388535031372e+00 -1.493235830874545798e+02
5.643312101910828105e+00 -1.529118816692353562e+02
5.646496815286624837e+00 -1.564624086869975486e+02
5.649681528662419794e+00 -1.600381167474396875e+02
5.652866242038216527e+00 -1.636138248078811728e+02
5.656050955414012371e+00 -1.671769423469833669e+02
5.659235668789809104e+00 -1.707526504074255627e+02
5.662420382165604948e+00 -1.743409489892048612e+02
5.665605095541400793e+00 -1.779166570496477675e+02
5.668789808917197526e+00 -1.814923651100885138e+02
5.671974522292993370e+00 -1.850428921278507062e+02
5.675159235668790103e+00 -1.886186001882929020e+02
5.678343949044585948e+00 -1.921943082487343872e+02
5.681528662420381792e+00 -1.957826068305158458e+02
5.684713375796178525e+00 -1.993583148909565921e+02
5.687898089171974370e+00 -2.029340229513987879e+02
5.691082802547771102e+00 -2.065097310118402447e+02
5.694267515923566947e+00 -2.100728485509424104e+02
5.697452229299362791e+00 -2.136485566113839241e+02
5.700636942675159524e+00 -2.172116741504853508e+02
5.703821656050955369e+00 -2.207873822109268644e+02
5.707006369426751213e+00 -2.243630902713697424e+02
5.710191082802547946e+00 -2.279387983318111992e+02
5.713375796178343791e+00 -2.315145063922527129e+02
5.716560509554140523e+00 -2.350902144526927486e+02
5.719745222929936368e+00 -2.386785130344756283e+02
5.722929936305732213e+00 -2.422542210949164030e+02
5.726114649681528945e+00 -2.458299291553585704e+02
5.729299363057324790e+00 -2.493804561731200238e+02
5.732484076433121523e+00 -2.529435737122229284e+02
5.735668789808916479e+00 -2.565192817726651242e+02
5.738853503184713212e+00 -2.600949898331058421e+02
5.742038216560509944e+00 -2.636832884148873291e+02
5.745222929936305789e+00 -2.672589964753281038e+02
5.748407643312101634e+00 -2.708347045357688785e+02
5.751592356687897478e+00 -2.744104125962110174e+02
5.754777070063694211e+00 -2.779609396139732098e+02
5.757961783439490944e+00 -2.815366476744161446e+02
5.761146496815286788e+00 -2.851249462561968357e+02
5.764331210191082633e+00 -2.887006543166390884e+02
5.767515923566878477e+00 -2.922763623770805452e+02
5.770700636942675210e+00 -2.958520704375205810e+02
5.773885350318471943e+00 -2.994151879766227466e+02
5.777070063694267787e+00 -3.029908960370649424e+02
5.780254777070063632e+00 -3.065791946188464294e+02
5.783439490445859477e+00 -3.101297216366078828e+02
5.786624203821656209e+00 -3.137054296970493397e+02
5.789808917197452054e+00 -3.172811377574929566e+02
5.792993630573247898e+00 -3.208568458179336744e+02
5.796178343949044631e+00 -3.244325538783751881e+02
5.799363057324840476e+00 -3.280208524601559361e+02
5.802547770700637209e+00 -3.315965605205967108e+02
5.805732484076433053e+00 -3.351722685810389066e+02
5.808917197452228898e+00 -3.387479766414803635e+02
5.812101910828025630e+00 -3.422859131379032078e+02
5.815286624203821475e+00 -3.458616211983447215e+02
5.818471337579618208e+00 -3.494373292587854394e+02
5.821656050955414052e+00 -3.530256278405690864e+02
5.824840764331209897e+00 -3.566013359010090653e+02
5.828025477707006630e+00 -3.601770439614506358e+02
5.831210191082802474e+00 -3.637527520218920927e+02
5.834394904458598319e+00 -3.673284600823342316e+02
5.837579617834395052e+00 -3.708789871000964240e+02
5.840764331210190896e+00 -3.744672856818772289e+02
5.843949044585987629e+00 -3.780429937423186857e+02
5.847133757961783473e+00 -3.816187018027615068e+02
5.850318471337579318e+00 -3.851818193418623650e+02
5.853503184713376051e+00 -3.887575274023051861e+02
5.856687898089171895e+00 -3.923332354627459608e+02
5.859872611464968628e+00 -3.959215340445274478e+02
5.863057324840763584e+00 -3.994972421049689046e+02
5.866242038216560317e+00 -4.030477691227310970e+02
5.869426751592357050e+00 -4.066234771831725539e+02
5.872611464968152895e+00 -4.101991852436133286e+02
5.875796178343948739e+00 -4.137748933040562065e+02
5.878980891719744584e+00 -4.173631918858369545e+02
5.882165605095541316e+00 -4.209388999462798893e+02
5.885350318471338049e+00 -4.245020174853806338e+02
5.888535031847133894e+00 -4.280777255458220907e+02
5.891719745222929738e+00 -4.316282525635850220e+02
5.894904458598725583e+00 -4.352039606240264789e+02
5.898089171974522316e+00 -4.387796686844679357e+02
5.901273885350319048e+00 -4.423679672662486837e+02
5.904458598726114005e+00 -4.459436753266901405e+02
5.907643312101910738e+00 -4.495193833871315974e+02
5.910828025477706582e+00 -4.530950914475723721e+02
5.914012738853503315e+00 -4.566707995080152500e+02
5.917197452229299159e+00 -4.602465075684575027e+02
5.920382165605095004e+00 -4.638096251075589862e+02
5.923566878980891737e+00 -4.673727426466611519e+02
5.926751592356687581e+00 -4.709484507071019266e+02
5.929936305732484314e+00 -4.745241587675448045e+02
5.933121019108280159e+00 -4.780998668279848403e+02
5.936305732484076003e+00 -4.816755748884263539e+02
5.939490445859872736e+00 -4.852638734702070451e+02
5.942675159235669469e+00 -4.888395815306485019e+02
5.945859872611465313e+00 -4.923901085484129112e+02
5.949044585987261158e+00 -4.959658166088543112e+02
5.952229299363057002e+00 -4.995415246692957680e+02
5.955414012738853735e+00 -5.031172327297372249e+02
5.958598726114649580e+00 -5.066929407901786817e+02
5.961783439490445424e+00 -5.102686488506202522e+02
5.964968152866242157e+00 -5.138443569110609133e+02
5.968152866242038002e+00 -5.174200649715030522e+02
5.971337579617834734e+00 -5.209957730319439406e+02
5.974522292993630579e+00 -5.245463000497061330e+02
5.977707006369426423e+00 -5.281220081101496362e+02
5.980891719745223156e+00 -5.317103066919296452e+02
5.984076433121019001e+00 -5.352860147523711021e+02
5.987261146496815734e+00 -5.388617228128127863e+02
5.990445859872611578e+00 -5.424374308732541294e+02
5.993630573248407423e+00 -5.460131389336957000e+02
5.996815286624204155e+00 -5.495888469941370431e+02
6.000000000000000000e+00 -5.531267834905606833e+02
6.003184713375795845e+00 -5.567150820723413744e+02
6.006369426751592577e+00 -5.602907901327829450e+02
6.009554140127388422e+00 -5.638664981932257660e+02
6.012738853503185155e+00 -5.674422062536658586e+02
6.015923566878980999e+00 -5.710179143141087934e+02
6.019108280254776844e+00 -5.745936223745494544e+02
6.022292993630573577e+00 -5.781819209563309414e+02
6.025477707006369421e+00 -5.817324479740924517e+02
6.028662420382166154e+00 -5.853081560345339085e+02
6.031847133757961998e+00 -5.888838640949761611e+02
6.035031847133757843e+00 -5.924595721554183001e+02
6.038216560509554576e+00 -5.960226896945190447e+02
6.041401273885350420e+00 -5.995983977549619794e+02
6.044585987261146265e+00 -6.031866963367426706e+02
6.047770700636942109e+00 -6.067624043971841274e+02
6.050955414012738842e+00 -6.103381124576255843e+02
6.054140127388535575e+00 -6.138886394753872082e+02
6.057324840764331420e+00 -6.174643475358300293e+02
6.060509554140127264e+00 -6.210400555962700082e+02
6.063694267515923109e+00 -6.246283541780521773e+02
6.066878980891719841e+00 -6.282040622384936341e+02
6.070063694267516574e+00 -6.317797702989365689e+02
6.073248407643312419e+00 -6.353428878380381093e+02
6.076433121019108263e+00 -6.389185958984794524e+02
6.079617834394904108e+00 -6.424691229162417585e+02
6.082802547770700841e+00 -6.460448309766832153e+02
6.085987261146497573e+00 -6.496331295584645886e+02
6.089171974522292530e+00 -6.532088376189053633e+02
6.092356687898089262e+00 -6.567845456793468202e+02
6.095541401273885107e+00 -6.603602537397882770e+02
6.098726114649681840e+00 -6.639359618002313255e+02
6.101910828025477684e+00 -6.675116698606726686e+02
6.105095541401273529e+00 -6.710999684424534735e+02
6.108280254777070262e+00 -6.746504954602157795e+02
6.111464968152866106e+00 -6.782136129993185705e+02
6.114649681528662839e+00 -6.817893210597586631e+02
6.117834394904458684e+00 -6.853650291202015978e+02
6.121019108280254528e+00 -6.889407371806415767e+02
6.124203821656051261e+00 -6.925164452410829199e+02
6.127388535031847105e+00 -6.961047438228645206e+02
6.130573248407642950e+00 -6.996804518833073416e+02
6.133757961783439683e+00 -7.032309789010696477e+02
6.136942675159235527e+00 -7.068066869615111045e+02
6.140127388535032260e+00 -7.103823950219523340e+02
6.143312101910828105e+00 -7.139581030823940182e+02
6.146496815286623949e+00 -7.175338111428354750e+02
6.149681528662420682e+00 -7.211095192032769319e+02
6.152866242038216527e+00 -7.246852272637177066e+02
6.156050955414013259e+00 -7.282609353241598455e+02
6.159235668789808216e+00 -7.318114623419220379e+02
6.162420382165604948e+00 -7.353871704023642906e+02
6.165605095541401681e+00 -7.389628784628057474e+02
6.168789808917197526e+00 -7.425511770445878028e+02
6.171974522292993370e+00 -7.461268851050294870e+02
6.175159235668789215e+00 -7.497025931654693522e+02
6.178343949044585948e+00 -7.532783012259108091e+02
6.181528662420382680e+00 -7.568540092863522659e+02
6.184713375796178525e+00 -7.603919457827759061e+02
6.187898089171974370e+00 -7.639802443645567109e+02
6.191082802547770214e+00 -7.675559524249981678e+02
6.194267515923566947e+00 -7.711316604854409889e+02
6.197452229299363680e+00 -7.747073685458825594e+02
6.200636942675159524e+00 -7.782830766063233341e+02
6.203821656050955369e+00 -7.818587846667654730e+02
6.207006369426751213e+00 -7.854344927272062478e+02
6.210191082802547946e+00 -7.890227913089877347e+02
6.213375796178343791e+00 -7.925733183267499271e+02
6.216560509554139635e+00 -7.961490263871907018e+02
6.219745222929936368e+00 -7.997121439262928106e+02
6.222929936305732213e+00 -8.032878519867342675e+02
6.226114649681528945e+00 -8.068635600471773159e+02
6.229299363057324790e+00 -8.104518586289580071e+02
6.232484076433120634e+00 -8.140275666893994639e+02
6.235668789808917367e+00 -8.176032747498409208e+02
6.238853503184713212e+00 -8.211538017676039090e+02
6.242038216560509944e+00 -8.247295098280452521e+02
6.245222929936305789e+00 -8.283052178884867089e+02
6.248407643312101634e+00 -8.318809259489266879e+02
6.251592356687897478e+00 -8.354692245307089706e+02
6.254777070063694211e+00 -8.390323420698102836e+02
6.257961783439490056e+00 -8.426080501302526500e+02
6.261146496815286788e+00 -8.461837581906947889e+02
6.264331210191083521e+00 -8.497342852084577771e+02
6.267515923566878477e+00 -8.533099932688992340e+02
6.270700636942675210e+00 -8.568857013293398950e+02
6.273885350318471055e+00 -8.604739999111213820e+02
6.277070063694267787e+00 -8.640497079715621567e+02
6.280254777070064520e+00 -8.676254160320036135e+02
6.283439490445859477e+00 -8.712011240924450703e+02
6.286624203821656209e+00 -8.747768321528878914e+02
6.289808917197452054e+00 -8.783273591706501975e+02
6.292993630573248787e+00 -8.819030672310923364e+02
6.296178343949045519e+00 -8.854787752915337933e+02
6.299363057324840476e+00 -8.890544833519752501e+02
6.302547770700636320e+00 -8.926301914124153427e+02
6.305732484076433053e+00 -8.962058994728567995e+02
6.308917197452229786e+00 -8.997816075332989385e+02
6.312101910828025630e+00 -9.039112985326833041e+02
6.315286624203821475e+00 -9.094763089647783545e+02
6.318471337579617320e+00 -9.150790909608933816e+02
6.321656050955414052e+00 -9.206566919143277801e+02
6.324840764331210785e+00 -9.262594739104434893e+02
6.328025477707006630e+00 -9.318244843425379713e+02
6.331210191082801586e+00 -9.374146758173121725e+02
6.334394904458598319e+00 -9.429922767707473668e+02
6.337579617834395052e+00 -9.485824682455230459e+02
6.340764331210191784e+00 -9.541600691989581264e+02
6.343949044585987629e+00 -9.597502606737331234e+02
6.347133757961782585e+00 -9.653278616271691135e+02
6.350318471337579318e+00 -9.709306436232841406e+02
6.353503184713376051e+00 -9.764956540553778268e+02
6.356687898089171895e+00 -9.820984360514921718e+02
6.359872611464968628e+00 -9.876634464835879044e+02
6.363057324840763584e+00 -9.932662284797022494e+02
6.366242038216560317e+00 -9.988312389117986640e+02
6.369426751592357050e+00 -1.004421430386573775e+03
6.372611464968152895e+00 -1.010011621861348203e+03
6.375796178343949627e+00 -1.015601813336123087e+03
6.378980891719744584e+00 -1.021179414289559645e+03
6.382165605095541316e+00 -1.026769605764333846e+03
6.385350318471337161e+00 -1.032334616196428442e+03
6.388535031847133894e+00 -1.037937398192543242e+03
6.391719745222930626e+00 -1.043502408624639202e+03
6.394904458598725583e+00 -1.049105190620753547e+03
6.398089171974522316e+00 -1.054670201052850189e+03
6.401273885350318160e+00 -1.060272983048964306e+03
6.404458598726114893e+00 -1.065850584002399501e+03
6.407643312101911626e+00 -1.071440775477174611e+03
6.410828025477706582e+00 -1.077018376430609578e+03
6.414012738853502427e+00 -1.082608567905384007e+03
6.417197452229299159e+00 -1.088173578337479739e+03
6.420382165605095892e+00 -1.093776360333593402e+03
6.423566878980892625e+00 -1.099341370765690499e+03
6.426751592356687581e+00 -1.104944152761804162e+03
6.429936305732483426e+00 -1.110521753715239356e+03
6.433121019108280159e+00 -1.116124535711354383e+03
6.436305732484076891e+00 -1.121689546143450116e+03
6.439490445859872736e+00 -1.127279737618224317e+03
6.442675159235668580e+00 -1.132857338571660875e+03
6.445859872611464425e+00 -1.138447530046433940e+03
6.449044585987261158e+00 -1.144025130999868907e+03
6.452229299363057891e+00 -1.149615322474644472e+03
6.455414012738853735e+00 -1.155180332906740659e+03
6.458598726114648692e+00 -1.160783114902854777e+03
6.461783439490445424e+00 -1.166360715856290653e+03
6.464968152866242157e+00 -1.171963497852404316e+03
6.468152866242038002e+00 -1.177528508284500731e+03
6.471337579617834734e+00 -1.183118699759274477e+03
6.474522292993629691e+00 -1.188696300712709444e+03
6.477707006369426423e+00 -1.194286492187485237e+03
6.480891719745223156e+00 -1.199864093140920431e+03
6.484076433121019001e+00 -1.205454284615695542e+03
6.487261146496815734e+00 -1.211019295047791275e+03
6.490445859872610690e+00 -1.216622077043906302e+03
6.493630573248407423e+00 -1.222199677997341269e+03
6.496815286624204155e+00 -1.227802459993455614e+03
6.500000000000000000e+00 -1.233367470425552256e+03
6.503184713375796733e+00 -1.238957661900325547e+03
6.506369426751591689e+00 -1.244535262853760742e+03
6.509554140127388422e+00 -1.250125454328535852e+03
6.512738853503184266e+00 -1.255703055281970364e+03
6.515923566878980999e+00 -1.262476755762666016e+03
6.519108280254777732e+00 -1.269376361456759014e+03
6.522292993630572688e+00 -1.276288557672188972e+03
6.525477707006369421e+00 -1.283213344408959983e+03
6.528662420382165266e+00 -1.290112950103051389e+03
6.531847133757961998e+00 -1.296999965275803788e+03
6.535031847133758731e+00 -1.303912161491234201e+03
6.538216560509553688e+00 -1.310811767185325834e+03
6.541401273885350420e+00 -1.317736553922097301e+03
6.544585987261146265e+00 -1.324636159616187342e+03
6.547770700636942998e+00 -1.331523174788939741e+03
6.550955414012739730e+00 -1.338435371004371973e+03
6.554140127388534687e+00 -1.345334976698462697e+03
6.557324840764330531e+00 -1.352259763435232117e+03
6.560509554140127264e+00 -1.359146778607984970e+03
6.563694267515923997e+00 -1.366058974823416520e+03
6.566878980891719841e+00 -1.372958580517507244e+03
6.570063694267515686e+00 -1.379858186211599332e+03
6.573248407643311531e+00 -1.386782972948370571e+03
6.576433121019108263e+00 -1.393682578642461067e+03
6.579617834394904996e+00 -1.400582184336552700e+03
6.582802547770700841e+00 -1.407481790030645698e+03
6.585987261146495797e+00 -1.414381395724735739e+03
6.589171974522292530e+00 -1.421318772982846440e+03
6.592356687898089262e+00 -1.428205788155597247e+03
6.595541401273885995e+00 -1.435105393849689335e+03
6.598726114649681840e+00 -1.442004999543780741e+03
6.601910828025476796e+00 -1.448904605237873056e+03
6.605095541401273529e+00 -1.455841982495982393e+03
6.608280254777070262e+00 -1.462728997668734792e+03
6.611464968152866106e+00 -1.469628603362826198e+03
6.614649681528662839e+00 -1.476528209056917603e+03
6.617834394904457795e+00 -1.483440405272348016e+03
6.621019108280254528e+00 -1.490352601487779339e+03
6.624203821656051261e+00 -1.497252207181870290e+03
6.627388535031847105e+00 -1.504151812875962605e+03
6.630573248407643838e+00 -1.511064009091393928e+03
6.633757961783438795e+00 -1.517963614785484879e+03
6.636942675159235527e+00 -1.524850629958236823e+03
6.640127388535031372e+00 -1.531775416695008516e+03
6.643312101910828105e+00 -1.538675022389098558e+03
6.646496815286624837e+00 -1.545587218604530790e+03
6.649681528662419794e+00 -1.552474233777282279e+03
6.652866242038216527e+00 -1.559373839471373685e+03
6.656050955414012371e+00 -1.566298626208143105e+03
6.659235668789809104e+00 -1.573210822423576019e+03
6.662420382165605837e+00 -1.580110428117666743e+03
6.665605095541400793e+00 -1.586997443290417777e+03
6.668789808917196638e+00 -1.593897048984510548e+03
6.671974522292993370e+00 -1.600834426242619884e+03
6.675159235668790103e+00 -1.607734031936711290e+03
6.678343949044586836e+00 -1.614633637630804287e+03
6.681528662420381792e+00 -1.621520652803556004e+03
6.684713375796177637e+00 -1.628420258497646500e+03
6.687898089171974370e+00 -1.635357635755756974e+03
6.691082802547771102e+00 -1.642257241449849062e+03
6.694267515923566947e+00 -1.649144256622600551e+03
6.697452229299362791e+00 -1.656043862316691502e+03
6.700636942675158636e+00 -1.662956058532122142e+03
6.703821656050955369e+00 -1.669880845268893836e+03
6.707006369426752102e+00 -1.676780450962985014e+03
6.710191082802547946e+00 -1.683667466135737186e+03
6.713375796178342902e+00 -1.690579662351168054e+03
6.716560509554139635e+00 -1.697479268045259687e+03
6.719745222929936368e+00 -1.704404054782029561e+03
6.722929936305732213e+00 -1.711291069954781051e+03
6.726114649681528945e+00 -1.718203266170214192e+03
6.729299363057323902e+00 -1.725102871864304234e+03
6.732484076433120634e+00 -1.732002477558395640e+03
6.735668789808917367e+00 -1.738927264295167333e+03
6.738853503184713212e+00 -1.745814279467919732e+03
6.742038216560509944e+00 -1.752726475683350372e+03
6.745222929936304901e+00 -1.759626081377442006e+03
6.748407643312101634e+00 -1.766525687071533412e+03
6.751592356687898366e+00 -1.773437883286963370e+03
6.754777070063694211e+00 -1.780350079502394692e+03
6.757961783439490944e+00 -1.787249685196487007e+03
6.761146496815285900e+00 -1.794149290890577959e+03
6.764331210191082633e+00 -1.801048896584669365e+03
6.767515923566878477e+00 -1.807973683321439694e+03
6.770700636942675210e+00 -1.814873289015531100e+03
6.773885350318471943e+00 -1.821772894709623870e+03
6.777070063694266899e+00 -1.828672500403713912e+03
6.780254777070063632e+00 -1.835559515576466765e+03
6.783439490445859477e+00 -1.842471711791897178e+03
6.786624203821656209e+00 -1.849396498528667962e+03
6.789808917197452942e+00 -1.856296104222760277e+03
6.792993630573247898e+00 -1.863183119395510857e+03
6.796178343949044631e+00 -1.870095315610943089e+03
6.799363057324840476e+00 -1.876994921305033131e+03
6.802547770700637209e+00 -1.883919708041804597e+03
6.805732484076433941e+00 -1.890819313735896230e+03
6.808917197452228898e+00 -1.897718919429987182e+03
6.812101910828024742e+00 -1.904618525124079724e+03
6.815286624203821475e+00 -1.911518130818170903e+03
6.818471337579618208e+00 -1.918442917554940777e+03
6.821656050955414052e+00 -1.925329932727692949e+03
6.824840764331209897e+00 -1.932242128943125181e+03
6.828025477707005741e+00 -1.939141734637215222e+03
6.831210191082802474e+00 -1.946041340331306174e+03
6.834394904458599207e+00 -1.952953536546737723e+03
6.837579617834395052e+00 -1.959865732762169955e+03
6.840764331210190008e+00 -1.966765338456260906e+03
6.843949044585986741e+00 -1.973664944150353676e+03
6.847133757961783473e+00 -1.980564549844444628e+03
6.850318471337580206e+00 -1.987489336581215184e+03
6.853503184713376051e+00 -1.994388942275305908e+03
6.856687898089171007e+00 -2.001288547969397314e+03
6.859872611464967740e+00 -2.008188153663488720e+03
6.863057324840764473e+00 -2.015075168836240209e+03
6.866242038216560317e+00 -2.022012546094350455e+03
6.869426751592357050e+00 -2.028912151788443452e+03
6.872611464968152006e+00 -2.035811757482534176e+03
6.875796178343948739e+00 -2.042698772655285666e+03
6.878980891719745472e+00 -2.049610968870716533e+03
6.882165605095541316e+00 -2.056535755607488227e+03
6.885350318471338049e+00 -2.063435361301578723e+03
6.888535031847134782e+00 -2.070322376474330667e+03
6.891719745222929738e+00 -2.077234572689762899e+03
6.894904458598725583e+00 -2.084134178383853396e+03
6.898089171974522316e+00 -2.091058965120624180e+03
6.901273885350319048e+00 -2.097958570814716040e+03
6.904458598726115781e+00 -2.104845585987467985e+03
6.907643312101910738e+00 -2.111757782202898852e+03
6.910828025477706582e+00 -2.118657387896990258e+03
6.914012738853503315e+00 -2.125582174633761042e+03
6.917197452229300048e+00 -2.132469189806512077e+03
6.920382165605095892e+00 -2.139381386021943399e+03
6.923566878980890849e+00 -2.146280991716036624e+03
6.926751592356687581e+00 -2.153180597410126211e+03
6.929936305732484314e+00 -2.160092793625558443e+03
6.933121019108281047e+00 -2.167004989840987946e+03
6.936305732484076891e+00 -2.173904595535080261e+03
6.939490445859871848e+00 -2.180804201229172122e+03
6.942675159235668580e+00 -2.187691216401923157e+03
6.945859872611465313e+00 -2.194628593660034767e+03
6.949044585987261158e+00 -2.201528199354125718e+03
6.952229299363057891e+00 -2.208427805048217124e+03
6.955414012738852847e+00 -2.215314820220967704e+03
6.958598726114649580e+00 -2.222214425915060929e+03
6.961783439490446312e+00 -2.229151803173170265e+03
6.964968152866242157e+00 -2.236051408867260761e+03
6.968152866242038890e+00 -2.242951014561353986e+03
6.971337579617833846e+00 -2.249838029734105930e+03
6.974522292993630579e+00 -2.256750225949535889e+03
6.977707006369426423e+00 -2.263675012686308492e+03
6.980891719745223156e+00 -2.270574618380398988e+03
6.984076433121019889e+00 -2.277461633553150023e+03
6.987261146496814845e+00 -2.284373829768582254e+03
6.990445859872611578e+00 -2.291273435462673660e+03
6.993630573248407423e+00 -2.298198222199443990e+03
6.996815286624204155e+00 -2.305085237372195479e+03
7.000000000000000888e+00 -2.311984843066286885e+03
7.003184713375795845e+00 -2.318897039281718207e+03
7.006369426751592577e+00 -2.325796644975809613e+03
7.009554140127388422e+00 -2.332708841191240481e+03
7.012738853503185155e+00 -2.339608446885332341e+03
7.015923566878981887e+00 -2.346520643100764573e+03
7.019108280254776844e+00 -2.353420248794854160e+03
7.022292993630572688e+00 -2.360307263967605650e+03
7.025477707006369421e+00 -2.367206869661698875e+03
7.028662420382166154e+00 -2.374144246919808211e+03
7.031847133757961998e+00 -2.381043852613899162e+03
7.035031847133757843e+00 -2.387930867786652925e+03
7.038216560509553688e+00 -2.394830473480744331e+03
7.041401273885350420e+00 -2.401730079174833918e+03
7.044585987261147153e+00 -2.408667456432945073e+03
7.047770700636942998e+00 -2.415554471605697472e+03
7.050955414012738842e+00 -2.422454077299788423e+03
7.054140127388534687e+00 -2.429353682993878920e+03
7.057324840764331420e+00 -2.436265879209311606e+03
7.060509554140128152e+00 -2.443178075424742019e+03
7.063694267515923997e+00 -2.450077681118833425e+03
7.066878980891718953e+00 -2.456977286812924831e+03
7.070063694267515686e+00 -2.463889483028355698e+03
7.073248407643312419e+00 -2.470776498201107643e+03
7.076433121019108263e+00 -2.477701284937877972e+03
7.079617834394904996e+00 -2.484600890631970742e+03
7.082802547770699952e+00 -2.491500496326062148e+03
7.085987261146496685e+00 -2.498400102020153554e+03
7.089171974522293418e+00 -2.505299707714244050e+03
7.092356687898089262e+00 -2.512224494451015744e+03
7.095541401273885995e+00 -2.519124100145107150e+03
7.098726114649680952e+00 -2.526023705839197646e+03
7.101910828025477684e+00 -2.532923311533289962e+03
7.105095541401274417e+00 -2.539822917227381367e+03
7.108280254777070262e+00 -2.546747703964151697e+03
7.111464968152866994e+00 -2.553647309658243103e+03
7.114649681528661951e+00 -2.560546915352336327e+03
7.117834394904458684e+00 -2.567446521046425914e+03
7.121019108280254528e+00 -2.574346126740516866e+03
7.124203821656051261e+00 -2.581258322955948643e+03
7.127388535031847994e+00 -2.588170519171379965e+03
7.130573248407642950e+00 -2.595070124865471371e+03
7.133757961783439683e+00 -2.601969730559563686e+03
7.136942675159235527e+00 -2.608856745732316085e+03
7.140127388535032260e+00 -2.615794122990425421e+03
7.143312101910828993e+00 -2.622693728684516827e+03
7.146496815286623949e+00 -2.629593334378608233e+03
7.149681528662419794e+00 -2.636480349551359723e+03
7.152866242038216527e+00 -2.643392545766791045e+03
7.156050955414013259e+00 -2.650317332503560465e+03
7.159235668789809992e+00 -2.657216938197653690e+03
7.162420382165604948e+00 -2.664103953370405634e+03
7.165605095541400793e+00 -2.671003559064496585e+03
7.168789808917197526e+00 -2.677915755279927453e+03
7.171974522292994259e+00 -2.684840542016698691e+03
7.175159235668790103e+00 -2.691727557189449726e+03
7.178343949044585059e+00 -2.698627162883541132e+03
7.181528662420381792e+00 -2.705539359098973364e+03
7.184713375796178525e+00 -2.712426374271725308e+03
7.187898089171975258e+00 -2.719351161008494273e+03
7.191082802547771102e+00 -2.726250766702587498e+03
7.194267515923566059e+00 -2.733162962918017911e+03
7.197452229299362791e+00 -2.740049978090769400e+03
7.200636942675159524e+00 -2.746949583784860351e+03
7.203821656050955369e+00 -2.753874370521632045e+03
7.207006369426752102e+00 -2.760773976215723451e+03
7.210191082802547058e+00 -2.767673581909814857e+03
7.213375796178343791e+00 -2.774573187603905808e+03
7.216560509554140523e+00 -2.781472793297997669e+03
7.219745222929936368e+00 -2.788397580034767998e+03
7.222929936305733101e+00 -2.795297185728859404e+03
7.226114649681528057e+00 -2.802196791422952629e+03
7.229299363057324790e+00 -2.809096397117042216e+03
7.232484076433120634e+00 -2.815996002811133621e+03
7.235668789808917367e+00 -2.822920789547903951e+03
7.238853503184714100e+00 -2.829820395241997176e+03
7.242038216560509056e+00 -2.836720000936088582e+03
7.245222929936305789e+00 -2.843619606630178623e+03
7.248407643312101634e+00 -2.850506621802932386e+03
7.251592356687898366e+00 -2.857443999061041723e+03
7.254777070063695099e+00 -2.864343604755132674e+03
7.257961783439490056e+00 -2.871230619927885527e+03
7.261146496815286788e+00 -2.878130225621976933e+03
7.264331210191082633e+00 -2.885042421837407346e+03
7.267515923566879366e+00 -2.891967208574177675e+03
7.270700636942676098e+00 -2.898854223746930074e+03
7.273885350318471055e+00 -2.905753829441021480e+03
7.277070063694266899e+00 -2.912666025656452348e+03
7.280254777070063632e+00 -2.919565631350543754e+03
7.283439490445860365e+00 -2.926477827565975531e+03
7.286624203821656209e+00 -2.933377433260066937e+03
7.289808917197452054e+00 -2.940277038954158343e+03
7.292993630573247898e+00 -2.947189235169589665e+03
7.296178343949044631e+00 -2.954076250342342064e+03
7.299363057324841364e+00 -2.961001037079112393e+03
7.302547770700637209e+00 -2.967900642773202435e+03
7.305732484076433053e+00 -2.974800248467296569e+03
7.308917197452228898e+00 -2.981699854161386611e+03
7.312101910828025630e+00 -2.988599459855477562e+03
7.315286624203822363e+00 -2.995524246592249256e+03
7.318471337579618208e+00 -3.002411261765001200e+03
7.321656050955413164e+00 -3.009323457980431158e+03
7.324840764331209897e+00 -3.016223063674522564e+03
7.328025477707006630e+00 -3.023122669368615789e+03
7.331210191082802474e+00 -3.030034865584044837e+03
7.334394904458599207e+00 -3.036947061799477524e+03
7.337579617834394163e+00 -3.043846667493567111e+03
7.340764331210190896e+00 -3.050746273187659426e+03
7.343949044585987629e+00 -3.057633288360411825e+03
7.347133757961783473e+00 -3.064570665618521161e+03
7.350318471337580206e+00 -3.071470271312613477e+03
7.353503184713375163e+00 -3.078357286485365876e+03
7.356687898089171895e+00 -3.085256892179457282e+03
7.359872611464968628e+00 -3.092156497873547323e+03
7.363057324840764473e+00 -3.099093875131658024e+03
7.366242038216561205e+00 -3.105980890304410423e+03
7.369426751592356162e+00 -3.112880495998501829e+03
7.372611464968152895e+00 -3.119780101692593689e+03
7.375796178343948739e+00 -3.126692297908025012e+03
7.378980891719745472e+00 -3.133604494123454970e+03
7.382165605095542205e+00 -3.140504099817546376e+03
7.385350318471337161e+00 -3.147403705511639600e+03
7.388535031847133894e+00 -3.154303311205729187e+03
7.391719745222929738e+00 -3.161202916899820593e+03
7.394904458598726471e+00 -3.168127703636590923e+03
7.398089171974523204e+00 -3.175027309330683693e+03
7.401273885350318160e+00 -3.181914324503436092e+03
7.404458598726114005e+00 -3.188826520718866050e+03
7.407643312101910738e+00 -3.195726126412958365e+03
7.410828025477707470e+00 -3.202650913149728694e+03
7.414012738853504203e+00 -3.209537928322480184e+03
7.417197452229299159e+00 -3.216450124537910597e+03
7.420382165605095004e+00 -3.223349730232002912e+03
7.423566878980891737e+00 -3.230236745404755311e+03
7.426751592356688469e+00 -3.237161532141525640e+03
7.429936305732484314e+00 -3.244073728356957417e+03
7.433121019108279270e+00 -3.250973334051048369e+03
7.436305732484076003e+00 -3.257860349223799858e+03
7.439490445859872736e+00 -3.264759954917890809e+03
7.442675159235669469e+00 -3.271684741654662503e+03
7.445859872611465313e+00 -3.278584347348753454e+03
7.449044585987260270e+00 -3.285483953042844405e+03
7.452229299363057002e+00 -3.292383558736936266e+03
7.455414012738853735e+00 -3.299283164431029036e+03
7.458598726114649580e+00 -3.306207951167799365e+03
7.461783439490446312e+00 -3.313107556861890771e+03
7.464968152866241269e+00 -3.320007162555982177e+03
7.468152866242038002e+00 -3.326894177728733666e+03
7.471337579617834734e+00 -3.333806373944164989e+03
7.474522292993630579e+00 -3.340731160680934408e+03
7.477707006369427312e+00 -3.347630766375027633e+03
7.480891719745222268e+00 -3.354517781547779123e+03
7.484076433121019001e+00 -3.361417387241870529e+03
7.487261146496814845e+00 -3.368329583457300942e+03
7.490445859872611578e+00 -3.375254370194072635e+03
7.493630573248408311e+00 -3.382141385366823670e+03
7.496815286624203267e+00 -3.389040991060914166e+03
7.500000000000000000e+00 -3.395953187276347307e+03
7.503184713375795845e+00 -3.402840202449098797e+03
7.506369426751592577e+00 -3.409764989185868217e+03
7.509554140127389310e+00 -3.416664594879960532e+03
7.512738853503184266e+00 -3.423576791095391854e+03
7.515923566878980999e+00 -3.430463806268142434e+03
7.519108280254776844e+00 -3.437363411962234295e+03
7.522292993630573577e+00 -3.444288198699005534e+03
7.525477707006370309e+00 -3.451175213871757478e+03
7.528662420382165266e+00 -3.458087410087187891e+03
7.531847133757961110e+00 -3.464987015781279297e+03
7.535031847133757843e+00 -3.471886621475371612e+03
7.538216560509554576e+00 -3.478798817690802935e+03
7.541401273885350420e+00 -3.485711013906232893e+03
7.544585987261146265e+00 -3.492610619600324753e+03
7.547770700636942109e+00 -3.499497634773077152e+03
7.550955414012738842e+00 -3.506397240467168558e+03
7.554140127388535575e+00 -3.513322027203938433e+03
7.557324840764331420e+00 -3.520234223419370664e+03
7.560509554140127264e+00 -3.527121238592121699e+03
7.563694267515923109e+00 -3.534020844286213105e+03
7.566878980891719841e+00 -3.540920449980305875e+03
7.570063694267516574e+00 -3.547845236717075750e+03
7.573248407643312419e+00 -3.554744842411167156e+03
7.576433121019107375e+00 -3.561644448105257197e+03
7.579617834394904108e+00 -3.568544053799350877e+03
7.582802547770700841e+00 -3.575443659493441373e+03
7.585987261146496685e+00 -3.582368446230212157e+03
7.589171974522293418e+00 -3.589268051924304018e+03
7.592356687898088374e+00 -3.596155067097055507e+03
7.595541401273885107e+00 -3.603054672791146459e+03
7.598726114649681840e+00 -3.609966869006578236e+03
7.601910828025477684e+00 -3.616879065222007739e+03
7.605095541401274417e+00 -3.623778670916101873e+03
7.608280254777069374e+00 -3.630678276610192370e+03
7.611464968152866106e+00 -3.637590472825622783e+03
7.614649681528662839e+00 -3.644477487998376091e+03
7.617834394904458684e+00 -3.651402274735146420e+03
7.621019108280255416e+00 -3.658301880429236917e+03
7.624203821656050373e+00 -3.665201486123328323e+03
7.627388535031847105e+00 -3.672101091817421093e+03
7.630573248407642950e+00 -3.679000697511512044e+03
7.633757961783439683e+00 -3.685925484248281464e+03
7.636942675159236416e+00 -3.692812499421033863e+03
7.640127388535031372e+00 -3.699724695636466095e+03
7.643312101910828105e+00 -3.706624301330557500e+03
7.646496815286623949e+00 -3.713511316503309445e+03
7.649681528662420682e+00 -3.720436103240079319e+03
7.652866242038217415e+00 -3.727348299455509732e+03
7.656050955414012371e+00 -3.734247905149601593e+03
7.659235668789808216e+00 -3.741134920322353082e+03
7.662420382165604948e+00 -3.748059707059124321e+03
7.665605095541401681e+00 -3.754971903274556098e+03
7.668789808917198414e+00 -3.761858918447307587e+03
7.671974522292993370e+00 -3.768758524141398993e+03
7.675159235668789215e+00 -3.775658129835491764e+03
7.678343949044585948e+00 -3.782570326050921267e+03
7.681528662420382680e+00 -3.789482522266352134e+03
7.684713375796178525e+00 -3.796382127960444450e+03
7.687898089171973481e+00 -3.803281733654534946e+03
7.691082802547770214e+00 -3.810168748827286436e+03
7.694267515923566947e+00 -3.817106126085396681e+03
7.697452229299363680e+00 -3.824005731779489452e+03
7.700636942675159524e+00 -3.830892746952241851e+03
7.703821656050954481e+00 -3.837792352646331892e+03
7.707006369426751213e+00 -3.844691958340424208e+03
7.710191082802547946e+00 -3.851616745077194537e+03
7.713375796178343791e+00 -3.858516350771285943e+03
7.716560509554140523e+00 -3.865415956465377349e+03
7.719745222929935480e+00 -3.872315562159469209e+03
7.722929936305732213e+00 -3.879215167853561070e+03
7.726114649681528945e+00 -3.886139954590330944e+03
7.729299363057324790e+00 -3.893039560284423260e+03
7.732484076433121523e+00 -3.899926575457176114e+03
7.735668789808916479e+00 -3.906838771672605162e+03
7.738853503184713212e+00 -3.913738377366697023e+03
7.742038216560509056e+00 -3.920650573582127436e+03
7.745222929936305789e+00 -3.927550179276220661e+03
7.748407643312102522e+00 -3.934449784970310247e+03
7.751592356687897478e+00 -3.941361981185741570e+03
7.754777070063694211e+00 -3.948248996358494878e+03
7.757961783439490056e+00 -3.955173783095264298e+03
7.761146496815286788e+00 -3.962073388789355704e+03
7.764331210191083521e+00 -3.968972994483447110e+03
7.767515923566878477e+00 -3.975872600177539425e+03
7.770700636942675210e+00 -3.982772205871631286e+03
7.773885350318471055e+00 -3.989684402087062153e+03
7.777070063694267787e+00 -3.996596598302494385e+03
7.780254777070064520e+00 -4.003496203996585336e+03
7.783439490445859477e+00 -4.010383219169336371e+03
7.786624203821655321e+00 -4.017282824863426868e+03
7.789808917197452054e+00 -4.024207611600199016e+03
7.792993630573248787e+00 -4.031119807815629883e+03
7.796178343949044631e+00 -4.038006822988381828e+03
7.799363057324840476e+00 -4.044906428682472779e+03
7.802547770700636320e+00 -4.051806034376566004e+03
7.805732484076433053e+00 -4.058730821113334059e+03
7.808917197452229786e+00 -4.065630426807427284e+03
7.812101910828025630e+00 -4.072530032501518690e+03
7.815286624203821475e+00 -4.079417047674270179e+03
7.818471337579617320e+00 -4.086316653368361131e+03
7.821656050955414052e+00 -4.093254030626470922e+03
7.824840764331210785e+00 -4.100153636320563237e+03
7.828025477707006630e+00 -4.107040651493314726e+03
7.831210191082801586e+00 -4.113940257187407042e+03
7.834394904458598319e+00 -4.120852453402837455e+03
7.837579617834395052e+00 -4.127764649618268777e+03
7.840764331210190896e+00 -4.134664255312360183e+03
7.843949044585987629e+00 -4.141563861006450679e+03
7.847133757961782585e+00 -4.148463466700542995e+03
7.850318471337579318e+00 -4.155363072394635310e+03
7.853503184713376051e+00 -4.162287859131403820e+03
7.856687898089171895e+00 -4.169174874304157129e+03
7.859872611464968628e+00 -4.176074479998249444e+03
7.863057324840763584e+00 -4.182986676213678948e+03
7.866242038216560317e+00 -4.189873691386431346e+03
7.869426751592357050e+00 -4.196798478123201676e+03
7.872611464968152895e+00 -4.203698083817293991e+03
7.875796178343949627e+00 -4.210610280032724404e+03
7.878980891719744584e+00 -4.217497295205476803e+03
7.882165605095541316e+00 -4.224396900899568209e+03
7.885350318471337161e+00 -4.231321687636338538e+03
7.888535031847133894e+00 -4.238208702809090937e+03
7.891719745222930626e+00 -4.245120899024521350e+03
7.894904458598725583e+00 -4.252020504718612756e+03
7.898089171974522316e+00 -4.258932700934044988e+03
7.901273885350318160e+00 -4.265832306628135484e+03
7.904458598726114893e+00 -4.272744502843566806e+03
7.907643312101911626e+00 -4.279631518016320115e+03
7.910828025477706582e+00 -4.286531123710410611e+03
7.914012738853502427e+00 -4.293455910447180031e+03
7.917197452229299159e+00 -4.300355516141272346e+03
7.920382165605095892e+00 -4.307255121835363752e+03
7.923566878980892625e+00 -4.314154727529456068e+03
7.926751592356687581e+00 -4.321054333223546564e+03
7.929936305732483426e+00 -4.327966529438978796e+03
7.933121019108280159e+00 -4.334878725654409209e+03
7.936305732484076891e+00 -4.341778331348500615e+03
7.939490445859872736e+00 -4.348665346521251195e+03
7.942675159235667692e+00 -4.355564952215343510e+03
7.945859872611464425e+00 -4.362502329473454665e+03
7.949044585987261158e+00 -4.369389344646206155e+03
7.952229299363057891e+00 -4.376288950340297561e+03
7.955414012738853735e+00 -4.383188556034389876e+03
7.958598726114648692e+00 -4.390075571207141365e+03
7.961783439490445424e+00 -4.397012948465251611e+03
7.964968152866242157e+00 -4.403912554159343927e+03
7.968152866242038002e+00 -4.410799569332093597e+03
7.971337579617834734e+00 -4.417699175026186822e+03
7.974522292993629691e+00 -4.424611371241617235e+03
7.977707006369426423e+00 -4.431523567457048557e+03
7.980891719745223156e+00 -4.438423173151139054e+03
7.984076433121019001e+00 -4.445322778845231369e+03
7.987261146496815734e+00 -4.452222384539321865e+03
7.990445859872610690e+00 -4.459121990233414181e+03
7.993630573248407423e+00 -4.466046776970184510e+03
7.996815286624203267e+00 -4.472933792142935999e+03
8.000000000000000000e+00 -4.479833397837027405e+03
8.003184713375796733e+00 -4.486745594052459637e+03
8.006369426751591689e+00 -4.493645199746550134e+03
8.009554140127388422e+00 -4.500557395961982365e+03
8.012738853503185155e+00 -4.507457001656073771e+03
8.015923566878981887e+00 -4.514369197871504184e+03
8.019108280254776844e+00 -4.521256213044256583e+03
8.022292993630571800e+00 -4.528155818738347079e+03
8.025477707006368533e+00 -4.535080605475119228e+03
8.028662420382165266e+00 -4.541980211169209724e+03
8.031847133757961998e+00 -4.548879816863302040e+03
8.035031847133758731e+00 -4.555779422557394355e+03
8.038216560509553688e+00 -4.562666437730145844e+03
8.041401273885350420e+00 -4.569591224466916174e+03
8.044585987261147153e+00 -4.576503420682345677e+03
8.047770700636942109e+00 -4.583390435855097166e+03
8.050955414012738842e+00 -4.590290041549191301e+03
8.054140127388533799e+00 -4.597214828285959811e+03
8.057324840764330531e+00 -4.604114433980052127e+03
8.060509554140127264e+00 -4.611014039674144442e+03
8.063694267515923997e+00 -4.617913645368235848e+03
8.066878980891720730e+00 -4.624800660540986428e+03
8.070063694267515686e+00 -4.631725447277757667e+03
8.073248407643312419e+00 -4.638637643493188079e+03
8.076433121019107375e+00 -4.645524658665939569e+03
8.079617834394904108e+00 -4.652424264360030975e+03
8.082802547770700841e+00 -4.659323870054124200e+03
8.085987261146495797e+00 -4.666248656790894529e+03
8.089171974522292530e+00 -4.673148262484986844e+03
8.092356687898089262e+00 -4.680047868179077341e+03
8.095541401273885995e+00 -4.686934883351828830e+03
8.098726114649682728e+00 -4.693847079567261972e+03
8.101910828025477684e+00 -4.700771866304030482e+03
8.105095541401272641e+00 -4.707658881476781971e+03
8.108280254777069374e+00 -4.714558487170874287e+03
8.111464968152866106e+00 -4.721458092864965693e+03
8.114649681528662839e+00 -4.728357698559057098e+03
8.117834394904457795e+00 -4.735282485295827428e+03
8.121019108280254528e+00 -4.742182090989919743e+03
8.124203821656051261e+00 -4.749069106162671233e+03
8.127388535031847994e+00 -4.755981302378102555e+03
8.130573248407642950e+00 -4.762880908072194870e+03
8.133757961783439683e+00 -4.769793104287625283e+03
8.136942675159234639e+00 -4.776692709981716689e+03
8.140127388535031372e+00 -4.783592315675807185e+03
8.143312101910828105e+00 -4.790491921369898591e+03
8.146496815286624837e+00 -4.797391527063990907e+03
8.149681528662421570e+00 -4.804316313800762146e+03
8.152866242038216527e+00 -4.811203328973513635e+03
8.156050955414013259e+00 -4.818115525188944957e+03
8.159235668789808216e+00 -4.825015130883035454e+03
8.162420382165604948e+00 -4.831902146055786943e+03
8.165605095541401681e+00 -4.838826932792558182e+03
8.168789808917196638e+00 -4.845739129007990414e+03
8.171974522292993370e+00 -4.852626144180740084e+03
8.175159235668790103e+00 -4.859525749874832400e+03
8.178343949044586836e+00 -4.866450536611603638e+03
8.181528662420383569e+00 -4.873337551784356037e+03
8.184713375796178525e+00 -4.880249747999787360e+03
8.187898089171973481e+00 -4.887149353693876947e+03
8.191082802547770214e+00 -4.894036368866629346e+03
8.194267515923566947e+00 -4.900961155603401494e+03
8.197452229299363680e+00 -4.907873351818830997e+03
8.200636942675158636e+00 -4.914760366991582487e+03
8.203821656050955369e+00 -4.921659972685674802e+03
8.207006369426752102e+00 -4.928559578379767117e+03
8.210191082802548834e+00 -4.935471774595196621e+03
8.213375796178343791e+00 -4.942383970810627943e+03
8.216560509554140523e+00 -4.949283576504721168e+03
8.219745222929935480e+00 -4.956170591677472657e+03
8.222929936305732213e+00 -4.963070197371562244e+03
8.226114649681528945e+00 -4.970007574629675219e+03
8.229299363057325678e+00 -4.976894589802425799e+03
8.232484076433120634e+00 -4.983794195496517204e+03
8.235668789808917367e+00 -4.990693801190609520e+03
8.238853503184714100e+00 -4.997580816363361009e+03
8.242038216560509056e+00 -5.004518193621471255e+03
8.245222929936305789e+00 -5.011417799315562661e+03
8.248407643312100745e+00 -5.018304814488314150e+03
8.251592356687897478e+00 -5.025204420182404647e+03
8.254777070063694211e+00 -5.032116616397837788e+03
8.257961783439490944e+00 -5.039028812613267291e+03
8.261146496815287676e+00 -5.045928418307357788e+03
8.264331210191082633e+00 -5.052828024001451922e+03
8.267515923566879366e+00 -5.059727629695542419e+03
8.270700636942676098e+00 -5.066627235389633825e+03
8.273885350318471055e+00 -5.073552022126405063e+03
8.277070063694267787e+00 -5.080439037299156553e+03
8.280254777070062744e+00 -5.087338642993248868e+03
8.283439490445859477e+00 -5.094250839208679281e+03
8.286624203821656209e+00 -5.101137854381429861e+03
8.289808917197452942e+00 -5.108062641118201100e+03
8.292993630573249675e+00 -5.114962246812292506e+03
8.296178343949044631e+00 -5.121861852506384821e+03
8.299363057324841364e+00 -5.128761458200475317e+03
8.302547770700636320e+00 -5.135673654415907549e+03
8.305732484076433053e+00 -5.142573260109998955e+03
8.308917197452229786e+00 -5.149472865804089452e+03
8.312101910828024742e+00 -5.156372471498182676e+03
8.315286624203821475e+00 -5.163272077192272263e+03
8.318471337579618208e+00 -5.170196863929042593e+03
8.321656050955414941e+00 -5.177083879101794082e+03
8.324840764331211673e+00 -5.183996075317227223e+03
8.328025477707006630e+00 -5.190895681011318629e+03
8.331210191082801586e+00 -5.197782696184069209e+03
8.334394904458598319e+00 -5.204707482920839539e+03
8.337579617834395052e+00 -5.211619679136271770e+03
8.340764331210191784e+00 -5.218506694309024169e+03
8.343949044585986741e+00 -5.225406300003114666e+03
8.347133757961783473e+00 -5.232305905697206981e+03
8.350318471337580206e+00 -5.239218101912638303e+03
8.353503184713376939e+00 -5.246130298128068716e+03
8.356687898089171895e+00 -5.253029903822160122e+03
8.359872611464966852e+00 -5.259916918994911612e+03
8.363057324840763584e+00 -5.266816524689003927e+03
8.366242038216560317e+00 -5.273753901947113263e+03
8.369426751592357050e+00 -5.280640917119865662e+03
8.372611464968153783e+00 -5.287540522813957068e+03
8.375796178343948739e+00 -5.294427537986709467e+03
8.378980891719745472e+00 -5.301327143680800873e+03
8.382165605095542205e+00 -5.308264520938910209e+03
8.385350318471337161e+00 -5.315151536111661699e+03
8.388535031847133894e+00 -5.322051141805754014e+03
8.391719745222928850e+00 -5.328950747499845420e+03
8.394904458598725583e+00 -5.335875534236615749e+03
8.398089171974522316e+00 -5.342775139930708974e+03
8.401273885350319048e+00 -5.349674745624799471e+03
8.404458598726115781e+00 -5.356561760797550960e+03
8.407643312101910738e+00 -5.363461366491642366e+03
8.410828025477707470e+00 -5.370398743749752612e+03
8.414012738853502427e+00 -5.377285758922505011e+03
8.417197452229299159e+00 -5.384185364616595507e+03
8.420382165605095892e+00 -5.391084970310688732e+03
8.423566878980890849e+00 -5.397984576004779228e+03
8.426751592356687581e+00 -5.404909362741549558e+03
8.429936305732484314e+00 -5.411796377914302866e+03
8.433121019108281047e+00 -5.418695983608393362e+03
8.436305732484077780e+00 -5.425608179823824685e+03
8.439490445859872736e+00 -5.432495194996576174e+03
8.442675159235669469e+00 -5.439419981733345594e+03
8.445859872611464425e+00 -5.446319587427438819e+03
8.449044585987261158e+00 -5.453206602600190308e+03
8.452229299363057891e+00 -5.460118798815620721e+03
8.455414012738852847e+00 -5.467018404509713037e+03
8.458598726114649580e+00 -5.473930600725145268e+03
8.461783439490446312e+00 -5.480830206419234855e+03
8.464968152866243045e+00 -5.487742402634665268e+03
8.468152866242038002e+00 -5.494629417807417667e+03
8.471337579617834734e+00 -5.501529023501509982e+03
8.474522292993629691e+00 -5.508441219716940395e+03
8.477707006369426423e+00 -5.515340825411032711e+03
8.480891719745223156e+00 -5.522253021626464033e+03
8.484076433121019889e+00 -5.529140036799216432e+03
8.487261146496814845e+00 -5.536064823535985852e+03
8.490445859872611578e+00 -5.542964429230076348e+03
8.493630573248408311e+00 -5.549864034924170483e+03
8.496815286624205044e+00 -5.556763640618260979e+03
8.500000000000000000e+00 -5.563663246312351475e+03
8.503184713375794956e+00 -5.570575442527782798e+03
8.506369426751591689e+00 -5.577475048221875113e+03
8.509554140127388422e+00 -5.584387244437305526e+03
8.512738853503185155e+00 -5.591274259610057925e+03
8.515923566878981887e+00 -5.598173865304148421e+03
8.519108280254776844e+00 -5.605086061519579744e+03
8.522292993630573577e+00 -5.611998257735011975e+03
8.525477707006370309e+00 -5.618897863429101562e+03
8.528662420382165266e+00 -5.625784878601853052e+03
8.531847133757961998e+00 -5.632684484295947186e+03
8.535031847133756955e+00 -5.639621861554056522e+03
8.538216560509553688e+00 -5.646508876726808012e+03
8.541401273885350420e+00 -5.653408482420900327e+03
8.544585987261147153e+00 -5.660308088114991733e+03
8.547770700636943886e+00 -5.667195103287742313e+03
8.550955414012738842e+00 -5.674132480545851649e+03
8.554140127388535575e+00 -5.681019495718604958e+03
8.557324840764330531e+00 -5.687919101412697273e+03
8.560509554140127264e+00 -5.694818707106787770e+03
8.563694267515923997e+00 -5.701718312800879175e+03
8.566878980891718953e+00 -5.708643099537650414e+03
8.570063694267515686e+00 -5.715542705231741820e+03
8.573248407643312419e+00 -5.722429720404492400e+03
8.576433121019109151e+00 -5.729329326098584716e+03
8.579617834394905884e+00 -5.736254112835356864e+03
8.582802547770700841e+00 -5.743153718529447360e+03
8.585987261146495797e+00 -5.750053324223537857e+03
8.589171974522292530e+00 -5.756940339396289346e+03
8.592356687898089262e+00 -5.763852535611722487e+03
8.595541401273885995e+00 -5.770777322348491907e+03
8.598726114649680952e+00 -5.777664337521244306e+03
8.601910828025477684e+00 -5.784563943215336622e+03
8.605095541401274417e+00 -5.791463548909427118e+03
8.608280254777071150e+00 -5.798363154603519433e+03
8.611464968152866106e+00 -5.805287941340289763e+03
8.614649681528661063e+00 -5.812174956513041252e+03
8.617834394904457795e+00 -5.819074562207132658e+03
8.621019108280254528e+00 -5.825986758422563071e+03
8.624203821656051261e+00 -5.832873773595315470e+03
8.627388535031847994e+00 -5.839798560332086709e+03
8.630573248407642950e+00 -5.846698166026178114e+03
8.633757961783439683e+00 -5.853597771720268611e+03
8.636942675159236416e+00 -5.860497377414360017e+03
8.640127388535031372e+00 -5.867384392587111506e+03
8.643312101910828105e+00 -5.874309179323883654e+03
8.646496815286623061e+00 -5.881208785017974151e+03
8.649681528662419794e+00 -5.888108390712066466e+03
8.652866242038216527e+00 -5.895007996406158782e+03
8.656050955414013259e+00 -5.901932783142929111e+03
8.659235668789809992e+00 -5.908819798315680600e+03
8.662420382165604948e+00 -5.915731994531111013e+03
8.665605095541401681e+00 -5.922619009703864322e+03
8.668789808917196638e+00 -5.929518615397954818e+03
8.671974522292993370e+00 -5.936443402134726057e+03
8.675159235668790103e+00 -5.943330417307477546e+03
8.678343949044585059e+00 -5.950242613522910688e+03
8.681528662420381792e+00 -5.957142219216999365e+03
8.684713375796178525e+00 -5.964029234389750854e+03
8.687898089171975258e+00 -5.970954021126522093e+03
8.691082802547771990e+00 -5.977853626820615318e+03
8.694267515923566947e+00 -5.984753232514705815e+03
8.697452229299361903e+00 -5.991652838208796311e+03
8.700636942675158636e+00 -5.998539853381548710e+03
8.703821656050955369e+00 -6.005464640118319949e+03
8.707006369426752102e+00 -6.012376836333751271e+03
8.710191082802547058e+00 -6.019263851506502760e+03
8.713375796178343791e+00 -6.026163457200595076e+03
8.716560509554140523e+00 -6.033050472373345656e+03
8.719745222929937256e+00 -6.039987849631455902e+03
8.722929936305732213e+00 -6.046887455325548217e+03
8.726114649681528945e+00 -6.053774470498297887e+03
8.729299363057323902e+00 -6.060674076192391112e+03
8.732484076433120634e+00 -6.067598862929160532e+03
8.735668789808917367e+00 -6.074498468623252847e+03
8.738853503184714100e+00 -6.081398074317345163e+03
8.742038216560509056e+00 -6.088285089490096652e+03
8.745222929936305789e+00 -6.095184695184188968e+03
8.748407643312102522e+00 -6.102122072442298304e+03
8.751592356687897478e+00 -6.109009087615049793e+03
8.754777070063694211e+00 -6.115908693309142109e+03
8.757961783439489167e+00 -6.122808299003232605e+03
8.761146496815285900e+00 -6.129707904697323102e+03
8.764331210191082633e+00 -6.136632691434095250e+03
8.767515923566879366e+00 -6.143519706606848558e+03
8.770700636942676098e+00 -6.150419312300938145e+03
8.773885350318471055e+00 -6.157318917995029551e+03
8.777070063694267787e+00 -6.164218523689122776e+03
8.780254777070064520e+00 -6.171143310425891286e+03
8.783439490445859477e+00 -6.178042916119982692e+03
8.786624203821656209e+00 -6.184929931292735091e+03
8.789808917197451166e+00 -6.191842127508166413e+03
8.792993630573247898e+00 -6.198729142680918812e+03
8.796178343949044631e+00 -6.205653929417689142e+03
8.799363057324841364e+00 -6.212553535111779638e+03
8.802547770700638097e+00 -6.219440550284532037e+03
8.805732484076433053e+00 -6.226352746499964269e+03
8.808917197452229786e+00 -6.233264942715394682e+03
8.812101910828024742e+00 -6.240164548409485178e+03
8.815286624203821475e+00 -6.247064154103578403e+03
8.818471337579618208e+00 -6.253963759797668899e+03
8.821656050955413164e+00 -6.260863365491761215e+03
8.824840764331209897e+00 -6.267788152228532454e+03
8.828025477707006630e+00 -6.274675167401283034e+03
8.831210191082803362e+00 -6.281574773095375349e+03
8.834394904458600095e+00 -6.288474378789465845e+03
8.837579617834395052e+00 -6.295373984483556342e+03
8.840764331210190008e+00 -6.302298771220329400e+03
8.843949044585986741e+00 -6.309185786393079979e+03
8.847133757961783473e+00 -6.316097982608511302e+03
8.850318471337580206e+00 -6.322984997781262791e+03
8.853503184713375163e+00 -6.329884603475355107e+03
8.856687898089171895e+00 -6.336809390212125436e+03
8.859872611464968628e+00 -6.343696405384876925e+03
8.863057324840765361e+00 -6.350608601600308248e+03
8.866242038216560317e+00 -6.357495616773059737e+03
8.869426751592355274e+00 -6.364420403509830066e+03
8.872611464968152006e+00 -6.371320009203922382e+03
8.875796178343948739e+00 -6.378219614898012878e+03
8.878980891719745472e+00 -6.385119220592107013e+03
8.882165605095542205e+00 -6.392018826286196600e+03
8.885350318471337161e+00 -6.398931022501627012e+03
8.888535031847133894e+00 -6.405843218717061063e+03
8.891719745222930626e+00 -6.412730233889811643e+03
8.894904458598725583e+00 -6.419629839583902140e+03
8.898089171974522316e+00 -6.426529445277992636e+03
8.901273885350317272e+00 -6.433441641493425777e+03
8.904458598726114005e+00 -6.440353837708855281e+03
8.907643312101910738e+00 -6.447240852881608589e+03
8.910828025477707470e+00 -6.454140458575699085e+03
8.914012738853504203e+00 -6.461040064269791401e+03
8.917197452229299159e+00 -6.467964851006561730e+03
8.920382165605095892e+00 -6.474864456700653136e+03
8.923566878980890849e+00 -6.481751471873403716e+03
8.926751592356687581e+00 -6.488651077567497850e+03
8.929936305732484314e+00 -6.495575864304268180e+03
8.933121019108279270e+00 -6.502475469998358676e+03
8.936305732484076003e+00 -6.509375075692449172e+03
8.939490445859872736e+00 -6.516262090865203390e+03
8.942675159235669469e+00 -6.523161696559292977e+03
8.945859872611466201e+00 -6.530099073817402314e+03
8.949044585987261158e+00 -6.536986088990155622e+03
8.952229299363057891e+00 -6.543885694684247937e+03
8.955414012738852847e+00 -6.550772709856999427e+03
8.958598726114649580e+00 -6.557672315551089923e+03
8.961783439490446312e+00 -6.564609692809199260e+03
8.964968152866241269e+00 -6.571496707981952568e+03
8.968152866242038002e+00 -6.578396313676043064e+03
8.971337579617834734e+00 -6.585283328848795463e+03
8.974522292993631467e+00 -6.592195525064225876e+03
8.977707006369426423e+00 -6.599120311800997115e+03
8.980891719745223156e+00 -6.606007326973749514e+03
8.984076433121018113e+00 -6.612906932667840010e+03
8.987261146496814845e+00 -6.619806538361933235e+03
8.990445859872611578e+00 -6.626731325098702655e+03
8.993630573248408311e+00 -6.633630930792794970e+03
8.996815286624203267e+00 -6.640517945965546460e+03
9.000000000000000000e+00 -6.647417551659636956e+03
9.003184713375796733e+00 -6.654329747875069188e+03
9.006369426751593465e+00 -6.661241944090500510e+03
9.009554140127388422e+00 -6.668141549784591916e+03
9.012738853503183378e+00 -6.675028564957341587e+03
9.015923566878980111e+00 -6.681928170651435721e+03
9.019108280254776844e+00 -6.688840366866866134e+03
9.022292993630573577e+00 -6.695752563082296547e+03
9.025477707006370309e+00 -6.702652168776390681e+03
9.028662420382165266e+00 -6.709514002906462338e+03
9.031847133757961998e+00 -6.716401018079213827e+03
9.035031847133758731e+00 -6.723401347944020927e+03
9.038216560509553688e+00 -6.730300953638112333e+03
9.041401273885350420e+00 -6.737175378289524815e+03
9.044585987261145377e+00 -6.744049802940937298e+03
9.047770700636942109e+00 -6.750936818113689696e+03
9.050955414012738842e+00 -6.757836423807781102e+03
9.054140127388535575e+00 -6.764836753672590021e+03
9.057324840764332308e+00 -6.771711178324002503e+03
9.060509554140127264e+00 -6.778598193496754902e+03
9.063694267515923997e+00 -6.785472618148166475e+03
9.066878980891718953e+00 -6.792372223842256062e+03
9.070063694267515686e+00 -6.799246648493669454e+03
9.073248407643312419e+00 -6.806121073145081027e+03
9.076433121019107375e+00 -6.813133993531228953e+03
9.079617834394904108e+00 -6.820008418182640526e+03
9.082802547770700841e+00 -6.826908023876732841e+03
9.085987261146497573e+00 -6.833782448528146233e+03
9.089171974522294306e+00 -6.840669463700896813e+03
9.092356687898089262e+00 -6.847543888352310205e+03
9.095541401273884219e+00 -6.854544218217119123e+03
9.098726114649680952e+00 -6.861443823911209620e+03
9.101910828025477684e+00 -6.868330839083962928e+03
9.105095541401274417e+00 -6.875205263735373592e+03
9.108280254777069374e+00 -6.882079688386786984e+03
9.111464968152866106e+00 -6.888979294080876571e+03
9.114649681528662839e+00 -6.895979623945685489e+03
9.117834394904459572e+00 -6.902866639118437888e+03
9.121019108280254528e+00 -6.909741063769848552e+03
9.124203821656049485e+00 -6.916615488421261944e+03
9.127388535031846217e+00 -6.923515094115352440e+03
9.130573248407642950e+00 -6.930402109288106658e+03
9.133757961783439683e+00 -6.937276533939517321e+03
9.136942675159236416e+00 -6.944276863804326240e+03
9.140127388535031372e+00 -6.951151288455739632e+03
9.143312101910828105e+00 -6.958050894149830128e+03
9.146496815286624837e+00 -6.964937909322581618e+03
9.149681528662419794e+00 -6.971812333973994100e+03
9.152866242038216527e+00 -6.978686758625406583e+03
9.156050955414011483e+00 -6.985687088490214592e+03
9.159235668789808216e+00 -6.992599284705646824e+03
9.162420382165604948e+00 -6.999473709357058397e+03
9.165605095541401681e+00 -7.006348134008469970e+03
9.168789808917198414e+00 -7.013222558659883362e+03
9.171974522292993370e+00 -7.020122164353973858e+03
9.175159235668790103e+00 -7.027135084740120874e+03
9.178343949044585059e+00 -7.034009509391533356e+03
9.181528662420381792e+00 -7.040883934042946748e+03
9.184713375796178525e+00 -7.047758358694356502e+03
9.187898089171973481e+00 -7.054670554909787825e+03
9.191082802547770214e+00 -7.061544979561200307e+03
9.194267515923566947e+00 -7.068545309426008316e+03
9.197452229299363680e+00 -7.075419734077420799e+03
9.200636942675160412e+00 -7.082294158728835100e+03
9.203821656050955369e+00 -7.089206354944266423e+03
9.207006369426750325e+00 -7.096080779595677086e+03
9.210191082802547058e+00 -7.102955204247089569e+03
9.213375796178343791e+00 -7.109829628898501142e+03
9.216560509554140523e+00 -7.116867730327328900e+03
9.219745222929935480e+00 -7.123742154978742292e+03
9.222929936305732213e+00 -7.130616579630153865e+03
9.226114649681528945e+00 -7.137491004281567257e+03
9.229299363057325678e+00 -7.144365428932978830e+03
9.232484076433120634e+00 -7.151277625148410152e+03
9.235668789808917367e+00 -7.158277955013219980e+03
9.238853503184712324e+00 -7.165152379664630644e+03
9.242038216560509056e+00 -7.172026804316043126e+03
9.245222929936305789e+00 -7.178913819488794616e+03
9.248407643312102522e+00 -7.185813425182886931e+03
9.251592356687897478e+00 -7.192687849834298504e+03
9.254777070063694211e+00 -7.199688179699107422e+03
9.257961783439490944e+00 -7.206562604350520814e+03
9.261146496815285900e+00 -7.213449619523271394e+03
9.264331210191082633e+00 -7.220349225217363710e+03
9.267515923566877589e+00 -7.227223649868777102e+03
9.270700636942674322e+00 -7.234098074520188675e+03
9.273885350318471055e+00 -7.240985089692941074e+03
9.277070063694267787e+00 -7.248010600600428916e+03
9.280254777070064520e+00 -7.254885025251836851e+03
9.283439490445859477e+00 -7.261759449903250243e+03
9.286624203821656209e+00 -7.268633874554661816e+03
9.289808917197452942e+00 -7.275520889727414215e+03
9.292993630573247898e+00 -7.282420495421506530e+03
9.296178343949044631e+00 -7.289420825286315448e+03
9.299363057324839588e+00 -7.296295249937726112e+03
9.302547770700636320e+00 -7.303182265110479420e+03
9.305732484076433053e+00 -7.310056689761891903e+03
9.308917197452229786e+00 -7.316956295455981490e+03
9.312101910828026519e+00 -7.323830720107394882e+03
9.315286624203821475e+00 -7.330831049972202891e+03
9.318471337579618208e+00 -7.337718065144955290e+03
9.321656050955413164e+00 -7.344617670839047605e+03
9.324840764331209897e+00 -7.351492095490460088e+03
9.328025477707006630e+00 -7.358366520141871661e+03
9.331210191082801586e+00 -7.365253535314623150e+03
9.334394904458598319e+00 -7.372127959966037452e+03
9.337579617834395052e+00 -7.379153470873523474e+03
9.340764331210191784e+00 -7.386027895524935957e+03
9.343949044585988517e+00 -7.392902320176348439e+03
9.347133757961783473e+00 -7.399789335349100838e+03
9.350318471337578430e+00 -7.406663760000512411e+03
9.353503184713375163e+00 -7.413563365694605636e+03
9.356687898089171895e+00 -7.420563695559412736e+03
9.359872611464968628e+00 -7.427450710732164225e+03
9.363057324840763584e+00 -7.434325135383575798e+03
9.366242038216560317e+00 -7.441199560034989190e+03
9.369426751592357050e+00 -7.448099165729079687e+03
9.372611464968153783e+00 -7.454973590380490350e+03
9.375796178343948739e+00 -7.461986510766639185e+03
9.378980891719745472e+00 -7.468860935418049849e+03
9.382165605095540428e+00 -7.475760541112143983e+03
9.385350318471337161e+00 -7.482634965763554646e+03
9.388535031847133894e+00 -7.489521980936307045e+03
9.391719745222930626e+00 -7.496396405587719528e+03
9.394904458598727359e+00 -7.503270830239131101e+03
9.398089171974522316e+00 -7.510296341146618943e+03
9.401273885350319048e+00 -7.517170765798031425e+03
9.404458598726114005e+00 -7.524057780970782915e+03
9.407643312101910738e+00 -7.530932205622195397e+03
9.410828025477707470e+00 -7.537806630273607880e+03
9.414012738853502427e+00 -7.544706235967698376e+03
9.417197452229299159e+00 -7.551719156353847211e+03
9.420382165605095892e+00 -7.558593581005259693e+03
9.423566878980892625e+00 -7.565468005656672176e+03
9.426751592356689358e+00 -7.572367611350763582e+03
9.429936305732484314e+00 -7.579242036002176974e+03
9.433121019108279270e+00 -7.586129051174929373e+03
9.436305732484076003e+00 -7.593003475826340946e+03
9.439490445859872736e+00 -7.600003805691148955e+03
9.442675159235669469e+00 -7.606903411385240361e+03
9.445859872611464425e+00 -7.613790426557992760e+03
9.449044585987261158e+00 -7.620664851209405242e+03
9.452229299363057891e+00 -7.627539275860816815e+03
9.455414012738854623e+00 -7.634413700512229298e+03
9.458598726114649580e+00 -7.641439211419717140e+03
9.461783439490446312e+00 -7.648326226592469538e+03
9.464968152866241269e+00 -7.655200651243882021e+03
9.468152866242038002e+00 -7.662075075895290865e+03
9.471337579617834734e+00 -7.668974681589383181e+03
9.474522292993631467e+00 -7.675861696762135580e+03
9.477707006369426423e+00 -7.682862026626942679e+03
9.480891719745223156e+00 -7.689736451278356071e+03
9.484076433121019889e+00 -7.696610875929766735e+03
9.487261146496814845e+00 -7.703510481623860869e+03
9.490445859872611578e+00 -7.710397496796610540e+03
9.493630573248406535e+00 -7.717271921448023932e+03
9.496815286624203267e+00 -7.724146346099437324e+03
9.500000000000000000e+00 -7.731146675964244423e+03
9.503184713375796733e+00 -7.738058872179676655e+03
9.506369426751593465e+00 -7.744933296831088228e+03
9.509554140127388422e+00 -7.751807721482500710e+03
9.512738853503185155e+00 -7.758682146133913193e+03
9.515923566878981887e+00 -7.765581751828003689e+03
9.519108280254776844e+00 -7.772594672214152524e+03
9.522292993630573577e+00 -7.779469096865565007e+03
9.525477707006368533e+00 -7.786343521516977489e+03
9.528662420382165266e+00 -7.793217946168389972e+03
9.531847133757961998e+00 -7.800130142383822204e+03
9.535031847133758731e+00 -7.807004567035234686e+03
9.538216560509555464e+00 -7.813878991686646259e+03
9.541401273885350420e+00 -7.820879321551453359e+03
9.544585987261147153e+00 -7.827753746202866751e+03
9.547770700636942109e+00 -7.834665942418298073e+03
9.550955414012738842e+00 -7.841540367069710555e+03
9.554140127388535575e+00 -7.848414791721123038e+03
9.557324840764330531e+00 -7.855289216372535520e+03
9.560509554140127264e+00 -7.862327317801361460e+03
9.563694267515923997e+00 -7.869201742452772123e+03
9.566878980891720730e+00 -7.876076167104183696e+03
9.570063694267517462e+00 -7.882950591755595269e+03
9.573248407643312419e+00 -7.889825016407008661e+03
9.576433121019107375e+00 -7.896737212622439074e+03
9.579617834394904108e+00 -7.903737542487247993e+03
9.582802547770700841e+00 -7.910611967138661385e+03
9.585987261146497573e+00 -7.917486391790074777e+03
9.589171974522292530e+00 -7.924373406962824447e+03
9.592356687898089262e+00 -7.931273012656916762e+03
9.595541401273885995e+00 -7.938147437308329245e+03
9.598726114649682728e+00 -7.945021861959741727e+03
9.601910828025477684e+00 -7.952022191824548827e+03
9.605095541401272641e+00 -7.958909206997302135e+03
9.608280254777069374e+00 -7.965808812691392632e+03
9.611464968152866106e+00 -7.972683237342806024e+03
9.614649681528662839e+00 -7.979557661994218506e+03
9.617834394904459572e+00 -7.986444677166969996e+03
9.621019108280254528e+00 -7.993470188074456928e+03
9.624203821656051261e+00 -8.000344612725869410e+03
9.627388535031847994e+00 -8.007219037377280983e+03
9.630573248407642950e+00 -8.014093462028694375e+03
9.633757961783439683e+00 -8.020980477201445865e+03
9.636942675159234639e+00 -8.027880082895539090e+03
9.640127388535031372e+00 -8.034754507546949753e+03
9.643312101910828105e+00 -8.041754837411759581e+03
9.646496815286624837e+00 -8.048641852584509252e+03
9.649681528662421570e+00 -8.055541458278600658e+03
9.652866242038216527e+00 -8.062415882930014050e+03
9.656050955414013259e+00 -8.069290307581422894e+03
9.659235668789808216e+00 -8.076164732232836286e+03
9.662420382165604948e+00 -8.083177652618985121e+03
9.665605095541401681e+00 -8.090077258313076527e+03
9.668789808917196638e+00 -8.096951682964489009e+03
9.671974522292993370e+00 -8.103826107615901492e+03
9.675159235668790103e+00 -8.110713122788652072e+03
9.678343949044586836e+00 -8.117587547440064554e+03
9.681528662420383569e+00 -8.124487153134156870e+03
9.684713375796178525e+00 -8.131487482998965788e+03
9.687898089171973481e+00 -8.138361907650377361e+03
9.691082802547770214e+00 -8.145248922823129760e+03
9.694267515923566947e+00 -8.152148528517220257e+03
9.697452229299363680e+00 -8.159022953168633649e+03
9.700636942675158636e+00 -8.165897377820046131e+03
9.703821656050955369e+00 -8.172910298206194057e+03
9.707006369426752102e+00 -8.179784722857606539e+03
9.710191082802548834e+00 -8.186684328551698854e+03
9.713375796178343791e+00 -8.193558753203111337e+03
9.716560509554138747e+00 -8.200433177854523819e+03
9.719745222929935480e+00 -8.207320193027273490e+03
9.722929936305732213e+00 -8.214194617678687791e+03
9.726114649681528945e+00 -8.221220128586173814e+03
9.729299363057325678e+00 -8.228094553237586297e+03
9.732484076433120634e+00 -8.234981568410341424e+03
9.735668789808917367e+00 -8.241855993061752088e+03
9.738853503184714100e+00 -8.248755598755844403e+03
9.742038216560509056e+00 -8.255630023407255067e+03
9.745222929936305789e+00 -8.262630353272063076e+03
9.748407643312100745e+00 -8.269517368444816384e+03
9.751592356687897478e+00 -8.276391793096225229e+03
9.754777070063694211e+00 -8.283291398790315725e+03
9.757961783439490944e+00 -8.290165823441730026e+03
9.761146496815287676e+00 -8.297052838614481516e+03
9.764331210191082633e+00 -8.303927263265893998e+03
9.767515923566879366e+00 -8.310927593130702007e+03
9.770700636942674322e+00 -8.317827198824794323e+03
9.773885350318471055e+00 -8.324701623476204986e+03
9.777070063694267787e+00 -8.331588638648958295e+03
9.780254777070062744e+00 -8.338463063300370777e+03
9.783439490445859477e+00 -8.345362668994461274e+03
9.786624203821656209e+00 -8.352362998859269283e+03
9.789808917197452942e+00 -8.359250014032022591e+03
9.792993630573249675e+00 -8.366124438683435073e+03
9.796178343949044631e+00 -8.372998863334845737e+03
9.799363057324841364e+00 -8.379898469028938052e+03
9.802547770700636320e+00 -8.386772893680350535e+03
9.805732484076433053e+00 -8.393659908853103843e+03
9.808917197452229786e+00 -8.400660238717910033e+03
9.812101910828024742e+00 -8.407534663369322516e+03
9.815286624203821475e+00 -8.414434269063414831e+03
9.818471337579618208e+00 -8.421321284236166321e+03
9.821656050955414941e+00 -8.428195708887578803e+03
9.824840764331209897e+00 -8.435070133538991286e+03
9.828025477707006630e+00 -8.442095644446479128e+03
9.831210191082801586e+00 -8.448970069097889791e+03
9.834394904458598319e+00 -8.455857084270643099e+03
9.837579617834395052e+00 -8.462731508922055582e+03
9.840764331210191784e+00 -8.469605933573468064e+03
9.843949044585986741e+00 -8.476505539267556742e+03
9.847133757961783473e+00 -8.483392554440310050e+03
9.850318471337580206e+00 -8.490392884305118059e+03
9.853503184713376939e+00 -8.497267308956528723e+03
9.856687898089171895e+00 -8.504141733607943024e+03
9.859872611464966852e+00 -8.511041339302035340e+03
9.863057324840763584e+00 -8.517928354474786829e+03
9.866242038216560317e+00 -8.524802779126199312e+03
9.869426751592357050e+00 -8.531803108991007321e+03
9.872611464968153783e+00 -8.538702714685099636e+03
9.875796178343948739e+00 -8.545589729857849306e+03
9.878980891719745472e+00 -8.552464154509261789e+03
9.882165605095542205e+00 -8.559338579160674271e+03
9.885350318471337161e+00 -8.566213003812088573e+03
9.888535031847133894e+00 -8.573112609506179069e+03
9.891719745222928850e+00 -8.580125529892326085e+03
9.894904458598725583e+00 -8.586999954543738568e+03
9.898089171974522316e+00 -8.593874379195152869e+03
9.901273885350319048e+00 -8.600773984889243366e+03
9.904458598726115781e+00 -8.607661000061994855e+03
9.907643312101910738e+00 -8.614535424713409157e+03
9.910828025477707470e+00 -8.621535754578215347e+03
9.914012738853502427e+00 -8.628410179229627829e+03
9.917197452229299159e+00 -8.635309784923720144e+03
9.920382165605095892e+00 -8.642196800096469815e+03
9.923566878980890849e+00 -8.649071224747884116e+03
9.926751592356687581e+00 -8.655945649399296599e+03
9.929936305732484314e+00 -8.662820074050709081e+03
9.933121019108281047e+00 -8.669858175479535930e+03
9.936305732484077780e+00 -8.676732600130948413e+03
9.939490445859872736e+00 -8.683607024782359076e+03
9.942675159235667692e+00 -8.690481449433771559e+03
9.945859872611464425e+00 -8.697381055127863874e+03
9.949044585987261158e+00 -8.704268070300613545e+03
9.952229299363057891e+00 -8.711268400165423373e+03
9.955414012738852847e+00 -8.718142824816834036e+03
9.958598726114649580e+00 -8.725017249468246519e+03
9.961783439490446312e+00 -8.731916855162338834e+03
9.964968152866243045e+00 -8.738803870335090323e+03
9.968152866242038002e+00 -8.745678294986504625e+03
9.971337579617834734e+00 -8.752552719637917107e+03
9.974522292993629691e+00 -8.759553049502725116e+03
9.977707006369426423e+00 -8.766465245718154620e+03
9.980891719745223156e+00 -8.773339670369568921e+03
9.984076433121019889e+00 -8.780214095020979585e+03
9.987261146496814845e+00 -8.787088519672392067e+03
9.990445859872611578e+00 -8.793988125366482564e+03
9.993630573248408311e+00 -8.801001045752633217e+03
9.996815286624203267e+00 -8.807875470404043881e+03
1.000000000000000000e+01 -8.814749895055456363e+03
1.000318471337579496e+01 -8.821624319706868846e+03
