9.999839999999998730e-01 5.713090000000000668e-01
1.499980000000000091e+00 8.569669999999999233e-01
1.999980000000000313e+00 1.142628999999999895e+00
2.499979999999999869e+00 1.428279000000000076e+00
2.999980000000000313e+00 1.713953000000000060e+00
3.499979999999999869e+00 1.999649999999999705e+00
3.999980000000000313e+00 2.285270000000000579e+00
4.499979999999999869e+00 2.570929999999999715e+00
4.999979999999998981e+00 2.856609999999998983e+00
5.499980000000000757e+00 3.142290000000000028e+00
5.999979999999999869e+00 3.427950000000000053e+00
6.499979999999999869e+00 3.713630000000000209e+00
6.999979999999999869e+00 3.999309999999999921e+00
7.499979999999998981e+00 4.284990000000000521e+00
7.999979999999999869e+00 4.570650000000000546e+00
8.499980000000000757e+00 4.856349999999999056e+00
8.999980000000000757e+00 5.142030000000000989e+00
9.499980000000000757e+00 5.427720000000000766e+00
9.999980000000002534e+00 5.713419999999999277e+00
1.050000000000000000e+01 5.999109999999999943e+00
1.100000000000000000e+01 6.284789999999999210e+00
1.149999999999999822e+01 6.570500000000000895e+00
1.200000000000000000e+01 6.856179999999998387e+00
1.250000000000000178e+01 7.141890000000000960e+00
1.300000000000000000e+01 7.427570000000000228e+00
1.350000000000000000e+01 7.713269999999999627e+00
1.399999999999999822e+01 7.998989999999998268e+00
1.450000000000000000e+01 8.284699999999999065e+00
1.500000000000000178e+01 8.570380000000000109e+00
1.550000000000000000e+01 8.856109999999999260e+00
1.599999999999999822e+01 9.141819999999999169e+00
1.650000000000000000e+01 9.427530000000000854e+00
1.700000000000000000e+01 9.713239999999998986e+00
1.750000000000000000e+01 9.998969999999999914e+00
1.800000000000000000e+01 1.028468999999999944e+01
1.850000000000000000e+01 1.057038999999999795e+01
1.900000000000000000e+01 1.085613000000000383e+01
1.950000000000000000e+01 1.114182999999999879e+01
2.000000000000000000e+01 1.142756999999999934e+01
2.049999999999999645e+01 1.171328999999999887e+01
2.100000000000000000e+01 1.199901999999999980e+01
2.150000000000000000e+01 1.228474999999999895e+01
2.200000000000000000e+01 1.257051999999999836e+01
2.250000000000000000e+01 1.285622000000000043e+01
2.299999999999999645e+01 1.314195999999999920e+01
2.350000000000000000e+01 1.342771999999999899e+01
2.400000000000000000e+01 1.371344000000000030e+01
2.450000000000000000e+01 1.399919000000000047e+01
2.500000000000000355e+01 1.428493000000000279e+01
2.549999999999999645e+01 1.457067999999999941e+01
2.600000000000000000e+01 1.485643000000000136e+01
2.650000000000000000e+01 1.514218999999999760e+01
2.700000000000000000e+01 1.542791999999999852e+01
2.750000000000000355e+01 1.571368000000000009e+01
2.799999999999999645e+01 1.599944999999999773e+01
2.850000000000000000e+01 1.628520999999999930e+01
2.900000000000000000e+01 1.657095000000000340e+01
2.950000000000000000e+01 1.685672999999999888e+01
3.000000000000000355e+01 1.714251999999999754e+01
3.049999999999999645e+01 1.742824999999999847e+01
3.100000000000000000e+01 1.771400999999999470e+01
3.150000000000000000e+01 1.799973999999999563e+01
3.199999999999999645e+01 1.828558000000000305e+01
3.250000000000000000e+01 1.857132999999999967e+01
3.300000000000000000e+01 1.885705999999999705e+01
3.350000000000000000e+01 1.914280000000000115e+01
3.400000000000000000e+01 1.942869999999999919e+01
3.450000000000000000e+01 1.971440000000000481e+01
3.500000000000000000e+01 2.000019999999999953e+01
3.550000000000000000e+01 2.028609999999999758e+01
3.600000000000000000e+01 2.057180000000000319e+01
3.650000000000000000e+01 2.085750000000000171e+01
3.700000000000000000e+01 2.114329999999999998e+01
3.750000000000000000e+01 2.142920000000000158e+01
3.800000000000000000e+01 2.171490000000000009e+01
3.850000000000000000e+01 2.200059999999999150e+01
3.900000000000000000e+01 2.228659999999999997e+01
3.950000000000000000e+01 2.257229999999999137e+01
4.000000000000000000e+01 2.285799999999999699e+01
4.050000000000000000e+01 2.314399999999999480e+01
4.099999999999999289e+01 2.342980000000000373e+01
4.150000000000000000e+01 2.371550000000000225e+01
4.200000000000000000e+01 2.400139999999999674e+01
4.250000000000000000e+01 2.428719999999999857e+01
4.300000000000000000e+01 2.457310000000000372e+01
4.349999999999999289e+01 2.485880000000000223e+01
4.400000000000000000e+01 2.514449999999999719e+01
4.450000000000000000e+01 2.543050000000000210e+01
4.500000000000000000e+01 2.571620000000000061e+01
4.550000000000000000e+01 2.600210000000000576e+01
4.599999999999999289e+01 2.628790000000000049e+01
4.650000000000000000e+01 2.657370000000000232e+01
4.700000000000000000e+01 2.685960000000000036e+01
4.750000000000000711e+01 2.714529999999999887e+01
4.800000000000000000e+01 2.743120000000000402e+01
4.849999999999999289e+01 2.771689999999999543e+01
4.900000000000000000e+01 2.800300000000000011e+01
4.950000000000000000e+01 2.828869999999999862e+01
5.000000000000000711e+01 2.857459999999999667e+01
5.050000000000000000e+01 2.886030000000000229e+01
5.099999999999999289e+01 2.914630000000000010e+01
5.150000000000000000e+01 2.943210000000000193e+01
5.200000000000000000e+01 2.971799999999999997e+01
5.250000000000000711e+01 3.000370000000000203e+01
5.300000000000000000e+01 3.028959999999999297e+01
5.349999999999999289e+01 3.057550000000000168e+01
5.400000000000000000e+01 3.086139999999999972e+01
5.450000000000000000e+01 3.114710000000000178e+01
5.500000000000000711e+01 3.143299999999999983e+01
5.550000000000000000e+01 3.171889999999999432e+01
5.599999999999999289e+01 3.200480000000000302e+01
5.650000000000000000e+01 3.229070000000000107e+01
5.700000000000000000e+01 3.257640000000000668e+01
5.750000000000000711e+01 3.286239999999999384e+01
5.800000000000000000e+01 3.314810000000000656e+01
5.849999999999999289e+01 3.343410000000000082e+01
5.900000000000000000e+01 3.372010000000000218e+01
5.950000000000000000e+01 3.400580000000000780e+01
6.000000000000000711e+01 3.429170000000000584e+01
6.050000000000000000e+01 3.457750000000000767e+01
6.099999999999999289e+01 3.486350000000000193e+01
6.149999999999999289e+01 3.514939999999998577e+01
6.200000000000000000e+01 3.543519999999999470e+01
6.250000000000000000e+01 3.572109999999999275e+01
6.300000000000000000e+01 3.600700000000000500e+01
6.350000000000000711e+01 3.629279999999999973e+01
6.399999999999999289e+01 3.657880000000000109e+01
6.450000000000000000e+01 3.686480000000000246e+01
6.500000000000000000e+01 3.715049999999999386e+01
6.550000000000000000e+01 3.743640000000000612e+01
6.600000000000000000e+01 3.772240000000000748e+01
6.650000000000000000e+01 3.800830000000000553e+01
6.700000000000000000e+01 3.829420000000000357e+01
6.750000000000000000e+01 3.858010000000000161e+01
6.800000000000000000e+01 3.886610000000000298e+01
6.850000000000000000e+01 3.915179999999999438e+01
6.900000000000000000e+01 3.943780000000000285e+01
6.950000000000000000e+01 3.972369999999999379e+01
7.000000000000000000e+01 4.000970000000000226e+01
7.050000000000000000e+01 4.029570000000000363e+01
7.100000000000000000e+01 4.058140000000000924e+01
7.150000000000000000e+01 4.086739999999999640e+01
7.200000000000000000e+01 4.115329999999999444e+01
7.250000000000000000e+01 4.143929999999998870e+01
7.300000000000000000e+01 4.172509999999999764e+01
7.350000000000000000e+01 4.201099999999998147e+01
7.400000000000000000e+01 4.229699999999999704e+01
7.450000000000000000e+01 4.258299999999999841e+01
7.500000000000000000e+01 4.286899999999999977e+01
7.550000000000000000e+01 4.315490000000001203e+01
7.600000000000000000e+01 4.344070000000000675e+01
7.650000000000000000e+01 4.372660000000000480e+01
7.700000000000000000e+01 4.401260000000000616e+01
7.750000000000000000e+01 4.429850000000000421e+01
7.800000000000000000e+01 4.458450000000000557e+01
7.850000000000000000e+01 4.487050000000000693e+01
7.900000000000000000e+01 4.515649999999999409e+01
7.950000000000000000e+01 4.544249999999999545e+01
8.000000000000000000e+01 4.572819999999998686e+01
8.050000000000000000e+01 4.601419999999998822e+01
8.100000000000000000e+01 4.630020000000000380e+01
8.150000000000000000e+01 4.658610000000000184e+01
8.199999999999998579e+01 4.687210000000000321e+01
8.250000000000000000e+01 4.715810000000000457e+01
8.300000000000000000e+01 4.744400000000000261e+01
8.350000000000000000e+01 4.772999999999998977e+01
8.400000000000000000e+01 4.801600000000000534e+01
8.449999999999998579e+01 4.830200000000000671e+01
8.500000000000000000e+01 4.858800000000000807e+01
8.550000000000000000e+01 4.887399999999998812e+01
8.600000000000000000e+01 4.915990000000000038e+01
8.650000000000000000e+01 4.944590000000000174e+01
8.699999999999998579e+01 4.973190000000000310e+01
8.750000000000000000e+01 5.001790000000000447e+01
8.800000000000000000e+01 5.030380000000000251e+01
8.850000000000000000e+01 5.058979999999999677e+01
8.900000000000000000e+01 5.087579999999999814e+01
8.949999999999998579e+01 5.116170000000001039e+01
9.000000000000000000e+01 5.144769999999999754e+01
9.050000000000000000e+01 5.173369999999999891e+01
9.100000000000000000e+01 5.201969999999998606e+01
9.150000000000000000e+01 5.230560000000001253e+01
9.199999999999998579e+01 5.259159999999999968e+01
9.250000000000001421e+01 5.287760000000000105e+01
9.300000000000000000e+01 5.316359999999998820e+01
9.350000000000000000e+01 5.344969999999999999e+01
9.400000000000000000e+01 5.373580000000000467e+01
9.449999999999998579e+01 5.402179999999999183e+01
9.500000000000001421e+01 5.430779999999999319e+01
9.550000000000000000e+01 5.459380000000000877e+01
9.600000000000000000e+01 5.487980000000001013e+01
9.650000000000000000e+01 5.516579999999999018e+01
9.699999999999998579e+01 5.545169999999998822e+01
9.750000000000001421e+01 5.573769999999998959e+01
9.800000000000000000e+01 5.602389999999999759e+01
9.850000000000000000e+01 5.630989999999999895e+01
9.900000000000000000e+01 5.659590000000000032e+01
9.949999999999998579e+01 5.688190000000000168e+01
1.000000000000000142e+02 5.716790000000000305e+01
1.005000000000000000e+02 5.745390000000000441e+01
1.010000000000000000e+02 5.774000000000000909e+01
1.015000000000000000e+02 5.802599999999998914e+01
1.019999999999999858e+02 5.831200000000000472e+01
1.025000000000000142e+02 5.859800000000000608e+01
1.030000000000000000e+02 5.888399999999999324e+01
1.035000000000000000e+02 5.917020000000000124e+01
1.040000000000000000e+02 5.945620000000000260e+01
1.044999999999999858e+02 5.974219999999998976e+01
1.050000000000000142e+02 6.002820000000000533e+01
1.055000000000000000e+02 6.031439999999999912e+01
1.060000000000000000e+02 6.060040000000000049e+01
1.065000000000000000e+02 6.088640000000000185e+01
1.069999999999999858e+02 6.117239999999999611e+01
1.075000000000000142e+02 6.145859999999998990e+01
1.080000000000000000e+02 6.174459999999999127e+01
1.085000000000000000e+02 6.203059999999999263e+01
1.090000000000000000e+02 6.231679999999998643e+01
1.094999999999999858e+02 6.260280000000000200e+01
1.100000000000000142e+02 6.288879999999998915e+01
1.105000000000000000e+02 6.317499999999999716e+01
1.110000000000000000e+02 6.346099999999999852e+01
1.115000000000000000e+02 6.374689999999999657e+01
1.119999999999999858e+02 6.403310000000000457e+01
1.125000000000000142e+02 6.431910000000000593e+01
1.130000000000000000e+02 6.460510000000000730e+01
1.135000000000000000e+02 6.489130000000000109e+01
1.140000000000000000e+02 6.517730000000000246e+01
1.144999999999999858e+02 6.546339999999999293e+01
1.150000000000000142e+02 6.574960000000000093e+01
1.155000000000000000e+02 6.603559999999998809e+01
1.160000000000000000e+02 6.632179999999999609e+01
1.165000000000000000e+02 6.660779999999999745e+01
1.169999999999999858e+02 6.689379999999999882e+01
1.175000000000000142e+02 6.718000000000000682e+01
1.180000000000000000e+02 6.746600000000000819e+01
1.185000000000000000e+02 6.775229999999999109e+01
1.190000000000000000e+02 6.803830000000002087e+01
1.194999999999999858e+02 6.832449999999997203e+01
1.200000000000000142e+02 6.861039999999999850e+01
1.205000000000000000e+02 6.889660000000000650e+01
1.210000000000000000e+02 6.918259999999997945e+01
1.215000000000000000e+02 6.946889999999999077e+01
1.219999999999999858e+02 6.975490000000002055e+01
1.225000000000000142e+02 7.004110000000000014e+01
1.229999999999999858e+02 7.032710000000000150e+01
1.235000000000000000e+02 7.061330000000000950e+01
1.240000000000000000e+02 7.089940000000001419e+01
1.245000000000000142e+02 7.118559999999999377e+01
1.250000000000000000e+02 7.147159999999999513e+01
1.254999999999999858e+02 7.175780000000000314e+01
1.260000000000000000e+02 7.204379999999997608e+01
1.265000000000000000e+02 7.233000000000001251e+01
1.270000000000000142e+02 7.261599999999999966e+01
1.275000000000000000e+02 7.290219999999999345e+01
1.279999999999999858e+02 7.318829999999999814e+01
1.285000000000000000e+02 7.347450000000000614e+01
1.290000000000000000e+02 7.376070000000001414e+01
1.295000000000000000e+02 7.404679999999999040e+01
1.300000000000000000e+02 7.433299999999999841e+01
1.305000000000000000e+02 7.461889999999999645e+01
1.310000000000000000e+02 7.490520000000000778e+01
1.315000000000000000e+02 7.519139999999998736e+01
1.320000000000000000e+02 7.547739999999998872e+01
1.325000000000000000e+02 7.576370000000000005e+01
1.330000000000000000e+02 7.604990000000000805e+01
1.335000000000000000e+02 7.633590000000000941e+01
1.340000000000000000e+02 7.662219999999999231e+01
1.345000000000000000e+02 7.690809999999999036e+01
1.350000000000000000e+02 7.719429999999999836e+01
1.355000000000000000e+02 7.748060000000000969e+01
1.360000000000000000e+02 7.776680000000001769e+01
1.365000000000000000e+02 7.805290000000002237e+01
1.370000000000000000e+02 7.833910000000000196e+01
1.375000000000000000e+02 7.862530000000000996e+01
1.380000000000000000e+02 7.891130000000001132e+01
1.385000000000000000e+02 7.919750000000001933e+01
1.390000000000000000e+02 7.948380000000000223e+01
1.395000000000000000e+02 7.976980000000000359e+01
1.400000000000000000e+02 8.005610000000001492e+01
1.405000000000000000e+02 8.034230000000002292e+01
1.410000000000000000e+02 8.062839999999999918e+01
1.415000000000000000e+02 8.091450000000000387e+01
1.420000000000000000e+02 8.120070000000001187e+01
1.425000000000000000e+02 8.148700000000002319e+01
1.430000000000000000e+02 8.177320000000000277e+01
1.435000000000000000e+02 8.205950000000001410e+01
1.440000000000000000e+02 8.234540000000001214e+01
1.445000000000000000e+02 8.263170000000002346e+01
1.450000000000000000e+02 8.291789999999998884e+01
1.455000000000000000e+02 8.320419999999997174e+01
1.460000000000000000e+02 8.349049999999998306e+01
1.465000000000000000e+02 8.377660000000000196e+01
1.470000000000000000e+02 8.406270000000000664e+01
1.475000000000000000e+02 8.434890000000001464e+01
1.480000000000000000e+02 8.463520000000002597e+01
1.485000000000000000e+02 8.492139999999999134e+01
1.490000000000000000e+02 8.520760000000001355e+01
1.495000000000000000e+02 8.549379999999999313e+01
1.500000000000000000e+02 8.577989999999999782e+01
1.505000000000000000e+02 8.606620000000000914e+01
1.510000000000000000e+02 8.635240000000001714e+01
1.515000000000000000e+02 8.663860000000002515e+01
1.520000000000000000e+02 8.692480000000000473e+01
1.525000000000000000e+02 8.721109999999998763e+01
1.530000000000000000e+02 8.749739999999999895e+01
1.535000000000000000e+02 8.778360000000000696e+01
1.540000000000000000e+02 8.806979999999998654e+01
1.545000000000000000e+02 8.835609999999999786e+01
1.550000000000000000e+02 8.864230000000000587e+01
1.555000000000000000e+02 8.892860000000001719e+01
1.560000000000000000e+02 8.921479999999999677e+01
1.565000000000000000e+02 8.950079999999999814e+01
1.570000000000000000e+02 8.978730000000000189e+01
1.575000000000000000e+02 9.007340000000000657e+01
1.580000000000000000e+02 9.035960000000001457e+01
1.584999999999999716e+02 9.064580000000000837e+01
1.590000000000000000e+02 9.093209999999999127e+01
1.595000000000000284e+02 9.121840000000000259e+01
1.600000000000000000e+02 9.150460000000001060e+01
1.605000000000000000e+02 9.179099999999999682e+01
1.610000000000000000e+02 9.207730000000000814e+01
1.615000000000000000e+02 9.236350000000001614e+01
1.620000000000000000e+02 9.264979999999999905e+01
1.625000000000000000e+02 9.293600000000000705e+01
1.630000000000000000e+02 9.322230000000001837e+01
1.634999999999999716e+02 9.350860000000000127e+01
1.639999999999999716e+02 9.379470000000000596e+01
1.645000000000000284e+02 9.408099999999998886e+01
1.650000000000000000e+02 9.436730000000000018e+01
1.655000000000000000e+02 9.465360000000001151e+01
1.660000000000000000e+02 9.493979999999999109e+01
1.665000000000000000e+02 9.522599999999999909e+01
1.670000000000000000e+02 9.551230000000001041e+01
1.675000000000000000e+02 9.579879999999999995e+01
1.680000000000000000e+02 9.608500000000000796e+01
1.684999999999999716e+02 9.637130000000001928e+01
1.689999999999999716e+02 9.665760000000003060e+01
1.695000000000000284e+02 9.694370000000000687e+01
1.700000000000000000e+02 9.722999999999998977e+01
1.705000000000000000e+02 9.751630000000000109e+01
1.710000000000000000e+02 9.780280000000001905e+01
1.715000000000000000e+02 9.808899999999999864e+01
1.720000000000000000e+02 9.837530000000000996e+01
1.725000000000000000e+02 9.866160000000002128e+01
1.730000000000000000e+02 9.894780000000000086e+01
1.734999999999999716e+02 9.923429999999999040e+01
1.739999999999999716e+02 9.952049999999999841e+01
1.745000000000000284e+02 9.980670000000000641e+01
1.750000000000000000e+02 1.000930000000000177e+02
1.755000000000000000e+02 1.003793000000000006e+02
1.760000000000000000e+02 1.006656999999999869e+02
1.765000000000000000e+02 1.009519999999999982e+02
1.770000000000000000e+02 1.012382999999999811e+02
1.775000000000000000e+02 1.015245999999999924e+02
1.780000000000000000e+02 1.018110000000000070e+02
1.784999999999999716e+02 1.020973000000000184e+02
1.789999999999999716e+02 1.023835999999999729e+02
1.795000000000000284e+02 1.026699999999999875e+02
1.800000000000000000e+02 1.029562999999999988e+02
1.805000000000000000e+02 1.032426000000000101e+02
1.810000000000000000e+02 1.035287999999999897e+02
1.815000000000000000e+02 1.038153000000000077e+02
1.820000000000000000e+02 1.041015999999999906e+02
1.825000000000000000e+02 1.043877999999999702e+02
1.830000000000000000e+02 1.046742999999999881e+02
1.834999999999999716e+02 1.049604999999999961e+02
1.839999999999999716e+02 1.052469999999999857e+02
1.845000000000000284e+02 1.055332999999999970e+02
1.850000000000000284e+02 1.058196000000000083e+02
1.855000000000000000e+02 1.061060999999999979e+02
1.860000000000000000e+02 1.063923999999999808e+02
1.865000000000000000e+02 1.066786000000000030e+02
1.870000000000000000e+02 1.069650999999999925e+02
1.875000000000000000e+02 1.072514000000000038e+02
1.880000000000000000e+02 1.075378000000000185e+02
1.884999999999999716e+02 1.078241000000000014e+02
1.889999999999999716e+02 1.081103999999999843e+02
1.895000000000000284e+02 1.083969000000000023e+02
1.900000000000000284e+02 1.086832000000000136e+02
1.905000000000000000e+02 1.089696000000000282e+02
1.910000000000000000e+02 1.092558999999999827e+02
1.915000000000000000e+02 1.095424000000000007e+02
1.920000000000000000e+02 1.098285999999999802e+02
1.925000000000000000e+02 1.101152000000000015e+02
1.930000000000000000e+02 1.104013999999999811e+02
1.934999999999999716e+02 1.106878999999999991e+02
1.939999999999999716e+02 1.109742000000000104e+02
1.945000000000000284e+02 1.112606000000000108e+02
1.950000000000000284e+02 1.115470000000000255e+02
1.955000000000000000e+02 1.118333999999999691e+02
1.960000000000000000e+02 1.121196999999999804e+02
1.965000000000000000e+02 1.124061999999999983e+02
1.970000000000000000e+02 1.126924000000000206e+02
1.975000000000000000e+02 1.129790000000000134e+02
1.980000000000000000e+02 1.132651999999999930e+02
1.984999999999999716e+02 1.135516999999999825e+02
1.989999999999999716e+02 1.138381000000000256e+02
1.995000000000000284e+02 1.141245000000000118e+02
2.000000000000000284e+02 1.144108000000000089e+02
2.005000000000000000e+02 1.146972000000000094e+02
2.010000000000000000e+02 1.149838000000000022e+02
2.015000000000000000e+02 1.152701000000000136e+02
2.020000000000000000e+02 1.155564999999999998e+02
2.025000000000000000e+02 1.158428999999999860e+02
2.030000000000000000e+02 1.161293000000000148e+02
2.034999999999999716e+02 1.164158000000000044e+02
2.039999999999999716e+02 1.167020999999999731e+02
2.045000000000000284e+02 1.169885999999999910e+02
2.050000000000000284e+02 1.172751000000000090e+02
2.055000000000000000e+02 1.175613999999999919e+02
2.060000000000000000e+02 1.178478999999999814e+02
2.065000000000000000e+02 1.181343000000000103e+02
2.070000000000000000e+02 1.184207000000000249e+02
2.075000000000000000e+02 1.187071000000000112e+02
2.080000000000000000e+02 1.189937000000000040e+02
2.084999999999999716e+02 1.192798999999999836e+02
2.089999999999999716e+02 1.195664000000000016e+02
2.095000000000000284e+02 1.198528999999999911e+02
2.100000000000000284e+02 1.201392000000000024e+02
2.105000000000000000e+02 1.204257999999999953e+02
2.110000000000000000e+02 1.207122000000000099e+02
2.115000000000000000e+02 1.209988000000000028e+02
2.120000000000000000e+02 1.212849999999999824e+02
2.125000000000000000e+02 1.215714999999999719e+02
2.130000000000000000e+02 1.218579999999999899e+02
2.135000000000000000e+02 1.221444999999999794e+02
2.139999999999999716e+02 1.224307999999999765e+02
2.145000000000000284e+02 1.227172999999999945e+02
2.150000000000000284e+02 1.230038000000000409e+02
2.155000000000000000e+02 1.232903000000000020e+02
2.160000000000000000e+02 1.235768000000000058e+02
2.165000000000000000e+02 1.238630999999999887e+02
2.170000000000000000e+02 1.241495999999999924e+02
2.175000000000000000e+02 1.244360999999999819e+02
2.180000000000000000e+02 1.247225999999999999e+02
2.185000000000000000e+02 1.250091999999999928e+02
2.189999999999999716e+02 1.252956000000000216e+02
2.195000000000000284e+02 1.255820000000000078e+02
2.200000000000000284e+02 1.258683999999999799e+02
2.205000000000000000e+02 1.261550000000000011e+02
2.210000000000000000e+02 1.264414000000000158e+02
2.215000000000000000e+02 1.267279999999999802e+02
2.220000000000000000e+02 1.270144999999999555e+02
2.225000000000000000e+02 1.273010000000000304e+02
2.230000000000000000e+02 1.275874999999999915e+02
2.235000000000000000e+02 1.278738000000000028e+02
2.239999999999999716e+02 1.281603000000000065e+02
2.245000000000000284e+02 1.284469000000000278e+02
2.250000000000000284e+02 1.287333000000000425e+02
2.255000000000000000e+02 1.290199000000000069e+02
2.260000000000000000e+02 1.293063999999999965e+02
2.265000000000000000e+02 1.295929000000000428e+02
2.270000000000000000e+02 1.298794000000000324e+02
2.275000000000000000e+02 1.301660000000000252e+02
2.280000000000000000e+02 1.304524000000000115e+02
2.285000000000000000e+02 1.307389000000000294e+02
2.289999999999999716e+02 1.310255000000000223e+02
2.295000000000000284e+02 1.313118999999999801e+02
2.300000000000000284e+02 1.315985000000000014e+02
2.305000000000000000e+02 1.318850000000000193e+02
2.310000000000000000e+02 1.321715000000000373e+02
2.315000000000000000e+02 1.324579999999999984e+02
2.320000000000000000e+02 1.327446000000000481e+02
2.325000000000000000e+02 1.330311000000000092e+02
2.330000000000000000e+02 1.333174999999999955e+02
2.335000000000000000e+02 1.336041000000000167e+02
2.339999999999999716e+02 1.338906000000000063e+02
2.345000000000000000e+02 1.341772000000000276e+02
2.350000000000000284e+02 1.344636000000000138e+02
2.355000000000000000e+02 1.347502000000000066e+02
2.360000000000000000e+02 1.350366999999999962e+02
2.365000000000000000e+02 1.353231999999999857e+02
2.370000000000000000e+02 1.356098000000000070e+02
2.375000000000000000e+02 1.358964000000000283e+02
2.380000000000000000e+02 1.361829999999999927e+02
2.385000000000000000e+02 1.364694999999999823e+02
2.389999999999999716e+02 1.367561000000000035e+02
2.395000000000000000e+02 1.370425999999999931e+02
2.400000000000000284e+02 1.373290999999999826e+02
2.405000000000000000e+02 1.376155999999999722e+02
2.410000000000000000e+02 1.379020999999999901e+02
2.415000000000000000e+02 1.381889000000000465e+02
2.420000000000000000e+02 1.384754000000000076e+02
2.425000000000000000e+02 1.387618999999999687e+02
2.430000000000000000e+02 1.390485000000000184e+02
2.435000000000000000e+02 1.393350000000000080e+02
2.439999999999999716e+02 1.396217999999999790e+02
2.445000000000000000e+02 1.399082000000000221e+02
2.450000000000000284e+02 1.401947000000000116e+02
2.455000000000000000e+02 1.404812999999999761e+02
2.459999999999999716e+02 1.407677999999999656e+02
2.465000000000000284e+02 1.410545999999999935e+02
2.470000000000000000e+02 1.413411000000000399e+02
2.475000000000000000e+02 1.416275999999999726e+02
2.480000000000000000e+02 1.419141999999999939e+02
2.484999999999999716e+02 1.422008999999999901e+02
2.490000000000000284e+02 1.424873999999999796e+02
2.495000000000000000e+02 1.427740000000000009e+02
2.500000000000000000e+02 1.430605000000000189e+02
2.505000000000000000e+02 1.433473000000000184e+02
2.509999999999999716e+02 1.436338000000000079e+02
2.515000000000000284e+02 1.439202999999999975e+02
2.520000000000000000e+02 1.442069000000000187e+02
2.525000000000000000e+02 1.444936000000000149e+02
2.530000000000000000e+02 1.447801000000000329e+02
2.534999999999999716e+02 1.450666999999999973e+02
2.540000000000000284e+02 1.453533999999999651e+02
2.545000000000000000e+02 1.456398999999999830e+02
2.550000000000000000e+02 1.459264999999999475e+02
2.555000000000000000e+02 1.462131999999999721e+02
2.559999999999999716e+02 1.464997000000000185e+02
2.565000000000000000e+02 1.467864999999999895e+02
2.570000000000000000e+02 1.470730000000000359e+02
2.575000000000000000e+02 1.473595000000000255e+02
2.580000000000000000e+02 1.476463999999999714e+02
2.585000000000000000e+02 1.479328999999999610e+02
2.590000000000000000e+02 1.482194000000000074e+02
2.595000000000000000e+02 1.485061999999999784e+02
2.600000000000000000e+02 1.487926999999999964e+02
2.605000000000000000e+02 1.490793999999999926e+02
2.610000000000000000e+02 1.493659999999999854e+02
2.615000000000000000e+02 1.496527000000000100e+02
2.620000000000000000e+02 1.499393000000000313e+02
2.625000000000000000e+02 1.502258999999999958e+02
2.630000000000000000e+02 1.505125999999999920e+02
2.635000000000000000e+02 1.507991000000000099e+02
2.640000000000000000e+02 1.510858999999999810e+02
2.645000000000000000e+02 1.513723999999999705e+02
2.650000000000000000e+02 1.516591999999999985e+02
2.655000000000000000e+02 1.519457000000000448e+02
2.660000000000000000e+02 1.522324999999999591e+02
2.665000000000000000e+02 1.525190000000000055e+02
2.670000000000000000e+02 1.528057000000000016e+02
2.675000000000000000e+02 1.530923999999999978e+02
2.680000000000000000e+02 1.533790999999999940e+02
2.685000000000000000e+02 1.536656000000000120e+02
2.690000000000000000e+02 1.539524000000000115e+02
2.695000000000000000e+02 1.542390000000000327e+02
2.700000000000000000e+02 1.545256999999999721e+02
2.705000000000000000e+02 1.548123999999999683e+02
2.710000000000000000e+02 1.550989999999999895e+02
2.715000000000000000e+02 1.553857999999999890e+02
2.720000000000000000e+02 1.556723000000000070e+02
2.725000000000000000e+02 1.559590000000000032e+02
2.730000000000000000e+02 1.562456999999999994e+02
2.735000000000000000e+02 1.565323999999999955e+02
2.740000000000000000e+02 1.568190999999999917e+02
2.745000000000000000e+02 1.571057000000000130e+02
2.750000000000000000e+02 1.573925000000000409e+02
2.755000000000000000e+02 1.576792000000000087e+02
2.760000000000000000e+02 1.579658000000000015e+02
2.765000000000000000e+02 1.582525999999999726e+02
2.770000000000000000e+02 1.585392999999999688e+02
2.775000000000000000e+02 1.588259000000000185e+02
2.780000000000000000e+02 1.591125999999999863e+02
2.785000000000000000e+02 1.593994000000000142e+02
2.790000000000000000e+02 1.596860000000000070e+02
2.795000000000000000e+02 1.599726999999999748e+02
2.800000000000000000e+02 1.602595000000000027e+02
2.805000000000000000e+02 1.605459999999999923e+02
2.810000000000000000e+02 1.608328999999999951e+02
2.815000000000000000e+02 1.611196000000000197e+02
2.820000000000000000e+02 1.614060999999999808e+02
2.825000000000000000e+02 1.616929000000000656e+02
2.830000000000000000e+02 1.619796999999999798e+02
2.835000000000000000e+02 1.622665000000000077e+02
2.840000000000000000e+02 1.625530000000000257e+02
2.845000000000000000e+02 1.628397999999999683e+02
2.850000000000000000e+02 1.631264999999999930e+02
2.855000000000000000e+02 1.634132999999999925e+02
2.860000000000000000e+02 1.636998999999999569e+02
2.865000000000000000e+02 1.639866000000000099e+02
2.870000000000000000e+02 1.642733999999999810e+02
2.875000000000000000e+02 1.645601999999999805e+02
2.880000000000000000e+02 1.648469999999999516e+02
2.885000000000000000e+02 1.651336000000000013e+02
2.890000000000000000e+02 1.654202999999999975e+02
2.895000000000000000e+02 1.657071000000000254e+02
2.900000000000000000e+02 1.659938999999999965e+02
2.905000000000000000e+02 1.662806999999999675e+02
2.910000000000000000e+02 1.665674000000000206e+02
2.915000000000000000e+02 1.668540000000000134e+02
2.920000000000000000e+02 1.671406999999999528e+02
2.925000000000000000e+02 1.674274999999999523e+02
2.930000000000000000e+02 1.677144000000000119e+02
2.935000000000000000e+02 1.680010999999999513e+02
2.940000000000000000e+02 1.682879000000000360e+02
2.945000000000000000e+02 1.685745999999999754e+02
2.950000000000000000e+02 1.688618999999999915e+02
2.955000000000000000e+02 1.691482999999999777e+02
2.960000000000000000e+02 1.694343999999999824e+02
2.965000000000000000e+02 1.697218000000000018e+02
2.970000000000000000e+02 1.700081000000000131e+02
2.975000000000000000e+02 1.702954999999999757e+02
2.980000000000000000e+02 1.705819000000000187e+02
2.985000000000000000e+02 1.708681999999999448e+02
2.990000000000000000e+02 1.711555999999999926e+02
2.995000000000000000e+02 1.714420000000000073e+02
3.000000000000000000e+02 1.717293000000000234e+02
3.005000000000000000e+02 1.720156999999999812e+02
3.010000000000000000e+02 1.723031000000000290e+02
3.015000000000000000e+02 1.725893999999999551e+02
3.020000000000000000e+02 1.728757999999999697e+02
3.025000000000000000e+02 1.731632000000000176e+02
3.030000000000000000e+02 1.734495999999999754e+02
3.035000000000000000e+02 1.737368999999999915e+02
3.040000000000000000e+02 1.740232999999999493e+02
3.045000000000000000e+02 1.743097000000000492e+02
3.050000000000000000e+02 1.745970999999999549e+02
3.055000000000000000e+02 1.748833999999999662e+02
3.060000000000000000e+02 1.751708000000000425e+02
3.065000000000000000e+02 1.754571999999999719e+02
3.070000000000000000e+02 1.757436000000000149e+02
3.075000000000000000e+02 1.760309000000000026e+02
3.080000000000000000e+02 1.763175000000000523e+02
3.085000000000000000e+02 1.766048999999999580e+02
3.090000000000000000e+02 1.768913000000000011e+02
3.095000000000000000e+02 1.771787000000000205e+02
3.100000000000000000e+02 1.774650000000000318e+02
3.105000000000000000e+02 1.777513999999999896e+02
3.110000000000000000e+02 1.780387999999999806e+02
3.115000000000000000e+02 1.783252000000000521e+02
3.120000000000000000e+02 1.786125999999999863e+02
3.125000000000000000e+02 1.788992000000000075e+02
3.130000000000000000e+02 1.791855999999999653e+02
3.135000000000000000e+02 1.794729000000000383e+02
3.140000000000000000e+02 1.797592999999999392e+02
3.145000000000000000e+02 1.800467000000000439e+02
3.150000000000000000e+02 1.803331000000000017e+02
3.155000000000000000e+02 1.806197000000000514e+02
3.160000000000000000e+02 1.809071000000000140e+02
3.165000000000000000e+02 1.811935000000000002e+02
3.169999999999999432e+02 1.814808999999999628e+02
3.175000000000000000e+02 1.817673000000000059e+02
3.180000000000000000e+02 1.820548999999999751e+02
3.185000000000000000e+02 1.823413000000000181e+02
3.190000000000000568e+02 1.826276000000000295e+02
3.195000000000000000e+02 1.829149999999999920e+02
3.200000000000000000e+02 1.832016000000000417e+02
3.205000000000000000e+02 1.834889999999999759e+02
3.210000000000000000e+02 1.837754000000000474e+02
3.215000000000000000e+02 1.840617999999999483e+02
3.220000000000000000e+02 1.843493999999999744e+02
3.225000000000000568e+02 1.846357999999999606e+02
3.230000000000000000e+02 1.849232000000000369e+02
3.234999999999999432e+02 1.852097999999999729e+02
3.240000000000000000e+02 1.854961999999999875e+02
3.245000000000000000e+02 1.857836000000000354e+02
3.250000000000000000e+02 1.860704000000000065e+02
3.255000000000000000e+02 1.863576000000000477e+02
3.260000000000000000e+02 1.866437999999999988e+02
3.265000000000000000e+02 1.869299999999999784e+02
3.269999999999999432e+02 1.872183999999999742e+02
3.275000000000000000e+02 1.875045999999999822e+02
3.279999999999999432e+02 1.877920000000000300e+02
3.285000000000000000e+02 1.880782000000000380e+02
3.290000000000000568e+02 1.883644000000000176e+02
3.295000000000000000e+02 1.886527999999999565e+02
3.300000000000000000e+02 1.889389999999999930e+02
3.305000000000000000e+02 1.892263999999999555e+02
3.310000000000000000e+02 1.895125999999999920e+02
3.315000000000000000e+02 1.897990000000000350e+02
3.320000000000000000e+02 1.900879999999999939e+02
3.325000000000000568e+02 1.903740000000000236e+02
3.330000000000000000e+02 1.906610000000000298e+02
3.335000000000000568e+02 1.909470000000000027e+02
3.340000000000000000e+02 1.912340000000000373e+02
3.345000000000000000e+02 1.915210000000000150e+02
3.350000000000000000e+02 1.918070000000000164e+02
3.355000000000000000e+02 1.920960000000000605e+02
3.360000000000000000e+02 1.923820000000000050e+02
3.365000000000000000e+02 1.926689999999999827e+02
3.369999999999999432e+02 1.929560000000000173e+02
3.375000000000000000e+02 1.932420000000000186e+02
3.379999999999999432e+02 1.935289999999999964e+02
3.385000000000000000e+02 1.938159999999999741e+02
3.390000000000000568e+02 1.941039999999999566e+02
3.395000000000000000e+02 1.943909999999999627e+02
3.400000000000000000e+02 1.946769999999999925e+02
3.405000000000000000e+02 1.949639999999999986e+02
3.410000000000000000e+02 1.952510000000000048e+02
3.415000000000000000e+02 1.955370000000000346e+02
3.420000000000000000e+02 1.958259999999999934e+02
3.425000000000000568e+02 1.961120000000000232e+02
3.430000000000000000e+02 1.964000000000000057e+02
3.434999999999999432e+02 1.966859999999999786e+02
3.440000000000000000e+02 1.969719999999999800e+02
3.445000000000000000e+02 1.972590000000000146e+02
3.450000000000000000e+02 1.975480000000000018e+02
3.455000000000000000e+02 1.978350000000000364e+02
3.460000000000000000e+02 1.981209999999999809e+02
3.465000000000000000e+02 1.984069999999999254e+02
3.469999999999999432e+02 1.986940000000000168e+02
3.475000000000000000e+02 1.989809999999999945e+02
3.479999999999999432e+02 1.992679999999999723e+02
3.485000000000000000e+02 1.995559999999999832e+02
3.490000000000000568e+02 1.998419999999999561e+02
3.495000000000000000e+02 2.001299999999999955e+02
3.500000000000000000e+02 2.004160000000000252e+02
3.505000000000000000e+02 2.007029999999999745e+02
3.510000000000000000e+02 2.009890000000000043e+02
3.515000000000000000e+02 2.012779999999999632e+02
3.520000000000000000e+02 2.015649999999999693e+02
3.525000000000000568e+02 2.018509999999999991e+02
3.530000000000000000e+02 2.021370000000000005e+02
3.535000000000000568e+02 2.024250000000000114e+02
3.540000000000000000e+02 2.027129999999999654e+02
3.545000000000000000e+02 2.030000000000000000e+02
3.550000000000000000e+02 2.032860000000000014e+02
3.555000000000000000e+02 2.035729999999999791e+02
3.560000000000000000e+02 2.038600000000000136e+02
3.565000000000000000e+02 2.041460000000000150e+02
3.569999999999999432e+02 2.044350000000000023e+02
3.575000000000000000e+02 2.047219999999999800e+02
3.579999999999999432e+02 2.050080000000000098e+02
3.585000000000000000e+02 2.052950000000000159e+02
3.590000000000000568e+02 2.055810000000000457e+02
3.595000000000000000e+02 2.058690000000000282e+02
3.600000000000000000e+02 2.061570000000000107e+02
3.605000000000000000e+02 2.064430000000000405e+02
3.610000000000000000e+02 2.067299999999999613e+02
3.615000000000000000e+02 2.070169999999999959e+02
3.620000000000000000e+02 2.073039999999999736e+02
3.625000000000000568e+02 2.075920000000000130e+02
3.630000000000000000e+02 2.078779999999999859e+02
3.634999999999999432e+02 2.081659999999999684e+02
3.640000000000000000e+02 2.084519999999999982e+02
3.645000000000000000e+02 2.087379999999999995e+02
3.650000000000000000e+02 2.090249999999999773e+02
3.655000000000000000e+02 2.093140000000000214e+02
3.660000000000000000e+02 2.096009999999999991e+02
3.665000000000000000e+02 2.098870000000000005e+02
3.669999999999999432e+02 2.101730000000000302e+02
3.675000000000000000e+02 2.104610000000000127e+02
3.679999999999999432e+02 2.107489999999999668e+02
3.685000000000000000e+02 2.110360000000000014e+02
3.690000000000000568e+02 2.113220000000000027e+02
3.695000000000000000e+02 2.116089999999999520e+02
3.700000000000000568e+02 2.118959999999999582e+02
3.705000000000000000e+02 2.121839999999999975e+02
3.710000000000000000e+02 2.124699999999999704e+02
3.715000000000000000e+02 2.127580000000000098e+02
3.720000000000000000e+02 2.130439999999999827e+02
3.725000000000000000e+02 2.133309999999999889e+02
3.730000000000000000e+02 2.136200000000000045e+02
3.735000000000000568e+02 2.139060000000000059e+02
3.740000000000000000e+02 2.141930000000000405e+02
3.745000000000000000e+02 2.144789999999999850e+02
3.750000000000000000e+02 2.147669999999999959e+02
3.755000000000000000e+02 2.150549999999999500e+02
3.760000000000000000e+02 2.153409999999999513e+02
3.765000000000000000e+02 2.156279999999999859e+02
3.769999999999999432e+02 2.159149999999999636e+02
3.775000000000000000e+02 2.162009999999999934e+02
3.779999999999999432e+02 2.164899999999999807e+02
3.785000000000000000e+02 2.167770000000000152e+02
3.790000000000000568e+02 2.170640000000000498e+02
3.795000000000000000e+02 2.173499999999999943e+02
3.800000000000000568e+02 2.176360000000000241e+02
3.805000000000000000e+02 2.179259999999999593e+02
3.810000000000000000e+02 2.182119999999999891e+02
3.815000000000000000e+02 2.184989999999999952e+02
3.820000000000000000e+02 2.187860000000000014e+02
3.825000000000000000e+02 2.190740000000000123e+02
3.830000000000000000e+02 2.193609999999999616e+02
3.834999999999999432e+02 2.196469999999999914e+02
3.840000000000000000e+02 2.199340000000000543e+02
3.845000000000000000e+02 2.202210000000000036e+02
3.850000000000000000e+02 2.205090000000000430e+02
3.855000000000000000e+02 2.207969999999999686e+02
3.860000000000000000e+02 2.210829999999999984e+02
3.865000000000000000e+02 2.213689999999999998e+02
3.869999999999999432e+02 2.216560000000000059e+02
3.875000000000000000e+02 2.219450000000000216e+02
3.879999999999999432e+02 2.222309999999999945e+02
3.885000000000000000e+02 2.225180000000000007e+02
3.890000000000000568e+02 2.228050000000000068e+02
3.895000000000000000e+02 2.230940000000000225e+02
3.900000000000000568e+02 2.233800000000000239e+02
3.905000000000000000e+02 2.236659999999999968e+02
3.910000000000000000e+02 2.239539999999999793e+02
3.915000000000000000e+02 2.242400000000000091e+02
3.920000000000000000e+02 2.245279999999999916e+02
3.925000000000000000e+02 2.248160000000000309e+02
3.930000000000000000e+02 2.251020000000000039e+02
3.935000000000000568e+02 2.253890000000000100e+02
3.940000000000000000e+02 2.256779999999999973e+02
3.945000000000000000e+02 2.259639999999999702e+02
3.950000000000000000e+02 2.262510000000000332e+02
3.955000000000000000e+02 2.265370000000000061e+02
3.960000000000000000e+02 2.268260000000000218e+02
3.965000000000000000e+02 2.271129999999999711e+02
3.969999999999999432e+02 2.273989999999999725e+02
3.975000000000000000e+02 2.276869999999999834e+02
3.979999999999999432e+02 2.279729999999999848e+02
3.985000000000000000e+02 2.282610000000000241e+02
3.990000000000000568e+02 2.285490000000000066e+02
3.995000000000000000e+02 2.288349999999999795e+02
4.000000000000000568e+02 2.291210000000000093e+02
4.005000000000000000e+02 2.294100000000000250e+02
4.010000000000000000e+02 2.296970000000000027e+02
4.015000000000000000e+02 2.299839999999999804e+02
4.020000000000000000e+02 2.302699999999999818e+02
4.025000000000000000e+02 2.305589999999999975e+02
4.030000000000000000e+02 2.308460000000000036e+02
4.034999999999999432e+02 2.311319999999999766e+02
4.040000000000000000e+02 2.314189999999999543e+02
4.045000000000000000e+02 2.317079999999999984e+02
4.050000000000000000e+02 2.319939999999999998e+02
4.055000000000000000e+02 2.322820000000000107e+02
4.060000000000000000e+02 2.325680000000000121e+02
4.065000000000000000e+02 2.328559999999999945e+02
4.069999999999999432e+02 2.331439999999999770e+02
4.075000000000000000e+02 2.334299999999999500e+02
4.079999999999999432e+02 2.337159999999999513e+02
4.085000000000000000e+02 2.340060000000000286e+02
4.090000000000000568e+02 2.342920000000000300e+02
4.095000000000000000e+02 2.345780000000000030e+02
4.100000000000000568e+02 2.348649999999999523e+02
4.105000000000000000e+02 2.351539999999999679e+02
4.110000000000000000e+02 2.354409999999999741e+02
4.115000000000000000e+02 2.357270000000000039e+02
4.120000000000000000e+02 2.360139999999999816e+02
4.125000000000000000e+02 2.363030000000000257e+02
4.130000000000000000e+02 2.365889999999999702e+02
4.135000000000000568e+02 2.368760000000000332e+02
4.140000000000000000e+02 2.371630000000000393e+02
4.145000000000000000e+02 2.374510000000000218e+02
4.150000000000000000e+02 2.377379999999999995e+02
4.155000000000000000e+02 2.380249999999999773e+02
4.160000000000000000e+02 2.383109999999999786e+02
4.165000000000000000e+02 2.386009999999999991e+02
4.169999999999999432e+02 2.388870000000000005e+02
4.175000000000000000e+02 2.391730000000000302e+02
4.179999999999999432e+02 2.394610000000000127e+02
4.185000000000000000e+02 2.397489999999999952e+02
4.190000000000000568e+02 2.400349999999999966e+02
4.195000000000000000e+02 2.403230000000000075e+02
4.200000000000000568e+02 2.406090000000000089e+02
4.205000000000000000e+02 2.408980000000000530e+02
4.210000000000000000e+02 2.411849999999999739e+02
4.215000000000000000e+02 2.414710000000000036e+02
4.220000000000000000e+02 2.417599999999999625e+02
4.225000000000000000e+02 2.420469999999999686e+02
4.230000000000000000e+02 2.423329999999999700e+02
4.234999999999999432e+02 2.426200000000000045e+02
4.240000000000000000e+02 2.429089999999999918e+02
4.244999999999999432e+02 2.431949999999999648e+02
4.250000000000000000e+02 2.434820000000000277e+02
4.255000000000000000e+02 2.437689999999999770e+02
4.260000000000000000e+02 2.440569999999999879e+02
4.265000000000000000e+02 2.443439999999999657e+02
4.270000000000000000e+02 2.446309999999999434e+02
4.275000000000000000e+02 2.449200000000000443e+02
4.279999999999999432e+02 2.451329999999999814e+02
4.285000000000000000e+02 2.452179999999999609e+02
4.290000000000000568e+02 2.453010000000000161e+02
4.295000000000000000e+02 2.453880000000000337e+02
4.300000000000000568e+02 2.454730000000000132e+02
4.305000000000000000e+02 2.455560000000000116e+02
4.310000000000000000e+02 2.456419999999999675e+02
4.315000000000000000e+02 2.457260000000000275e+02
4.320000000000000000e+02 2.456720000000000255e+02
4.325000000000000000e+02 2.453870000000000573e+02
4.330000000000000000e+02 2.451030000000000371e+02
4.335000000000000568e+02 2.448189999999999884e+02
4.340000000000000000e+02 2.445349999999999682e+02
4.344999999999999432e+02 2.442509999999999764e+02
4.350000000000000000e+02 2.439660000000000366e+02
4.355000000000000000e+02 2.436819999999999879e+02
4.360000000000000000e+02 2.433980000000000246e+02
4.365000000000000000e+02 2.431140000000000327e+02
4.370000000000000000e+02 2.428290000000000362e+02
4.375000000000000000e+02 2.425450000000000443e+02
4.379999999999999432e+02 2.422629999999999768e+02
4.385000000000000000e+02 2.419790000000000418e+02
4.390000000000000568e+02 2.416949999999999648e+02
4.395000000000000000e+02 2.414099999999999966e+02
4.400000000000000568e+02 2.411259999999999764e+02
4.405000000000000000e+02 2.408429999999999893e+02
4.410000000000000000e+02 2.405589999999999691e+02
4.415000000000000000e+02 2.402740000000000009e+02
4.420000000000000000e+02 2.399900000000000375e+02
4.425000000000000000e+02 2.397059999999999889e+02
4.430000000000000000e+02 2.394220000000000255e+02
4.434999999999999432e+02 2.391379999999999768e+02
4.440000000000000000e+02 2.388529999999999802e+02
4.444999999999999432e+02 2.385709999999999980e+02
4.450000000000000000e+02 2.382869999999999777e+02
4.455000000000000000e+02 2.380030000000000427e+02
4.460000000000000000e+02 2.377190000000000225e+02
4.465000000000000000e+02 2.374340000000000543e+02
4.470000000000000000e+02 2.371500000000000057e+02
4.475000000000000000e+02 2.368659999999999854e+02
4.479999999999999432e+02 2.365819999999999936e+02
4.485000000000000000e+02 2.362969999999999970e+02
4.490000000000000568e+02 2.360130000000000621e+02
4.495000000000000000e+02 2.357289999999999850e+02
4.500000000000000568e+02 2.354450000000000500e+02
4.505000000000000000e+02 2.351609999999999161e+02
4.510000000000000000e+02 2.348790000000000191e+02
4.515000000000000000e+02 2.345949999999999989e+02
4.520000000000000000e+02 2.343110000000000070e+02
4.525000000000000000e+02 2.340269999999999868e+02
4.530000000000000000e+02 2.337429999999999950e+02
4.535000000000000568e+02 2.334579999999999416e+02
4.540000000000000000e+02 2.331740000000000066e+02
4.544999999999999432e+02 2.328899999999999864e+02
4.550000000000000000e+02 2.326059999999999945e+02
4.555000000000000000e+02 2.323209999999999980e+02
4.560000000000000000e+02 2.320370000000000061e+02
4.565000000000000000e+02 2.317529999999999859e+02
4.570000000000000000e+02 2.314689999999999941e+02
4.575000000000000000e+02 2.311869999999999834e+02
4.579999999999999432e+02 2.309020000000000152e+02
4.585000000000000000e+02 2.306179999999999382e+02
4.590000000000000568e+02 2.303339999999999463e+02
4.595000000000000000e+02 2.300500000000000398e+02
4.600000000000000568e+02 2.297660000000000480e+02
4.605000000000000000e+02 2.294810000000000514e+02
4.610000000000000000e+02 2.291979999999999507e+02
4.615000000000000000e+02 2.289139999999999873e+02
4.620000000000000000e+02 2.286299999999999955e+02
4.625000000000000000e+02 2.283449999999999989e+02
4.630000000000000000e+02 2.280610000000000639e+02
4.634999999999999432e+02 2.277769999999999300e+02
4.640000000000000000e+02 2.274950000000000045e+02
4.644999999999999432e+02 2.272110000000000412e+02
4.650000000000000000e+02 2.269260000000000161e+02
4.655000000000000000e+02 2.266419999999999959e+02
4.660000000000000000e+02 2.263580000000000041e+02
4.665000000000000000e+02 2.260739999999999839e+02
4.670000000000000000e+02 2.257899999999999920e+02
4.675000000000000000e+02 2.255050000000000239e+02
4.679999999999999432e+02 2.252209999999999468e+02
4.685000000000000000e+02 2.249370000000000118e+02
4.690000000000000000e+02 2.246529999999999916e+02
4.695000000000000000e+02 2.243680000000000234e+02
4.700000000000000568e+02 2.240840000000000600e+02
4.705000000000000000e+02 2.238019999999999641e+02
4.710000000000000000e+02 2.235190000000000055e+02
4.715000000000000000e+02 2.232350000000000705e+02
4.720000000000000000e+02 2.229500000000000171e+02
4.725000000000000000e+02 2.226659999999999684e+02
4.730000000000000000e+02 2.223819999999999482e+02
4.735000000000000568e+02 2.220980000000000700e+02
4.740000000000000000e+02 2.218140000000000498e+02
4.744999999999999432e+02 2.215290000000000248e+02
4.750000000000000000e+02 2.212449999999999477e+02
4.755000000000000000e+02 2.209610000000000127e+02
4.760000000000000000e+02 2.206769999999999925e+02
4.765000000000000000e+02 2.203930000000000007e+02
4.770000000000000000e+02 2.201100000000000136e+02
4.775000000000000000e+02 2.198259999999999650e+02
4.779999999999999432e+02 2.195420000000000016e+02
4.785000000000000000e+02 2.192580000000000666e+02
4.790000000000000000e+02 2.189730000000000132e+02
4.795000000000000000e+02 2.186890000000000214e+02
4.800000000000000568e+02 2.184050000000000011e+02
4.805000000000000000e+02 2.181210000000000093e+02
4.810000000000000000e+02 2.178379999999999939e+02
4.815000000000000000e+02 2.175530000000000257e+02
4.820000000000000000e+02 2.172689999999999486e+02
4.825000000000000000e+02 2.169850000000000136e+02
4.830000000000000000e+02 2.167030000000000598e+02
4.834999999999999432e+02 2.164189999999999543e+02
4.840000000000000000e+02 2.161340000000000146e+02
4.844999999999999432e+02 2.158499999999999659e+02
4.850000000000000000e+02 2.155660000000000025e+02
4.855000000000000000e+02 2.152820000000000675e+02
4.860000000000000000e+02 2.149979999999999336e+02
4.865000000000000000e+02 2.147129999999999654e+02
4.870000000000000000e+02 2.144289999999999452e+02
4.875000000000000000e+02 2.141450000000000671e+02
4.879999999999999432e+02 2.138610000000000468e+02
4.885000000000000000e+02 2.135760000000000218e+02
4.890000000000000000e+02 2.132919999999999732e+02
4.895000000000000000e+02 2.130100000000000193e+02
4.900000000000000568e+02 2.127260000000000275e+02
4.905000000000000000e+02 2.124429999999999552e+02
4.910000000000000000e+02 2.121580000000000155e+02
4.915000000000000000e+02 2.118739999999999668e+02
4.919999999999999432e+02 2.115900000000000034e+02
4.925000000000000000e+02 2.113060000000000684e+02
4.930000000000000568e+02 2.110220000000000198e+02
4.935000000000000000e+02 2.107370000000000232e+02
4.940000000000000000e+02 2.104530000000000314e+02
4.944999999999999432e+02 2.101690000000000111e+02
4.950000000000000000e+02 2.098849999999999625e+02
4.955000000000000568e+02 2.096029999999999518e+02
4.960000000000000000e+02 2.093179999999999836e+02
4.965000000000000000e+02 2.090339999999999634e+02
4.969999999999999432e+02 2.087499999999999716e+02
4.975000000000000000e+02 2.084659999999999513e+02
4.980000000000000568e+02 2.081810000000000400e+02
4.985000000000000000e+02 2.078969999999999629e+02
4.990000000000000000e+02 2.076130000000000280e+02
4.994999999999999432e+02 2.073289999999999509e+02
5.000000000000000000e+02 2.070459999999999638e+02
5.005000000000000568e+02 2.067609999999999673e+02
5.010000000000000000e+02 2.064769999999999754e+02
5.015000000000000000e+02 2.061930000000000689e+02
5.019999999999999432e+02 2.059110000000000298e+02
5.025000000000000000e+02 2.056270000000000095e+02
5.030000000000000568e+02 2.053420000000000414e+02
5.035000000000000000e+02 2.050580000000000211e+02
5.040000000000000000e+02 2.047739999999999725e+02
5.044999999999999432e+02 2.044899999999999523e+02
5.050000000000000000e+02 2.042060000000000173e+02
5.055000000000000568e+02 2.039209999999999638e+02
5.060000000000000000e+02 2.036370000000000289e+02
5.065000000000000000e+02 2.033530000000000086e+02
5.069999999999999432e+02 2.030690000000000168e+02
5.075000000000000000e+02 2.027849999999999966e+02
5.080000000000000568e+02 2.025020000000000380e+02
5.085000000000000000e+02 2.022179999999999609e+02
5.090000000000000000e+02 2.019339999999999691e+02
5.094999999999999432e+02 2.016509999999999536e+02
5.100000000000000000e+02 2.013659999999999854e+02
5.105000000000000568e+02 2.010819999999999652e+02
5.110000000000000000e+02 2.007979999999999734e+02
5.115000000000000000e+02 2.005139999999999532e+02
5.119999999999999432e+02 2.002300000000000182e+02
5.125000000000000000e+02 1.999449999999999648e+02
5.130000000000000000e+02 1.996609999999999729e+02
5.135000000000000000e+02 1.993769999999999811e+02
5.140000000000000000e+02 1.990949999999999704e+02
5.145000000000000000e+02 1.988110000000000355e+02
5.150000000000000000e+02 1.985259999999999252e+02
5.155000000000000000e+02 1.982420000000000471e+02
5.160000000000000000e+02 1.979580000000000268e+02
5.165000000000000000e+02 1.976740000000000350e+02
5.170000000000000000e+02 1.973900000000000148e+02
5.175000000000000000e+02 1.971049999999999898e+02
5.180000000000000000e+02 1.968209999999999695e+02
5.185000000000000000e+02 1.965369999999999777e+02
5.190000000000000000e+02 1.962540000000000191e+02
5.195000000000000000e+02 1.959700000000000273e+02
5.200000000000000000e+02 1.956869999999999834e+02
5.205000000000000000e+02 1.954030000000000484e+02
5.210000000000000000e+02 1.951189999999999714e+02
5.215000000000000000e+02 1.948350000000000364e+02
5.220000000000000000e+02 1.945509999999999593e+02
5.225000000000000000e+02 1.942659999999999911e+02
5.230000000000000000e+02 1.939819999999999709e+02
5.235000000000000000e+02 1.936979999999999791e+02
5.240000000000000000e+02 1.934140000000000725e+02
5.245000000000000000e+02 1.931289999999999907e+02
5.250000000000000000e+02 1.928449999999999704e+02
5.255000000000000000e+02 1.925609999999999786e+02
5.260000000000000000e+02 1.922790000000000248e+02
5.265000000000000000e+02 1.919949999999999761e+02
5.270000000000000000e+02 1.917099999999999795e+02
5.275000000000000000e+02 1.914260000000000446e+02
5.280000000000000000e+02 1.911429999999999723e+02
5.285000000000000000e+02 1.908590000000000373e+02
5.290000000000000000e+02 1.905749999999999034e+02
5.295000000000000000e+02 1.902900000000000489e+02
5.300000000000000000e+02 1.900060000000000286e+02
5.305000000000000000e+02 1.897220000000000368e+02
5.310000000000000000e+02 1.894379999999999598e+02
5.315000000000000000e+02 1.891539999999999679e+02
5.320000000000000000e+02 1.888709999999999809e+02
5.325000000000000000e+02 1.885869999999999891e+02
5.330000000000000000e+02 1.883029999999999688e+02
5.335000000000000000e+02 1.880189999999999770e+02
5.340000000000000000e+02 1.877349999999999568e+02
5.345000000000000000e+02 1.874500000000000455e+02
5.350000000000000000e+02 1.871659999999999968e+02
5.355000000000000000e+02 1.868819999999999766e+02
5.360000000000000000e+02 1.865979999999999848e+02
5.365000000000000000e+02 1.863139999999999645e+02
5.370000000000000000e+02 1.860299999999999727e+02
5.375000000000000000e+02 1.857459999999999809e+02
5.380000000000000000e+02 1.854640000000000271e+02
5.385000000000000000e+02 1.851800000000000352e+02
5.390000000000000000e+02 1.848960000000000434e+02
5.395000000000000000e+02 1.846110000000000468e+02
5.400000000000000000e+02 1.843269999999999982e+02
5.405000000000000000e+02 1.840429999999999779e+02
5.410000000000000000e+02 1.837589999999999861e+02
5.415000000000000000e+02 1.834750000000000227e+02
5.420000000000000000e+02 1.831899999999999977e+02
5.425000000000000000e+02 1.829060000000000343e+02
5.430000000000000000e+02 1.826220000000000425e+02
5.435000000000000000e+02 1.823380000000000223e+02
5.440000000000000000e+02 1.820560000000000400e+02
5.445000000000000000e+02 1.817709999999999866e+02
5.450000000000000000e+02 1.814869999999999948e+02
5.455000000000000000e+02 1.812029999999999745e+02
5.460000000000000000e+02 1.809199999999999875e+02
5.465000000000000000e+02 1.806349999999999909e+02
5.470000000000000000e+02 1.803509999999999991e+02
5.475000000000000000e+02 1.800669999999999789e+02
5.480000000000000000e+02 1.797829999999999870e+02
5.485000000000000000e+02 1.794990000000000236e+02
5.490000000000000000e+02 1.792139999999999986e+02
5.495000000000000000e+02 1.789299999999999784e+02
5.500000000000000000e+02 1.786480000000000530e+02
5.505000000000000000e+02 1.783639999999999759e+02
5.510000000000000000e+02 1.780800000000000409e+02
5.515000000000000000e+02 1.777949999999999307e+02
5.520000000000000000e+02 1.775110000000000525e+02
5.525000000000000000e+02 1.772270000000000323e+02
5.530000000000000000e+02 1.769430000000000405e+02
5.535000000000000000e+02 1.766589999999999634e+02
5.540000000000000000e+02 1.763739999999999952e+02
5.545000000000000000e+02 1.760899999999999750e+02
5.550000000000000000e+02 1.758069999999999879e+02
5.555000000000000000e+02 1.755230000000000246e+02
5.560000000000000000e+02 1.752409999999999854e+02
5.565000000000000000e+02 1.749559999999999889e+02
5.570000000000000000e+02 1.746720000000000539e+02
5.575000000000000000e+02 1.743879999999999768e+02
5.580000000000000000e+02 1.741039999999999850e+02
5.585000000000000000e+02 1.738199999999999648e+02
5.590000000000000000e+02 1.735349999999999966e+02
5.595000000000000000e+02 1.732510000000000048e+02
5.600000000000000000e+02 1.729669999999999845e+02
5.605000000000000000e+02 1.726829999999999927e+02
5.610000000000000000e+02 1.723989999999999725e+02
5.615000000000000000e+02 1.721160000000000707e+02
5.620000000000000000e+02 1.718320000000000505e+02
5.625000000000000000e+02 1.715480000000000018e+02
5.630000000000000000e+02 1.712639999999999816e+02
5.635000000000000000e+02 1.709809999999999945e+02
5.640000000000000000e+02 1.706960000000000548e+02
5.645000000000000000e+02 1.704120000000000061e+02
5.650000000000000000e+02 1.701280000000000427e+02
5.655000000000000000e+02 1.698439999999999372e+02
5.660000000000000000e+02 1.695600000000000307e+02
5.665000000000000000e+02 1.692750000000000625e+02
5.670000000000000000e+02 1.689909999999999854e+02
5.675000000000000000e+02 1.687090000000000032e+02
5.680000000000000000e+02 1.684249999999999829e+02
5.685000000000000000e+02 1.681409999999999911e+02
5.690000000000000000e+02 1.678559999999999377e+02
5.695000000000000000e+02 1.675720000000000027e+02
5.700000000000000000e+02 1.672879999999999825e+02
5.705000000000000000e+02 1.670039999999999907e+02
5.710000000000000000e+02 1.667200000000000273e+02
5.715000000000000000e+02 1.664350000000000023e+02
5.720000000000000000e+02 1.661510000000000105e+02
5.725000000000000000e+02 1.658679999999999950e+02
5.730000000000000000e+02 1.655860000000000127e+02
5.735000000000000000e+02 1.653020000000000209e+02
5.740000000000000000e+02 1.650169999999999391e+02
5.745000000000000000e+02 1.647330000000000609e+02
5.750000000000000000e+02 1.644490000000000691e+02
5.755000000000000000e+02 1.641650000000000205e+02
5.760000000000000000e+02 1.638809999999999718e+02
5.765000000000000000e+02 1.635960000000000036e+02
5.770000000000000000e+02 1.633120000000000118e+02
5.775000000000000000e+02 1.630279999999999632e+02
5.780000000000000000e+02 1.627440000000000282e+02
5.785000000000000000e+02 1.624599999999999227e+02
5.790000000000000000e+02 1.621770000000000209e+02
5.795000000000000000e+02 1.618929999999999723e+02
5.800000000000000000e+02 1.616089999999999804e+02
5.805000000000000000e+02 1.613249999999999886e+02
5.810000000000000000e+02 1.610419999999999732e+02
5.815000000000000000e+02 1.607570000000000050e+02
5.820000000000000000e+02 1.604730000000000132e+02
5.825000000000000000e+02 1.601889999999999645e+02
5.830000000000000000e+02 1.599049999999999727e+02
5.835000000000000000e+02 1.596209999999999809e+02
5.840000000000000000e+02 1.593360000000000127e+02
5.845000000000000000e+02 1.590540000000000873e+02
5.850000000000000000e+02 1.587699999999999818e+02
5.855000000000000000e+02 1.584859999999999900e+02
5.860000000000000000e+02 1.582019999999999982e+02
5.865000000000000000e+02 1.579170000000000300e+02
5.870000000000000000e+02 1.576329999999999814e+02
5.875000000000000000e+02 1.573490000000000464e+02
5.880000000000000000e+02 1.570649999999999409e+02
5.885000000000000000e+02 1.567810000000000628e+02
5.890000000000000000e+02 1.564960000000000377e+02
5.895000000000000000e+02 1.562130000000000223e+02
5.900000000000000000e+02 1.559289999999999736e+02
5.905000000000000000e+02 1.556469999999999914e+02
5.910000000000000000e+02 1.553629999999999995e+02
5.915000000000000000e+02 1.550779999999999745e+02
5.920000000000000000e+02 1.547939999999999827e+02
5.925000000000000000e+02 1.545099999999999909e+02
5.930000000000000000e+02 1.542259999999999991e+02
5.935000000000000000e+02 1.539420000000000641e+02
5.940000000000000000e+02 1.536569999999999823e+02
5.945000000000000000e+02 1.533729999999999905e+02
5.950000000000000000e+02 1.530889999999999986e+02
5.955000000000000000e+02 1.528050000000000068e+02
5.960000000000000000e+02 1.525229999999999109e+02
5.965000000000000000e+02 1.522379999999999427e+02
5.970000000000000000e+02 1.519540000000000646e+02
5.975000000000000000e+02 1.516699999999999591e+02
5.980000000000000000e+02 1.513870000000000573e+02
5.985000000000000000e+02 1.511030000000000086e+02
5.990000000000000000e+02 1.508179999999999836e+02
5.995000000000000000e+02 1.505339999999999918e+02
6.000000000000000000e+02 1.502500000000000000e+02
6.005000000000000000e+02 1.499660000000000650e+02
6.010000000000000000e+02 1.496819999999999027e+02
6.015000000000000000e+02 1.493990000000000009e+02
6.020000000000000000e+02 1.491150000000000091e+02
6.025000000000000000e+02 1.488310000000000173e+02
6.030000000000000000e+02 1.485469999999999686e+02
6.035000000000000000e+02 1.482629999999999768e+02
6.040000000000000000e+02 1.479789999999999850e+02
6.045000000000000000e+02 1.476940000000000168e+02
6.050000000000000000e+02 1.474099999999999682e+02
6.055000000000000000e+02 1.471259999999999764e+02
6.060000000000000000e+02 1.468429999999999609e+02
6.065000000000000000e+02 1.465590000000000259e+02
6.070000000000000000e+02 1.462760000000000673e+02
6.075000000000000000e+02 1.459920000000000186e+02
6.080000000000000000e+02 1.457079999999999700e+02
6.085000000000000000e+02 1.454239999999999782e+02
6.090000000000000000e+02 1.451400000000000432e+02
6.095000000000000000e+02 1.448549999999999613e+02
6.100000000000000000e+02 1.445710000000000832e+02
6.105000000000000000e+02 1.442869999999999209e+02
6.110000000000000000e+02 1.440030000000000427e+02
6.115000000000000000e+02 1.437190000000000509e+02
6.120000000000000000e+02 1.434340000000000259e+02
6.125000000000000000e+02 1.431519999999999868e+02
6.130000000000000000e+02 1.428679999999999950e+02
6.135000000000000000e+02 1.425840000000000032e+02
6.140000000000000000e+02 1.423000000000000114e+02
6.145000000000000000e+02 1.420160000000000196e+02
6.150000000000000000e+02 1.417320000000000277e+02
6.155000000000000000e+02 1.414479999999999791e+02
6.160000000000000000e+02 1.411640000000000441e+02
6.165000000000000000e+02 1.408799999999999955e+02
6.170000000000000000e+02 1.405950000000000273e+02
6.175000000000000000e+02 1.403109999999999786e+02
6.180000000000000000e+02 1.400289999999999964e+02
6.185000000000000000e+02 1.397449999999999477e+02
6.190000000000000000e+02 1.394609999999999559e+02
6.195000000000000000e+02 1.391760000000000446e+02
6.200000000000000000e+02 1.388919999999999391e+02
6.205000000000000000e+02 1.386080000000000609e+02
6.210000000000000000e+02 1.383240000000000123e+02
6.215000000000000000e+02 1.380399999999999636e+02
6.220000000000000000e+02 1.377549999999999955e+02
6.225000000000000000e+02 1.374719999999999800e+02
6.230000000000000000e+02 1.371880000000000450e+02
6.235000000000000000e+02 1.369060000000000059e+02
6.240000000000000000e+02 1.366220000000000141e+02
6.245000000000000000e+02 1.363380000000000223e+02
6.250000000000000000e+02 1.360529999999999973e+02
6.255000000000000000e+02 1.357690000000000055e+02
6.260000000000000000e+02 1.354850000000000136e+02
6.265000000000000000e+02 1.352009999999999650e+02
6.270000000000000000e+02 1.349169999999999732e+02
6.275000000000000000e+02 1.346320000000000050e+02
6.280000000000000000e+02 1.343480000000000132e+02
6.285000000000000000e+02 1.340639999999999645e+02
6.290000000000000000e+02 1.337820000000000391e+02
6.295000000000000000e+02 1.334979999999999336e+02
6.300000000000000000e+02 1.332130000000000223e+02
6.305000000000000000e+02 1.329300000000000068e+02
6.310000000000000000e+02 1.326460000000000150e+02
6.315000000000001137e+02 1.323620000000000232e+02
6.320000000000000000e+02 1.320779999999999177e+02
6.325000000000000000e+02 1.317929999999999495e+02
6.330000000000000000e+02 1.315089999999999577e+02
6.335000000000000000e+02 1.312250000000000227e+02
6.339999999999998863e+02 1.309410000000000309e+02
6.345000000000000000e+02 1.306589999999999918e+02
6.350000000000000000e+02 1.303740000000000236e+02
6.355000000000000000e+02 1.300900000000000318e+02
6.360000000000000000e+02 1.298059999999999832e+02
6.365000000000000000e+02 1.295219999999999345e+02
6.370000000000000000e+02 1.292379999999999995e+02
6.375000000000000000e+02 1.289530000000000314e+02
6.380000000000001137e+02 1.286689999999999827e+02
6.385000000000000000e+02 1.283860000000000241e+02
6.390000000000000000e+02 1.281019999999999754e+02
6.395000000000000000e+02 1.278179999999999836e+02
6.400000000000000000e+02 1.275360000000000582e+02
6.404999999999998863e+02 1.272510000000000332e+02
6.410000000000000000e+02 1.269669999999999277e+02
6.415000000000000000e+02 1.266829999999999359e+02
6.420000000000000000e+02 1.263990000000000578e+02
6.425000000000000000e+02 1.261150000000000659e+02
6.430000000000000000e+02 1.258300000000000409e+02
6.435000000000000000e+02 1.255459999999999354e+02
6.440000000000000000e+02 1.252620000000000005e+02
6.445000000000000000e+02 1.249780000000000655e+02
6.450000000000001137e+02 1.246939999999999600e+02
6.455000000000000000e+02 1.244110000000000014e+02
6.460000000000000000e+02 1.241270000000000095e+02
6.465000000000000000e+02 1.238439999999999941e+02
6.469999999999998863e+02 1.235600000000000591e+02
6.474999999999998863e+02 1.232760000000000105e+02
6.480000000000000000e+02 1.229909999999999854e+02
6.485000000000000000e+02 1.227069999999999936e+02
6.490000000000000000e+02 1.224230000000000018e+02
6.495000000000000000e+02 1.221390000000000100e+02
6.500000000000000000e+02 1.218549999999999613e+02
6.505000000000000000e+02 1.215730000000000359e+02
6.510000000000000000e+02 1.212879999999999541e+02
6.515000000000001137e+02 1.210040000000000759e+02
6.520000000000000000e+02 1.207199999999999136e+02
6.525000000000000000e+02 1.204359999999999786e+02
6.530000000000000000e+02 1.201519999999999868e+02
6.535000000000001137e+02 1.198670000000000186e+02
6.539999999999998863e+02 1.195830000000000268e+02
6.545000000000000000e+02 1.192999999999999545e+02
6.550000000000000000e+02 1.190160000000000196e+02
6.555000000000000000e+02 1.187320000000000277e+02
6.559999999999998863e+02 1.184490000000000123e+02
6.565000000000000000e+02 1.181650000000000205e+02
6.570000000000000000e+02 1.178809999999999718e+02
6.575000000000000000e+02 1.175969999999999800e+02
6.580000000000001137e+02 1.173129999999999882e+02
6.585000000000000000e+02 1.170280000000000200e+02
6.590000000000000000e+02 1.167439999999999145e+02
6.595000000000000000e+02 1.164599999999999795e+02
6.600000000000000000e+02 1.161760000000000446e+02
6.604999999999998863e+02 1.158919999999999959e+02
6.610000000000000000e+02 1.156100000000000136e+02
6.615000000000000000e+02 1.153249999999999886e+02
6.620000000000000000e+02 1.150419999999999732e+02
6.625000000000000000e+02 1.147580000000000382e+02
6.630000000000000000e+02 1.144739999999999895e+02
6.635000000000000000e+02 1.141900000000000546e+02
6.640000000000000000e+02 1.139049999999999727e+02
6.645000000000000000e+02 1.136210000000000377e+02
6.650000000000001137e+02 1.133370000000000459e+02
6.655000000000000000e+02 1.130529999999999973e+02
6.660000000000000000e+02 1.127690000000000055e+02
6.665000000000000000e+02 1.124859999999999900e+02
6.670000000000001137e+02 1.122019999999999982e+02
6.674999999999998863e+02 1.119179999999999495e+02
6.680000000000000000e+02 1.116340000000000146e+02
6.685000000000000000e+02 1.113499999999999659e+02
6.690000000000000000e+02 1.110649999999999977e+02
6.695000000000000000e+02 1.107820000000000391e+02
6.700000000000000000e+02 1.104979999999999905e+02
6.705000000000000000e+02 1.102139999999999986e+02
6.710000000000000000e+02 1.099300000000000068e+02
6.715000000000001137e+02 1.096479999999999677e+02
6.720000000000000000e+02 1.093629999999999427e+02
6.725000000000000000e+02 1.090789999999999509e+02
6.730000000000000000e+02 1.087950000000000728e+02
6.735000000000001137e+02 1.085110000000000241e+02
6.739999999999998863e+02 1.082270000000000323e+02
6.745000000000000000e+02 1.079419999999999504e+02
6.750000000000000000e+02 1.076580000000000155e+02
6.755000000000000000e+02 1.073739999999999668e+02
6.759999999999998863e+02 1.070899999999999750e+02
6.765000000000000000e+02 1.068060000000000400e+02
6.770000000000000000e+02 1.065229999999999677e+02
6.775000000000000000e+02 1.062400000000000091e+02
6.780000000000001137e+02 1.059560000000000741e+02
6.785000000000000000e+02 1.056719999999999686e+02
6.790000000000000000e+02 1.053879999999999768e+02
6.795000000000000000e+02 1.051039999999999850e+02
6.800000000000000000e+02 1.048190000000000168e+02
6.804999999999998863e+02 1.045349999999999682e+02
6.810000000000000000e+02 1.042509999999999764e+02
6.815000000000000000e+02 1.039669999999999845e+02
6.820000000000000000e+02 1.036850000000000591e+02
6.825000000000000000e+02 1.034000000000000341e+02
6.830000000000000000e+02 1.031160000000000423e+02
6.835000000000000000e+02 1.028319999999999936e+02
6.840000000000000000e+02 1.025480000000000018e+02
6.845000000000000000e+02 1.022639999999999532e+02
6.850000000000001137e+02 1.019800000000000750e+02
6.855000000000000000e+02 1.016959999999999695e+02
6.860000000000000000e+02 1.014120000000000346e+02
6.865000000000000000e+02 1.011279999999999291e+02
6.869999999999998863e+02 1.008440000000000509e+02
6.874999999999998863e+02 1.005620000000000118e+02
6.880000000000000000e+02 1.002769999999999868e+02
6.885000000000000000e+02 9.999299999999999500e+01
6.890000000000000000e+02 9.970900000000000318e+01
6.895000000000000000e+02 9.942500000000001137e+01
6.900000000000000000e+02 9.914099999999996271e+01
6.905000000000000000e+02 9.885599999999999454e+01
6.910000000000000000e+02 9.857200000000000273e+01
6.915000000000001137e+02 9.828800000000001091e+01
6.920000000000000000e+02 9.800400000000001910e+01
6.925000000000000000e+02 9.772299999999995634e+01
6.930000000000000000e+02 9.743899999999996453e+01
6.935000000000001137e+02 9.715399999999999636e+01
6.939999999999998863e+02 9.687000000000000455e+01
6.945000000000000000e+02 9.658600000000006958e+01
6.950000000000000000e+02 9.630199999999990723e+01
6.955000000000000000e+02 9.601800000000002910e+01
6.959999999999998863e+02 9.573300000000006094e+01
6.965000000000000000e+02 9.544900000000006912e+01
6.970000000000000000e+02 9.516499999999996362e+01
6.975000000000000000e+02 9.488299999999998136e+01
6.980000000000001137e+02 9.459899999999998954e+01
6.985000000000000000e+02 9.431400000000002137e+01
6.990000000000000000e+02 9.402999999999997272e+01
6.995000000000000000e+02 9.374599999999998090e+01
7.000000000000000000e+02 9.346299999999996544e+01
7.004999999999998863e+02 9.317900000000003047e+01
7.010000000000000000e+02 9.289500000000003865e+01
7.015000000000000000e+02 9.261000000000001364e+01
7.020000000000000000e+02 9.232599999999996498e+01
7.025000000000000000e+02 9.204399999999998272e+01
7.030000000000000000e+02 9.176000000000004775e+01
7.035000000000000000e+02 9.147599999999994225e+01
7.040000000000000000e+02 9.119100000000003092e+01
7.045000000000000000e+02 9.090699999999992542e+01
7.050000000000001137e+02 9.062300000000004729e+01
7.055000000000000000e+02 9.033900000000005548e+01
7.060000000000000000e+02 9.005499999999994998e+01
7.065000000000000000e+02 8.977100000000001501e+01
7.070000000000001137e+02 8.948599999999999000e+01
7.074999999999998863e+02 8.920499999999998408e+01
7.080000000000000000e+02 8.892099999999999227e+01
7.085000000000000000e+02 8.863700000000000045e+01
7.090000000000000000e+02 8.835300000000000864e+01
7.095000000000000000e+02 8.806799999999998363e+01
7.100000000000000000e+02 8.778399999999999181e+01
7.105000000000000000e+02 8.750000000000000000e+01
7.110000000000000000e+02 8.721599999999995134e+01
7.115000000000001137e+02 8.693199999999995953e+01
7.120000000000000000e+02 8.664799999999996771e+01
7.125000000000000000e+02 8.636299999999999955e+01
7.130000000000000000e+02 8.608099999999990359e+01
7.135000000000001137e+02 8.579700000000002547e+01
7.139999999999998863e+02 8.551300000000003365e+01
7.145000000000000000e+02 8.522999999999996135e+01
7.150000000000000000e+02 8.494499999999999318e+01
7.155000000000000000e+02 8.466100000000000136e+01
7.159999999999998863e+02 8.437700000000000955e+01
7.165000000000000000e+02 8.409300000000001774e+01
7.170000000000000000e+02 8.380900000000002592e+01
7.175000000000000000e+02 8.352399999999994407e+01
7.180000000000001137e+02 8.324199999999996180e+01
7.185000000000000000e+02 8.295800000000002683e+01
7.190000000000000000e+02 8.267399999999997817e+01
7.195000000000000000e+02 8.238999999999998636e+01
7.200000000000000000e+02 8.210599999999999454e+01
7.204999999999998863e+02 8.182099999999996953e+01
7.210000000000000000e+02 8.153700000000009140e+01
7.215000000000000000e+02 8.125299999999998590e+01
7.220000000000000000e+02 8.097000000000002728e+01
7.225000000000000000e+02 8.068599999999997863e+01
7.230000000000000000e+02 8.040300000000007685e+01
7.235000000000000000e+02 8.011899999999997135e+01
7.240000000000000000e+02 7.983499999999997954e+01
7.245000000000000000e+02 7.955100000000004457e+01
7.250000000000001137e+02 7.926700000000005275e+01
7.255000000000000000e+02 7.898300000000000409e+01
7.260000000000000000e+02 7.869799999999992224e+01
7.265000000000000000e+02 7.841400000000004411e+01
7.269999999999998863e+02 7.813000000000005230e+01
7.274999999999998863e+02 7.784600000000000364e+01
7.280000000000000000e+02 7.756399999999996453e+01
7.285000000000000000e+02 7.727899999999999636e+01
7.290000000000000000e+02 7.699599999999998090e+01
7.295000000000000000e+02 7.671199999999998909e+01
7.300000000000000000e+02 7.642799999999999727e+01
7.305000000000000000e+02 7.614400000000000546e+01
7.310000000000000000e+02 7.585999999999995680e+01
7.315000000000001137e+02 7.557500000000004547e+01
7.320000000000000000e+02 7.529100000000005366e+01
7.325000000000000000e+02 7.500699999999994816e+01
7.330000000000000000e+02 7.472500000000002274e+01
7.335000000000001137e+02 7.444099999999997408e+01
7.339999999999998863e+02 7.415600000000006276e+01
7.345000000000000000e+02 7.387199999999990041e+01
7.350000000000000000e+02 7.358800000000002228e+01
7.355000000000000000e+02 7.330400000000003047e+01
7.359999999999998863e+02 7.302100000000001501e+01
7.365000000000000000e+02 7.273700000000002319e+01
7.370000000000000000e+02 7.245199999999999818e+01
7.375000000000000000e+02 7.216999999999995907e+01
7.380000000000001137e+02 7.188599999999996726e+01
7.385000000000000000e+02 7.160199999999997544e+01
7.390000000000000000e+02 7.131799999999998363e+01
7.395000000000000000e+02 7.103399999999993497e+01
7.400000000000001137e+02 7.074900000000002365e+01
7.404999999999998863e+02 7.046499999999997499e+01
7.410000000000000000e+02 7.018100000000004002e+01
7.415000000000000000e+02 6.989699999999993452e+01
7.420000000000000000e+02 6.961299999999994270e+01
7.425000000000000000e+02 6.933000000000004093e+01
7.430000000000000000e+02 6.904600000000004911e+01
7.435000000000000000e+02 6.876300000000003365e+01
7.440000000000000000e+02 6.847900000000004184e+01
7.445000000000000000e+02 6.819499999999999318e+01
7.450000000000000000e+02 6.791100000000000136e+01
7.455000000000000000e+02 6.762600000000003320e+01
7.460000000000000000e+02 6.734199999999998454e+01
7.465000000000000000e+02 6.705799999999993588e+01
7.470000000000001137e+02 6.677400000000000091e+01
7.475000000000000000e+02 6.649200000000007549e+01
7.480000000000000000e+02 6.620699999999999363e+01
7.485000000000000000e+02 6.592300000000005866e+01
7.490000000000000000e+02 6.563899999999995316e+01
7.495000000000000000e+02 6.535500000000001819e+01
7.500000000000000000e+02 6.507099999999996953e+01
7.505000000000000000e+02 6.478799999999995407e+01
7.510000000000000000e+02 6.450299999999998590e+01
7.515000000000001137e+02 6.421899999999993724e+01
7.520000000000000000e+02 6.393500000000005912e+01
7.525000000000000000e+02 6.365300000000002001e+01
7.530000000000000000e+02 6.336900000000002819e+01
7.535000000000001137e+02 6.308400000000006003e+01
7.539999999999998863e+02 6.280000000000001137e+01
7.545000000000000000e+02 6.251599999999996271e+01
7.550000000000000000e+02 6.223199999999997090e+01
7.555000000000000000e+02 6.194800000000003593e+01
7.559999999999998863e+02 6.166399999999998727e+01
7.565000000000000000e+02 6.137900000000001910e+01
7.570000000000000000e+02 6.109500000000002728e+01
7.575000000000000000e+02 6.081399999999996453e+01
7.580000000000001137e+02 6.053000000000002956e+01
7.585000000000000000e+02 6.024600000000003774e+01
7.590000000000000000e+02 5.996199999999993224e+01
7.595000000000000000e+02 5.967699999999996407e+01
7.600000000000001137e+02 5.939299999999997226e+01
7.604999999999998863e+02 5.910900000000009413e+01
7.610000000000000000e+02 5.882500000000004547e+01
7.615000000000000000e+02 5.854099999999999682e+01
7.620000000000000000e+02 5.825800000000003820e+01
7.624999999999998863e+02 5.797400000000004638e+01
7.630000000000000000e+02 5.768999999999999773e+01
7.635000000000000000e+02 5.740599999999994907e+01
7.640000000000000000e+02 5.712200000000001410e+01
7.645000000000000000e+02 5.683899999999999864e+01
7.650000000000000000e+02 5.655400000000003047e+01
7.655000000000000000e+02 5.627000000000003865e+01
7.660000000000000000e+02 5.598599999999999000e+01
7.665000000000000000e+02 5.570199999999999818e+01
7.669999999999998863e+02 5.542000000000001592e+01
7.675000000000000000e+02 5.513600000000002410e+01
7.680000000000000000e+02 5.485099999999994225e+01
7.685000000000000000e+02 5.456699999999995043e+01
7.690000000000000000e+02 5.428300000000007230e+01
7.695000000000000000e+02 5.399899999999996680e+01
7.700000000000000000e+02 5.371499999999997499e+01
7.705000000000000000e+02 5.342999999999994998e+01
7.710000000000000000e+02 5.314699999999999136e+01
7.715000000000001137e+02 5.286299999999999955e+01
7.720000000000000000e+02 5.258099999999996044e+01
7.725000000000000000e+02 5.229700000000002547e+01
7.730000000000000000e+02 5.201299999999997681e+01
7.735000000000001137e+02 5.172800000000000864e+01
7.739999999999998863e+02 5.144400000000001683e+01
7.745000000000000000e+02 5.116000000000002501e+01
7.750000000000000000e+02 5.087599999999997635e+01
7.755000000000000000e+02 5.059199999999998454e+01
7.759999999999998863e+02 5.030799999999999272e+01
7.765000000000000000e+02 5.002499999999997726e+01
7.770000000000000000e+02 4.974099999999998545e+01
7.775000000000000000e+02 4.945700000000005048e+01
7.780000000000001137e+02 4.917399999999992133e+01
7.785000000000000000e+02 4.889000000000004320e+01
7.790000000000000000e+02 4.860499999999996135e+01
7.795000000000000000e+02 4.832100000000002638e+01
7.800000000000001137e+02 4.803699999999997772e+01
7.804999999999998863e+02 4.775299999999998590e+01
7.810000000000000000e+02 4.746900000000005093e+01
7.815000000000000000e+02 4.718700000000001182e+01
7.820000000000000000e+02 4.690200000000004366e+01
7.824999999999998863e+02 4.661799999999999500e+01
7.830000000000000000e+02 4.633400000000000318e+01
7.835000000000000000e+02 4.605000000000001137e+01
7.840000000000000000e+02 4.576600000000001955e+01
7.845000000000000000e+02 4.548199999999997090e+01
7.850000000000000000e+02 4.519799999999997908e+01
7.855000000000000000e+02 4.491399999999998727e+01
7.860000000000000000e+02 4.463199999999994816e+01
7.865000000000000000e+02 4.434799999999995634e+01
7.870000000000001137e+02 4.406400000000007822e+01
7.875000000000000000e+02 4.378000000000002956e+01
7.880000000000000000e+02 4.349500000000000455e+01
7.885000000000000000e+02 4.321100000000001273e+01
7.890000000000000000e+02 4.292700000000002092e+01
7.895000000000000000e+02 4.264300000000002910e+01
7.900000000000000000e+02 4.235899999999998045e+01
7.905000000000000000e+02 4.207399999999995543e+01
7.910000000000000000e+02 4.179200000000003001e+01
7.915000000000001137e+02 4.150900000000001455e+01
7.920000000000000000e+02 4.122500000000007958e+01
7.925000000000000000e+02 4.094099999999997408e+01
7.930000000000000000e+02 4.065699999999998226e+01
7.935000000000001137e+02 4.037200000000001410e+01
7.939999999999998863e+02 4.008800000000002228e+01
7.945000000000000000e+02 3.980399999999991678e+01
7.950000000000000000e+02 3.951999999999998181e+01
7.955000000000000000e+02 3.923800000000005639e+01
7.959999999999998863e+02 3.895400000000006457e+01
7.965000000000000000e+02 3.866899999999998272e+01
7.970000000000000000e+02 3.838499999999999091e+01
7.975000000000000000e+02 3.810099999999999909e+01
7.980000000000001137e+02 3.781700000000006412e+01
7.985000000000000000e+02 3.753399999999999181e+01
7.990000000000000000e+02 3.725000000000005684e+01
7.995000000000000000e+02 3.696499999999991815e+01
8.000000000000001137e+02 3.668100000000004002e+01
8.004999999999998863e+02 3.639900000000005775e+01
8.010000000000000000e+02 3.611500000000000909e+01
8.015000000000000000e+02 3.583099999999996044e+01
8.020000000000000000e+02 3.554599999999999227e+01
8.024999999999998863e+02 3.526200000000000045e+01
8.030000000000000000e+02 3.497800000000000864e+01
8.035000000000000000e+02 3.469399999999995998e+01
8.040000000000000000e+02 3.440999999999996817e+01
8.045000000000000000e+02 3.412599999999997635e+01
8.050000000000000000e+02 3.384400000000005093e+01
8.055000000000000000e+02 3.355999999999994543e+01
8.060000000000000000e+02 3.327600000000001046e+01
8.065000000000000000e+02 3.299200000000001864e+01
8.069999999999998863e+02 3.270799999999996999e+01
8.075000000000000000e+02 3.242400000000003502e+01
8.080000000000000000e+02 3.213899999999995316e+01
8.085000000000000000e+02 3.185500000000001819e+01
8.090000000000000000e+02 3.157100000000002638e+01
8.095000000000000000e+02 3.128899999999998727e+01
8.100000000000000000e+02 3.100499999999999545e+01
8.105000000000000000e+02 3.072100000000000364e+01
8.110000000000000000e+02 3.043599999999997863e+01
8.115000000000001137e+02 3.015299999999996317e+01
8.120000000000000000e+02 2.986899999999997135e+01
8.125000000000000000e+02 2.958499999999997954e+01
8.130000000000000000e+02 2.930099999999998772e+01
8.135000000000001137e+02 2.901699999999999591e+01
8.139999999999998863e+02 2.873400000000003729e+01
8.145000000000000000e+02 2.844999999999998863e+01
8.150000000000000000e+02 2.816599999999999682e+01
8.155000000000000000e+02 2.788200000000000500e+01
8.159999999999998863e+02 2.759800000000001319e+01
8.165000000000000000e+02 2.731399999999990769e+01
8.170000000000000000e+02 2.702900000000005321e+01
8.175000000000000000e+02 2.674500000000006139e+01
8.180000000000001137e+02 2.646200000000004593e+01
8.185000000000000000e+02 2.617799999999999727e+01
8.190000000000000000e+02 2.589599999999995816e+01
8.195000000000000000e+02 2.561099999999999000e+01
8.200000000000001137e+02 2.532699999999999818e+01
8.204999999999998863e+02 2.504300000000000637e+01
8.210000000000000000e+02 2.475899999999995771e+01
8.215000000000000000e+02 2.447499999999996589e+01
8.220000000000000000e+02 2.419100000000003092e+01
8.224999999999998863e+02 2.390600000000000591e+01
8.230000000000000000e+02 2.362200000000001410e+01
8.235000000000000000e+02 2.333999999999997499e+01
8.240000000000000000e+02 2.305599999999998317e+01
8.245000000000000000e+02 2.277300000000002456e+01
8.250000000000000000e+02 2.248900000000003274e+01
8.255000000000000000e+02 2.220400000000006457e+01
8.260000000000000000e+02 2.191999999999990223e+01
8.265000000000000000e+02 2.163600000000002410e+01
8.270000000000001137e+02 2.135200000000003229e+01
8.275000000000000000e+02 2.106800000000004047e+01
8.280000000000000000e+02 2.078599999999994452e+01
8.285000000000000000e+02 2.050099999999997635e+01
8.290000000000000000e+02 2.021699999999998454e+01
8.295000000000000000e+02 1.993300000000010641e+01
8.300000000000000000e+02 1.964899999999994407e+01
8.305000000000000000e+02 1.936500000000000909e+01
8.310000000000000000e+02 1.908199999999999363e+01
8.315000000000000000e+02 1.879700000000002547e+01
8.320000000000000000e+02 1.851300000000003365e+01
8.325000000000000000e+02 1.823099999999999454e+01
8.330000000000000000e+02 1.794700000000000273e+01
8.335000000000001137e+02 1.766300000000001091e+01
8.339999999999998863e+02 1.737900000000001910e+01
8.345000000000000000e+02 1.709399999999993724e+01
8.350000000000000000e+02 1.681000000000000227e+01
8.355000000000000000e+02 1.652600000000001046e+01
8.359999999999998863e+02 1.624200000000001864e+01
8.365000000000000000e+02 1.595800000000002683e+01
8.370000000000000000e+02 1.567599999999993088e+01
8.375000000000000000e+02 1.539199999999999591e+01
8.380000000000001137e+02 1.510800000000006094e+01
8.385000000000000000e+02 1.482399999999995543e+01
8.390000000000000000e+02 1.454000000000002046e+01
8.395000000000000000e+02 1.425600000000002865e+01
8.400000000000001137e+02 1.397199999999997999e+01
8.404999999999998863e+02 1.368700000000001182e+01
8.410000000000000000e+02 1.340299999999996317e+01
8.415000000000000000e+02 1.312100000000003774e+01
8.420000000000000000e+02 1.283699999999998909e+01
8.424999999999998863e+02 1.255299999999999727e+01
8.430000000000000000e+02 1.226900000000000546e+01
8.435000000000000000e+02 1.198400000000003729e+01
8.440000000000000000e+02 1.170100000000002183e+01
8.445000000000000000e+02 1.141700000000003001e+01
8.450000000000000000e+02 1.113299999999998136e+01
8.455000000000000000e+02 1.084899999999993270e+01
8.460000000000000000e+02 1.056699999999995043e+01
8.465000000000001137e+02 1.028200000000009595e+01
8.469999999999998863e+02 9.997999999999933607e+00
8.475000000000000000e+02 9.713999999999998636e+00
8.480000000000000000e+02 9.429999999999949978e+00
8.485000000000000000e+02 9.146000000000015007e+00
8.489999999999998863e+02 8.862000000000080036e+00
8.495000000000000000e+02 8.576999999999998181e+00
8.500000000000000000e+02 8.292999999999949523e+00
8.505000000000000000e+02 8.009999999999934062e+00
8.510000000000000000e+02 7.728000000000008640e+00
8.515000000000000000e+02 7.444000000000073669e+00
8.520000000000000000e+02 7.159999999999968168e+00
8.525000000000000000e+02 6.875000000000000000e+00
8.530000000000000000e+02 6.591000000000008185e+00
8.535000000000001137e+02 6.307000000000016371e+00
8.540000000000000000e+02 6.023000000000024556e+00
8.545000000000000000e+02 5.738999999999975898e+00
8.550000000000000000e+02 5.457000000000050477e+00
8.555000000000000000e+02 5.171999999999968622e+00
8.559999999999998863e+02 4.888000000000090495e+00
8.565000000000000000e+02 4.603999999999928150e+00
8.570000000000000000e+02 4.321000000000026375e+00
8.575000000000000000e+02 4.036999999999977717e+00
8.580000000000001137e+02 3.752999999999985903e+00
8.585000000000000000e+02 3.467999999999960892e+00
8.590000000000000000e+02 3.183999999999969077e+00
8.595000000000000000e+02 2.901999999999986812e+00
8.600000000000001137e+02 2.618000000000051841e+00
8.604999999999998863e+02 2.334000000000003183e+00
8.610000000000000000e+02 2.050000000000011369e+00
8.615000000000000000e+02 1.764999999999986358e+00
8.620000000000000000e+02 1.480999999999994543e+00
8.624999999999998863e+02 1.197000000000002728e+00
8.630000000000000000e+02 9.139999999999872671e-01
8.635000000000000000e+02 6.299999999999954525e-01
8.640000000000000000e+02 3.480000000000700311e-01
8.645000000000000000e+02 6.300000000004501999e-02
8.650000000000000000e+02 -2.210000000000604814e-01
8.655000000000000000e+02 -5.049999999999954525e-01
8.660000000000000000e+02 -7.889999999999872671e-01
8.665000000000001137e+02 -1.073000000000035925e+00
8.670000000000001137e+02 -1.356999999999970896e+00
8.675000000000000000e+02 -1.642000000000052751e+00
8.680000000000000000e+02 -1.925999999999930878e+00
8.685000000000000000e+02 -2.208000000000026830e+00
8.689999999999998863e+02 -2.492000000000018645e+00
8.695000000000000000e+02 -2.775000000000034106e+00
8.700000000000000000e+02 -3.059000000000025921e+00
8.705000000000000000e+02 -3.343999999999994088e+00
8.710000000000000000e+02 -3.627999999999985903e+00
8.715000000000000000e+02 -3.912000000000034561e+00
8.720000000000000000e+02 -4.196000000000026375e+00
8.725000000000000000e+02 -4.480000000000018190e+00
8.730000000000000000e+02 -4.761999999999943611e+00
8.735000000000001137e+02 -5.046999999999968622e+00
8.740000000000000000e+02 -5.331000000000017280e+00
8.745000000000000000e+02 -5.615000000000009095e+00
8.750000000000000000e+02 -5.899000000000000909e+00
8.755000000000000000e+02 -6.181999999999959527e+00
8.759999999999998863e+02 -6.465999999999951342e+00
8.765000000000000000e+02 -6.750999999999976353e+00
8.770000000000000000e+02 -7.035000000000081855e+00
8.775000000000000000e+02 -7.317000000000007276e+00
8.780000000000001137e+02 -7.600999999999942247e+00
8.785000000000000000e+02 -7.885000000000047748e+00
8.790000000000000000e+02 -8.169000000000039563e+00
8.795000000000000000e+02 -8.454000000000007731e+00
8.800000000000001137e+02 -8.737999999999999545e+00
8.804999999999998863e+02 -9.022000000000048203e+00
8.810000000000000000e+02 -9.306000000000040018e+00
8.815000000000000000e+02 -9.589999999999974989e+00
8.820000000000000000e+02 -9.870999999999980901e+00
8.824999999999998863e+02 -1.015600000000000591e+01
8.830000000000000000e+02 -1.043999999999999773e+01
8.835000000000000000e+02 -1.072400000000004638e+01
8.840000000000000000e+02 -1.100799999999998136e+01
8.845000000000000000e+02 -1.129199999999997317e+01
8.850000000000000000e+02 -1.157599999999996498e+01
8.855000000000000000e+02 -1.186000000000001364e+01
8.860000000000000000e+02 -1.214499999999998181e+01
8.865000000000001137e+02 -1.242699999999996407e+01
8.869999999999998863e+02 -1.271100000000001273e+01
8.875000000000000000e+02 -1.299500000000000455e+01
8.880000000000000000e+02 -1.327800000000002001e+01
8.885000000000000000e+02 -1.356200000000006867e+01
8.889999999999998863e+02 -1.384699999999992315e+01
8.895000000000000000e+02 -1.413100000000002865e+01
8.900000000000000000e+02 -1.441499999999996362e+01
8.905000000000000000e+02 -1.469699999999994589e+01
8.910000000000000000e+02 -1.498099999999999454e+01
8.915000000000000000e+02 -1.526499999999998636e+01
8.920000000000000000e+02 -1.555000000000001137e+01
8.925000000000000000e+02 -1.583399999999994634e+01
8.930000000000000000e+02 -1.611799999999999500e+01
8.935000000000001137e+02 -1.640199999999998681e+01
8.940000000000000000e+02 -1.668500000000000227e+01
8.945000000000000000e+02 -1.696899999999999409e+01
8.950000000000000000e+02 -1.725199999999995271e+01
8.955000000000000000e+02 -1.753599999999994452e+01
8.959999999999998863e+02 -1.782000000000005002e+01
8.965000000000000000e+02 -1.810400000000004184e+01
8.970000000000000000e+02 -1.838800000000003365e+01
8.975000000000000000e+02 -1.867199999999991178e+01
8.980000000000001137e+02 -1.895700000000005048e+01
8.985000000000000000e+02 -1.924099999999998545e+01
8.990000000000000000e+02 -1.952500000000003411e+01
8.995000000000000000e+02 -1.980699999999995953e+01
9.000000000000001137e+02 -2.009000000000003183e+01
9.004999999999998863e+02 -2.037400000000008049e+01
9.010000000000000000e+02 -2.065800000000001546e+01
9.015000000000000000e+02 -2.094300000000004047e+01
9.020000000000000000e+02 -2.122699999999997544e+01
9.024999999999998863e+02 -2.151099999999991041e+01
9.030000000000000000e+02 -2.179499999999995907e+01
9.035000000000000000e+02 -2.207699999999994134e+01
9.040000000000000000e+02 -2.236100000000004684e+01
9.045000000000000000e+02 -2.264600000000001501e+01
9.050000000000000000e+02 -2.293000000000006366e+01
9.055000000000000000e+02 -2.321400000000005548e+01
9.060000000000000000e+02 -2.349799999999993361e+01
9.065000000000001137e+02 -2.378099999999994907e+01
9.070000000000001137e+02 -2.406499999999999773e+01
9.075000000000000000e+02 -2.435000000000002274e+01
9.080000000000000000e+02 -2.463199999999994816e+01
9.085000000000000000e+02 -2.491599999999993997e+01
9.089999999999998863e+02 -2.520000000000010232e+01
9.095000000000000000e+02 -2.548400000000003729e+01
9.100000000000000000e+02 -2.576800000000002910e+01
9.105000000000000000e+02 -2.605299999999999727e+01
9.110000000000000000e+02 -2.633699999999993224e+01
9.115000000000000000e+02 -2.662099999999998090e+01
9.120000000000000000e+02 -2.690499999999997272e+01
9.125000000000000000e+02 -2.718599999999997863e+01
9.130000000000000000e+02 -2.746999999999997044e+01
9.135000000000001137e+02 -2.775399999999990541e+01
9.140000000000000000e+02 -2.803900000000010095e+01
9.145000000000000000e+02 -2.832299999999997908e+01
9.150000000000000000e+02 -2.860699999999997090e+01
9.155000000000000000e+02 -2.889099999999996271e+01
9.159999999999998863e+02 -2.917500000000001137e+01
9.165000000000000000e+02 -2.945699999999999363e+01
9.170000000000000000e+02 -2.974199999999996180e+01
9.175000000000000000e+02 -3.002599999999995362e+01
9.180000000000001137e+02 -3.031000000000005912e+01
9.185000000000000000e+02 -3.059299999999996089e+01
9.190000000000000000e+02 -3.087700000000006639e+01
9.195000000000000000e+02 -3.116100000000000136e+01
9.200000000000001137e+02 -3.144600000000002638e+01
9.204999999999998863e+02 -3.173000000000001819e+01
9.210000000000000000e+02 -3.201200000000000045e+01
9.215000000000000000e+02 -3.229599999999999227e+01
9.220000000000000000e+02 -3.257999999999992724e+01
9.224999999999998863e+02 -3.286400000000003274e+01
9.230000000000000000e+02 -3.314900000000000091e+01
9.235000000000000000e+02 -3.343300000000010641e+01
9.240000000000000000e+02 -3.371600000000000819e+01
9.245000000000000000e+02 -3.400000000000000000e+01
9.250000000000000000e+02 -3.428200000000003911e+01
9.255000000000000000e+02 -3.456600000000003092e+01
9.260000000000000000e+02 -3.485000000000002274e+01
9.265000000000001137e+02 -3.513499999999999091e+01
9.269999999999998863e+02 -3.541899999999998272e+01
9.275000000000000000e+02 -3.570299999999997453e+01
9.280000000000000000e+02 -3.598699999999990951e+01
9.285000000000000000e+02 -3.627100000000001501e+01
9.289999999999998863e+02 -3.655500000000006366e+01
9.295000000000000000e+02 -3.683800000000002228e+01
9.300000000000000000e+02 -3.712100000000003774e+01
9.305000000000000000e+02 -3.740499999999997272e+01
9.310000000000000000e+02 -3.768900000000007822e+01
9.315000000000000000e+02 -3.797299999999995634e+01
9.320000000000000000e+02 -3.825699999999994816e+01
9.325000000000000000e+02 -3.854199999999991633e+01
9.330000000000000000e+02 -3.882599999999990814e+01
9.335000000000001137e+02 -3.910800000000006094e+01
9.340000000000000000e+02 -3.939200000000005275e+01
9.345000000000000000e+02 -3.967600000000004457e+01
9.350000000000000000e+02 -3.996000000000003638e+01
9.355000000000000000e+02 -4.024400000000002819e+01
9.359999999999998863e+02 -4.052800000000002001e+01
9.365000000000000000e+02 -4.081199999999995498e+01
9.370000000000000000e+02 -4.109600000000000364e+01
9.375000000000000000e+02 -4.137999999999993861e+01
9.380000000000000000e+02 -4.166199999999992087e+01
9.385000000000000000e+02 -4.194600000000008322e+01
9.390000000000000000e+02 -4.223099999999999454e+01
9.395000000000000000e+02 -4.251499999999998636e+01
9.400000000000001137e+02 -4.279899999999997817e+01
9.405000000000000000e+02 -4.308299999999996999e+01
9.410000000000000000e+02 -4.336699999999996180e+01
9.415000000000000000e+02 -4.365099999999995362e+01
9.420000000000000000e+02 -4.393200000000001637e+01
9.424999999999998863e+02 -4.421699999999998454e+01
9.430000000000000000e+02 -4.450099999999997635e+01
9.435000000000000000e+02 -4.478500000000008185e+01
9.440000000000000000e+02 -4.506899999999995998e+01
9.445000000000000000e+02 -4.535300000000006548e+01
9.450000000000000000e+02 -4.563700000000000045e+01
9.455000000000000000e+02 -4.592200000000002547e+01
9.460000000000000000e+02 -4.620399999999995089e+01
9.465000000000001137e+02 -4.648799999999994270e+01
9.470000000000001137e+02 -4.677199999999999136e+01
9.475000000000000000e+02 -4.705600000000004002e+01
9.480000000000000000e+02 -4.733899999999994179e+01
9.485000000000000000e+02 -4.762300000000004729e+01
9.489999999999998863e+02 -4.790800000000001546e+01
9.495000000000000000e+02 -4.819200000000000728e+01
9.500000000000000000e+02 -4.847599999999999909e+01
9.505000000000000000e+02 -4.875799999999992451e+01
9.510000000000000000e+02 -4.904200000000003001e+01
9.515000000000000000e+02 -4.932599999999990814e+01
9.520000000000000000e+02 -4.961099999999999000e+01
9.525000000000000000e+02 -4.989499999999998181e+01
9.530000000000000000e+02 -5.017900000000008731e+01
9.535000000000001137e+02 -5.046200000000004593e+01
9.540000000000000000e+02 -5.074600000000003774e+01
9.545000000000000000e+02 -5.102800000000002001e+01
9.550000000000000000e+02 -5.131200000000001182e+01
9.555000000000001137e+02 -5.159700000000003683e+01
9.559999999999998863e+02 -5.188099999999997181e+01
9.565000000000000000e+02 -5.216499999999996362e+01
9.570000000000000000e+02 -5.244899999999995543e+01
9.575000000000000000e+02 -5.273300000000006094e+01
9.580000000000000000e+02 -5.301700000000005275e+01
9.585000000000000000e+02 -5.330200000000002092e+01
9.590000000000000000e+02 -5.358400000000000318e+01
9.595000000000000000e+02 -5.386700000000007549e+01
9.600000000000001137e+02 -5.415099999999995362e+01
9.605000000000000000e+02 -5.443500000000005912e+01
9.610000000000000000e+02 -5.471899999999993724e+01
9.615000000000000000e+02 -5.500299999999992906e+01
9.620000000000000000e+02 -5.528799999999995407e+01
9.624999999999998863e+02 -5.557200000000005957e+01
9.630000000000000000e+02 -5.585400000000004184e+01
9.635000000000000000e+02 -5.613800000000003365e+01
9.640000000000000000e+02 -5.642200000000002547e+01
9.645000000000000000e+02 -5.670600000000001728e+01
9.650000000000000000e+02 -5.699000000000000909e+01
9.655000000000000000e+02 -5.727400000000000091e+01
9.660000000000000000e+02 -5.755799999999993588e+01
9.665000000000001137e+02 -5.784199999999998454e+01
9.669999999999998863e+02 -5.812399999999996680e+01
9.675000000000000000e+02 -5.840800000000001546e+01
9.680000000000000000e+02 -5.869200000000000728e+01
9.685000000000000000e+02 -5.897700000000008913e+01
9.689999999999998863e+02 -5.926100000000008095e+01
9.695000000000000000e+02 -5.954499999999995907e+01
9.700000000000000000e+02 -5.982899999999995089e+01
9.705000000000000000e+02 -6.011299999999994270e+01
9.710000000000000000e+02 -6.039400000000000546e+01
9.715000000000000000e+02 -6.067899999999997362e+01
9.720000000000000000e+02 -6.096299999999996544e+01
9.725000000000000000e+02 -6.124700000000007094e+01
9.730000000000000000e+02 -6.153100000000006276e+01
9.735000000000001137e+02 -6.181499999999999773e+01
9.740000000000000000e+02 -6.209900000000004638e+01
9.745000000000000000e+02 -6.238299999999998136e+01
9.750000000000000000e+02 -6.266800000000000637e+01
9.754999999999998863e+02 -6.294999999999998863e+01
9.759999999999998863e+02 -6.323399999999992360e+01
9.765000000000000000e+02 -6.351699999999993906e+01
9.770000000000000000e+02 -6.380099999999993088e+01
9.775000000000000000e+02 -6.408500000000003638e+01
9.780000000000000000e+02 -6.437000000000000455e+01
9.785000000000000000e+02 -6.465399999999999636e+01
9.790000000000000000e+02 -6.493799999999998818e+01
9.795000000000000000e+02 -6.522000000000002728e+01
9.800000000000001137e+02 -6.550400000000001910e+01
9.805000000000000000e+02 -6.578800000000001091e+01
9.810000000000000000e+02 -6.607199999999988904e+01
9.814999999999998863e+02 -6.635699999999997090e+01
9.820000000000000000e+02 -6.663999999999992951e+01
9.825000000000000000e+02 -6.692399999999997817e+01
9.830000000000000000e+02 -6.720800000000002683e+01
9.835000000000001137e+02 -6.749000000000006594e+01
9.839999999999998863e+02 -6.777400000000005775e+01
9.845000000000000000e+02 -6.805799999999999272e+01
9.850000000000000000e+02 -6.834300000000001774e+01
9.855000000000000000e+02 -6.862699999999995271e+01
9.860000000000001137e+02 -6.891099999999994452e+01
9.864999999999998863e+02 -6.919499999999993634e+01
9.870000000000000000e+02 -6.947900000000004184e+01
9.875000000000000000e+02 -6.976100000000002410e+01
9.880000000000000000e+02 -7.004500000000007276e+01
9.885000000000001137e+02 -7.032900000000006457e+01
9.889999999999998863e+02 -7.061300000000005639e+01
9.895000000000000000e+02 -7.089699999999993452e+01
9.900000000000000000e+02 -7.118099999999992633e+01
9.905000000000000000e+02 -7.146499999999997499e+01
9.910000000000001137e+02 -7.179300000000006321e+01
9.914999999999998863e+02 -7.223500000000001364e+01
9.920000000000000000e+02 -7.268000000000006366e+01
9.925000000000000000e+02 -7.312299999999999045e+01
9.930000000000000000e+02 -7.356800000000009732e+01
9.935000000000001137e+02 -7.400999999999999091e+01
9.939999999999998863e+02 -7.445399999999995089e+01
9.945000000000000000e+02 -7.489699999999993452e+01
9.950000000000000000e+02 -7.534100000000000819e+01
9.955000000000000000e+02 -7.578399999999999181e+01
9.960000000000001137e+02 -7.622800000000000864e+01
9.964999999999998863e+02 -7.667100000000004911e+01
9.970000000000000000e+02 -7.711600000000009913e+01
9.975000000000000000e+02 -7.755799999999993588e+01
9.980000000000000000e+02 -7.800299999999992906e+01
9.985000000000001137e+02 -7.844499999999993634e+01
9.989999999999998863e+02 -7.888999999999992951e+01
9.995000000000000000e+02 -7.933199999999999363e+01
1.000000000000000000e+03 -7.977600000000001046e+01
1.000500000000000000e+03 -8.021999999999997044e+01
1.001000000000000114e+03 -8.066399999999998727e+01
1.001499999999999886e+03 -8.110700000000008458e+01
1.002000000000000000e+03 -8.155100000000004457e+01
1.002500000000000000e+03 -8.199299999999993815e+01
1.003000000000000000e+03 -8.243799999999998818e+01
1.003500000000000114e+03 -8.287999999999999545e+01
1.003999999999999886e+03 -8.332499999999998863e+01
1.004500000000000000e+03 -8.376700000000005275e+01
1.005000000000000000e+03 -8.421200000000004593e+01
1.005500000000000000e+03 -8.465500000000002956e+01
1.006000000000000114e+03 -8.509900000000004638e+01
1.006499999999999886e+03 -8.554200000000003001e+01
1.007000000000000000e+03 -8.598599999999999000e+01
1.007500000000000000e+03 -8.642799999999999727e+01
1.008000000000000000e+03 -8.687299999999993361e+01
1.008500000000000114e+03 -8.731500000000005457e+01
1.008999999999999886e+03 -8.775999999999999091e+01
1.009500000000000000e+03 -8.820299999999997453e+01
1.010000000000000000e+03 -8.864800000000002456e+01
1.010500000000000000e+03 -8.909000000000003183e+01
1.011000000000000114e+03 -8.953399999999999181e+01
1.011499999999999886e+03 -8.997700000000008913e+01
1.012000000000000000e+03 -9.042099999999993543e+01
1.012500000000000000e+03 -9.086399999999991905e+01
1.013000000000000000e+03 -9.130799999999999272e+01
1.013500000000000114e+03 -9.175000000000000000e+01
1.013999999999999886e+03 -9.219499999999999318e+01
1.014500000000000000e+03 -9.263800000000003365e+01
1.015000000000000000e+03 -9.308299999999996999e+01
1.015500000000000000e+03 -9.352500000000003411e+01
1.016000000000000114e+03 -9.396899999999993724e+01
1.016499999999999886e+03 -9.441199999999992087e+01
1.017000000000000000e+03 -9.485599999999999454e+01
1.017500000000000000e+03 -9.529899999999997817e+01
1.018000000000000000e+03 -9.574299999999999500e+01
1.018500000000000114e+03 -9.618500000000000227e+01
1.018999999999999886e+03 -9.663000000000005230e+01
1.019500000000000000e+03 -9.707300000000003593e+01
1.020000000000000000e+03 -9.751800000000002910e+01
1.020500000000000000e+03 -9.796000000000009322e+01
1.021000000000000114e+03 -9.840399999999999636e+01
1.021499999999999886e+03 -9.884699999999997999e+01
1.022000000000000000e+03 -9.929099999999999682e+01
1.022500000000000000e+03 -9.973399999999992360e+01
1.023000000000000000e+03 -1.002719999999999345e+02
1.023500000000000114e+03 -1.008200000000000500e+02
1.023999999999999886e+03 -1.013689999999999714e+02
1.024500000000000000e+03 -1.019189999999999827e+02
1.025000000000000000e+03 -1.024669999999999845e+02
1.025500000000000000e+03 -1.030140000000000100e+02
1.026000000000000000e+03 -1.035629999999999882e+02
1.026500000000000000e+03 -1.041109999999999900e+02
1.027000000000000000e+03 -1.046610000000000582e+02
1.027500000000000000e+03 -1.052089999999999463e+02
1.028000000000000000e+03 -1.057559999999999718e+02
1.028500000000000000e+03 -1.063050000000000637e+02
1.029000000000000000e+03 -1.068530000000000086e+02
1.029500000000000000e+03 -1.074029999999999063e+02
1.030000000000000000e+03 -1.079499999999999886e+02
1.030500000000000000e+03 -1.084990000000000236e+02
1.031000000000000000e+03 -1.090469999999999686e+02
1.031500000000000000e+03 -1.095950000000000273e+02
1.032000000000000000e+03 -1.101450000000000387e+02
1.032500000000000000e+03 -1.106929999999999836e+02
1.033000000000000000e+03 -1.112409999999999854e+02
1.033500000000000000e+03 -1.117890000000001010e+02
1.034000000000000000e+03 -1.123369999999999891e+02
1.034500000000000000e+03 -1.128880000000000337e+02
1.035000000000000000e+03 -1.134349999999999454e+02
1.035500000000000000e+03 -1.139830000000000041e+02
1.036000000000000000e+03 -1.145310000000000059e+02
1.036500000000000000e+03 -1.150790000000000646e+02
1.037000000000000000e+03 -1.156299999999999955e+02
1.037500000000000000e+03 -1.161770000000000209e+02
1.038000000000000000e+03 -1.167250000000000227e+02
1.038500000000000000e+03 -1.172730000000000246e+02
1.039000000000000000e+03 -1.178219999999999459e+02
1.039500000000000000e+03 -1.183709999999999809e+02
1.040000000000000000e+03 -1.189189999999999259e+02
1.040500000000000000e+03 -1.194669999999999845e+02
1.041000000000000000e+03 -1.200160000000000196e+02
1.041500000000000000e+03 -1.205639999999999645e+02
1.042000000000000000e+03 -1.211109999999999900e+02
1.042500000000000000e+03 -1.216610000000000582e+02
1.043000000000000000e+03 -1.222089999999999463e+02
1.043500000000000000e+03 -1.227580000000000382e+02
1.044000000000000000e+03 -1.233050000000000068e+02
1.044500000000000000e+03 -1.238530000000000086e+02
1.045000000000000000e+03 -1.244029999999999063e+02
1.045500000000000000e+03 -1.249520000000000550e+02
1.046000000000000000e+03 -1.255000000000000000e+02
1.046500000000000000e+03 -1.260469999999999118e+02
1.047000000000000000e+03 -1.265950000000000273e+02
1.047500000000000000e+03 -1.271459999999999582e+02
1.048000000000000000e+03 -1.276939999999999600e+02
1.048500000000000000e+03 -1.282420000000000755e+02
1.049000000000000000e+03 -1.287890000000000441e+02
1.049500000000000000e+03 -1.293369999999999891e+02
1.050000000000000000e+03 -1.298879999999999768e+02
1.050500000000000000e+03 -1.304360000000000355e+02
1.051000000000000000e+03 -1.309830000000000041e+02
1.051500000000000000e+03 -1.315309999999999491e+02
1.052000000000000000e+03 -1.320799999999999272e+02
1.052500000000000000e+03 -1.326299999999999955e+02
1.053000000000000000e+03 -1.331779999999999973e+02
1.053500000000000000e+03 -1.337250000000000227e+02
1.054000000000000000e+03 -1.342740000000000009e+02
1.054500000000000000e+03 -1.348220000000000027e+02
1.055000000000000000e+03 -1.353719999999999573e+02
1.055500000000000000e+03 -1.359189999999999259e+02
1.056000000000000000e+03 -1.364680000000000746e+02
1.056500000000000000e+03 -1.370159999999999627e+02
1.057000000000000000e+03 -1.375639999999999645e+02
1.057500000000000000e+03 -1.381140000000000327e+02
1.058000000000000000e+03 -1.386610000000000582e+02
1.058500000000000000e+03 -1.392100000000000364e+02
1.059000000000000000e+03 -1.397580000000000382e+02
1.059500000000000000e+03 -1.403060000000000400e+02
1.060000000000000000e+03 -1.408549999999999613e+02
1.060500000000000000e+03 -1.414039999999999964e+02
1.061000000000000000e+03 -1.419520000000000550e+02
1.061500000000000000e+03 -1.425000000000000000e+02
1.062000000000000000e+03 -1.430480000000000018e+02
1.062500000000000000e+03 -1.435979999999999563e+02
1.063000000000000000e+03 -1.441459999999999582e+02
1.063500000000000000e+03 -1.446940000000000737e+02
1.064000000000000000e+03 -1.452419999999999618e+02
1.064500000000000000e+03 -1.457890000000000441e+02
1.065000000000000000e+03 -1.463379999999999654e+02
1.065500000000000000e+03 -1.468879999999999768e+02
1.066000000000000000e+03 -1.474360000000000355e+02
1.066500000000000000e+03 -1.479829999999999472e+02
1.067000000000000000e+03 -1.485320000000000391e+02
1.067500000000000000e+03 -1.490799999999999272e+02
1.068000000000000000e+03 -1.496299999999999955e+02
1.068500000000000000e+03 -1.501779999999999973e+02
1.069000000000000000e+03 -1.507259999999999422e+02
1.069500000000000000e+03 -1.512740000000000578e+02
1.070000000000000000e+03 -1.518220000000000027e+02
1.070500000000000000e+03 -1.523719999999999573e+02
1.071000000000000000e+03 -1.529189999999999827e+02
1.071500000000000000e+03 -1.534680000000000746e+02
1.072000000000000000e+03 -1.540159999999999627e+02
1.072500000000000000e+03 -1.545639999999999077e+02
1.073000000000000000e+03 -1.551129999999999427e+02
1.073500000000000000e+03 -1.556620000000000346e+02
1.074000000000000000e+03 -1.562099999999999795e+02
1.074500000000000000e+03 -1.567580000000000950e+02
1.075000000000000000e+03 -1.573060000000000400e+02
1.075500000000000000e+03 -1.578560000000000514e+02
1.076000000000000000e+03 -1.584039999999999964e+02
1.076500000000000000e+03 -1.589519999999999982e+02
1.077000000000000000e+03 -1.595000000000000000e+02
1.077500000000000000e+03 -1.600469999999999686e+02
1.078000000000000000e+03 -1.605979999999999563e+02
1.078500000000000000e+03 -1.611460000000000719e+02
1.079000000000000000e+03 -1.616940000000000168e+02
1.079500000000000000e+03 -1.622409999999999854e+02
1.080000000000000000e+03 -1.627899999999999636e+02
1.080500000000000000e+03 -1.633400000000000318e+02
1.081000000000000000e+03 -1.638879999999999768e+02
1.081500000000000000e+03 -1.644349999999999454e+02
1.082000000000000000e+03 -1.649840000000000373e+02
1.082500000000000000e+03 -1.655319999999999823e+02
1.083000000000000000e+03 -1.660819999999999936e+02
1.083500000000000000e+03 -1.666299999999999955e+02
1.084000000000000000e+03 -1.671770000000000209e+02
1.084500000000000000e+03 -1.677259999999999991e+02
1.085000000000000000e+03 -1.682740000000000009e+02
1.085500000000000000e+03 -1.688240000000000123e+02
1.086000000000000000e+03 -1.693709999999999809e+02
1.086500000000000000e+03 -1.699199999999999591e+02
1.087000000000000000e+03 -1.704680000000000746e+02
1.087500000000000000e+03 -1.710159999999999627e+02
1.088000000000000000e+03 -1.715650000000000546e+02
1.088500000000000000e+03 -1.721139999999999191e+02
1.089000000000000000e+03 -1.726619999999999777e+02
1.089500000000000000e+03 -1.732100000000000364e+02
1.090000000000000000e+03 -1.737569999999999482e+02
1.090500000000000000e+03 -1.743080000000000496e+02
1.091000000000000000e+03 -1.748559999999999945e+02
1.091500000000000000e+03 -1.754039999999999964e+02
1.092000000000000000e+03 -1.759509999999999081e+02
1.092500000000000000e+03 -1.764990000000000236e+02
1.093000000000000000e+03 -1.770499999999999545e+02
1.093500000000000000e+03 -1.775979999999998995e+02
1.094000000000000000e+03 -1.781460000000000150e+02
1.094500000000000000e+03 -1.786930000000000405e+02
1.095000000000000000e+03 -1.792419999999999618e+02
1.095500000000000000e+03 -1.797920000000000869e+02
1.096000000000000000e+03 -1.803400000000000318e+02
1.096500000000000000e+03 -1.808869999999999436e+02
1.097000000000000000e+03 -1.814360000000000355e+02
1.097500000000000000e+03 -1.819840000000000373e+02
1.098000000000000000e+03 -1.825339999999999918e+02
1.098500000000000000e+03 -1.830809999999999604e+02
1.099000000000000000e+03 -1.836289999999999623e+02
1.099500000000000000e+03 -1.841779999999999973e+02
1.100000000000000000e+03 -1.847259999999999991e+02
1.100500000000000000e+03 -1.852749999999999773e+02
1.101000000000000000e+03 -1.858229999999999791e+02
1.101500000000000000e+03 -1.863720000000000709e+02
1.102000000000000000e+03 -1.869199999999999591e+02
1.102500000000000000e+03 -1.874669999999999277e+02
1.103000000000000000e+03 -1.880150000000000432e+02
1.103500000000000000e+03 -1.885659999999999741e+02
1.104000000000000000e+03 -1.891139999999999191e+02
1.104500000000000000e+03 -1.896610000000000582e+02
1.105000000000000000e+03 -1.902090000000000600e+02
1.105500000000000000e+03 -1.907569999999999482e+02
1.106000000000000000e+03 -1.913079999999999927e+02
1.106500000000000000e+03 -1.918550000000000182e+02
1.107000000000000000e+03 -1.924030000000000200e+02
1.107500000000000000e+03 -1.929509999999999081e+02
1.108000000000000000e+03 -1.935000000000000568e+02
1.108500000000000000e+03 -1.940489999999999782e+02
1.109000000000000000e+03 -1.945969999999999800e+02
1.109500000000000000e+03 -1.951449999999999818e+02
1.110000000000000000e+03 -1.956939999999999600e+02
1.110500000000000000e+03 -1.962409999999999854e+02
1.111000000000000000e+03 -1.967909999999999400e+02
1.111500000000000000e+03 -1.973390000000000555e+02
1.112000000000000000e+03 -1.978870000000000573e+02
1.112500000000000000e+03 -1.984350000000000023e+02
1.113000000000000000e+03 -1.989829999999999472e+02
1.113500000000000000e+03 -1.995330000000000155e+02
1.114000000000000000e+03 -2.000810000000000173e+02
1.114500000000000000e+03 -2.006289999999999623e+02
1.115000000000000000e+03 -2.011770000000000209e+02
1.115500000000000000e+03 -2.017250000000000227e+02
1.116000000000000000e+03 -2.022749999999999773e+02
1.116500000000000000e+03 -2.028229999999999791e+02
1.117000000000000000e+03 -2.033710000000000946e+02
1.117500000000000000e+03 -2.039189999999999827e+02
1.118000000000000000e+03 -2.044669999999999277e+02
1.118500000000000000e+03 -2.050159999999999627e+02
1.119000000000000000e+03 -2.055649999999999977e+02
1.119500000000000000e+03 -2.061129999999999995e+02
1.120000000000000000e+03 -2.066610000000000582e+02
1.120500000000000000e+03 -2.072080000000000837e+02
1.121000000000000000e+03 -2.077590000000000146e+02
1.121500000000000000e+03 -2.083070000000000164e+02
1.122000000000000000e+03 -2.088550000000000182e+02
1.122500000000000000e+03 -2.094019999999999868e+02
1.123000000000000000e+03 -2.099510000000000218e+02
1.123500000000000000e+03 -2.105009999999999195e+02
1.124000000000000000e+03 -2.110490000000000350e+02
1.124500000000000000e+03 -2.115960000000000605e+02
1.125000000000000000e+03 -2.121440000000000055e+02
1.125500000000000000e+03 -2.126929999999999836e+02
1.126000000000000000e+03 -2.132430000000000518e+02
1.126500000000000000e+03 -2.137899999999999636e+02
1.127000000000000000e+03 -2.143379999999999654e+02
1.127500000000000000e+03 -2.148870000000000573e+02
1.128000000000000000e+03 -2.154340000000000259e+02
1.128500000000000000e+03 -2.159839999999999236e+02
1.129000000000000000e+03 -2.165320000000000960e+02
1.129500000000000000e+03 -2.170810000000000173e+02
1.130000000000000000e+03 -2.176279999999999291e+02
1.130500000000000000e+03 -2.181759999999999309e+02
1.131000000000000000e+03 -2.187259999999999991e+02
1.131500000000000000e+03 -2.192740000000000009e+02
1.132000000000000000e+03 -2.198220000000000027e+02
1.132500000000000000e+03 -2.203699999999999477e+02
1.133000000000000000e+03 -2.209180000000000064e+02
1.133500000000000000e+03 -2.214679999999999609e+02
1.134000000000000000e+03 -2.220159999999999627e+02
1.134500000000000000e+03 -2.225640000000000782e+02
1.135000000000000000e+03 -2.231119999999999663e+02
1.135500000000000000e+03 -2.236599999999999682e+02
1.136000000000000000e+03 -2.242099999999999227e+02
1.136500000000000000e+03 -2.247580000000000382e+02
1.137000000000000000e+03 -2.253060000000000400e+02
1.137500000000000000e+03 -2.258539999999999281e+02
1.138000000000000000e+03 -2.264010000000000673e+02
1.138500000000000000e+03 -2.269519999999999982e+02
1.139000000000000000e+03 -2.274999999999999432e+02
1.139500000000000000e+03 -2.280470000000000255e+02
1.140000000000000000e+03 -2.285950000000000273e+02
1.140500000000000000e+03 -2.291440000000000055e+02
1.141000000000000000e+03 -2.296939999999999600e+02
1.141500000000000000e+03 -2.302409999999999854e+02
1.142000000000000000e+03 -2.307889999999999873e+02
1.142500000000000000e+03 -2.313379999999999654e+02
1.143000000000000000e+03 -2.318859999999999673e+02
1.143500000000000000e+03 -2.324350000000000023e+02
1.144000000000000000e+03 -2.329830000000000041e+02
1.144500000000000000e+03 -2.335310000000000059e+02
1.145000000000000000e+03 -2.340800000000000409e+02
1.145500000000000000e+03 -2.346270000000000664e+02
1.146000000000000000e+03 -2.351770000000000209e+02
1.146500000000000000e+03 -2.357249999999999091e+02
1.147000000000000000e+03 -2.362730000000001382e+02
1.147500000000000000e+03 -2.368210000000000264e+02
1.148000000000000000e+03 -2.373689999999999714e+02
1.148500000000000000e+03 -2.379190000000000396e+02
1.149000000000000000e+03 -2.384660000000000650e+02
1.149500000000000000e+03 -2.390149999999999864e+02
1.150000000000000000e+03 -2.395629999999999882e+02
1.150500000000000000e+03 -2.401110000000001037e+02
1.151000000000000000e+03 -2.406599999999999682e+02
1.151500000000000000e+03 -2.412090000000000600e+02
1.152000000000000000e+03 -2.417569999999999482e+02
1.152500000000000000e+03 -2.423050000000000068e+02
1.153000000000000000e+03 -2.428520000000000323e+02
1.153500000000000000e+03 -2.434029999999999632e+02
1.154000000000000000e+03 -2.439510000000000218e+02
1.154500000000000000e+03 -2.444980000000000473e+02
1.155000000000000000e+03 -2.450460000000000491e+02
1.155500000000000000e+03 -2.455939999999999372e+02
1.156000000000000000e+03 -2.461449999999999818e+02
1.156500000000000000e+03 -2.466920000000000073e+02
1.157000000000000000e+03 -2.472400000000000091e+02
1.157500000000000000e+03 -2.477880000000000109e+02
1.158000000000000000e+03 -2.483370000000000459e+02
1.158500000000000000e+03 -2.488859999999999673e+02
1.159000000000000000e+03 -2.494339999999999691e+02
1.159500000000000000e+03 -2.499820000000000846e+02
1.160000000000000000e+03 -2.505299999999999727e+02
1.160500000000000000e+03 -2.510779999999999745e+02
1.161000000000000000e+03 -2.516279999999999291e+02
1.161500000000000000e+03 -2.521760000000000446e+02
1.162000000000000000e+03 -2.527230000000000700e+02
1.162500000000000000e+03 -2.532719999999999914e+02
1.163000000000000000e+03 -2.538200000000000500e+02
1.163500000000000000e+03 -2.543700000000000045e+02
1.164000000000000000e+03 -2.549170000000000300e+02
1.164500000000000000e+03 -2.554659999999999513e+02
1.165000000000000000e+03 -2.560140000000000100e+02
1.165500000000000000e+03 -2.565610000000000355e+02
1.166000000000000000e+03 -2.571109999999999900e+02
1.166500000000000000e+03 -2.576600000000000819e+02
1.167000000000000000e+03 -2.582080000000000268e+02
1.167500000000000000e+03 -2.587549999999999955e+02
1.168000000000000000e+03 -2.593029999999999404e+02
1.168500000000000000e+03 -2.598530000000000086e+02
1.169000000000000000e+03 -2.604010000000000105e+02
1.169500000000000000e+03 -2.609489999999999554e+02
1.170000000000000000e+03 -2.614969999999999573e+02
1.170500000000000000e+03 -2.620450000000000728e+02
1.171000000000000000e+03 -2.625950000000000273e+02
1.171500000000000000e+03 -2.631430000000000291e+02
1.172000000000000000e+03 -2.636910000000000309e+02
1.172500000000000000e+03 -2.642379999999999995e+02
1.173000000000000000e+03 -2.647870000000000346e+02
1.173500000000000000e+03 -2.653369999999999322e+02
1.174000000000000000e+03 -2.658850000000000477e+02
1.174500000000000000e+03 -2.664320000000000164e+02
1.175000000000000000e+03 -2.669800000000000182e+02
1.175500000000000000e+03 -2.675289999999999964e+02
1.176000000000000000e+03 -2.680790000000000646e+02
1.176500000000000000e+03 -2.686259999999999764e+02
1.177000000000000000e+03 -2.691739999999999213e+02
1.177500000000000000e+03 -2.697230000000000700e+02
1.178000000000000000e+03 -2.702700000000000387e+02
1.178500000000000000e+03 -2.708199999999999363e+02
1.179000000000000000e+03 -2.713679999999999950e+02
1.179500000000000000e+03 -2.719170000000000300e+02
1.180000000000000000e+03 -2.724639999999999418e+02
1.180500000000000000e+03 -2.730119999999999436e+02
1.181000000000000000e+03 -2.735620000000000118e+02
1.181500000000000000e+03 -2.741090000000000373e+02
1.182000000000000000e+03 -2.746579999999999586e+02
1.182500000000000000e+03 -2.752059999999999604e+02
1.183000000000000000e+03 -2.757540000000000191e+02
1.183500000000000000e+03 -2.763029999999999973e+02
1.184000000000000000e+03 -2.768519999999999754e+02
1.184500000000000000e+03 -2.773999999999999773e+02
1.185000000000000000e+03 -2.779470000000000027e+02
1.185500000000000000e+03 -2.784950000000000045e+02
1.186000000000000000e+03 -2.790449999999999591e+02
1.186500000000000000e+03 -2.795940000000000509e+02
1.187000000000000000e+03 -2.801410000000000196e+02
1.187500000000000000e+03 -2.806889999999999645e+02
1.188000000000000000e+03 -2.812370000000000800e+02
1.188500000000000000e+03 -2.817870000000000346e+02
1.189000000000000000e+03 -2.823349999999999795e+02
1.189500000000000000e+03 -2.828829999999999245e+02
1.190000000000000000e+03 -2.834310000000000400e+02
1.190500000000000000e+03 -2.839790000000000418e+02
1.191000000000000000e+03 -2.845289999999999964e+02
1.191500000000000000e+03 -2.850769999999999982e+02
1.192000000000000000e+03 -2.856240000000000236e+02
1.192500000000000000e+03 -2.861719999999999686e+02
1.193000000000000000e+03 -2.867210000000000036e+02
1.193500000000000000e+03 -2.872699999999999250e+02
1.194000000000000000e+03 -2.878180000000000405e+02
1.194500000000000000e+03 -2.883659999999999854e+02
1.195000000000000000e+03 -2.889149999999999636e+02
1.195500000000000000e+03 -2.894620000000001028e+02
1.196000000000000000e+03 -2.900120000000000573e+02
1.196500000000000000e+03 -2.905599999999999454e+02
1.197000000000000000e+03 -2.911079999999999472e+02
1.197500000000000000e+03 -2.916560000000000628e+02
1.198000000000000000e+03 -2.922040000000000077e+02
1.198500000000000000e+03 -2.927539999999999623e+02
1.199000000000000000e+03 -2.933009999999999877e+02
1.199500000000000000e+03 -2.938500000000000227e+02
1.200000000000000000e+03 -2.943980000000000246e+02
1.200500000000000000e+03 -2.949450000000000500e+02
1.201000000000000000e+03 -2.954950000000000045e+02
1.201500000000000000e+03 -2.960439999999999827e+02
1.202000000000000000e+03 -2.965919999999999845e+02
1.202500000000000000e+03 -2.971389999999999532e+02
1.203000000000000000e+03 -2.976889999999999645e+02
1.203500000000000000e+03 -2.982379999999999995e+02
1.204000000000000000e+03 -2.987849999999999682e+02
1.204500000000000000e+03 -2.993329999999999700e+02
1.205000000000000000e+03 -2.998810000000000855e+02
1.205500000000000000e+03 -3.004299999999999500e+02
1.206000000000000000e+03 -3.009789999999999281e+02
1.206500000000000000e+03 -3.015270000000000437e+02
1.207000000000000000e+03 -3.020749999999999886e+02
1.207500000000000000e+03 -3.026219999999999573e+02
1.208000000000000000e+03 -3.031729999999999450e+02
1.208500000000000000e+03 -3.037210000000000036e+02
1.209000000000000000e+03 -3.042680000000000291e+02
1.209500000000000000e+03 -3.048159999999999172e+02
1.210000000000000000e+03 -3.053640000000000327e+02
1.210500000000000000e+03 -3.059139999999999873e+02
1.211000000000000000e+03 -3.064619999999999891e+02
1.211500000000000000e+03 -3.070099999999999909e+02
1.212000000000000000e+03 -3.075579999999999927e+02
1.212500000000000000e+03 -3.081060000000000514e+02
1.213000000000000000e+03 -3.086559999999999491e+02
1.213500000000000000e+03 -3.092040000000000077e+02
1.214000000000000000e+03 -3.097510000000000900e+02
1.214500000000000000e+03 -3.102999999999999545e+02
1.215000000000000000e+03 -3.108479999999999563e+02
1.215500000000000000e+03 -3.113969999999999345e+02
1.216000000000000000e+03 -3.119450000000000500e+02
1.216500000000000000e+03 -3.124929999999999382e+02
1.217000000000000000e+03 -3.130419999999999163e+02
1.217500000000000000e+03 -3.135890000000000555e+02
1.218000000000000000e+03 -3.141389999999999532e+02
1.218500000000000000e+03 -3.146869999999999550e+02
1.219000000000000000e+03 -3.152349999999999568e+02
1.219500000000000000e+03 -3.157830000000000155e+02
1.220000000000000000e+03 -3.163310000000000173e+02
1.220500000000000000e+03 -3.168799999999999955e+02
1.221000000000000000e+03 -3.174290000000000873e+02
1.221500000000000000e+03 -3.179770000000000891e+02
1.222000000000000000e+03 -3.185240000000000009e+02
1.222500000000000000e+03 -3.190719999999999459e+02
1.223000000000000000e+03 -3.196220000000000141e+02
1.223500000000000000e+03 -3.201709999999999923e+02
1.224000000000000000e+03 -3.207180000000000177e+02
1.224500000000000000e+03 -3.212659999999999627e+02
1.225000000000000000e+03 -3.218140000000000782e+02
1.225500000000000000e+03 -3.223639999999999191e+02
1.226000000000000000e+03 -3.229120000000000346e+02
1.226500000000000000e+03 -3.234600000000000364e+02
1.227000000000000000e+03 -3.240070000000000050e+02
1.227500000000000000e+03 -3.245550000000000068e+02
1.228000000000000000e+03 -3.251059999999999377e+02
1.228500000000000000e+03 -3.256539999999999964e+02
1.229000000000000000e+03 -3.262010000000000218e+02
1.229500000000000000e+03 -3.267490000000000236e+02
1.230000000000000000e+03 -3.272980000000000018e+02
1.230500000000000000e+03 -3.278469999999999800e+02
1.231000000000000000e+03 -3.283949999999999818e+02
1.231500000000000000e+03 -3.289429999999999836e+02
1.232000000000000000e+03 -3.294909999999999286e+02
1.232500000000000000e+03 -3.300390000000000441e+02
1.233000000000000000e+03 -3.305889999999999418e+02
1.233500000000000000e+03 -3.311359999999999673e+02
1.234000000000000000e+03 -3.316840000000000828e+02
1.234500000000000000e+03 -3.322329999999999472e+02
1.235000000000000000e+03 -3.327799999999999727e+02
1.235500000000000000e+03 -3.333299999999999272e+02
1.236000000000000000e+03 -3.338780000000000427e+02
1.236500000000000000e+03 -3.344270000000000209e+02
1.237000000000000000e+03 -3.349739999999999895e+02
1.237500000000000000e+03 -3.355220000000000482e+02
1.238000000000000000e+03 -3.360720000000000027e+02
1.238500000000000000e+03 -3.366190000000000282e+02
1.239000000000000000e+03 -3.371679999999999495e+02
1.239500000000000000e+03 -3.377160000000000082e+02
1.240000000000000000e+03 -3.382650000000000432e+02
1.240500000000000000e+03 -3.388129999999999882e+02
1.241000000000000000e+03 -3.393619999999999663e+02
1.241500000000000000e+03 -3.399090000000001055e+02
1.242000000000000000e+03 -3.404569999999999936e+02
1.242500000000000000e+03 -3.410069999999999482e+02
1.243000000000000000e+03 -3.415549999999999500e+02
1.243500000000000000e+03 -3.421030000000000086e+02
1.244000000000000000e+03 -3.426510000000000105e+02
1.244500000000000000e+03 -3.431989999999999554e+02
1.245000000000000000e+03 -3.437480000000000473e+02
1.245500000000000000e+03 -3.442970000000000255e+02
1.246000000000000000e+03 -3.448450000000000273e+02
1.246500000000000000e+03 -3.453919999999999391e+02
1.247000000000000000e+03 -3.459399999999999977e+02
1.247500000000000000e+03 -3.464909999999999854e+02
1.248000000000000000e+03 -3.470379999999999541e+02
1.248500000000000000e+03 -3.475859999999999559e+02
1.249000000000000000e+03 -3.481340000000000714e+02
1.249500000000000000e+03 -3.486810000000000400e+02
1.250000000000000000e+03 -3.492320000000000277e+02
1.250500000000000000e+03 -3.497800000000000864e+02
1.251000000000000000e+03 -3.503269999999999982e+02
1.251500000000000000e+03 -3.508750000000000000e+02
1.252000000000000000e+03 -3.514239999999999782e+02
1.252500000000000000e+03 -3.519730000000000700e+02
1.253000000000000000e+03 -3.525209999999999582e+02
1.253500000000000000e+03 -3.530690000000000168e+02
1.254000000000000000e+03 -3.536169999999999618e+02
1.254500000000000000e+03 -3.541649999999999636e+02
1.255000000000000000e+03 -3.547150000000000318e+02
1.255500000000000000e+03 -3.552619999999999436e+02
1.256000000000000000e+03 -3.558099999999999454e+02
1.256500000000000000e+03 -3.563590000000000373e+02
1.257000000000000000e+03 -3.569069999999999823e+02
1.257500000000000000e+03 -3.574560000000000173e+02
1.258000000000000000e+03 -3.580040000000000191e+02
1.258500000000000227e+03 -3.585529999999999973e+02
1.259000000000000000e+03 -3.591000000000000227e+02
1.259499999999999773e+03 -3.596479999999999109e+02
1.260000000000000000e+03 -3.601980000000000359e+02
1.260500000000000000e+03 -3.607459999999999809e+02
1.261000000000000000e+03 -3.612939999999999827e+02
1.261500000000000000e+03 -3.618420000000000982e+02
1.262000000000000000e+03 -3.623890000000000100e+02
1.262500000000000000e+03 -3.629390000000000782e+02
1.263000000000000227e+03 -3.634879999999999427e+02
1.263499999999999773e+03 -3.640349999999999113e+02
1.264000000000000000e+03 -3.645830000000000837e+02
1.264500000000000000e+03 -3.651329999999999814e+02
1.265000000000000000e+03 -3.656809999999999832e+02
1.265500000000000000e+03 -3.662290000000000418e+02
1.266000000000000000e+03 -3.667770000000000437e+02
1.266500000000000000e+03 -3.673239999999999554e+02
1.267000000000000000e+03 -3.678740000000000236e+02
1.267500000000000227e+03 -3.684230000000000018e+02
1.267999999999999773e+03 -3.689699999999999704e+02
1.268500000000000000e+03 -3.695179999999999723e+02
1.269000000000000000e+03 -3.700660000000000878e+02
1.269500000000000000e+03 -3.706160000000000423e+02
1.270000000000000000e+03 -3.711640000000000441e+02
1.270500000000000000e+03 -3.717119999999999891e+02
1.271000000000000000e+03 -3.722589999999999009e+02
1.271500000000000227e+03 -3.728080000000001064e+02
1.272000000000000000e+03 -3.733579999999999472e+02
1.272499999999999773e+03 -3.739049999999999727e+02
1.273000000000000000e+03 -3.744530000000000314e+02
1.273500000000000000e+03 -3.750010000000000332e+02
1.274000000000000000e+03 -3.755489999999999782e+02
1.274500000000000000e+03 -3.760989999999999895e+02
1.275000000000000000e+03 -3.766470000000000482e+02
1.275500000000000000e+03 -3.771939999999999600e+02
1.276000000000000227e+03 -3.777430000000000518e+02
1.276499999999999773e+03 -3.782910000000000537e+02
1.277000000000000000e+03 -3.788400000000000318e+02
1.277500000000000000e+03 -3.793880000000000337e+02
1.278000000000000000e+03 -3.799359999999999786e+02
1.278500000000000000e+03 -3.804839999999999236e+02
1.279000000000000000e+03 -3.810320000000000391e+02
1.279500000000000000e+03 -3.815819999999999936e+02
1.280000000000000000e+03 -3.821289999999999623e+02
1.280500000000000000e+03 -3.826779999999999973e+02
1.280999999999999773e+03 -3.832259999999999991e+02
1.281500000000000000e+03 -3.837729999999999677e+02
1.282000000000000000e+03 -3.843229999999999791e+02
1.282500000000000000e+03 -3.848720000000000709e+02
1.283000000000000000e+03 -3.854189999999999827e+02
1.283500000000000000e+03 -3.859669999999999845e+02
1.284000000000000000e+03 -3.865170000000000528e+02
1.284500000000000227e+03 -3.870640000000000214e+02
1.285000000000000000e+03 -3.876130000000000564e+02
1.285499999999999773e+03 -3.881609999999999445e+02
1.286000000000000000e+03 -3.887079999999999700e+02
1.286500000000000000e+03 -3.892580000000000382e+02
1.287000000000000000e+03 -3.898070000000000164e+02
1.287500000000000000e+03 -3.903539999999999281e+02
1.288000000000000000e+03 -3.909020000000000437e+02
1.288500000000000000e+03 -3.914500000000000455e+02
1.289000000000000000e+03 -3.919989999999999668e+02
1.289500000000000000e+03 -3.925479999999999450e+02
1.290000000000000227e+03 -3.930960000000000605e+02
1.290500000000000000e+03 -3.936430000000000291e+02
1.291000000000000000e+03 -3.941909999999999172e+02
1.291500000000000000e+03 -3.947420000000000755e+02
1.292000000000000000e+03 -3.952889999999999873e+02
1.292500000000000000e+03 -3.958369999999999891e+02
1.293000000000000000e+03 -3.963849999999999909e+02
1.293500000000000000e+03 -3.969319999999999595e+02
1.293999999999999773e+03 -3.974830000000000041e+02
1.294500000000000000e+03 -3.980310000000000059e+02
1.294999999999999773e+03 -3.985779999999999745e+02
1.295500000000000000e+03 -3.991259999999999764e+02
1.296000000000000000e+03 -3.996750000000000682e+02
1.296500000000000000e+03 -4.002239999999999327e+02
1.297000000000000000e+03 -4.007719999999999345e+02
1.297500000000000000e+03 -4.013200000000000500e+02
1.298000000000000000e+03 -4.018679999999999950e+02
1.298500000000000227e+03 -4.024159999999999968e+02
1.299000000000000000e+03 -4.029660000000000650e+02
1.299500000000000000e+03 -4.035130000000000337e+02
1.300000000000000000e+03 -4.040610000000000355e+02
1.300500000000000000e+03 -4.046100000000000136e+02
1.301000000000000000e+03 -4.051569999999999254e+02
1.301500000000000000e+03 -4.057069999999999936e+02
1.302000000000000000e+03 -4.062549999999999955e+02
1.302500000000000000e+03 -4.068029999999999973e+02
1.303000000000000227e+03 -4.073509999999999991e+02
1.303499999999999773e+03 -4.079000000000000909e+02
1.304000000000000000e+03 -4.084479999999999791e+02
1.304500000000000000e+03 -4.089959999999999241e+02
1.305000000000000000e+03 -4.095440000000000964e+02
1.305500000000000000e+03 -4.100919999999999845e+02
1.306000000000000000e+03 -4.106419999999999959e+02
1.306500000000000000e+03 -4.111889999999999645e+02
1.307000000000000227e+03 -4.117380000000000564e+02
1.307500000000000227e+03 -4.122860000000000582e+02
1.307999999999999773e+03 -4.128329999999999700e+02
1.308500000000000000e+03 -4.133829999999999245e+02
1.309000000000000000e+03 -4.139320000000000164e+02
1.309500000000000000e+03 -4.144790000000000418e+02
1.310000000000000000e+03 -4.150269999999999868e+02
1.310500000000000000e+03 -4.155750000000000455e+02
1.311000000000000000e+03 -4.161240000000000805e+02
1.311500000000000227e+03 -4.166730000000000018e+02
1.311999999999999773e+03 -4.172210000000000036e+02
1.312499999999999773e+03 -4.177680000000000291e+02
1.313000000000000000e+03 -4.183160000000000309e+02
1.313500000000000000e+03 -4.188669999999999618e+02
1.314000000000000000e+03 -4.194139999999999873e+02
1.314500000000000000e+03 -4.199620000000000459e+02
1.315000000000000000e+03 -4.205090000000000146e+02
1.315500000000000000e+03 -4.210570000000000164e+02
1.316000000000000227e+03 -4.216079999999999472e+02
1.316499999999999773e+03 -4.221549999999999727e+02
1.317000000000000000e+03 -4.227029999999999745e+02
1.317500000000000000e+03 -4.232509999999999764e+02
1.318000000000000000e+03 -4.238009999999999309e+02
1.318500000000000000e+03 -4.243490000000000464e+02
1.319000000000000000e+03 -4.248969999999999914e+02
1.319500000000000000e+03 -4.254439999999999600e+02
1.320000000000000000e+03 -4.259919999999999618e+02
1.320500000000000000e+03 -4.265430000000000064e+02
1.320999999999999773e+03 -4.270900000000000318e+02
1.321500000000000000e+03 -4.276379999999999200e+02
1.322000000000000000e+03 -4.281860000000000355e+02
1.322500000000000000e+03 -4.287339999999999804e+02
1.323000000000000000e+03 -4.292839999999999918e+02
1.323500000000000000e+03 -4.298310000000000173e+02
1.324000000000000000e+03 -4.303790000000000191e+02
1.324500000000000227e+03 -4.309280000000000541e+02
1.325000000000000000e+03 -4.314750000000000227e+02
1.325500000000000227e+03 -4.320249999999999204e+02
1.326000000000000000e+03 -4.325730000000000928e+02
1.326500000000000000e+03 -4.331200000000000045e+02
1.327000000000000000e+03 -4.336689999999999827e+02
1.327500000000000000e+03 -4.342170000000000414e+02
1.328000000000000000e+03 -4.347660000000000764e+02
1.328500000000000000e+03 -4.353139999999999645e+02
1.329000000000000000e+03 -4.358629999999999427e+02
1.329499999999999773e+03 -4.364099999999999682e+02
1.330000000000000227e+03 -4.369579999999999700e+02
1.330500000000000000e+03 -4.375070000000000050e+02
1.331000000000000000e+03 -4.380550000000000068e+02
1.331500000000000000e+03 -4.386040000000000418e+02
1.332000000000000000e+03 -4.391510000000000673e+02
1.332500000000000000e+03 -4.397010000000000218e+02
1.333000000000000000e+03 -4.402489999999999100e+02
1.333500000000000000e+03 -4.407970000000001392e+02
1.334000000000000227e+03 -4.413450000000000273e+02
1.334500000000000000e+03 -4.418929999999999723e+02
1.334999999999999773e+03 -4.424419999999999504e+02
1.335500000000000000e+03 -4.429900000000000659e+02
1.336000000000000000e+03 -4.435389999999999873e+02
1.336500000000000000e+03 -4.440860000000000127e+02
1.337000000000000000e+03 -4.446340000000000146e+02
1.337500000000000000e+03 -4.451829999999999927e+02
1.338000000000000000e+03 -4.457320000000000846e+02
1.338500000000000227e+03 -4.462799999999999727e+02
1.339000000000000000e+03 -4.468269999999999413e+02
1.339500000000000000e+03 -4.473750000000000568e+02
1.340000000000000000e+03 -4.479259999999999877e+02
1.340500000000000000e+03 -4.484729999999999563e+02
1.341000000000000000e+03 -4.490210000000000719e+02
1.341500000000000000e+03 -4.495690000000000737e+02
1.342000000000000000e+03 -4.501159999999999854e+02
1.342500000000000000e+03 -4.506669999999999163e+02
1.343000000000000227e+03 -4.512139999999999418e+02
1.343499999999999773e+03 -4.517620000000000005e+02
1.344000000000000000e+03 -4.523099999999999454e+02
1.344500000000000000e+03 -4.528580000000000041e+02
1.345000000000000000e+03 -4.534080000000000155e+02
1.345500000000000000e+03 -4.539560000000000173e+02
1.346000000000000000e+03 -4.545029999999999291e+02
1.346500000000000000e+03 -4.550509999999999309e+02
1.347000000000000227e+03 -4.556010000000001128e+02
1.347500000000000227e+03 -4.561490000000000009e+02
1.347999999999999773e+03 -4.566970000000000027e+02
1.348500000000000000e+03 -4.572439999999999145e+02
1.349000000000000000e+03 -4.577930000000000632e+02
1.349500000000000000e+03 -4.583429999999999609e+02
1.350000000000000000e+03 -4.588899999999999864e+02
1.350500000000000000e+03 -4.594379999999999882e+02
1.351000000000000000e+03 -4.599859999999999900e+02
1.351500000000000227e+03 -4.605339999999999918e+02
1.351999999999999773e+03 -4.610840000000000032e+02
1.352499999999999773e+03 -4.616309999999999718e+02
1.353000000000000000e+03 -4.621789999999999736e+02
1.353500000000000000e+03 -4.627280000000000086e+02
1.354000000000000000e+03 -4.632749999999999773e+02
1.354500000000000000e+03 -4.638250000000000455e+02
1.355000000000000000e+03 -4.643730000000000473e+02
1.355500000000000000e+03 -4.649209999999999923e+02
1.356000000000000227e+03 -4.654689999999999372e+02
1.356499999999999773e+03 -4.660159999999999627e+02
1.357000000000000000e+03 -4.665660000000000309e+02
1.357500000000000000e+03 -4.671139999999999191e+02
1.358000000000000000e+03 -4.676620000000000346e+02
1.358500000000000000e+03 -4.682100000000000364e+02
1.359000000000000000e+03 -4.687599999999999909e+02
1.359500000000000000e+03 -4.693070000000000164e+02
1.360000000000000000e+03 -4.698559999999999377e+02
1.360500000000000000e+03 -4.704030000000000769e+02
1.360999999999999773e+03 -4.709510000000000218e+02
1.361500000000000000e+03 -4.715009999999999764e+02
1.362000000000000000e+03 -4.720480000000000018e+02
1.362500000000000000e+03 -4.725970000000000937e+02
1.363000000000000000e+03 -4.731449999999999818e+02
1.363500000000000000e+03 -4.736919999999999504e+02
1.364000000000000000e+03 -4.742419999999999618e+02
1.364500000000000227e+03 -4.747900000000000773e+02
1.365000000000000000e+03 -4.753379999999999654e+02
1.365499999999999773e+03 -4.758860000000000241e+02
1.366000000000000000e+03 -4.764329999999999927e+02
1.366500000000000000e+03 -4.769830000000000041e+02
1.367000000000000000e+03 -4.775320000000000391e+02
1.367500000000000000e+03 -4.780789999999999509e+02
1.368000000000000000e+03 -4.786270000000000664e+02
1.368500000000000000e+03 -4.791739999999999782e+02
1.369000000000000000e+03 -4.797250000000000227e+02
1.369499999999999773e+03 -4.802730000000000246e+02
1.370000000000000227e+03 -4.808199999999999363e+02
1.370500000000000000e+03 -4.813680000000000518e+02
1.371000000000000000e+03 -4.819179999999999495e+02
1.371500000000000000e+03 -4.824660000000000082e+02
1.372000000000000000e+03 -4.830140000000000668e+02
1.372500000000000000e+03 -4.835610000000000355e+02
1.373000000000000000e+03 -4.841090000000000373e+02
1.373500000000000000e+03 -4.846599999999999682e+02
1.373999999999999773e+03 -4.852069999999999936e+02
1.374500000000000000e+03 -4.857549999999999955e+02
1.374999999999999773e+03 -4.863029999999999973e+02
1.375500000000000000e+03 -4.868509999999999422e+02
1.376000000000000000e+03 -4.874010000000000673e+02
1.376500000000000000e+03 -4.879480000000000359e+02
1.377000000000000000e+03 -4.884959999999999809e+02
1.377500000000000000e+03 -4.890439999999999827e+02
1.378000000000000000e+03 -4.895920000000000982e+02
1.378500000000000227e+03 -4.901419999999999391e+02
1.379000000000000000e+03 -4.906899999999999409e+02
1.379500000000000000e+03 -4.912369999999999663e+02
1.380000000000000000e+03 -4.917860000000000014e+02
1.380500000000000000e+03 -4.923330000000000268e+02
1.381000000000000000e+03 -4.928829999999999814e+02
1.381500000000000000e+03 -4.934309999999999263e+02
1.382000000000000000e+03 -4.939779999999999518e+02
1.382500000000000000e+03 -4.945270000000000437e+02
1.383000000000000227e+03 -4.950760000000000218e+02
1.383499999999999773e+03 -4.956239999999999100e+02
1.384000000000000000e+03 -4.961720000000000255e+02
1.384500000000000000e+03 -4.967199999999999704e+02
1.385000000000000000e+03 -4.972679999999999723e+02
1.385500000000000000e+03 -4.978180000000000973e+02
1.386000000000000000e+03 -4.983650000000000091e+02
1.386500000000000000e+03 -4.989130000000000109e+02
1.387000000000000227e+03 -4.994610000000000127e+02
1.387500000000000227e+03 -5.000089999999999009e+02
1.387999999999999773e+03 -5.005590000000000828e+02
1.388500000000000000e+03 -5.011059999999999945e+02
1.389000000000000000e+03 -5.016549999999999727e+02
1.389500000000000000e+03 -5.022019999999999413e+02
1.390000000000000000e+03 -5.027500000000000568e+02
1.390500000000000000e+03 -5.032999999999999545e+02
1.391000000000000000e+03 -5.038469999999999231e+02
1.391500000000000227e+03 -5.043960000000000719e+02
1.391999999999999773e+03 -5.049429999999999836e+02
1.392499999999999773e+03 -5.054929999999999950e+02
1.393000000000000000e+03 -5.060409999999999968e+02
1.393500000000000000e+03 -5.065889999999999418e+02
1.394000000000000000e+03 -5.071370000000000573e+02
1.394500000000000000e+03 -5.076849999999999454e+02
1.395000000000000000e+03 -5.082339999999999236e+02
1.395500000000000000e+03 -5.087830000000001291e+02
1.396000000000000227e+03 -5.093300000000000409e+02
1.396499999999999773e+03 -5.098779999999999859e+02
1.397000000000000000e+03 -5.104259999999999309e+02
1.397500000000000000e+03 -5.109750000000000796e+02
1.398000000000000000e+03 -5.115240000000000009e+02
1.398500000000000000e+03 -5.120710000000000264e+02
1.399000000000000000e+03 -5.126190000000000282e+02
1.399500000000000000e+03 -5.131670000000000300e+02
1.400000000000000000e+03 -5.137170000000000982e+02
1.400500000000000000e+03 -5.142649999999999864e+02
1.400999999999999773e+03 -5.148119999999998981e+02
1.401500000000000000e+03 -5.153600000000001273e+02
1.402000000000000000e+03 -5.159100000000000819e+02
1.402500000000000000e+03 -5.164579999999999700e+02
1.403000000000000000e+03 -5.170059999999999718e+02
1.403500000000000000e+03 -5.175530000000001110e+02
1.404000000000000000e+03 -5.181009999999999991e+02
1.404500000000000227e+03 -5.186519999999999300e+02
1.405000000000000000e+03 -5.191989999999999554e+02
1.405500000000000227e+03 -5.197470000000000709e+02
1.406000000000000000e+03 -5.202939999999999827e+02
1.406500000000000000e+03 -5.208419999999999845e+02
1.407000000000000000e+03 -5.213929999999999154e+02
1.407500000000000000e+03 -5.219400000000000546e+02
1.408000000000000000e+03 -5.224879999999999427e+02
1.408500000000000000e+03 -5.230349999999999682e+02
1.409000000000000000e+03 -5.235839999999999463e+02
1.409499999999999773e+03 -5.241340000000000146e+02
1.410000000000000227e+03 -5.246810000000000400e+02
1.410500000000000000e+03 -5.252289999999999281e+02
1.411000000000000000e+03 -5.257770000000000437e+02
1.411500000000000000e+03 -5.263269999999999982e+02
1.412000000000000000e+03 -5.268750000000000000e+02
1.412500000000000000e+03 -5.274220000000000255e+02
1.413000000000000000e+03 -5.279699999999999136e+02
1.413500000000000000e+03 -5.285190000000000055e+02
1.414000000000000227e+03 -5.290679999999999836e+02
1.414500000000000000e+03 -5.296159999999999854e+02
1.414999999999999773e+03 -5.301629999999998972e+02
1.415500000000000000e+03 -5.307110000000000127e+02
1.416000000000000000e+03 -5.312599999999999909e+02
1.416500000000000000e+03 -5.318089999999999691e+02
1.417000000000000000e+03 -5.323570000000000846e+02
1.417500000000000000e+03 -5.329020000000000437e+02
1.418000000000000000e+03 -5.334489999999999554e+02
1.418500000000000227e+03 -5.340049999999999955e+02
1.419000000000000000e+03 -5.345529999999999973e+02
1.419500000000000000e+03 -5.350989999999999327e+02
1.420000000000000000e+03 -5.356449999999999818e+02
1.420500000000000000e+03 -5.361920000000000073e+02
1.421000000000000000e+03 -5.367400000000000091e+02
1.421500000000000000e+03 -5.372960000000000491e+02
1.422000000000000000e+03 -5.378420000000000982e+02
1.422500000000000000e+03 -5.383890000000001237e+02
1.423000000000000227e+03 -5.389350000000000591e+02
1.423499999999999773e+03 -5.394829999999999472e+02
1.424000000000000000e+03 -5.400289999999999964e+02
1.424500000000000000e+03 -5.405749999999999318e+02
1.425000000000000000e+03 -5.411319999999999482e+02
1.425500000000000000e+03 -5.416779999999998836e+02
1.426000000000000000e+03 -5.422259999999999991e+02
1.426500000000000000e+03 -5.427720000000000482e+02
1.427000000000000227e+03 -5.433189999999999600e+02
1.427500000000000227e+03 -5.438650000000000091e+02
1.427999999999999773e+03 -5.444210000000000491e+02
1.428500000000000000e+03 -5.449690000000000509e+02
1.429000000000000000e+03 -5.455160000000000764e+02
1.429500000000000000e+03 -5.460620000000000118e+02
1.430000000000000000e+03 -5.466080000000000609e+02
1.430500000000000000e+03 -5.471559999999999491e+02
1.431000000000000000e+03 -5.477119999999999891e+02
1.431500000000000227e+03 -5.482590000000000146e+02
1.431999999999999773e+03 -5.488049999999999500e+02
1.432499999999999773e+03 -5.493509999999999991e+02
1.433000000000000000e+03 -5.498989999999998872e+02
1.433500000000000000e+03 -5.504460000000000264e+02
1.434000000000000000e+03 -5.509919999999999618e+02
1.434500000000000000e+03 -5.515480000000000018e+02
1.435000000000000000e+03 -5.520940000000000509e+02
1.435500000000000000e+03 -5.526420000000000528e+02
1.436000000000000227e+03 -5.531889999999999645e+02
1.436499999999999773e+03 -5.537350000000000136e+02
1.437000000000000000e+03 -5.542810000000000628e+02
1.437500000000000000e+03 -5.548369999999999891e+02
1.438000000000000000e+03 -5.553860000000000809e+02
1.438500000000000000e+03 -5.559320000000000164e+02
1.439000000000000000e+03 -5.564779999999999518e+02
1.439500000000000000e+03 -5.570240000000000009e+02
1.440000000000000000e+03 -5.575720000000000027e+02
1.440500000000000000e+03 -5.581289999999999054e+02
1.440999999999999773e+03 -5.586749999999999545e+02
1.441500000000000000e+03 -5.592210000000000036e+02
1.442000000000000000e+03 -5.597669999999998254e+02
1.442500000000000000e+03 -5.603159999999999172e+02
1.443000000000000000e+03 -5.608619999999998527e+02
1.443500000000000000e+03 -5.614179999999998927e+02
1.444000000000000000e+03 -5.619639999999998281e+02
1.444500000000000227e+03 -5.625099999999999909e+02
1.445000000000000000e+03 -5.630589999999999691e+02
1.445499999999999773e+03 -5.636049999999999045e+02
1.446000000000000000e+03 -5.641509999999999536e+02
1.446500000000000000e+03 -5.646969999999998890e+02
1.447000000000000000e+03 -5.652559999999999718e+02
1.447500000000000000e+03 -5.658020000000000209e+02
1.448000000000000000e+03 -5.663479999999999563e+02
1.448500000000000000e+03 -5.668940000000000055e+02
1.449000000000000000e+03 -5.674399999999999409e+02
1.449499999999999773e+03 -5.679890000000000327e+02
1.450000000000000227e+03 -5.685450000000000728e+02
1.450500000000000000e+03 -5.690910000000000082e+02
1.451000000000000000e+03 -5.696370000000000573e+02
1.451500000000000000e+03 -5.701839999999999691e+02
1.452000000000000000e+03 -5.707320000000000846e+02
1.452500000000000000e+03 -5.712780000000000200e+02
1.453000000000000000e+03 -5.718340000000000600e+02
1.453500000000000000e+03 -5.723800000000001091e+02
1.453999999999999773e+03 -5.729270000000000209e+02
1.454500000000000000e+03 -5.734750000000001364e+02
1.454999999999999773e+03 -5.740210000000001855e+02
1.455500000000000000e+03 -5.745670000000001210e+02
1.456000000000000000e+03 -5.751140000000001464e+02
1.456500000000000000e+03 -5.756720000000001392e+02
1.457000000000000000e+03 -5.762179999999998472e+02
1.457500000000000000e+03 -5.767639999999998963e+02
1.458000000000000000e+03 -5.773099999999999454e+02
1.458500000000000227e+03 -5.778569999999999709e+02
1.459000000000000000e+03 -5.784049999999999727e+02
1.459500000000000000e+03 -5.789610000000000127e+02
1.460000000000000000e+03 -5.795069999999999482e+02
1.460500000000000000e+03 -5.800539999999999736e+02
1.461000000000000000e+03 -5.806000000000000227e+02
1.461500000000000000e+03 -5.811479999999999109e+02
1.462000000000000000e+03 -5.816939999999999600e+02
1.462500000000000000e+03 -5.822500000000000000e+02
1.463000000000000227e+03 -5.827970000000000255e+02
1.463499999999999773e+03 -5.833450000000000273e+02
1.464000000000000000e+03 -5.838910000000000764e+02
1.464500000000000000e+03 -5.844370000000000118e+02
1.465000000000000000e+03 -5.849840000000000373e+02
1.465500000000000000e+03 -5.855300000000000864e+02
1.466000000000000000e+03 -5.860879999999999654e+02
1.466500000000000000e+03 -5.866340000000000146e+02
1.467000000000000227e+03 -5.871800000000000637e+02
1.467500000000000000e+03 -5.877270000000000891e+02
1.467999999999999773e+03 -5.882730000000000246e+02
1.468500000000000000e+03 -5.888210000000001401e+02
1.469000000000000000e+03 -5.893770000000000664e+02
1.469500000000000000e+03 -5.899240000000000919e+02
1.470000000000000000e+03 -5.904700000000000273e+02
1.470500000000000000e+03 -5.910160000000000764e+02
1.471000000000000000e+03 -5.915640000000000782e+02
1.471500000000000227e+03 -5.921099999999999000e+02
1.471999999999999773e+03 -5.926669999999999163e+02
1.472500000000000000e+03 -5.932129999999998518e+02
1.473000000000000000e+03 -5.937609999999999673e+02
1.473500000000000000e+03 -5.943069999999999027e+02
1.474000000000000000e+03 -5.948539999999999281e+02
1.474500000000000000e+03 -5.953999999999999773e+02
1.475000000000000000e+03 -5.959459999999999127e+02
1.475500000000000000e+03 -5.965039999999999054e+02
1.476000000000000227e+03 -5.970499999999999545e+02
1.476499999999999773e+03 -5.975969999999999800e+02
1.477000000000000000e+03 -5.981429999999999154e+02
1.477500000000000000e+03 -5.986889999999999645e+02
1.478000000000000000e+03 -5.992369999999999663e+02
1.478500000000000000e+03 -5.997939999999999827e+02
1.479000000000000000e+03 -6.003399999999999181e+02
1.479500000000000000e+03 -6.008859999999999673e+02
1.480000000000000227e+03 -6.014339999999999691e+02
1.480500000000000000e+03 -6.019800000000000182e+02
1.480999999999999773e+03 -6.025270000000000437e+02
1.481500000000000000e+03 -6.030729999999999791e+02
1.482000000000000000e+03 -6.036290000000000191e+02
1.482500000000000000e+03 -6.041770000000000209e+02
1.483000000000000000e+03 -6.047240000000000464e+02
1.483500000000000000e+03 -6.052700000000000955e+02
1.484000000000000000e+03 -6.058160000000000309e+02
1.484500000000000227e+03 -6.063620000000000800e+02
1.485000000000000000e+03 -6.069200000000000728e+02
1.485500000000000227e+03 -6.074670000000000982e+02
1.486000000000000000e+03 -6.080130000000001473e+02
1.486500000000000000e+03 -6.085589999999998554e+02
1.487000000000000000e+03 -6.091069999999999709e+02
1.487500000000000000e+03 -6.096539999999998827e+02
1.488000000000000000e+03 -6.102099999999999227e+02
1.488500000000000000e+03 -6.107559999999999718e+02
1.489000000000000000e+03 -6.113019999999999072e+02
1.489499999999999773e+03 -6.118500000000000227e+02
1.490000000000000000e+03 -6.123969999999999345e+02
1.490500000000000000e+03 -6.129429999999999836e+02
1.491000000000000000e+03 -6.134890000000000327e+02
1.491500000000000000e+03 -6.140449999999999591e+02
1.492000000000000000e+03 -6.145940000000000509e+02
1.492500000000000000e+03 -6.151399999999999864e+02
1.493000000000000000e+03 -6.156860000000000355e+02
1.493500000000000000e+03 -6.162319999999999709e+02
1.494000000000000227e+03 -6.167799999999999727e+02
1.494500000000000000e+03 -6.173369999999999891e+02
1.495000000000000000e+03 -6.178830000000000382e+02
1.495500000000000000e+03 -6.184290000000000873e+02
1.496000000000000000e+03 -6.189750000000001364e+02
1.496500000000000000e+03 -6.195240000000001146e+02
1.497000000000000000e+03 -6.200700000000001637e+02
1.497500000000000000e+03 -6.206160000000000991e+02
1.498000000000000000e+03 -6.211720000000000255e+02
1.498500000000000227e+03 -6.217180000000000746e+02
1.499000000000000000e+03 -6.222670000000000528e+02
1.499500000000000000e+03 -6.228130000000001019e+02
1.500000000000000000e+03 -6.233590000000001510e+02
1.500500000000000000e+03 -6.239050000000002001e+02
1.501000000000000000e+03 -6.244640000000000555e+02
1.501500000000000000e+03 -6.250099999999999909e+02
1.502000000000000000e+03 -6.255559999999999263e+02
1.502500000000000227e+03 -6.261019999999998618e+02
1.503000000000000227e+03 -6.266479999999999109e+02
1.503499999999999773e+03 -6.271969999999998890e+02
1.504000000000000000e+03 -6.277529999999999291e+02
1.504500000000000000e+03 -6.282989999999999782e+02
1.505000000000000000e+03 -6.288450000000000273e+02
1.505500000000000000e+03 -6.293919999999999391e+02
1.506000000000000000e+03 -6.299399999999999409e+02
1.506500000000000000e+03 -6.304859999999999900e+02
1.507000000000000227e+03 -6.310319999999999254e+02
1.507500000000000000e+03 -6.315879999999999654e+02
1.507999999999999773e+03 -6.321349999999999909e+02
1.508500000000000000e+03 -6.326829999999999927e+02
1.509000000000000000e+03 -6.332290000000000418e+02
1.509500000000000000e+03 -6.337750000000000909e+02
1.510000000000000000e+03 -6.343220000000000027e+02
1.510500000000000000e+03 -6.348800000000001091e+02
1.511000000000000000e+03 -6.354260000000000446e+02
1.511500000000000227e+03 -6.359719999999999800e+02
1.511999999999999773e+03 -6.365180000000000291e+02
1.512500000000000000e+03 -6.370650000000000546e+02
1.513000000000000000e+03 -6.376130000000000564e+02
1.513500000000000000e+03 -6.381590000000001055e+02
1.514000000000000000e+03 -6.387150000000001455e+02
1.514500000000000000e+03 -6.392620000000000573e+02
1.515000000000000000e+03 -6.398100000000000591e+02
1.515500000000000000e+03 -6.403560000000001082e+02
1.516000000000000227e+03 -6.409019999999998163e+02
1.516499999999999773e+03 -6.414479999999998654e+02
1.517000000000000000e+03 -6.420049999999998818e+02
1.517500000000000000e+03 -6.425529999999998836e+02
1.518000000000000000e+03 -6.430989999999999327e+02
1.518500000000000000e+03 -6.436449999999999818e+02
1.519000000000000000e+03 -6.441919999999998936e+02
1.519500000000000000e+03 -6.447379999999999427e+02
1.520000000000000227e+03 -6.452859999999999445e+02
1.520500000000000000e+03 -6.458419999999999845e+02
1.520999999999999773e+03 -6.463879999999999200e+02
1.521500000000000000e+03 -6.469349999999999454e+02
1.522000000000000000e+03 -6.474829999999999472e+02
1.522500000000000000e+03 -6.480289999999999964e+02
1.523000000000000000e+03 -6.485750000000000455e+02
1.523500000000000000e+03 -6.491319999999999482e+02
1.524000000000000000e+03 -6.496779999999999973e+02
1.524500000000000227e+03 -6.502259999999999991e+02
1.524999999999999773e+03 -6.507720000000000482e+02
1.525499999999999773e+03 -6.513180000000000973e+02
1.526000000000000000e+03 -6.518650000000000091e+02
1.526500000000000000e+03 -6.524110000000000582e+02
1.527000000000000000e+03 -6.529690000000000509e+02
1.527500000000000000e+03 -6.535150000000001000e+02
1.528000000000000000e+03 -6.540620000000001255e+02
1.528500000000000000e+03 -6.546080000000000609e+02
1.529000000000000000e+03 -6.551560000000001764e+02
1.529499999999999773e+03 -6.557020000000001119e+02
1.530000000000000000e+03 -6.562580000000000382e+02
1.530500000000000000e+03 -6.568050000000001774e+02
1.531000000000000000e+03 -6.573509999999998854e+02
1.531500000000000000e+03 -6.578989999999998872e+02
1.532000000000000000e+03 -6.584449999999999363e+02
1.532500000000000000e+03 -6.589919999999999618e+02
1.533000000000000000e+03 -6.595380000000000109e+02
1.533500000000000000e+03 -6.600939999999999372e+02
1.533999999999999773e+03 -6.606419999999999391e+02
1.534500000000000000e+03 -6.611879999999998745e+02
1.535000000000000000e+03 -6.617350000000000136e+02
1.535500000000000000e+03 -6.622809999999999491e+02
1.536000000000000000e+03 -6.628289999999999509e+02
1.536500000000000000e+03 -6.633849999999999909e+02
1.537000000000000000e+03 -6.639320000000000164e+02
1.537500000000000000e+03 -6.644780000000000655e+02
1.538000000000000000e+03 -6.650240000000000009e+02
1.538500000000000227e+03 -6.655720000000000027e+02
1.539000000000000000e+03 -6.661179999999999382e+02
1.539500000000000000e+03 -6.666650000000000773e+02
1.540000000000000000e+03 -6.672210000000000036e+02
1.540500000000000000e+03 -6.677670000000000528e+02
1.541000000000000000e+03 -6.683150000000000546e+02
1.541500000000000000e+03 -6.688620000000000800e+02
1.542000000000000000e+03 -6.694080000000001291e+02
1.542499999999999773e+03 -6.699540000000000646e+02
1.543000000000000227e+03 -6.705120000000000573e+02
1.543499999999999773e+03 -6.710579999999999927e+02
1.544000000000000000e+03 -6.716050000000000182e+02
1.544500000000000000e+03 -6.721510000000000673e+02
1.545000000000000000e+03 -6.726970000000001164e+02
1.545500000000000000e+03 -6.732449999999998909e+02
1.546000000000000000e+03 -6.737919999999999163e+02
1.546500000000000000e+03 -6.743479999999999563e+02
1.547000000000000227e+03 -6.748939999999998918e+02
1.547500000000000000e+03 -6.754399999999999409e+02
1.547999999999999773e+03 -6.759879999999999427e+02
1.548500000000000000e+03 -6.765349999999999682e+02
1.549000000000000000e+03 -6.770809999999999036e+02
1.549500000000000000e+03 -6.776369999999999436e+02
1.550000000000000000e+03 -6.781849999999999454e+02
1.550500000000000000e+03 -6.787319999999999709e+02
1.551000000000000000e+03 -6.792779999999999063e+02
1.551500000000000227e+03 -6.798239999999999554e+02
1.551999999999999773e+03 -6.803700000000000045e+02
1.552500000000000000e+03 -6.809179999999998927e+02
1.553000000000000000e+03 -6.814749999999999091e+02
1.553500000000000000e+03 -6.820209999999999582e+02
1.554000000000000000e+03 -6.825670000000000073e+02
1.554500000000000000e+03 -6.831150000000000091e+02
1.555000000000000000e+03 -6.836620000000000346e+02
1.555500000000000000e+03 -6.842080000000000837e+02
1.556000000000000227e+03 -6.847640000000000100e+02
1.556499999999999773e+03 -6.853100000000000591e+02
1.557000000000000000e+03 -6.858580000000000609e+02
1.557500000000000000e+03 -6.864049999999999727e+02
1.558000000000000000e+03 -6.869510000000000218e+02
1.558500000000000000e+03 -6.874970000000000709e+02
1.559000000000000000e+03 -6.880430000000001201e+02
1.559500000000000000e+03 -6.886020000000000891e+02
1.560000000000000227e+03 -6.891480000000001382e+02
1.560500000000000000e+03 -6.896939999999999600e+02
1.560999999999999773e+03 -6.902399999999998954e+02
1.561500000000000000e+03 -6.907880000000000109e+02
1.562000000000000000e+03 -6.913349999999999227e+02
1.562500000000000000e+03 -6.918909999999998490e+02
1.563000000000000000e+03 -6.924369999999998981e+02
1.563500000000000000e+03 -6.929829999999999472e+02
1.564000000000000000e+03 -6.935309999999999491e+02
1.564500000000000227e+03 -6.940779999999999745e+02
1.564999999999999773e+03 -6.946240000000000236e+02
1.565500000000000227e+03 -6.951700000000000728e+02
1.566000000000000000e+03 -6.957259999999999991e+02
1.566500000000000000e+03 -6.962749999999999773e+02
1.567000000000000000e+03 -6.968210000000000264e+02
1.567500000000000000e+03 -6.973669999999999618e+02
1.568000000000000000e+03 -6.979130000000000109e+02
1.568500000000000000e+03 -6.984610000000000127e+02
1.569000000000000000e+03 -6.990180000000000291e+02
1.569499999999999773e+03 -6.995640000000000782e+02
1.570000000000000000e+03 -7.001100000000000136e+02
1.570500000000000000e+03 -7.006560000000000628e+02
