6.369324840764330545e-03 5.713090000000000668e-01
9.554012738853503300e-03 8.569669999999999233e-01
1.273872611464968267e-02 1.142628999999999895e+00
1.592343949044585857e-02 1.428279000000000076e+00
1.910815286624203968e-02 1.713953000000000060e+00
2.229286624203821732e-02 1.999649999999999705e+00
2.547757961783439495e-02 2.285270000000000579e+00
2.866229299363057259e-02 2.570929999999999715e+00
3.184700636942675023e-02 2.856609999999998983e+00
3.503171974522293480e-02 3.142290000000000028e+00
3.821643312101910550e-02 3.427950000000000053e+00
4.140114649681528314e-02 3.713630000000000209e+00
4.458585987261146077e-02 3.999309999999999921e+00
4.777057324840763841e-02 4.284990000000000521e+00
5.095528662420382299e-02 4.570650000000000546e+00
5.414000000000000756e-02 4.856349999999999056e+00
5.732471337579618520e-02 5.142030000000000989e+00
6.050942675159236284e-02 5.427720000000000766e+00
6.369414012738854047e-02 5.713419999999999277e+00
6.687898089171974425e-02 5.999109999999999943e+00
7.006369426751592189e-02 6.284789999999999210e+00
7.324840764331209952e-02 6.570500000000000895e+00
7.643312101910827716e-02 6.856179999999998387e+00
7.961783439490446868e-02 7.141890000000000960e+00
8.280254777070063243e-02 7.427570000000000228e+00
8.598726114649682395e-02 7.713269999999999627e+00
8.917197452229298771e-02 7.998989999999998268e+00
9.235668789808916535e-02 8.284699999999999065e+00
9.554140127388535686e-02 8.570380000000000109e+00
9.872611464968152062e-02 8.856109999999999260e+00
1.019108280254776983e-01 9.141819999999999169e+00
1.050955414012738898e-01 9.427530000000000854e+00
1.082802547770700674e-01 9.713239999999998986e+00
1.114649681528662450e-01 9.998969999999999914e+00
1.146496815286624088e-01 1.028468999999999944e+01
1.178343949044586003e-01 1.057038999999999795e+01
1.210191082802547780e-01 1.085613000000000383e+01
1.242038216560509556e-01 1.114182999999999879e+01
1.273885350318471332e-01 1.142756999999999934e+01
1.305732484076433109e-01 1.171328999999999887e+01
1.337579617834394885e-01 1.199901999999999980e+01
1.369426751592356661e-01 1.228474999999999895e+01
1.401273885350318438e-01 1.257051999999999836e+01
1.433121019108280214e-01 1.285622000000000043e+01
1.464968152866241990e-01 1.314195999999999920e+01
1.496815286624203767e-01 1.342771999999999899e+01
1.528662420382165543e-01 1.371344000000000030e+01
1.560509554140127320e-01 1.399919000000000047e+01
1.592356687898089374e-01 1.428493000000000279e+01
1.624203821656050872e-01 1.457067999999999941e+01
1.656050955414012649e-01 1.485643000000000136e+01
1.687898089171974425e-01 1.514218999999999760e+01
1.719745222929936479e-01 1.542791999999999852e+01
1.751592356687898255e-01 1.571368000000000009e+01
1.783439490445859754e-01 1.599944999999999773e+01
1.815286624203821531e-01 1.628520999999999930e+01
1.847133757961783307e-01 1.657095000000000340e+01
1.878980891719745361e-01 1.685672999999999888e+01
1.910828025477707137e-01 1.714251999999999754e+01
1.942675159235668636e-01 1.742824999999999847e+01
1.974522292993630412e-01 1.771400999999999470e+01
2.006369426751592466e-01 1.799973999999999563e+01
2.038216560509553965e-01 1.828558000000000305e+01
2.070063694267516019e-01 1.857132999999999967e+01
2.101910828025477795e-01 1.885705999999999705e+01
2.133757961783439294e-01 1.914280000000000115e+01
2.165605095541401348e-01 1.942869999999999919e+01
2.197452229299363125e-01 1.971440000000000481e+01
2.229299363057324901e-01 2.000019999999999953e+01
2.261146496815286677e-01 2.028609999999999758e+01
2.292993630573248176e-01 2.057180000000000319e+01
2.324840764331210230e-01 2.085750000000000171e+01
2.356687898089172006e-01 2.114329999999999998e+01
2.388535031847133783e-01 2.142920000000000158e+01
2.420382165605095559e-01 2.171490000000000009e+01
2.452229299363057058e-01 2.200059999999999150e+01
2.484076433121019112e-01 2.228659999999999997e+01
2.515923566878980888e-01 2.257229999999999137e+01
2.547770700636942665e-01 2.285799999999999699e+01
2.579617834394904441e-01 2.314399999999999480e+01
2.611464968152866217e-01 2.342980000000000373e+01
2.643312101910827994e-01 2.371550000000000225e+01
2.675159235668789770e-01 2.400139999999999674e+01
2.707006369426751546e-01 2.428719999999999857e+01
2.738853503184713323e-01 2.457310000000000372e+01
2.770700636942675099e-01 2.485880000000000223e+01
2.802547770700636875e-01 2.514449999999999719e+01
2.834394904458598652e-01 2.543050000000000210e+01
2.866242038216560428e-01 2.571620000000000061e+01
2.898089171974522205e-01 2.600210000000000576e+01
2.929936305732483981e-01 2.628790000000000049e+01
2.961783439490445757e-01 2.657370000000000232e+01
2.993630573248407534e-01 2.685960000000000036e+01
3.025477707006369865e-01 2.714529999999999887e+01
3.057324840764331086e-01 2.743120000000000402e+01
3.089171974522292863e-01 2.771689999999999543e+01
3.121019108280254639e-01 2.800300000000000011e+01
3.152866242038216416e-01 2.828869999999999862e+01
3.184713375796178747e-01 2.857459999999999667e+01
3.216560509554139968e-01 2.886030000000000229e+01
3.248407643312101745e-01 2.914630000000000010e+01
3.280254777070063521e-01 2.943210000000000193e+01
3.312101910828025297e-01 2.971799999999999997e+01
3.343949044585987629e-01 3.000370000000000203e+01
3.375796178343948850e-01 3.028959999999999297e+01
3.407643312101910626e-01 3.057550000000000168e+01
3.439490445859872958e-01 3.086139999999999972e+01
3.471337579617834179e-01 3.114710000000000178e+01
3.503184713375796511e-01 3.143299999999999983e+01
3.535031847133757732e-01 3.171889999999999432e+01
3.566878980891719508e-01 3.200480000000000302e+01
3.598726114649681840e-01 3.229070000000000107e+01
3.630573248407643061e-01 3.257640000000000668e+01
3.662420382165605393e-01 3.286239999999999384e+01
3.694267515923566614e-01 3.314810000000000656e+01
3.726114649681528390e-01 3.343410000000000082e+01
3.757961783439490722e-01 3.372010000000000218e+01
3.789808917197451943e-01 3.400580000000000780e+01
3.821656050955414274e-01 3.429170000000000584e+01
3.853503184713376051e-01 3.457750000000000767e+01
3.885350318471337272e-01 3.486350000000000193e+01
3.917197452229299048e-01 3.514939999999998577e+01
3.949044585987260825e-01 3.543519999999999470e+01
3.980891719745223156e-01 3.572109999999999275e+01
4.012738853503184933e-01 3.600700000000000500e+01
4.044585987261146709e-01 3.629279999999999973e+01
4.076433121019107930e-01 3.657880000000000109e+01
4.108280254777069707e-01 3.686480000000000246e+01
4.140127388535032038e-01 3.715049999999999386e+01
4.171974522292993814e-01 3.743640000000000612e+01
4.203821656050955591e-01 3.772240000000000748e+01
4.235668789808916812e-01 3.800830000000000553e+01
4.267515923566878588e-01 3.829420000000000357e+01
4.299363057324840920e-01 3.858010000000000161e+01
4.331210191082802696e-01 3.886610000000000298e+01
4.363057324840764473e-01 3.915179999999999438e+01
4.394904458598726249e-01 3.943780000000000285e+01
4.426751592356687470e-01 3.972369999999999379e+01
4.458598726114649802e-01 4.000970000000000226e+01
4.490445859872611578e-01 4.029570000000000363e+01
4.522292993630573354e-01 4.058140000000000924e+01
4.554140127388535131e-01 4.086739999999999640e+01
4.585987261146496352e-01 4.115329999999999444e+01
4.617834394904458684e-01 4.143929999999998870e+01
4.649681528662420460e-01 4.172509999999999764e+01
4.681528662420382236e-01 4.201099999999998147e+01
4.713375796178344013e-01 4.229699999999999704e+01
4.745222929936305234e-01 4.258299999999999841e+01
4.777070063694267565e-01 4.286899999999999977e+01
4.808917197452229342e-01 4.315490000000001203e+01
4.840764331210191118e-01 4.344070000000000675e+01
4.872611464968152895e-01 4.372660000000000480e+01
4.904458598726114116e-01 4.401260000000000616e+01
4.936305732484076447e-01 4.429850000000000421e+01
4.968152866242038224e-01 4.458450000000000557e+01
5.000000000000000000e-01 4.487050000000000693e+01
5.031847133757961776e-01 4.515649999999999409e+01
5.063694267515923553e-01 4.544249999999999545e+01
5.095541401273885329e-01 4.572819999999998686e+01
5.127388535031847105e-01 4.601419999999998822e+01
5.159235668789808882e-01 4.630020000000000380e+01
5.191082802547770658e-01 4.658610000000000184e+01
5.222929936305732435e-01 4.687210000000000321e+01
5.254777070063694211e-01 4.715810000000000457e+01
5.286624203821655987e-01 4.744400000000000261e+01
5.318471337579617764e-01 4.772999999999998977e+01
5.350318471337579540e-01 4.801600000000000534e+01
5.382165605095541316e-01 4.830200000000000671e+01
5.414012738853503093e-01 4.858800000000000807e+01
5.445859872611464869e-01 4.887399999999998812e+01
5.477707006369426646e-01 4.915990000000000038e+01
5.509554140127388422e-01 4.944590000000000174e+01
5.541401273885350198e-01 4.973190000000000310e+01
5.573248407643311975e-01 5.001790000000000447e+01
5.605095541401273751e-01 5.030380000000000251e+01
5.636942675159235527e-01 5.058979999999999677e+01
5.668789808917197304e-01 5.087579999999999814e+01
5.700636942675159080e-01 5.116170000000001039e+01
5.732484076433120856e-01 5.144769999999999754e+01
5.764331210191082633e-01 5.173369999999999891e+01
5.796178343949044409e-01 5.201969999999998606e+01
5.828025477707006186e-01 5.230560000000001253e+01
5.859872611464967962e-01 5.259159999999999968e+01
5.891719745222930849e-01 5.287760000000000105e+01
5.923566878980891515e-01 5.316359999999998820e+01
5.955414012738853291e-01 5.344969999999999999e+01
5.987261146496815067e-01 5.373580000000000467e+01
6.019108280254776844e-01 5.402179999999999183e+01
6.050955414012739730e-01 5.430779999999999319e+01
6.082802547770700397e-01 5.459380000000000877e+01
6.114649681528662173e-01 5.487980000000001013e+01
6.146496815286623949e-01 5.516579999999999018e+01
6.178343949044585726e-01 5.545169999999998822e+01
6.210191082802548612e-01 5.573769999999998959e+01
6.242038216560509278e-01 5.602389999999999759e+01
6.273885350318471055e-01 5.630989999999999895e+01
6.305732484076432831e-01 5.659590000000000032e+01
6.337579617834394607e-01 5.688190000000000168e+01
6.369426751592357494e-01 5.716790000000000305e+01
6.401273885350318160e-01 5.745390000000000441e+01
6.433121019108279937e-01 5.774000000000000909e+01
6.464968152866241713e-01 5.802599999999998914e+01
6.496815286624203489e-01 5.831200000000000472e+01
6.528662420382166376e-01 5.859800000000000608e+01
6.560509554140127042e-01 5.888399999999999324e+01
6.592356687898088818e-01 5.917020000000000124e+01
6.624203821656050595e-01 5.945620000000000260e+01
6.656050955414012371e-01 5.974219999999998976e+01
6.687898089171975258e-01 6.002820000000000533e+01
6.719745222929937034e-01 6.031439999999999912e+01
6.751592356687897700e-01 6.060040000000000049e+01
6.783439490445859477e-01 6.088640000000000185e+01
6.815286624203821253e-01 6.117239999999999611e+01
6.847133757961784140e-01 6.145859999999998990e+01
6.878980891719745916e-01 6.174459999999999127e+01
6.910828025477706582e-01 6.203059999999999263e+01
6.942675159235668358e-01 6.231679999999998643e+01
6.974522292993630135e-01 6.260280000000000200e+01
7.006369426751593021e-01 6.288879999999998915e+01
7.038216560509554798e-01 6.317499999999999716e+01
7.070063694267515464e-01 6.346099999999999852e+01
7.101910828025477240e-01 6.374689999999999657e+01
7.133757961783439017e-01 6.403310000000000457e+01
7.165605095541401903e-01 6.431910000000000593e+01
7.197452229299363680e-01 6.460510000000000730e+01
7.229299363057324346e-01 6.489130000000000109e+01
7.261146496815286122e-01 6.517730000000000246e+01
7.292993630573247898e-01 6.546339999999999293e+01
7.324840764331210785e-01 6.574960000000000093e+01
7.356687898089172561e-01 6.603559999999998809e+01
7.388535031847133228e-01 6.632179999999999609e+01
7.420382165605095004e-01 6.660779999999999745e+01
7.452229299363056780e-01 6.689379999999999882e+01
7.484076433121019667e-01 6.718000000000000682e+01
7.515923566878981443e-01 6.746600000000000819e+01
7.547770700636943220e-01 6.775229999999999109e+01
7.579617834394903886e-01 6.803830000000002087e+01
7.611464968152865662e-01 6.832449999999997203e+01
7.643312101910828549e-01 6.861039999999999850e+01
7.675159235668790325e-01 6.889660000000000650e+01
7.707006369426752102e-01 6.918259999999997945e+01
7.738853503184712768e-01 6.946889999999999077e+01
7.770700636942674544e-01 6.975490000000002055e+01
7.802547770700637431e-01 7.004110000000000014e+01
7.834394904458598097e-01 7.032710000000000150e+01
7.866242038216560983e-01 7.061330000000000950e+01
7.898089171974521649e-01 7.089940000000001419e+01
7.929936305732484536e-01 7.118559999999999377e+01
7.961783439490446312e-01 7.147159999999999513e+01
7.993630573248406979e-01 7.175780000000000314e+01
8.025477707006369865e-01 7.204379999999997608e+01
8.057324840764330531e-01 7.233000000000001251e+01
8.089171974522293418e-01 7.261599999999999966e+01
8.121019108280255194e-01 7.290219999999999345e+01
8.152866242038215860e-01 7.318829999999999814e+01
8.184713375796178747e-01 7.347450000000000614e+01
8.216560509554139413e-01 7.376070000000001414e+01
8.248407643312102300e-01 7.404679999999999040e+01
8.280254777070064076e-01 7.433299999999999841e+01
8.312101910828024742e-01 7.461889999999999645e+01
8.343949044585987629e-01 7.490520000000000778e+01
8.375796178343948295e-01 7.519139999999998736e+01
8.407643312101911182e-01 7.547739999999998872e+01
8.439490445859872958e-01 7.576370000000000005e+01
8.471337579617833624e-01 7.604990000000000805e+01
8.503184713375796511e-01 7.633590000000000941e+01
8.535031847133757177e-01 7.662219999999999231e+01
8.566878980891720063e-01 7.690809999999999036e+01
8.598726114649681840e-01 7.719429999999999836e+01
8.630573248407644726e-01 7.748060000000000969e+01
8.662420382165605393e-01 7.776680000000001769e+01
8.694267515923566059e-01 7.805290000000002237e+01
8.726114649681528945e-01 7.833910000000000196e+01
8.757961783439490722e-01 7.862530000000000996e+01
8.789808917197452498e-01 7.891130000000001132e+01
8.821656050955414274e-01 7.919750000000001933e+01
8.853503184713374941e-01 7.948380000000000223e+01
8.885350318471337827e-01 7.976980000000000359e+01
8.917197452229299603e-01 8.005610000000001492e+01
8.949044585987262490e-01 8.034230000000002292e+01
8.980891719745223156e-01 8.062839999999999918e+01
9.012738853503183822e-01 8.091450000000000387e+01
9.044585987261146709e-01 8.120070000000001187e+01
9.076433121019108485e-01 8.148700000000002319e+01
9.108280254777070262e-01 8.177320000000000277e+01
9.140127388535032038e-01 8.205950000000001410e+01
9.171974522292992704e-01 8.234540000000001214e+01
9.203821656050955591e-01 8.263170000000002346e+01
9.235668789808917367e-01 8.291789999999998884e+01
9.267515923566880254e-01 8.320419999999997174e+01
9.299363057324840920e-01 8.349049999999998306e+01
9.331210191082801586e-01 8.377660000000000196e+01
9.363057324840764473e-01 8.406270000000000664e+01
9.394904458598726249e-01 8.434890000000001464e+01
9.426751592356688025e-01 8.463520000000002597e+01
9.458598726114649802e-01 8.492139999999999134e+01
9.490445859872610468e-01 8.520760000000001355e+01
9.522292993630573354e-01 8.549379999999999313e+01
9.554140127388535131e-01 8.577989999999999782e+01
9.585987261146498017e-01 8.606620000000000914e+01
9.617834394904458684e-01 8.635240000000001714e+01
9.649681528662419350e-01 8.663860000000002515e+01
9.681528662420382236e-01 8.692480000000000473e+01
9.713375796178344013e-01 8.721109999999998763e+01
9.745222929936305789e-01 8.749739999999999895e+01
9.777070063694267565e-01 8.778360000000000696e+01
9.808917197452228232e-01 8.806979999999998654e+01
9.840764331210191118e-01 8.835609999999999786e+01
9.872611464968152895e-01 8.864230000000000587e+01
9.904458598726115781e-01 8.892860000000001719e+01
9.936305732484076447e-01 8.921479999999999677e+01
9.968152866242037113e-01 8.950079999999999814e+01
1.000000000000000000e+00 8.978730000000000189e+01
1.003184713375796067e+00 9.007340000000000657e+01
1.006369426751592355e+00 9.035960000000001457e+01
1.009554140127388422e+00 9.064580000000000837e+01
1.012738853503184711e+00 9.093209999999999127e+01
1.015923566878980999e+00 9.121840000000000259e+01
1.019108280254777066e+00 9.150460000000001060e+01
1.022292993630573354e+00 9.179099999999999682e+01
1.025477707006369421e+00 9.207730000000000814e+01
1.028662420382165710e+00 9.236350000000001614e+01
1.031847133757961776e+00 9.264979999999999905e+01
1.035031847133757843e+00 9.293600000000000705e+01
1.038216560509554132e+00 9.322230000000001837e+01
1.041401273885350198e+00 9.350860000000000127e+01
1.044585987261146487e+00 9.379470000000000596e+01
1.047770700636942776e+00 9.408099999999998886e+01
1.050955414012738842e+00 9.436730000000000018e+01
1.054140127388535131e+00 9.465360000000001151e+01
1.057324840764331197e+00 9.493979999999999109e+01
1.060509554140127486e+00 9.522599999999999909e+01
1.063694267515923553e+00 9.551230000000001041e+01
1.066878980891719619e+00 9.579879999999999995e+01
1.070063694267515908e+00 9.608500000000000796e+01
1.073248407643311975e+00 9.637130000000001928e+01
1.076433121019108263e+00 9.665760000000003060e+01
1.079617834394904552e+00 9.694370000000000687e+01
1.082802547770700619e+00 9.722999999999998977e+01
1.085987261146496907e+00 9.751630000000000109e+01
1.089171974522292974e+00 9.780280000000001905e+01
1.092356687898089262e+00 9.808899999999999864e+01
1.095541401273885329e+00 9.837530000000000996e+01
1.098726114649681396e+00 9.866160000000002128e+01
1.101910828025477684e+00 9.894780000000000086e+01
1.105095541401273751e+00 9.923429999999999040e+01
1.108280254777070040e+00 9.952049999999999841e+01
1.111464968152866328e+00 9.980670000000000641e+01
1.114649681528662395e+00 1.000930000000000177e+02
1.117834394904458684e+00 1.003793000000000006e+02
1.121019108280254750e+00 1.006656999999999869e+02
1.124203821656051039e+00 1.009519999999999982e+02
1.127388535031847105e+00 1.012382999999999811e+02
1.130573248407643172e+00 1.015245999999999924e+02
1.133757961783439461e+00 1.018110000000000070e+02
1.136942675159235527e+00 1.020973000000000184e+02
1.140127388535031816e+00 1.023835999999999729e+02
1.143312101910828105e+00 1.026699999999999875e+02
1.146496815286624171e+00 1.029562999999999988e+02
1.149681528662420460e+00 1.032426000000000101e+02
1.152866242038216527e+00 1.035287999999999897e+02
1.156050955414012815e+00 1.038153000000000077e+02
1.159235668789808882e+00 1.041015999999999906e+02
1.162420382165604948e+00 1.043877999999999702e+02
1.165605095541401237e+00 1.046742999999999881e+02
1.168789808917197304e+00 1.049604999999999961e+02
1.171974522292993592e+00 1.052469999999999857e+02
1.175159235668789881e+00 1.055332999999999970e+02
1.178343949044586170e+00 1.058196000000000083e+02
1.181528662420382236e+00 1.061060999999999979e+02
1.184713375796178303e+00 1.063923999999999808e+02
1.187898089171974592e+00 1.066786000000000030e+02
1.191082802547770658e+00 1.069650999999999925e+02
1.194267515923566947e+00 1.072514000000000038e+02
1.197452229299363013e+00 1.075378000000000185e+02
1.200636942675159080e+00 1.078241000000000014e+02
1.203821656050955369e+00 1.081103999999999843e+02
1.207006369426751657e+00 1.083969000000000023e+02
1.210191082802547946e+00 1.086832000000000136e+02
1.213375796178344013e+00 1.089696000000000282e+02
1.216560509554140079e+00 1.092558999999999827e+02
1.219745222929936368e+00 1.095424000000000007e+02
1.222929936305732435e+00 1.098285999999999802e+02
1.226114649681528723e+00 1.101152000000000015e+02
1.229299363057324790e+00 1.104013999999999811e+02
1.232484076433120856e+00 1.106878999999999991e+02
1.235668789808917145e+00 1.109742000000000104e+02
1.238853503184713434e+00 1.112606000000000108e+02
1.242038216560509722e+00 1.115470000000000255e+02
1.245222929936305789e+00 1.118333999999999691e+02
1.248407643312101856e+00 1.121196999999999804e+02
1.251592356687898144e+00 1.124061999999999983e+02
1.254777070063694211e+00 1.126924000000000206e+02
1.257961783439490500e+00 1.129790000000000134e+02
1.261146496815286566e+00 1.132651999999999930e+02
1.264331210191082633e+00 1.135516999999999825e+02
1.267515923566878921e+00 1.138381000000000256e+02
1.270700636942675210e+00 1.141245000000000118e+02
1.273885350318471499e+00 1.144108000000000089e+02
1.277070063694267565e+00 1.146972000000000094e+02
1.280254777070063632e+00 1.149838000000000022e+02
1.283439490445859921e+00 1.152701000000000136e+02
1.286624203821655987e+00 1.155564999999999998e+02
1.289808917197452276e+00 1.158428999999999860e+02
1.292993630573248343e+00 1.161293000000000148e+02
1.296178343949044409e+00 1.164158000000000044e+02
1.299363057324840698e+00 1.167020999999999731e+02
1.302547770700636987e+00 1.169885999999999910e+02
1.305732484076433275e+00 1.172751000000000090e+02
1.308917197452229342e+00 1.175613999999999919e+02
1.312101910828025408e+00 1.178478999999999814e+02
1.315286624203821697e+00 1.181343000000000103e+02
1.318471337579617764e+00 1.184207000000000249e+02
1.321656050955414052e+00 1.187071000000000112e+02
1.324840764331210119e+00 1.189937000000000040e+02
1.328025477707006186e+00 1.192798999999999836e+02
1.331210191082802474e+00 1.195664000000000016e+02
1.334394904458598763e+00 1.198528999999999911e+02
1.337579617834395052e+00 1.201392000000000024e+02
1.340764331210191118e+00 1.204257999999999953e+02
1.343949044585987407e+00 1.207122000000000099e+02
1.347133757961783473e+00 1.209988000000000028e+02
1.350318471337579540e+00 1.212849999999999824e+02
1.353503184713375829e+00 1.215714999999999719e+02
1.356687898089171895e+00 1.218579999999999899e+02
1.359872611464968184e+00 1.221444999999999794e+02
1.363057324840764251e+00 1.224307999999999765e+02
1.366242038216560539e+00 1.227172999999999945e+02
1.369426751592356828e+00 1.230038000000000409e+02
1.372611464968152895e+00 1.232903000000000020e+02
1.375796178343949183e+00 1.235768000000000058e+02
1.378980891719745250e+00 1.238630999999999887e+02
1.382165605095541316e+00 1.241495999999999924e+02
1.385350318471337605e+00 1.244360999999999819e+02
1.388535031847133672e+00 1.247225999999999999e+02
1.391719745222929960e+00 1.250091999999999928e+02
1.394904458598726027e+00 1.252956000000000216e+02
1.398089171974522316e+00 1.255820000000000078e+02
1.401273885350318604e+00 1.258683999999999799e+02
1.404458598726114671e+00 1.261550000000000011e+02
1.407643312101910960e+00 1.264414000000000158e+02
1.410828025477707026e+00 1.267279999999999802e+02
1.414012738853503093e+00 1.270144999999999555e+02
1.417197452229299381e+00 1.273010000000000304e+02
1.420382165605095448e+00 1.275874999999999915e+02
1.423566878980891737e+00 1.278738000000000028e+02
1.426751592356687803e+00 1.281603000000000065e+02
1.429936305732484092e+00 1.284469000000000278e+02
1.433121019108280381e+00 1.287333000000000425e+02
1.436305732484076447e+00 1.290199000000000069e+02
1.439490445859872736e+00 1.293063999999999965e+02
1.442675159235668803e+00 1.295929000000000428e+02
1.445859872611464869e+00 1.298794000000000324e+02
1.449044585987261158e+00 1.301660000000000252e+02
1.452229299363057224e+00 1.304524000000000115e+02
1.455414012738853513e+00 1.307389000000000294e+02
1.458598726114649580e+00 1.310255000000000223e+02
1.461783439490445868e+00 1.313118999999999801e+02
1.464968152866242157e+00 1.315985000000000014e+02
1.468152866242038224e+00 1.318850000000000193e+02
1.471337579617834512e+00 1.321715000000000373e+02
1.474522292993630579e+00 1.324579999999999984e+02
1.477707006369426646e+00 1.327446000000000481e+02
1.480891719745222934e+00 1.330311000000000092e+02
1.484076433121019001e+00 1.333174999999999955e+02
1.487261146496815289e+00 1.336041000000000167e+02
1.490445859872611356e+00 1.338906000000000063e+02
1.493630573248407645e+00 1.341772000000000276e+02
1.496815286624203933e+00 1.344636000000000138e+02
1.500000000000000000e+00 1.347502000000000066e+02
1.503184713375796289e+00 1.350366999999999962e+02
1.506369426751592355e+00 1.353231999999999857e+02
1.509554140127388644e+00 1.356098000000000070e+02
1.512738853503184711e+00 1.358964000000000283e+02
1.515923566878980777e+00 1.361829999999999927e+02
1.519108280254777066e+00 1.364694999999999823e+02
1.522292993630573132e+00 1.367561000000000035e+02
1.525477707006369421e+00 1.370425999999999931e+02
1.528662420382165710e+00 1.373290999999999826e+02
1.531847133757961776e+00 1.376155999999999722e+02
1.535031847133758065e+00 1.379020999999999901e+02
1.538216560509554132e+00 1.381889000000000465e+02
1.541401273885350420e+00 1.384754000000000076e+02
1.544585987261146487e+00 1.387618999999999687e+02
1.547770700636942554e+00 1.390485000000000184e+02
1.550955414012738842e+00 1.393350000000000080e+02
1.554140127388534909e+00 1.396217999999999790e+02
1.557324840764331197e+00 1.399082000000000221e+02
1.560509554140127486e+00 1.401947000000000116e+02
1.563694267515923553e+00 1.404812999999999761e+02
1.566878980891719619e+00 1.407677999999999656e+02
1.570063694267516130e+00 1.410545999999999935e+02
1.573248407643312197e+00 1.413411000000000399e+02
1.576433121019108263e+00 1.416275999999999726e+02
1.579617834394904330e+00 1.419141999999999939e+02
1.582802547770700397e+00 1.422008999999999901e+02
1.585987261146496907e+00 1.424873999999999796e+02
1.589171974522292974e+00 1.427740000000000009e+02
1.592356687898089262e+00 1.430605000000000189e+02
1.595541401273885329e+00 1.433473000000000184e+02
1.598726114649681396e+00 1.436338000000000079e+02
1.601910828025477906e+00 1.439202999999999975e+02
1.605095541401273973e+00 1.442069000000000187e+02
1.608280254777070040e+00 1.444936000000000149e+02
1.611464968152866106e+00 1.447801000000000329e+02
1.614649681528662173e+00 1.450666999999999973e+02
1.617834394904458684e+00 1.453533999999999651e+02
1.621019108280254750e+00 1.456398999999999830e+02
1.624203821656051039e+00 1.459264999999999475e+02
1.627388535031847105e+00 1.462131999999999721e+02
1.630573248407643172e+00 1.464997000000000185e+02
1.633757961783439683e+00 1.467864999999999895e+02
1.636942675159235749e+00 1.470730000000000359e+02
1.640127388535031816e+00 1.473595000000000255e+02
1.643312101910827883e+00 1.476463999999999714e+02
1.646496815286623949e+00 1.479328999999999610e+02
1.649681528662420460e+00 1.482194000000000074e+02
1.652866242038216527e+00 1.485061999999999784e+02
1.656050955414012815e+00 1.487926999999999964e+02
1.659235668789808882e+00 1.490793999999999926e+02
1.662420382165604948e+00 1.493659999999999854e+02
1.665605095541401459e+00 1.496527000000000100e+02
1.668789808917197526e+00 1.499393000000000313e+02
1.671974522292993592e+00 1.502258999999999958e+02
1.675159235668789659e+00 1.505125999999999920e+02
1.678343949044585726e+00 1.507991000000000099e+02
1.681528662420382236e+00 1.510858999999999810e+02
1.684713375796178303e+00 1.513723999999999705e+02
1.687898089171974592e+00 1.516591999999999985e+02
1.691082802547770658e+00 1.519457000000000448e+02
1.694267515923566725e+00 1.522324999999999591e+02
1.697452229299363236e+00 1.525190000000000055e+02
1.700636942675159302e+00 1.528057000000000016e+02
1.703821656050955369e+00 1.530923999999999978e+02
1.707006369426751435e+00 1.533790999999999940e+02
1.710191082802547502e+00 1.536656000000000120e+02
1.713375796178344013e+00 1.539524000000000115e+02
1.716560509554140079e+00 1.542390000000000327e+02
1.719745222929936368e+00 1.545256999999999721e+02
1.722929936305732435e+00 1.548123999999999683e+02
1.726114649681528945e+00 1.550989999999999895e+02
1.729299363057325012e+00 1.553857999999999890e+02
1.732484076433121079e+00 1.556723000000000070e+02
1.735668789808917145e+00 1.559590000000000032e+02
1.738853503184713212e+00 1.562456999999999994e+02
1.742038216560509722e+00 1.565323999999999955e+02
1.745222929936305789e+00 1.568190999999999917e+02
1.748407643312101856e+00 1.571057000000000130e+02
1.751592356687898144e+00 1.573925000000000409e+02
1.754777070063694211e+00 1.576792000000000087e+02
1.757961783439490500e+00 1.579658000000000015e+02
1.761146496815286788e+00 1.582525999999999726e+02
1.764331210191082855e+00 1.585392999999999688e+02
1.767515923566878921e+00 1.588259000000000185e+02
1.770700636942674988e+00 1.591125999999999863e+02
1.773885350318471499e+00 1.593994000000000142e+02
1.777070063694267565e+00 1.596860000000000070e+02
1.780254777070063632e+00 1.599726999999999748e+02
1.783439490445859921e+00 1.602595000000000027e+02
1.786624203821655987e+00 1.605459999999999923e+02
1.789808917197452498e+00 1.608328999999999951e+02
1.792993630573248565e+00 1.611196000000000197e+02
1.796178343949044631e+00 1.614060999999999808e+02
1.799363057324840698e+00 1.616929000000000656e+02
1.802547770700636764e+00 1.619796999999999798e+02
1.805732484076433275e+00 1.622665000000000077e+02
1.808917197452229342e+00 1.625530000000000257e+02
1.812101910828025408e+00 1.628397999999999683e+02
1.815286624203821697e+00 1.631264999999999930e+02
1.818471337579617764e+00 1.634132999999999925e+02
1.821656050955414052e+00 1.636998999999999569e+02
1.824840764331210341e+00 1.639866000000000099e+02
1.828025477707006408e+00 1.642733999999999810e+02
1.831210191082802474e+00 1.645601999999999805e+02
1.834394904458598541e+00 1.648469999999999516e+02
1.837579617834395052e+00 1.651336000000000013e+02
1.840764331210191118e+00 1.654202999999999975e+02
1.843949044585987185e+00 1.657071000000000254e+02
1.847133757961783473e+00 1.659938999999999965e+02
1.850318471337579540e+00 1.662806999999999675e+02
1.853503184713376051e+00 1.665674000000000206e+02
1.856687898089172117e+00 1.668540000000000134e+02
1.859872611464968184e+00 1.671406999999999528e+02
1.863057324840764251e+00 1.674274999999999523e+02
1.866242038216560317e+00 1.677144000000000119e+02
1.869426751592356828e+00 1.680010999999999513e+02
1.872611464968152895e+00 1.682879000000000360e+02
1.875796178343948961e+00 1.685745999999999754e+02
1.878980891719745250e+00 1.688618999999999915e+02
1.882165605095541316e+00 1.691482999999999777e+02
1.885350318471337605e+00 1.694343999999999824e+02
1.888535031847133894e+00 1.697218000000000018e+02
1.891719745222929960e+00 1.700081000000000131e+02
1.894904458598726027e+00 1.702954999999999757e+02
1.898089171974522094e+00 1.705819000000000187e+02
1.901273885350318604e+00 1.708681999999999448e+02
1.904458598726114671e+00 1.711555999999999926e+02
1.907643312101910738e+00 1.714420000000000073e+02
1.910828025477707026e+00 1.717293000000000234e+02
1.914012738853503093e+00 1.720156999999999812e+02
1.917197452229299603e+00 1.723031000000000290e+02
1.920382165605095670e+00 1.725893999999999551e+02
1.923566878980891737e+00 1.728757999999999697e+02
1.926751592356687803e+00 1.731632000000000176e+02
1.929936305732483870e+00 1.734495999999999754e+02
1.933121019108280381e+00 1.737368999999999915e+02
1.936305732484076447e+00 1.740232999999999493e+02
1.939490445859872514e+00 1.743097000000000492e+02
1.942675159235668803e+00 1.745970999999999549e+02
1.945859872611464869e+00 1.748833999999999662e+02
1.949044585987261158e+00 1.751708000000000425e+02
1.952229299363057446e+00 1.754571999999999719e+02
1.955414012738853513e+00 1.757436000000000149e+02
1.958598726114649580e+00 1.760309000000000026e+02
1.961783439490445646e+00 1.763175000000000523e+02
1.964968152866242157e+00 1.766048999999999580e+02
1.968152866242038224e+00 1.768913000000000011e+02
1.971337579617834290e+00 1.771787000000000205e+02
1.974522292993630579e+00 1.774650000000000318e+02
1.977707006369426646e+00 1.777513999999999896e+02
1.980891719745223156e+00 1.780387999999999806e+02
1.984076433121019223e+00 1.783252000000000521e+02
1.987261146496815289e+00 1.786125999999999863e+02
1.990445859872611356e+00 1.788992000000000075e+02
1.993630573248407423e+00 1.791855999999999653e+02
1.996815286624203933e+00 1.794729000000000383e+02
2.000000000000000000e+00 1.797592999999999392e+02
2.003184713375796289e+00 1.800467000000000439e+02
2.006369426751592133e+00 1.803331000000000017e+02
2.009554140127388422e+00 1.806197000000000514e+02
2.012738853503184711e+00 1.809071000000000140e+02
2.015923566878980999e+00 1.811935000000000002e+02
2.019108280254776844e+00 1.814808999999999628e+02
2.022292993630573132e+00 1.817673000000000059e+02
2.025477707006369421e+00 1.820548999999999751e+02
2.028662420382165710e+00 1.823413000000000181e+02
2.031847133757961998e+00 1.826276000000000295e+02
2.035031847133757843e+00 1.829149999999999920e+02
2.038216560509554132e+00 1.832016000000000417e+02
2.041401273885350420e+00 1.834889999999999759e+02
2.044585987261146709e+00 1.837754000000000474e+02
2.047770700636942554e+00 1.840617999999999483e+02
2.050955414012738842e+00 1.843493999999999744e+02
2.054140127388535131e+00 1.846357999999999606e+02
2.057324840764331420e+00 1.849232000000000369e+02
2.060509554140127264e+00 1.852097999999999729e+02
2.063694267515923553e+00 1.854961999999999875e+02
2.066878980891719841e+00 1.857836000000000354e+02
2.070063694267515686e+00 1.860704000000000065e+02
2.073248407643312419e+00 1.863576000000000477e+02
2.076433121019108263e+00 1.866437999999999988e+02
2.079617834394904552e+00 1.869299999999999784e+02
2.082802547770700397e+00 1.872183999999999742e+02
2.085987261146496685e+00 1.875045999999999822e+02
2.089171974522292974e+00 1.877920000000000300e+02
2.092356687898089262e+00 1.880782000000000380e+02
2.095541401273885551e+00 1.883644000000000176e+02
2.098726114649681396e+00 1.886527999999999565e+02
2.101910828025477684e+00 1.889389999999999930e+02
2.105095541401273973e+00 1.892263999999999555e+02
2.108280254777070262e+00 1.895125999999999920e+02
2.111464968152866106e+00 1.897990000000000350e+02
2.114649681528662395e+00 1.900879999999999939e+02
2.117834394904458684e+00 1.903740000000000236e+02
2.121019108280254972e+00 1.906610000000000298e+02
2.124203821656051261e+00 1.909470000000000027e+02
2.127388535031847105e+00 1.912340000000000373e+02
2.130573248407643394e+00 1.915210000000000150e+02
2.133757961783439239e+00 1.918070000000000164e+02
2.136942675159235971e+00 1.920960000000000605e+02
2.140127388535031816e+00 1.923820000000000050e+02
2.143312101910828105e+00 1.926689999999999827e+02
2.146496815286623949e+00 1.929560000000000173e+02
2.149681528662420238e+00 1.932420000000000186e+02
2.152866242038216527e+00 1.935289999999999964e+02
2.156050955414012815e+00 1.938159999999999741e+02
2.159235668789809104e+00 1.941039999999999566e+02
2.162420382165604948e+00 1.943909999999999627e+02
2.165605095541401237e+00 1.946769999999999925e+02
2.168789808917197526e+00 1.949639999999999986e+02
2.171974522292993814e+00 1.952510000000000048e+02
2.175159235668789659e+00 1.955370000000000346e+02
2.178343949044585948e+00 1.958259999999999934e+02
2.181528662420382236e+00 1.961120000000000232e+02
2.184713375796178525e+00 1.964000000000000057e+02
2.187898089171974370e+00 1.966859999999999786e+02
2.191082802547770658e+00 1.969719999999999800e+02
2.194267515923566947e+00 1.972590000000000146e+02
2.197452229299362791e+00 1.975480000000000018e+02
2.200636942675159524e+00 1.978350000000000364e+02
2.203821656050955369e+00 1.981209999999999809e+02
2.207006369426751657e+00 1.984069999999999254e+02
2.210191082802547502e+00 1.986940000000000168e+02
2.213375796178343791e+00 1.989809999999999945e+02
2.216560509554140079e+00 1.992679999999999723e+02
2.219745222929936368e+00 1.995559999999999832e+02
2.222929936305732657e+00 1.998419999999999561e+02
2.226114649681528501e+00 2.001299999999999955e+02
2.229299363057324790e+00 2.004160000000000252e+02
2.232484076433121079e+00 2.007029999999999745e+02
2.235668789808917367e+00 2.009890000000000043e+02
2.238853503184713212e+00 2.012779999999999632e+02
2.242038216560509500e+00 2.015649999999999693e+02
2.245222929936305789e+00 2.018509999999999991e+02
2.248407643312102078e+00 2.021370000000000005e+02
2.251592356687898366e+00 2.024250000000000114e+02
2.254777070063694211e+00 2.027129999999999654e+02
2.257961783439490500e+00 2.030000000000000000e+02
2.261146496815286344e+00 2.032860000000000014e+02
2.264331210191083077e+00 2.035729999999999791e+02
2.267515923566878921e+00 2.038600000000000136e+02
2.270700636942675210e+00 2.041460000000000150e+02
2.273885350318471055e+00 2.044350000000000023e+02
2.277070063694267343e+00 2.047219999999999800e+02
2.280254777070063632e+00 2.050080000000000098e+02
2.283439490445859921e+00 2.052950000000000159e+02
2.286624203821656209e+00 2.055810000000000457e+02
2.289808917197452054e+00 2.058690000000000282e+02
2.292993630573248343e+00 2.061570000000000107e+02
2.296178343949044631e+00 2.064430000000000405e+02
2.299363057324840920e+00 2.067299999999999613e+02
2.302547770700636764e+00 2.070169999999999959e+02
2.305732484076433053e+00 2.073039999999999736e+02
2.308917197452229342e+00 2.075920000000000130e+02
2.312101910828025630e+00 2.078779999999999859e+02
2.315286624203821475e+00 2.081659999999999684e+02
2.318471337579617764e+00 2.084519999999999982e+02
2.321656050955414052e+00 2.087379999999999995e+02
2.324840764331209897e+00 2.090249999999999773e+02
2.328025477707006630e+00 2.093140000000000214e+02
2.331210191082802474e+00 2.096009999999999991e+02
2.334394904458598763e+00 2.098870000000000005e+02
2.337579617834394607e+00 2.101730000000000302e+02
2.340764331210190896e+00 2.104610000000000127e+02
2.343949044585987185e+00 2.107489999999999668e+02
2.347133757961783473e+00 2.110360000000000014e+02
2.350318471337579762e+00 2.113220000000000027e+02
2.353503184713375607e+00 2.116089999999999520e+02
2.356687898089172339e+00 2.118959999999999582e+02
2.359872611464968184e+00 2.121839999999999975e+02
2.363057324840764473e+00 2.124699999999999704e+02
2.366242038216560317e+00 2.127580000000000098e+02
2.369426751592356606e+00 2.130439999999999827e+02
2.372611464968152895e+00 2.133309999999999889e+02
2.375796178343949183e+00 2.136200000000000045e+02
2.378980891719745472e+00 2.139060000000000059e+02
2.382165605095541316e+00 2.141930000000000405e+02
2.385350318471337605e+00 2.144789999999999850e+02
2.388535031847133894e+00 2.147669999999999959e+02
2.391719745222930182e+00 2.150549999999999500e+02
2.394904458598726027e+00 2.153409999999999513e+02
2.398089171974522316e+00 2.156279999999999859e+02
2.401273885350318160e+00 2.159149999999999636e+02
2.404458598726114893e+00 2.162009999999999934e+02
2.407643312101910738e+00 2.164899999999999807e+02
2.410828025477707026e+00 2.167770000000000152e+02
2.414012738853503315e+00 2.170640000000000498e+02
2.417197452229299159e+00 2.173499999999999943e+02
2.420382165605095892e+00 2.176360000000000241e+02
2.423566878980891737e+00 2.179259999999999593e+02
2.426751592356688025e+00 2.182119999999999891e+02
2.429936305732483870e+00 2.184989999999999952e+02
2.433121019108280159e+00 2.187860000000000014e+02
2.436305732484076447e+00 2.190740000000000123e+02
2.439490445859872736e+00 2.193609999999999616e+02
2.442675159235668580e+00 2.196469999999999914e+02
2.445859872611464869e+00 2.199340000000000543e+02
2.449044585987261158e+00 2.202210000000000036e+02
2.452229299363057446e+00 2.205090000000000430e+02
2.455414012738853735e+00 2.207969999999999686e+02
2.458598726114649580e+00 2.210829999999999984e+02
2.461783439490445868e+00 2.213689999999999998e+02
2.464968152866241713e+00 2.216560000000000059e+02
2.468152866242038446e+00 2.219450000000000216e+02
2.471337579617834290e+00 2.222309999999999945e+02
2.474522292993630579e+00 2.225180000000000007e+02
2.477707006369426868e+00 2.228050000000000068e+02
2.480891719745222712e+00 2.230940000000000225e+02
2.484076433121019445e+00 2.233800000000000239e+02
2.487261146496815289e+00 2.236659999999999968e+02
2.490445859872611578e+00 2.239539999999999793e+02
2.493630573248407423e+00 2.242400000000000091e+02
2.496815286624203711e+00 2.245279999999999916e+02
2.500000000000000000e+00 2.248160000000000309e+02
2.503184713375796289e+00 2.251020000000000039e+02
2.506369426751592577e+00 2.253890000000000100e+02
2.509554140127388422e+00 2.256779999999999973e+02
2.512738853503184711e+00 2.259639999999999702e+02
2.515923566878980999e+00 2.262510000000000332e+02
2.519108280254777288e+00 2.265370000000000061e+02
2.522292993630573132e+00 2.268260000000000218e+02
2.525477707006369421e+00 2.271129999999999711e+02
2.528662420382165266e+00 2.273989999999999725e+02
2.531847133757961998e+00 2.276869999999999834e+02
2.535031847133757843e+00 2.279729999999999848e+02
2.538216560509554132e+00 2.282610000000000241e+02
2.541401273885350420e+00 2.285490000000000066e+02
2.544585987261146265e+00 2.288349999999999795e+02
2.547770700636942998e+00 2.291210000000000093e+02
2.550955414012738842e+00 2.294100000000000250e+02
2.554140127388535131e+00 2.296970000000000027e+02
2.557324840764330975e+00 2.299839999999999804e+02
2.560509554140127264e+00 2.302699999999999818e+02
2.563694267515923553e+00 2.305589999999999975e+02
2.566878980891719841e+00 2.308460000000000036e+02
2.570063694267515686e+00 2.311319999999999766e+02
2.573248407643311975e+00 2.314189999999999543e+02
2.576433121019108263e+00 2.317079999999999984e+02
2.579617834394904552e+00 2.319939999999999998e+02
2.582802547770700841e+00 2.322820000000000107e+02
2.585987261146496685e+00 2.325680000000000121e+02
2.589171974522292974e+00 2.328559999999999945e+02
2.592356687898088818e+00 2.331439999999999770e+02
2.595541401273885551e+00 2.334299999999999500e+02
2.598726114649681396e+00 2.337159999999999513e+02
2.601910828025477684e+00 2.340060000000000286e+02
2.605095541401273973e+00 2.342920000000000300e+02
2.608280254777069818e+00 2.345780000000000030e+02
2.611464968152866550e+00 2.348649999999999523e+02
2.614649681528662395e+00 2.351539999999999679e+02
2.617834394904458684e+00 2.354409999999999741e+02
2.621019108280254528e+00 2.357270000000000039e+02
2.624203821656050817e+00 2.360139999999999816e+02
2.627388535031847105e+00 2.363030000000000257e+02
2.630573248407643394e+00 2.365889999999999702e+02
2.633757961783439683e+00 2.368760000000000332e+02
2.636942675159235527e+00 2.371630000000000393e+02
2.640127388535031816e+00 2.374510000000000218e+02
2.643312101910828105e+00 2.377379999999999995e+02
2.646496815286624393e+00 2.380249999999999773e+02
2.649681528662420238e+00 2.383109999999999786e+02
2.652866242038216527e+00 2.386009999999999991e+02
2.656050955414012371e+00 2.388870000000000005e+02
2.659235668789809104e+00 2.391730000000000302e+02
2.662420382165604948e+00 2.394610000000000127e+02
2.665605095541401237e+00 2.397489999999999952e+02
2.668789808917197526e+00 2.400349999999999966e+02
2.671974522292993814e+00 2.403230000000000075e+02
2.675159235668790103e+00 2.406090000000000089e+02
2.678343949044585948e+00 2.408980000000000530e+02
2.681528662420382236e+00 2.411849999999999739e+02
2.684713375796178081e+00 2.414710000000000036e+02
2.687898089171974814e+00 2.417599999999999625e+02
2.691082802547770658e+00 2.420469999999999686e+02
2.694267515923566947e+00 2.423329999999999700e+02
2.697452229299362791e+00 2.426200000000000045e+02
2.700636942675159080e+00 2.429089999999999918e+02
2.703821656050955369e+00 2.431949999999999648e+02
2.707006369426751657e+00 2.434820000000000277e+02
2.710191082802547946e+00 2.437689999999999770e+02
2.713375796178343791e+00 2.440569999999999879e+02
2.716560509554140079e+00 2.443439999999999657e+02
2.719745222929936368e+00 2.446309999999999434e+02
2.722929936305732657e+00 2.449200000000000443e+02
2.726114649681528501e+00 2.451329999999999814e+02
2.729299363057324790e+00 2.452179999999999609e+02
2.732484076433121079e+00 2.453010000000000161e+02
2.735668789808917367e+00 2.453880000000000337e+02
2.738853503184713656e+00 2.454730000000000132e+02
2.742038216560509500e+00 2.455560000000000116e+02
2.745222929936305789e+00 2.456419999999999675e+02
2.748407643312101634e+00 2.457260000000000275e+02
2.751592356687898366e+00 2.456720000000000255e+02
2.754777070063694211e+00 2.453870000000000573e+02
2.757961783439490500e+00 2.451030000000000371e+02
2.761146496815286788e+00 2.448189999999999884e+02
2.764331210191082633e+00 2.445349999999999682e+02
2.767515923566878921e+00 2.442509999999999764e+02
2.770700636942675210e+00 2.439660000000000366e+02
2.773885350318471499e+00 2.436819999999999879e+02
2.777070063694267343e+00 2.433980000000000246e+02
2.780254777070063632e+00 2.431140000000000327e+02
2.783439490445859921e+00 2.428290000000000362e+02
2.786624203821656209e+00 2.425450000000000443e+02
2.789808917197452054e+00 2.422629999999999768e+02
2.792993630573248343e+00 2.419790000000000418e+02
2.796178343949044631e+00 2.416949999999999648e+02
2.799363057324840920e+00 2.414099999999999966e+02
2.802547770700637209e+00 2.411259999999999764e+02
2.805732484076433053e+00 2.408429999999999893e+02
2.808917197452229342e+00 2.405589999999999691e+02
2.812101910828025186e+00 2.402740000000000009e+02
2.815286624203821919e+00 2.399900000000000375e+02
2.818471337579617764e+00 2.397059999999999889e+02
2.821656050955414052e+00 2.394220000000000255e+02
2.824840764331209897e+00 2.391379999999999768e+02
2.828025477707006186e+00 2.388529999999999802e+02
2.831210191082802474e+00 2.385709999999999980e+02
2.834394904458598763e+00 2.382869999999999777e+02
2.837579617834395052e+00 2.380030000000000427e+02
2.840764331210190896e+00 2.377190000000000225e+02
2.843949044585987185e+00 2.374340000000000543e+02
2.847133757961783473e+00 2.371500000000000057e+02
2.850318471337579762e+00 2.368659999999999854e+02
2.853503184713375607e+00 2.365819999999999936e+02
2.856687898089171895e+00 2.362969999999999970e+02
2.859872611464968184e+00 2.360130000000000621e+02
2.863057324840764473e+00 2.357289999999999850e+02
2.866242038216560761e+00 2.354450000000000500e+02
2.869426751592356606e+00 2.351609999999999161e+02
2.872611464968152895e+00 2.348790000000000191e+02
2.875796178343948739e+00 2.345949999999999989e+02
2.878980891719745472e+00 2.343110000000000070e+02
2.882165605095541316e+00 2.340269999999999868e+02
2.885350318471337605e+00 2.337429999999999950e+02
2.888535031847133894e+00 2.334579999999999416e+02
2.891719745222929738e+00 2.331740000000000066e+02
2.894904458598726027e+00 2.328899999999999864e+02
2.898089171974522316e+00 2.326059999999999945e+02
2.901273885350318604e+00 2.323209999999999980e+02
2.904458598726114449e+00 2.320370000000000061e+02
2.907643312101910738e+00 2.317529999999999859e+02
2.910828025477707026e+00 2.314689999999999941e+02
2.914012738853503315e+00 2.311869999999999834e+02
2.917197452229299159e+00 2.309020000000000152e+02
2.920382165605095448e+00 2.306179999999999382e+02
2.923566878980891737e+00 2.303339999999999463e+02
2.926751592356688025e+00 2.300500000000000398e+02
2.929936305732484314e+00 2.297660000000000480e+02
2.933121019108280159e+00 2.294810000000000514e+02
2.936305732484076447e+00 2.291979999999999507e+02
2.939490445859872292e+00 2.289139999999999873e+02
2.942675159235669025e+00 2.286299999999999955e+02
2.945859872611464869e+00 2.283449999999999989e+02
2.949044585987261158e+00 2.280610000000000639e+02
2.952229299363057002e+00 2.277769999999999300e+02
2.955414012738853291e+00 2.274950000000000045e+02
2.958598726114649580e+00 2.272110000000000412e+02
2.961783439490445868e+00 2.269260000000000161e+02
2.964968152866242157e+00 2.266419999999999959e+02
2.968152866242038002e+00 2.263580000000000041e+02
2.971337579617834734e+00 2.260739999999999839e+02
2.974522292993630579e+00 2.257899999999999920e+02
2.977707006369426868e+00 2.255050000000000239e+02
2.980891719745222712e+00 2.252209999999999468e+02
2.984076433121019001e+00 2.249370000000000118e+02
2.987261146496815289e+00 2.246529999999999916e+02
2.990445859872611578e+00 2.243680000000000234e+02
2.993630573248407867e+00 2.240840000000000600e+02
2.996815286624203711e+00 2.238019999999999641e+02
3.000000000000000000e+00 2.235190000000000055e+02
3.003184713375796289e+00 2.232350000000000705e+02
3.006369426751592577e+00 2.229500000000000171e+02
3.009554140127388422e+00 2.226659999999999684e+02
3.012738853503184711e+00 2.223819999999999482e+02
3.015923566878980999e+00 2.220980000000000700e+02
3.019108280254777288e+00 2.218140000000000498e+02
3.022292993630573132e+00 2.215290000000000248e+02
3.025477707006369421e+00 2.212449999999999477e+02
3.028662420382165710e+00 2.209610000000000127e+02
3.031847133757961554e+00 2.206769999999999925e+02
3.035031847133758287e+00 2.203930000000000007e+02
3.038216560509554132e+00 2.201100000000000136e+02
3.041401273885350420e+00 2.198259999999999650e+02
3.044585987261146265e+00 2.195420000000000016e+02
3.047770700636942554e+00 2.192580000000000666e+02
3.050955414012738842e+00 2.189730000000000132e+02
3.054140127388535131e+00 2.186890000000000214e+02
3.057324840764331420e+00 2.184050000000000011e+02
3.060509554140127264e+00 2.181210000000000093e+02
3.063694267515923553e+00 2.178379999999999939e+02
3.066878980891719841e+00 2.175530000000000257e+02
3.070063694267516130e+00 2.172689999999999486e+02
3.073248407643311975e+00 2.169850000000000136e+02
3.076433121019108263e+00 2.167030000000000598e+02
3.079617834394904108e+00 2.164189999999999543e+02
3.082802547770700841e+00 2.161340000000000146e+02
3.085987261146496685e+00 2.158499999999999659e+02
3.089171974522292974e+00 2.155660000000000025e+02
3.092356687898089262e+00 2.152820000000000675e+02
3.095541401273885107e+00 2.149979999999999336e+02
3.098726114649681840e+00 2.147129999999999654e+02
3.101910828025477684e+00 2.144289999999999452e+02
3.105095541401273973e+00 2.141450000000000671e+02
3.108280254777069818e+00 2.138610000000000468e+02
3.111464968152866106e+00 2.135760000000000218e+02
3.114649681528662395e+00 2.132919999999999732e+02
3.117834394904458684e+00 2.130100000000000193e+02
3.121019108280254972e+00 2.127260000000000275e+02
3.124203821656050817e+00 2.124429999999999552e+02
3.127388535031847105e+00 2.121580000000000155e+02
3.130573248407643394e+00 2.118739999999999668e+02
3.133757961783439239e+00 2.115900000000000034e+02
3.136942675159235527e+00 2.113060000000000684e+02
3.140127388535032260e+00 2.110220000000000198e+02
3.143312101910828105e+00 2.107370000000000232e+02
3.146496815286624393e+00 2.104530000000000314e+02
3.149681528662420238e+00 2.101690000000000111e+02
3.152866242038216527e+00 2.098849999999999625e+02
3.156050955414012815e+00 2.096029999999999518e+02
3.159235668789808660e+00 2.093179999999999836e+02
3.162420382165605393e+00 2.090339999999999634e+02
3.165605095541400793e+00 2.087499999999999716e+02
3.168789808917197526e+00 2.084659999999999513e+02
3.171974522292993814e+00 2.081810000000000400e+02
3.175159235668789659e+00 2.078969999999999629e+02
3.178343949044585948e+00 2.076130000000000280e+02
3.181528662420381792e+00 2.073289999999999509e+02
3.184713375796178525e+00 2.070459999999999638e+02
3.187898089171974814e+00 2.067609999999999673e+02
3.191082802547770658e+00 2.064769999999999754e+02
3.194267515923566947e+00 2.061930000000000689e+02
3.197452229299362791e+00 2.059110000000000298e+02
3.200636942675159080e+00 2.056270000000000095e+02
3.203821656050955813e+00 2.053420000000000414e+02
3.207006369426751213e+00 2.050580000000000211e+02
3.210191082802547946e+00 2.047739999999999725e+02
3.213375796178343791e+00 2.044899999999999523e+02
3.216560509554140079e+00 2.042060000000000173e+02
3.219745222929936368e+00 2.039209999999999638e+02
3.222929936305732213e+00 2.036370000000000289e+02
3.226114649681528945e+00 2.033530000000000086e+02
3.229299363057324346e+00 2.030690000000000168e+02
3.232484076433121079e+00 2.027849999999999966e+02
3.235668789808917367e+00 2.025020000000000380e+02
3.238853503184713212e+00 2.022179999999999609e+02
3.242038216560509500e+00 2.019339999999999691e+02
3.245222929936305345e+00 2.016509999999999536e+02
3.248407643312102078e+00 2.013659999999999854e+02
3.251592356687898366e+00 2.010819999999999652e+02
3.254777070063694211e+00 2.007979999999999734e+02
3.257961783439490500e+00 2.005139999999999532e+02
3.261146496815286344e+00 2.002300000000000182e+02
3.264331210191082633e+00 1.999449999999999648e+02
3.267515923566879366e+00 1.996609999999999729e+02
3.270700636942675210e+00 1.993769999999999811e+02
3.273885350318471499e+00 1.990949999999999704e+02
3.277070063694267343e+00 1.988110000000000355e+02
3.280254777070063632e+00 1.985259999999999252e+02
3.283439490445859921e+00 1.982420000000000471e+02
3.286624203821655765e+00 1.979580000000000268e+02
3.289808917197452498e+00 1.976740000000000350e+02
3.292993630573247898e+00 1.973900000000000148e+02
3.296178343949044631e+00 1.971049999999999898e+02
3.299363057324840920e+00 1.968209999999999695e+02
3.302547770700636764e+00 1.965369999999999777e+02
3.305732484076433053e+00 1.962540000000000191e+02
3.308917197452228898e+00 1.959700000000000273e+02
3.312101910828025630e+00 1.956869999999999834e+02
3.315286624203821919e+00 1.954030000000000484e+02
3.318471337579617764e+00 1.951189999999999714e+02
3.321656050955414052e+00 1.948350000000000364e+02
3.324840764331209897e+00 1.945509999999999593e+02
3.328025477707006186e+00 1.942659999999999911e+02
3.331210191082802918e+00 1.939819999999999709e+02
3.334394904458598319e+00 1.936979999999999791e+02
3.337579617834395052e+00 1.934140000000000725e+02
3.340764331210190896e+00 1.931289999999999907e+02
3.343949044585987185e+00 1.928449999999999704e+02
3.347133757961783473e+00 1.925609999999999786e+02
3.350318471337579318e+00 1.922790000000000248e+02
3.353503184713376051e+00 1.919949999999999761e+02
3.356687898089171451e+00 1.917099999999999795e+02
3.359872611464968184e+00 1.914260000000000446e+02
3.363057324840764473e+00 1.911429999999999723e+02
3.366242038216560317e+00 1.908590000000000373e+02
3.369426751592356606e+00 1.905749999999999034e+02
3.372611464968152450e+00 1.902900000000000489e+02
3.375796178343949183e+00 1.900060000000000286e+02
3.378980891719745472e+00 1.897220000000000368e+02
3.382165605095541316e+00 1.894379999999999598e+02
3.385350318471337605e+00 1.891539999999999679e+02
3.388535031847133450e+00 1.888709999999999809e+02
3.391719745222929738e+00 1.885869999999999891e+02
3.394904458598726471e+00 1.883029999999999688e+02
3.398089171974522316e+00 1.880189999999999770e+02
3.401273885350318604e+00 1.877349999999999568e+02
3.404458598726114449e+00 1.874500000000000455e+02
3.407643312101910738e+00 1.871659999999999968e+02
3.410828025477707026e+00 1.868819999999999766e+02
3.414012738853502871e+00 1.865979999999999848e+02
3.417197452229299603e+00 1.863139999999999645e+02
3.420382165605095004e+00 1.860299999999999727e+02
3.423566878980891737e+00 1.857459999999999809e+02
3.426751592356688025e+00 1.854640000000000271e+02
3.429936305732483870e+00 1.851800000000000352e+02
3.433121019108280159e+00 1.848960000000000434e+02
3.436305732484076003e+00 1.846110000000000468e+02
3.439490445859872736e+00 1.843269999999999982e+02
3.442675159235669025e+00 1.840429999999999779e+02
3.445859872611464869e+00 1.837589999999999861e+02
3.449044585987261158e+00 1.834750000000000227e+02
3.452229299363057891e+00 1.831899999999999977e+02
3.455414012738853291e+00 1.829060000000000343e+02
3.458598726114650024e+00 1.826220000000000425e+02
3.461783439490445424e+00 1.823380000000000223e+02
3.464968152866242157e+00 1.820560000000000400e+02
3.468152866242038446e+00 1.817709999999999866e+02
3.471337579617834290e+00 1.814869999999999948e+02
3.474522292993630579e+00 1.812029999999999745e+02
3.477707006369426423e+00 1.809199999999999875e+02
3.480891719745223156e+00 1.806349999999999909e+02
3.484076433121019445e+00 1.803509999999999991e+02
3.487261146496815289e+00 1.800669999999999789e+02
3.490445859872611578e+00 1.797829999999999870e+02
3.493630573248407423e+00 1.794990000000000236e+02
3.496815286624203711e+00 1.792139999999999986e+02
3.500000000000000444e+00 1.789299999999999784e+02
3.503184713375796289e+00 1.786480000000000530e+02
3.506369426751592577e+00 1.783639999999999759e+02
3.509554140127388422e+00 1.780800000000000409e+02
3.512738853503184711e+00 1.777949999999999307e+02
3.515923566878980999e+00 1.775110000000000525e+02
3.519108280254776844e+00 1.772270000000000323e+02
3.522292993630573577e+00 1.769430000000000405e+02
3.525477707006369421e+00 1.766589999999999634e+02
3.528662420382165710e+00 1.763739999999999952e+02
3.531847133757961998e+00 1.760899999999999750e+02
3.535031847133757843e+00 1.758069999999999879e+02
3.538216560509554132e+00 1.755230000000000246e+02
3.541401273885349976e+00 1.752409999999999854e+02
3.544585987261146709e+00 1.749559999999999889e+02
3.547770700636942998e+00 1.746720000000000539e+02
3.550955414012738842e+00 1.743879999999999768e+02
3.554140127388535131e+00 1.741039999999999850e+02
3.557324840764330975e+00 1.738199999999999648e+02
3.560509554140127264e+00 1.735349999999999966e+02
3.563694267515923997e+00 1.732510000000000048e+02
3.566878980891719841e+00 1.729669999999999845e+02
3.570063694267516130e+00 1.726829999999999927e+02
3.573248407643311975e+00 1.723989999999999725e+02
3.576433121019108263e+00 1.721160000000000707e+02
3.579617834394904996e+00 1.718320000000000505e+02
3.582802547770700397e+00 1.715480000000000018e+02
3.585987261146497129e+00 1.712639999999999816e+02
3.589171974522292530e+00 1.709809999999999945e+02
3.592356687898089262e+00 1.706960000000000548e+02
3.595541401273885551e+00 1.704120000000000061e+02
3.598726114649681396e+00 1.701280000000000427e+02
3.601910828025477684e+00 1.698439999999999372e+02
3.605095541401273529e+00 1.695600000000000307e+02
3.608280254777070262e+00 1.692750000000000625e+02
3.611464968152866550e+00 1.689909999999999854e+02
3.614649681528662395e+00 1.687090000000000032e+02
3.617834394904458684e+00 1.684249999999999829e+02
3.621019108280254528e+00 1.681409999999999911e+02
3.624203821656050817e+00 1.678559999999999377e+02
3.627388535031847550e+00 1.675720000000000027e+02
3.630573248407643394e+00 1.672879999999999825e+02
3.633757961783439683e+00 1.670039999999999907e+02
3.636942675159235527e+00 1.667200000000000273e+02
3.640127388535031816e+00 1.664350000000000023e+02
3.643312101910828105e+00 1.661510000000000105e+02
3.646496815286623949e+00 1.658679999999999950e+02
3.649681528662420682e+00 1.655860000000000127e+02
3.652866242038216527e+00 1.653020000000000209e+02
3.656050955414012815e+00 1.650169999999999391e+02
3.659235668789809104e+00 1.647330000000000609e+02
3.662420382165604948e+00 1.644490000000000691e+02
3.665605095541401237e+00 1.641650000000000205e+02
3.668789808917197082e+00 1.638809999999999718e+02
3.671974522292993814e+00 1.635960000000000036e+02
3.675159235668790103e+00 1.633120000000000118e+02
3.678343949044585948e+00 1.630279999999999632e+02
3.681528662420382236e+00 1.627440000000000282e+02
3.684713375796178081e+00 1.624599999999999227e+02
3.687898089171974370e+00 1.621770000000000209e+02
3.691082802547771102e+00 1.618929999999999723e+02
3.694267515923566947e+00 1.616089999999999804e+02
3.697452229299363236e+00 1.613249999999999886e+02
3.700636942675159080e+00 1.610419999999999732e+02
3.703821656050955369e+00 1.607570000000000050e+02
3.707006369426752102e+00 1.604730000000000132e+02
3.710191082802547502e+00 1.601889999999999645e+02
3.713375796178344235e+00 1.599049999999999727e+02
3.716560509554139635e+00 1.596209999999999809e+02
3.719745222929936368e+00 1.593360000000000127e+02
3.722929936305732657e+00 1.590540000000000873e+02
3.726114649681528501e+00 1.587699999999999818e+02
3.729299363057324790e+00 1.584859999999999900e+02
3.732484076433120634e+00 1.582019999999999982e+02
3.735668789808917367e+00 1.579170000000000300e+02
3.738853503184713656e+00 1.576329999999999814e+02
3.742038216560509500e+00 1.573490000000000464e+02
3.745222929936305789e+00 1.570649999999999409e+02
3.748407643312101634e+00 1.567810000000000628e+02
3.751592356687897922e+00 1.564960000000000377e+02
3.754777070063694655e+00 1.562130000000000223e+02
3.757961783439490500e+00 1.559289999999999736e+02
3.761146496815286788e+00 1.556469999999999914e+02
3.764331210191082633e+00 1.553629999999999995e+02
3.767515923566878921e+00 1.550779999999999745e+02
3.770700636942675210e+00 1.547939999999999827e+02
3.773885350318471055e+00 1.545099999999999909e+02
3.777070063694267787e+00 1.542259999999999991e+02
3.780254777070063632e+00 1.539420000000000641e+02
3.783439490445859921e+00 1.536569999999999823e+02
3.786624203821656209e+00 1.533729999999999905e+02
3.789808917197452054e+00 1.530889999999999986e+02
3.792993630573248343e+00 1.528050000000000068e+02
3.796178343949044187e+00 1.525229999999999109e+02
3.799363057324840920e+00 1.522379999999999427e+02
3.802547770700637209e+00 1.519540000000000646e+02
3.805732484076433053e+00 1.516699999999999591e+02
3.808917197452229342e+00 1.513870000000000573e+02
3.812101910828025186e+00 1.511030000000000086e+02
3.815286624203821475e+00 1.508179999999999836e+02
3.818471337579618208e+00 1.505339999999999918e+02
3.821656050955414052e+00 1.502500000000000000e+02
3.824840764331210341e+00 1.499660000000000650e+02
3.828025477707006186e+00 1.496819999999999027e+02
3.831210191082802474e+00 1.493990000000000009e+02
3.834394904458599207e+00 1.491150000000000091e+02
3.837579617834394607e+00 1.488310000000000173e+02
3.840764331210191340e+00 1.485469999999999686e+02
3.843949044585986741e+00 1.482629999999999768e+02
3.847133757961783473e+00 1.479789999999999850e+02
3.850318471337579762e+00 1.476940000000000168e+02
3.853503184713375607e+00 1.474099999999999682e+02
3.856687898089171895e+00 1.471259999999999764e+02
3.859872611464967740e+00 1.468429999999999609e+02
3.863057324840764473e+00 1.465590000000000259e+02
3.866242038216560761e+00 1.462760000000000673e+02
3.869426751592356606e+00 1.459920000000000186e+02
3.872611464968152895e+00 1.457079999999999700e+02
3.875796178343948739e+00 1.454239999999999782e+02
3.878980891719745028e+00 1.451400000000000432e+02
3.882165605095541761e+00 1.448549999999999613e+02
3.885350318471337605e+00 1.445710000000000832e+02
3.888535031847133894e+00 1.442869999999999209e+02
3.891719745222929738e+00 1.440030000000000427e+02
3.894904458598726027e+00 1.437190000000000509e+02
3.898089171974522316e+00 1.434340000000000259e+02
3.901273885350318160e+00 1.431519999999999868e+02
3.904458598726114893e+00 1.428679999999999950e+02
3.907643312101910738e+00 1.425840000000000032e+02
3.910828025477707026e+00 1.423000000000000114e+02
3.914012738853503315e+00 1.420160000000000196e+02
3.917197452229299159e+00 1.417320000000000277e+02
3.920382165605095448e+00 1.414479999999999791e+02
3.923566878980891293e+00 1.411640000000000441e+02
3.926751592356688025e+00 1.408799999999999955e+02
3.929936305732484314e+00 1.405950000000000273e+02
3.933121019108280159e+00 1.403109999999999786e+02
3.936305732484076447e+00 1.400289999999999964e+02
3.939490445859872292e+00 1.397449999999999477e+02
3.942675159235668580e+00 1.394609999999999559e+02
3.945859872611465313e+00 1.391760000000000446e+02
3.949044585987261158e+00 1.388919999999999391e+02
3.952229299363057446e+00 1.386080000000000609e+02
3.955414012738853291e+00 1.383240000000000123e+02
3.958598726114649580e+00 1.380399999999999636e+02
3.961783439490446312e+00 1.377549999999999955e+02
3.964968152866241713e+00 1.374719999999999800e+02
3.968152866242038446e+00 1.371880000000000450e+02
3.971337579617833846e+00 1.369060000000000059e+02
3.974522292993630579e+00 1.366220000000000141e+02
3.977707006369426868e+00 1.363380000000000223e+02
3.980891719745222712e+00 1.360529999999999973e+02
3.984076433121019001e+00 1.357690000000000055e+02
3.987261146496814845e+00 1.354850000000000136e+02
3.990445859872611578e+00 1.352009999999999650e+02
3.993630573248407867e+00 1.349169999999999732e+02
3.996815286624203711e+00 1.346320000000000050e+02
4.000000000000000000e+00 1.343480000000000132e+02
4.003184713375795845e+00 1.340639999999999645e+02
4.006369426751592577e+00 1.337820000000000391e+02
4.009554140127388422e+00 1.334979999999999336e+02
4.012738853503184266e+00 1.332130000000000223e+02
4.015923566878980999e+00 1.329300000000000068e+02
4.019108280254776844e+00 1.326460000000000150e+02
4.022292993630573577e+00 1.323620000000000232e+02
4.025477707006369421e+00 1.320779999999999177e+02
4.028662420382165266e+00 1.317929999999999495e+02
4.031847133757961998e+00 1.315089999999999577e+02
4.035031847133757843e+00 1.312250000000000227e+02
4.038216560509553688e+00 1.309410000000000309e+02
4.041401273885350420e+00 1.306589999999999918e+02
4.044585987261146265e+00 1.303740000000000236e+02
4.047770700636942998e+00 1.300900000000000318e+02
4.050955414012738842e+00 1.298059999999999832e+02
4.054140127388534687e+00 1.295219999999999345e+02
4.057324840764331420e+00 1.292379999999999995e+02
4.060509554140127264e+00 1.289530000000000314e+02
4.063694267515923997e+00 1.286689999999999827e+02
4.066878980891719841e+00 1.283860000000000241e+02
4.070063694267515686e+00 1.281019999999999754e+02
4.073248407643312419e+00 1.278179999999999836e+02
4.076433121019108263e+00 1.275360000000000582e+02
4.079617834394904108e+00 1.272510000000000332e+02
4.082802547770700841e+00 1.269669999999999277e+02
4.085987261146496685e+00 1.266829999999999359e+02
4.089171974522293418e+00 1.263990000000000578e+02
4.092356687898089262e+00 1.261150000000000659e+02
4.095541401273885107e+00 1.258300000000000409e+02
4.098726114649681840e+00 1.255459999999999354e+02
4.101910828025477684e+00 1.252620000000000005e+02
4.105095541401274417e+00 1.249780000000000655e+02
4.108280254777070262e+00 1.246939999999999600e+02
4.111464968152866106e+00 1.244110000000000014e+02
4.114649681528662839e+00 1.241270000000000095e+02
4.117834394904458684e+00 1.238439999999999941e+02
4.121019108280254528e+00 1.235600000000000591e+02
4.124203821656050373e+00 1.232760000000000105e+02
4.127388535031847105e+00 1.229909999999999854e+02
4.130573248407643838e+00 1.227069999999999936e+02
4.133757961783439683e+00 1.224230000000000018e+02
4.136942675159235527e+00 1.221390000000000100e+02
4.140127388535031372e+00 1.218549999999999613e+02
4.143312101910828105e+00 1.215730000000000359e+02
4.146496815286624837e+00 1.212879999999999541e+02
4.149681528662420682e+00 1.210040000000000759e+02
4.152866242038216527e+00 1.207199999999999136e+02
4.156050955414012371e+00 1.204359999999999786e+02
4.159235668789809104e+00 1.201519999999999868e+02
4.162420382165605837e+00 1.198670000000000186e+02
4.165605095541400793e+00 1.195830000000000268e+02
4.168789808917197526e+00 1.192999999999999545e+02
4.171974522292993370e+00 1.190160000000000196e+02
4.175159235668790103e+00 1.187320000000000277e+02
4.178343949044585948e+00 1.184490000000000123e+02
4.181528662420381792e+00 1.181650000000000205e+02
4.184713375796178525e+00 1.178809999999999718e+02
4.187898089171974370e+00 1.175969999999999800e+02
4.191082802547771102e+00 1.173129999999999882e+02
4.194267515923566947e+00 1.170280000000000200e+02
4.197452229299362791e+00 1.167439999999999145e+02
4.200636942675159524e+00 1.164599999999999795e+02
4.203821656050955369e+00 1.161760000000000446e+02
4.207006369426751213e+00 1.158919999999999959e+02
4.210191082802547946e+00 1.156100000000000136e+02
4.213375796178343791e+00 1.153249999999999886e+02
4.216560509554140523e+00 1.150419999999999732e+02
4.219745222929936368e+00 1.147580000000000382e+02
4.222929936305732213e+00 1.144739999999999895e+02
4.226114649681528945e+00 1.141900000000000546e+02
4.229299363057324790e+00 1.139049999999999727e+02
4.232484076433121523e+00 1.136210000000000377e+02
4.235668789808917367e+00 1.133370000000000459e+02
4.238853503184713212e+00 1.130529999999999973e+02
4.242038216560509944e+00 1.127690000000000055e+02
4.245222929936305789e+00 1.124859999999999900e+02
4.248407643312102522e+00 1.122019999999999982e+02
4.251592356687897478e+00 1.119179999999999495e+02
4.254777070063694211e+00 1.116340000000000146e+02
4.257961783439490944e+00 1.113499999999999659e+02
4.261146496815286788e+00 1.110649999999999977e+02
4.264331210191082633e+00 1.107820000000000391e+02
4.267515923566878477e+00 1.104979999999999905e+02
4.270700636942675210e+00 1.102139999999999986e+02
4.273885350318471943e+00 1.099300000000000068e+02
4.277070063694267787e+00 1.096479999999999677e+02
4.280254777070063632e+00 1.093629999999999427e+02
4.283439490445859477e+00 1.090789999999999509e+02
4.286624203821656209e+00 1.087950000000000728e+02
4.289808917197452942e+00 1.085110000000000241e+02
4.292993630573247898e+00 1.082270000000000323e+02
4.296178343949044631e+00 1.079419999999999504e+02
4.299363057324840476e+00 1.076580000000000155e+02
4.302547770700637209e+00 1.073739999999999668e+02
4.305732484076433053e+00 1.070899999999999750e+02
4.308917197452228898e+00 1.068060000000000400e+02
4.312101910828025630e+00 1.065229999999999677e+02
4.315286624203821475e+00 1.062400000000000091e+02
4.318471337579618208e+00 1.059560000000000741e+02
4.321656050955414052e+00 1.056719999999999686e+02
4.324840764331209897e+00 1.053879999999999768e+02
4.328025477707006630e+00 1.051039999999999850e+02
4.331210191082802474e+00 1.048190000000000168e+02
4.334394904458598319e+00 1.045349999999999682e+02
4.337579617834395052e+00 1.042509999999999764e+02
4.340764331210190896e+00 1.039669999999999845e+02
4.343949044585987629e+00 1.036850000000000591e+02
4.347133757961783473e+00 1.034000000000000341e+02
4.350318471337579318e+00 1.031160000000000423e+02
4.353503184713376051e+00 1.028319999999999936e+02
4.356687898089171895e+00 1.025480000000000018e+02
4.359872611464968628e+00 1.022639999999999532e+02
4.363057324840764473e+00 1.019800000000000750e+02
4.366242038216560317e+00 1.016959999999999695e+02
4.369426751592357050e+00 1.014120000000000346e+02
4.372611464968152895e+00 1.011279999999999291e+02
4.375796178343948739e+00 1.008440000000000509e+02
4.378980891719744584e+00 1.005620000000000118e+02
4.382165605095541316e+00 1.002769999999999868e+02
4.385350318471338049e+00 9.999299999999999500e+01
4.388535031847133894e+00 9.970900000000000318e+01
4.391719745222929738e+00 9.942500000000001137e+01
4.394904458598725583e+00 9.914099999999996271e+01
4.398089171974522316e+00 9.885599999999999454e+01
4.401273885350319048e+00 9.857200000000000273e+01
4.404458598726114893e+00 9.828800000000001091e+01
4.407643312101910738e+00 9.800400000000001910e+01
4.410828025477706582e+00 9.772299999999995634e+01
4.414012738853503315e+00 9.743899999999996453e+01
4.417197452229300048e+00 9.715399999999999636e+01
4.420382165605095004e+00 9.687000000000000455e+01
4.423566878980891737e+00 9.658600000000006958e+01
4.426751592356687581e+00 9.630199999999990723e+01
4.429936305732484314e+00 9.601800000000002910e+01
4.433121019108280159e+00 9.573300000000006094e+01
4.436305732484076003e+00 9.544900000000006912e+01
4.439490445859872736e+00 9.516499999999996362e+01
4.442675159235668580e+00 9.488299999999998136e+01
4.445859872611465313e+00 9.459899999999998954e+01
4.449044585987261158e+00 9.431400000000002137e+01
4.452229299363057002e+00 9.402999999999997272e+01
4.455414012738853735e+00 9.374599999999998090e+01
4.458598726114649580e+00 9.346299999999996544e+01
4.461783439490445424e+00 9.317900000000003047e+01
4.464968152866242157e+00 9.289500000000003865e+01
4.468152866242038002e+00 9.261000000000001364e+01
4.471337579617834734e+00 9.232599999999996498e+01
4.474522292993630579e+00 9.204399999999998272e+01
4.477707006369426423e+00 9.176000000000004775e+01
4.480891719745223156e+00 9.147599999999994225e+01
4.484076433121019001e+00 9.119100000000003092e+01
4.487261146496815734e+00 9.090699999999992542e+01
4.490445859872611578e+00 9.062300000000004729e+01
4.493630573248407423e+00 9.033900000000005548e+01
4.496815286624204155e+00 9.005499999999994998e+01
4.500000000000000000e+00 8.977100000000001501e+01
4.503184713375796733e+00 8.948599999999999000e+01
4.506369426751591689e+00 8.920499999999998408e+01
4.509554140127388422e+00 8.892099999999999227e+01
4.512738853503185155e+00 8.863700000000000045e+01
4.515923566878980999e+00 8.835300000000000864e+01
4.519108280254776844e+00 8.806799999999998363e+01
4.522292993630572688e+00 8.778399999999999181e+01
4.525477707006369421e+00 8.750000000000000000e+01
4.528662420382166154e+00 8.721599999999995134e+01
4.531847133757961998e+00 8.693199999999995953e+01
4.535031847133757843e+00 8.664799999999996771e+01
4.538216560509553688e+00 8.636299999999999955e+01
4.541401273885350420e+00 8.608099999999990359e+01
4.544585987261147153e+00 8.579700000000002547e+01
4.547770700636942109e+00 8.551300000000003365e+01
4.550955414012738842e+00 8.522999999999996135e+01
4.554140127388534687e+00 8.494499999999999318e+01
4.557324840764331420e+00 8.466100000000000136e+01
4.560509554140127264e+00 8.437700000000000955e+01
4.563694267515923109e+00 8.409300000000001774e+01
4.566878980891719841e+00 8.380900000000002592e+01
4.570063694267515686e+00 8.352399999999994407e+01
4.573248407643312419e+00 8.324199999999996180e+01
4.576433121019108263e+00 8.295800000000002683e+01
4.579617834394904108e+00 8.267399999999997817e+01
4.582802547770700841e+00 8.238999999999998636e+01
4.585987261146496685e+00 8.210599999999999454e+01
4.589171974522292530e+00 8.182099999999996953e+01
4.592356687898089262e+00 8.153700000000009140e+01
4.595541401273885107e+00 8.125299999999998590e+01
4.598726114649681840e+00 8.097000000000002728e+01
4.601910828025477684e+00 8.068599999999997863e+01
4.605095541401273529e+00 8.040300000000007685e+01
4.608280254777070262e+00 8.011899999999997135e+01
4.611464968152866106e+00 7.983499999999997954e+01
4.614649681528662839e+00 7.955100000000004457e+01
4.617834394904458684e+00 7.926700000000005275e+01
4.621019108280254528e+00 7.898300000000000409e+01
4.624203821656051261e+00 7.869799999999992224e+01
4.627388535031847105e+00 7.841400000000004411e+01
4.630573248407642950e+00 7.813000000000005230e+01
4.633757961783438795e+00 7.784600000000000364e+01
4.636942675159235527e+00 7.756399999999996453e+01
4.640127388535032260e+00 7.727899999999999636e+01
4.643312101910828105e+00 7.699599999999998090e+01
4.646496815286623949e+00 7.671199999999998909e+01
4.649681528662419794e+00 7.642799999999999727e+01
4.652866242038216527e+00 7.614400000000000546e+01
4.656050955414013259e+00 7.585999999999995680e+01
4.659235668789809104e+00 7.557500000000004547e+01
4.662420382165604948e+00 7.529100000000005366e+01
4.665605095541400793e+00 7.500699999999994816e+01
4.668789808917197526e+00 7.472500000000002274e+01
4.671974522292994259e+00 7.444099999999997408e+01
4.675159235668789215e+00 7.415600000000006276e+01
4.678343949044585948e+00 7.387199999999990041e+01
4.681528662420381792e+00 7.358800000000002228e+01
4.684713375796178525e+00 7.330400000000003047e+01
4.687898089171974370e+00 7.302100000000001501e+01
4.691082802547770214e+00 7.273700000000002319e+01
4.694267515923566947e+00 7.245199999999999818e+01
4.697452229299363680e+00 7.216999999999995907e+01
4.700636942675159524e+00 7.188599999999996726e+01
4.703821656050955369e+00 7.160199999999997544e+01
4.707006369426751213e+00 7.131799999999998363e+01
4.710191082802547946e+00 7.103399999999993497e+01
4.713375796178344679e+00 7.074900000000002365e+01
4.716560509554139635e+00 7.046499999999997499e+01
4.719745222929936368e+00 7.018100000000004002e+01
4.722929936305732213e+00 6.989699999999993452e+01
4.726114649681528945e+00 6.961299999999994270e+01
4.729299363057324790e+00 6.933000000000004093e+01
4.732484076433120634e+00 6.904600000000004911e+01
4.735668789808917367e+00 6.876300000000003365e+01
4.738853503184713212e+00 6.847900000000004184e+01
4.742038216560509944e+00 6.819499999999999318e+01
4.745222929936305789e+00 6.791100000000000136e+01
4.748407643312101634e+00 6.762600000000003320e+01
4.751592356687898366e+00 6.734199999999998454e+01
4.754777070063694211e+00 6.705799999999993588e+01
4.757961783439490944e+00 6.677400000000000091e+01
4.761146496815286788e+00 6.649200000000007549e+01
4.764331210191082633e+00 6.620699999999999363e+01
4.767515923566879366e+00 6.592300000000005866e+01
4.770700636942675210e+00 6.563899999999995316e+01
4.773885350318471055e+00 6.535500000000001819e+01
4.777070063694267787e+00 6.507099999999996953e+01
4.780254777070063632e+00 6.478799999999995407e+01
4.783439490445860365e+00 6.450299999999998590e+01
4.786624203821656209e+00 6.421899999999993724e+01
4.789808917197452054e+00 6.393500000000005912e+01
4.792993630573248787e+00 6.365300000000002001e+01
4.796178343949044631e+00 6.336900000000002819e+01
4.799363057324841364e+00 6.308400000000006003e+01
4.802547770700636320e+00 6.280000000000001137e+01
4.805732484076433053e+00 6.251599999999996271e+01
4.808917197452229786e+00 6.223199999999997090e+01
4.812101910828025630e+00 6.194800000000003593e+01
4.815286624203821475e+00 6.166399999999998727e+01
4.818471337579617320e+00 6.137900000000001910e+01
4.821656050955414052e+00 6.109500000000002728e+01
4.824840764331210785e+00 6.081399999999996453e+01
4.828025477707006630e+00 6.053000000000002956e+01
4.831210191082802474e+00 6.024600000000003774e+01
4.834394904458598319e+00 5.996199999999993224e+01
4.837579617834395052e+00 5.967699999999996407e+01
4.840764331210191784e+00 5.939299999999997226e+01
4.843949044585986741e+00 5.910900000000009413e+01
4.847133757961783473e+00 5.882500000000004547e+01
4.850318471337579318e+00 5.854099999999999682e+01
4.853503184713376051e+00 5.825800000000003820e+01
4.856687898089171895e+00 5.797400000000004638e+01
4.859872611464967740e+00 5.768999999999999773e+01
4.863057324840764473e+00 5.740599999999994907e+01
4.866242038216560317e+00 5.712200000000001410e+01
4.869426751592357050e+00 5.683899999999999864e+01
4.872611464968152895e+00 5.655400000000003047e+01
4.875796178343948739e+00 5.627000000000003865e+01
4.878980891719745472e+00 5.598599999999999000e+01
4.882165605095541316e+00 5.570199999999999818e+01
4.885350318471337161e+00 5.542000000000001592e+01
4.888535031847133894e+00 5.513600000000002410e+01
4.891719745222929738e+00 5.485099999999994225e+01
4.894904458598726471e+00 5.456699999999995043e+01
4.898089171974522316e+00 5.428300000000007230e+01
4.901273885350318160e+00 5.399899999999996680e+01
4.904458598726114893e+00 5.371499999999997499e+01
4.907643312101910738e+00 5.342999999999994998e+01
4.910828025477707470e+00 5.314699999999999136e+01
4.914012738853503315e+00 5.286299999999999955e+01
4.917197452229299159e+00 5.258099999999996044e+01
4.920382165605095892e+00 5.229700000000002547e+01
4.923566878980891737e+00 5.201299999999997681e+01
4.926751592356688469e+00 5.172800000000000864e+01
4.929936305732483426e+00 5.144400000000001683e+01
4.933121019108280159e+00 5.116000000000002501e+01
4.936305732484076891e+00 5.087599999999997635e+01
4.939490445859872736e+00 5.059199999999998454e+01
4.942675159235668580e+00 5.030799999999999272e+01
4.945859872611464425e+00 5.002499999999997726e+01
4.949044585987261158e+00 4.974099999999998545e+01
4.952229299363057891e+00 4.945700000000005048e+01
4.955414012738853735e+00 4.917399999999992133e+01
4.958598726114649580e+00 4.889000000000004320e+01
4.961783439490445424e+00 4.860499999999996135e+01
4.964968152866242157e+00 4.832100000000002638e+01
4.968152866242038890e+00 4.803699999999997772e+01
4.971337579617833846e+00 4.775299999999998590e+01
4.974522292993630579e+00 4.746900000000005093e+01
4.977707006369426423e+00 4.718700000000001182e+01
4.980891719745223156e+00 4.690200000000004366e+01
4.984076433121019001e+00 4.661799999999999500e+01
4.987261146496814845e+00 4.633400000000000318e+01
4.990445859872611578e+00 4.605000000000001137e+01
4.993630573248407423e+00 4.576600000000001955e+01
4.996815286624204155e+00 4.548199999999997090e+01
5.000000000000000000e+00 4.519799999999997908e+01
5.003184713375795845e+00 4.491399999999998727e+01
5.006369426751592577e+00 4.463199999999994816e+01
5.009554140127388422e+00 4.434799999999995634e+01
5.012738853503185155e+00 4.406400000000007822e+01
5.015923566878980999e+00 4.378000000000002956e+01
5.019108280254776844e+00 4.349500000000000455e+01
5.022292993630573577e+00 4.321100000000001273e+01
5.025477707006369421e+00 4.292700000000002092e+01
5.028662420382165266e+00 4.264300000000002910e+01
5.031847133757961998e+00 4.235899999999998045e+01
5.035031847133757843e+00 4.207399999999995543e+01
5.038216560509554576e+00 4.179200000000003001e+01
5.041401273885350420e+00 4.150900000000001455e+01
5.044585987261146265e+00 4.122500000000007958e+01
5.047770700636942998e+00 4.094099999999997408e+01
5.050955414012738842e+00 4.065699999999998226e+01
5.054140127388535575e+00 4.037200000000001410e+01
5.057324840764330531e+00 4.008800000000002228e+01
5.060509554140127264e+00 3.980399999999991678e+01
5.063694267515923997e+00 3.951999999999998181e+01
5.066878980891719841e+00 3.923800000000005639e+01
5.070063694267515686e+00 3.895400000000006457e+01
5.073248407643311531e+00 3.866899999999998272e+01
5.076433121019108263e+00 3.838499999999999091e+01
5.079617834394904996e+00 3.810099999999999909e+01
5.082802547770700841e+00 3.781700000000006412e+01
5.085987261146496685e+00 3.753399999999999181e+01
5.089171974522292530e+00 3.725000000000005684e+01
5.092356687898089262e+00 3.696499999999991815e+01
5.095541401273885995e+00 3.668100000000004002e+01
5.098726114649680952e+00 3.639900000000005775e+01
5.101910828025477684e+00 3.611500000000000909e+01
5.105095541401273529e+00 3.583099999999996044e+01
5.108280254777070262e+00 3.554599999999999227e+01
5.111464968152866106e+00 3.526200000000000045e+01
5.114649681528661951e+00 3.497800000000000864e+01
5.117834394904458684e+00 3.469399999999995998e+01
5.121019108280254528e+00 3.440999999999996817e+01
5.124203821656051261e+00 3.412599999999997635e+01
5.127388535031847105e+00 3.384400000000005093e+01
5.130573248407642950e+00 3.355999999999994543e+01
5.133757961783439683e+00 3.327600000000001046e+01
5.136942675159235527e+00 3.299200000000001864e+01
5.140127388535031372e+00 3.270799999999996999e+01
5.143312101910828105e+00 3.242400000000003502e+01
5.146496815286623949e+00 3.213899999999995316e+01
5.149681528662420682e+00 3.185500000000001819e+01
5.152866242038216527e+00 3.157100000000002638e+01
5.156050955414012371e+00 3.128899999999998727e+01
5.159235668789809104e+00 3.100499999999999545e+01
5.162420382165604948e+00 3.072100000000000364e+01
5.165605095541401681e+00 3.043599999999997863e+01
5.168789808917197526e+00 3.015299999999996317e+01
5.171974522292993370e+00 2.986899999999997135e+01
5.175159235668790103e+00 2.958499999999997954e+01
5.178343949044585948e+00 2.930099999999998772e+01
5.181528662420382680e+00 2.901699999999999591e+01
5.184713375796177637e+00 2.873400000000003729e+01
5.187898089171974370e+00 2.844999999999998863e+01
5.191082802547771102e+00 2.816599999999999682e+01
5.194267515923566947e+00 2.788200000000000500e+01
5.197452229299362791e+00 2.759800000000001319e+01
5.200636942675158636e+00 2.731399999999990769e+01
5.203821656050955369e+00 2.702900000000005321e+01
5.207006369426752102e+00 2.674500000000006139e+01
5.210191082802547946e+00 2.646200000000004593e+01
5.213375796178343791e+00 2.617799999999999727e+01
5.216560509554139635e+00 2.589599999999995816e+01
5.219745222929936368e+00 2.561099999999999000e+01
5.222929936305733101e+00 2.532699999999999818e+01
5.226114649681528057e+00 2.504300000000000637e+01
5.229299363057324790e+00 2.475899999999995771e+01
5.232484076433120634e+00 2.447499999999996589e+01
5.235668789808917367e+00 2.419100000000003092e+01
5.238853503184713212e+00 2.390600000000000591e+01
5.242038216560509056e+00 2.362200000000001410e+01
5.245222929936305789e+00 2.333999999999997499e+01
5.248407643312101634e+00 2.305599999999998317e+01
5.251592356687898366e+00 2.277300000000002456e+01
5.254777070063694211e+00 2.248900000000003274e+01
5.257961783439490056e+00 2.220400000000006457e+01
5.261146496815286788e+00 2.191999999999990223e+01
5.264331210191082633e+00 2.163600000000002410e+01
5.267515923566879366e+00 2.135200000000003229e+01
5.270700636942675210e+00 2.106800000000004047e+01
5.273885350318471055e+00 2.078599999999994452e+01
5.277070063694267787e+00 2.050099999999997635e+01
5.280254777070063632e+00 2.021699999999998454e+01
5.283439490445859477e+00 1.993300000000010641e+01
5.286624203821656209e+00 1.964899999999994407e+01
5.289808917197452054e+00 1.936500000000000909e+01
5.292993630573248787e+00 1.908199999999999363e+01
5.296178343949044631e+00 1.879700000000002547e+01
5.299363057324840476e+00 1.851300000000003365e+01
5.302547770700637209e+00 1.823099999999999454e+01
5.305732484076433053e+00 1.794700000000000273e+01
5.308917197452229786e+00 1.766300000000001091e+01
5.312101910828024742e+00 1.737900000000001910e+01
5.315286624203821475e+00 1.709399999999993724e+01
5.318471337579618208e+00 1.681000000000000227e+01
5.321656050955414052e+00 1.652600000000001046e+01
5.324840764331209897e+00 1.624200000000001864e+01
5.328025477707006630e+00 1.595800000000002683e+01
5.331210191082802474e+00 1.567599999999993088e+01
5.334394904458599207e+00 1.539199999999999591e+01
5.337579617834395052e+00 1.510800000000006094e+01
5.340764331210190896e+00 1.482399999999995543e+01
5.343949044585987629e+00 1.454000000000002046e+01
5.347133757961783473e+00 1.425600000000002865e+01
5.350318471337580206e+00 1.397199999999997999e+01
5.353503184713375163e+00 1.368700000000001182e+01
5.356687898089171895e+00 1.340299999999996317e+01
5.359872611464968628e+00 1.312100000000003774e+01
5.363057324840764473e+00 1.283699999999998909e+01
5.366242038216560317e+00 1.255299999999999727e+01
5.369426751592356162e+00 1.226900000000000546e+01
5.372611464968152895e+00 1.198400000000003729e+01
5.375796178343949627e+00 1.170100000000002183e+01
5.378980891719745472e+00 1.141700000000003001e+01
5.382165605095541316e+00 1.113299999999998136e+01
5.385350318471337161e+00 1.084899999999993270e+01
5.388535031847133894e+00 1.056699999999995043e+01
5.391719745222930626e+00 1.028200000000009595e+01
5.394904458598725583e+00 9.997999999999933607e+00
5.398089171974522316e+00 9.713999999999998636e+00
5.401273885350318160e+00 9.429999999999949978e+00
5.404458598726114893e+00 9.146000000000015007e+00
5.407643312101910738e+00 8.862000000000080036e+00
5.410828025477706582e+00 8.576999999999998181e+00
5.414012738853503315e+00 8.292999999999949523e+00
5.417197452229299159e+00 8.009999999999934062e+00
5.420382165605095892e+00 7.728000000000008640e+00
5.423566878980891737e+00 7.444000000000073669e+00
5.426751592356687581e+00 7.159999999999968168e+00
5.429936305732484314e+00 6.875000000000000000e+00
5.433121019108280159e+00 6.591000000000008185e+00
5.436305732484076891e+00 6.307000000000016371e+00
5.439490445859872736e+00 6.023000000000024556e+00
5.442675159235668580e+00 5.738999999999975898e+00
5.445859872611465313e+00 5.457000000000050477e+00
5.449044585987261158e+00 5.171999999999968622e+00
5.452229299363057002e+00 4.888000000000090495e+00
5.455414012738853735e+00 4.603999999999928150e+00
5.458598726114649580e+00 4.321000000000026375e+00
5.461783439490446312e+00 4.036999999999977717e+00
5.464968152866242157e+00 3.752999999999985903e+00
5.468152866242038002e+00 3.467999999999960892e+00
5.471337579617834734e+00 3.183999999999969077e+00
5.474522292993630579e+00 2.901999999999986812e+00
5.477707006369427312e+00 2.618000000000051841e+00
5.480891719745222268e+00 2.334000000000003183e+00
5.484076433121019001e+00 2.050000000000011369e+00
5.487261146496815734e+00 1.764999999999986358e+00
5.490445859872611578e+00 1.480999999999994543e+00
5.493630573248407423e+00 1.197000000000002728e+00
5.496815286624203267e+00 9.139999999999872671e-01
5.500000000000000000e+00 6.299999999999954525e-01
5.503184713375796733e+00 3.480000000000700311e-01
5.506369426751592577e+00 6.300000000004501999e-02
5.509554140127388422e+00 -2.210000000000604814e-01
5.512738853503184266e+00 -5.049999999999954525e-01
5.515923566878980999e+00 -7.889999999999872671e-01
5.519108280254777732e+00 -1.073000000000035925e+00
5.522292993630573577e+00 -1.356999999999970896e+00
5.525477707006369421e+00 -1.642000000000052751e+00
5.528662420382165266e+00 -1.925999999999930878e+00
5.531847133757961998e+00 -2.208000000000026830e+00
5.535031847133757843e+00 -2.492000000000018645e+00
5.538216560509553688e+00 -2.775000000000034106e+00
5.541401273885350420e+00 -3.059000000000025921e+00
5.544585987261146265e+00 -3.343999999999994088e+00
5.547770700636942998e+00 -3.627999999999985903e+00
5.550955414012738842e+00 -3.912000000000034561e+00
5.554140127388534687e+00 -4.196000000000026375e+00
5.557324840764331420e+00 -4.480000000000018190e+00
5.560509554140127264e+00 -4.761999999999943611e+00
5.563694267515923997e+00 -5.046999999999968622e+00
5.566878980891719841e+00 -5.331000000000017280e+00
5.570063694267515686e+00 -5.615000000000009095e+00
5.573248407643312419e+00 -5.899000000000000909e+00
5.576433121019108263e+00 -6.181999999999959527e+00
5.579617834394904108e+00 -6.465999999999951342e+00
5.582802547770700841e+00 -6.750999999999976353e+00
5.585987261146496685e+00 -7.035000000000081855e+00
5.589171974522293418e+00 -7.317000000000007276e+00
5.592356687898089262e+00 -7.600999999999942247e+00
5.595541401273885107e+00 -7.885000000000047748e+00
5.598726114649681840e+00 -8.169000000000039563e+00
5.601910828025477684e+00 -8.454000000000007731e+00
5.605095541401274417e+00 -8.737999999999999545e+00
5.608280254777069374e+00 -9.022000000000048203e+00
5.611464968152866106e+00 -9.306000000000040018e+00
5.614649681528662839e+00 -9.589999999999974989e+00
5.617834394904458684e+00 -9.870999999999980901e+00
5.621019108280254528e+00 -1.015600000000000591e+01
5.624203821656050373e+00 -1.043999999999999773e+01
5.627388535031847105e+00 -1.072400000000004638e+01
5.630573248407643838e+00 -1.100799999999998136e+01
5.633757961783439683e+00 -1.129199999999997317e+01
5.636942675159235527e+00 -1.157599999999996498e+01
5.640127388535031372e+00 -1.186000000000001364e+01
5.643312101910828105e+00 -1.214499999999998181e+01
5.646496815286624837e+00 -1.242699999999996407e+01
5.649681528662419794e+00 -1.271100000000001273e+01
5.652866242038216527e+00 -1.299500000000000455e+01
5.656050955414012371e+00 -1.327800000000002001e+01
5.659235668789809104e+00 -1.356200000000006867e+01
5.662420382165604948e+00 -1.384699999999992315e+01
5.665605095541400793e+00 -1.413100000000002865e+01
5.668789808917197526e+00 -1.441499999999996362e+01
5.671974522292993370e+00 -1.469699999999994589e+01
5.675159235668790103e+00 -1.498099999999999454e+01
5.678343949044585948e+00 -1.526499999999998636e+01
5.681528662420381792e+00 -1.555000000000001137e+01
5.684713375796178525e+00 -1.583399999999994634e+01
5.687898089171974370e+00 -1.611799999999999500e+01
5.691082802547771102e+00 -1.640199999999998681e+01
5.694267515923566947e+00 -1.668500000000000227e+01
5.697452229299362791e+00 -1.696899999999999409e+01
5.700636942675159524e+00 -1.725199999999995271e+01
5.703821656050955369e+00 -1.753599999999994452e+01
5.707006369426751213e+00 -1.782000000000005002e+01
5.710191082802547946e+00 -1.810400000000004184e+01
5.713375796178343791e+00 -1.838800000000003365e+01
5.716560509554140523e+00 -1.867199999999991178e+01
5.719745222929936368e+00 -1.895700000000005048e+01
5.722929936305732213e+00 -1.924099999999998545e+01
5.726114649681528945e+00 -1.952500000000003411e+01
5.729299363057324790e+00 -1.980699999999995953e+01
5.732484076433121523e+00 -2.009000000000003183e+01
5.735668789808916479e+00 -2.037400000000008049e+01
5.738853503184713212e+00 -2.065800000000001546e+01
5.742038216560509944e+00 -2.094300000000004047e+01
5.745222929936305789e+00 -2.122699999999997544e+01
5.748407643312101634e+00 -2.151099999999991041e+01
5.751592356687897478e+00 -2.179499999999995907e+01
5.754777070063694211e+00 -2.207699999999994134e+01
5.757961783439490944e+00 -2.236100000000004684e+01
5.761146496815286788e+00 -2.264600000000001501e+01
5.764331210191082633e+00 -2.293000000000006366e+01
5.767515923566878477e+00 -2.321400000000005548e+01
5.770700636942675210e+00 -2.349799999999993361e+01
5.773885350318471943e+00 -2.378099999999994907e+01
5.777070063694267787e+00 -2.406499999999999773e+01
5.780254777070063632e+00 -2.435000000000002274e+01
5.783439490445859477e+00 -2.463199999999994816e+01
5.786624203821656209e+00 -2.491599999999993997e+01
5.789808917197452054e+00 -2.520000000000010232e+01
5.792993630573247898e+00 -2.548400000000003729e+01
5.796178343949044631e+00 -2.576800000000002910e+01
5.799363057324840476e+00 -2.605299999999999727e+01
5.802547770700637209e+00 -2.633699999999993224e+01
5.805732484076433053e+00 -2.662099999999998090e+01
5.808917197452228898e+00 -2.690499999999997272e+01
5.812101910828025630e+00 -2.718599999999997863e+01
5.815286624203821475e+00 -2.746999999999997044e+01
5.818471337579618208e+00 -2.775399999999990541e+01
5.821656050955414052e+00 -2.803900000000010095e+01
5.824840764331209897e+00 -2.832299999999997908e+01
5.828025477707006630e+00 -2.860699999999997090e+01
5.831210191082802474e+00 -2.889099999999996271e+01
5.834394904458598319e+00 -2.917500000000001137e+01
5.837579617834395052e+00 -2.945699999999999363e+01
5.840764331210190896e+00 -2.974199999999996180e+01
5.843949044585987629e+00 -3.002599999999995362e+01
5.847133757961783473e+00 -3.031000000000005912e+01
5.850318471337579318e+00 -3.059299999999996089e+01
5.853503184713376051e+00 -3.087700000000006639e+01
5.856687898089171895e+00 -3.116100000000000136e+01
5.859872611464968628e+00 -3.144600000000002638e+01
5.863057324840763584e+00 -3.173000000000001819e+01
5.866242038216560317e+00 -3.201200000000000045e+01
5.869426751592357050e+00 -3.229599999999999227e+01
5.872611464968152895e+00 -3.257999999999992724e+01
5.875796178343948739e+00 -3.286400000000003274e+01
5.878980891719744584e+00 -3.314900000000000091e+01
5.882165605095541316e+00 -3.343300000000010641e+01
5.885350318471338049e+00 -3.371600000000000819e+01
5.888535031847133894e+00 -3.400000000000000000e+01
5.891719745222929738e+00 -3.428200000000003911e+01
5.894904458598725583e+00 -3.456600000000003092e+01
5.898089171974522316e+00 -3.485000000000002274e+01
5.901273885350319048e+00 -3.513499999999999091e+01
5.904458598726114005e+00 -3.541899999999998272e+01
5.907643312101910738e+00 -3.570299999999997453e+01
5.910828025477706582e+00 -3.598699999999990951e+01
5.914012738853503315e+00 -3.627100000000001501e+01
5.917197452229299159e+00 -3.655500000000006366e+01
5.920382165605095004e+00 -3.683800000000002228e+01
5.923566878980891737e+00 -3.712100000000003774e+01
5.926751592356687581e+00 -3.740499999999997272e+01
5.929936305732484314e+00 -3.768900000000007822e+01
5.933121019108280159e+00 -3.797299999999995634e+01
5.936305732484076003e+00 -3.825699999999994816e+01
5.939490445859872736e+00 -3.854199999999991633e+01
5.942675159235669469e+00 -3.882599999999990814e+01
5.945859872611465313e+00 -3.910800000000006094e+01
5.949044585987261158e+00 -3.939200000000005275e+01
5.952229299363057002e+00 -3.967600000000004457e+01
5.955414012738853735e+00 -3.996000000000003638e+01
5.958598726114649580e+00 -4.024400000000002819e+01
5.961783439490445424e+00 -4.052800000000002001e+01
5.964968152866242157e+00 -4.081199999999995498e+01
5.968152866242038002e+00 -4.109600000000000364e+01
5.971337579617834734e+00 -4.137999999999993861e+01
5.974522292993630579e+00 -4.166199999999992087e+01
5.977707006369426423e+00 -4.194600000000008322e+01
5.980891719745223156e+00 -4.223099999999999454e+01
5.984076433121019001e+00 -4.251499999999998636e+01
5.987261146496815734e+00 -4.279899999999997817e+01
5.990445859872611578e+00 -4.308299999999996999e+01
5.993630573248407423e+00 -4.336699999999996180e+01
5.996815286624204155e+00 -4.365099999999995362e+01
6.000000000000000000e+00 -4.393200000000001637e+01
6.003184713375795845e+00 -4.421699999999998454e+01
6.006369426751592577e+00 -4.450099999999997635e+01
6.009554140127388422e+00 -4.478500000000008185e+01
6.012738853503185155e+00 -4.506899999999995998e+01
6.015923566878980999e+00 -4.535300000000006548e+01
6.019108280254776844e+00 -4.563700000000000045e+01
6.022292993630573577e+00 -4.592200000000002547e+01
6.025477707006369421e+00 -4.620399999999995089e+01
6.028662420382166154e+00 -4.648799999999994270e+01
6.031847133757961998e+00 -4.677199999999999136e+01
6.035031847133757843e+00 -4.705600000000004002e+01
6.038216560509554576e+00 -4.733899999999994179e+01
6.041401273885350420e+00 -4.762300000000004729e+01
6.044585987261146265e+00 -4.790800000000001546e+01
6.047770700636942109e+00 -4.819200000000000728e+01
6.050955414012738842e+00 -4.847599999999999909e+01
6.054140127388535575e+00 -4.875799999999992451e+01
6.057324840764331420e+00 -4.904200000000003001e+01
6.060509554140127264e+00 -4.932599999999990814e+01
6.063694267515923109e+00 -4.961099999999999000e+01
6.066878980891719841e+00 -4.989499999999998181e+01
6.070063694267516574e+00 -5.017900000000008731e+01
6.073248407643312419e+00 -5.046200000000004593e+01
6.076433121019108263e+00 -5.074600000000003774e+01
6.079617834394904108e+00 -5.102800000000002001e+01
6.082802547770700841e+00 -5.131200000000001182e+01
6.085987261146497573e+00 -5.159700000000003683e+01
6.089171974522292530e+00 -5.188099999999997181e+01
6.092356687898089262e+00 -5.216499999999996362e+01
6.095541401273885107e+00 -5.244899999999995543e+01
6.098726114649681840e+00 -5.273300000000006094e+01
6.101910828025477684e+00 -5.301700000000005275e+01
6.105095541401273529e+00 -5.330200000000002092e+01
6.108280254777070262e+00 -5.358400000000000318e+01
6.111464968152866106e+00 -5.386700000000007549e+01
6.114649681528662839e+00 -5.415099999999995362e+01
6.117834394904458684e+00 -5.443500000000005912e+01
6.121019108280254528e+00 -5.471899999999993724e+01
6.124203821656051261e+00 -5.500299999999992906e+01
6.127388535031847105e+00 -5.528799999999995407e+01
6.130573248407642950e+00 -5.557200000000005957e+01
6.133757961783439683e+00 -5.585400000000004184e+01
6.136942675159235527e+00 -5.613800000000003365e+01
6.140127388535032260e+00 -5.642200000000002547e+01
6.143312101910828105e+00 -5.670600000000001728e+01
6.146496815286623949e+00 -5.699000000000000909e+01
6.149681528662420682e+00 -5.727400000000000091e+01
6.152866242038216527e+00 -5.755799999999993588e+01
6.156050955414013259e+00 -5.784199999999998454e+01
6.159235668789808216e+00 -5.812399999999996680e+01
6.162420382165604948e+00 -5.840800000000001546e+01
6.165605095541401681e+00 -5.869200000000000728e+01
6.168789808917197526e+00 -5.897700000000008913e+01
6.171974522292993370e+00 -5.926100000000008095e+01
6.175159235668789215e+00 -5.954499999999995907e+01
6.178343949044585948e+00 -5.982899999999995089e+01
6.181528662420382680e+00 -6.011299999999994270e+01
6.184713375796178525e+00 -6.039400000000000546e+01
6.187898089171974370e+00 -6.067899999999997362e+01
6.191082802547770214e+00 -6.096299999999996544e+01
6.194267515923566947e+00 -6.124700000000007094e+01
6.197452229299363680e+00 -6.153100000000006276e+01
6.200636942675159524e+00 -6.181499999999999773e+01
6.203821656050955369e+00 -6.209900000000004638e+01
6.207006369426751213e+00 -6.238299999999998136e+01
6.210191082802547946e+00 -6.266800000000000637e+01
6.213375796178343791e+00 -6.294999999999998863e+01
6.216560509554139635e+00 -6.323399999999992360e+01
6.219745222929936368e+00 -6.351699999999993906e+01
6.222929936305732213e+00 -6.380099999999993088e+01
6.226114649681528945e+00 -6.408500000000003638e+01
6.229299363057324790e+00 -6.437000000000000455e+01
6.232484076433120634e+00 -6.465399999999999636e+01
6.235668789808917367e+00 -6.493799999999998818e+01
6.238853503184713212e+00 -6.522000000000002728e+01
6.242038216560509944e+00 -6.550400000000001910e+01
6.245222929936305789e+00 -6.578800000000001091e+01
6.248407643312101634e+00 -6.607199999999988904e+01
6.251592356687897478e+00 -6.635699999999997090e+01
6.254777070063694211e+00 -6.663999999999992951e+01
6.257961783439490056e+00 -6.692399999999997817e+01
6.261146496815286788e+00 -6.720800000000002683e+01
6.264331210191083521e+00 -6.749000000000006594e+01
6.267515923566878477e+00 -6.777400000000005775e+01
6.270700636942675210e+00 -6.805799999999999272e+01
6.273885350318471055e+00 -6.834300000000001774e+01
6.277070063694267787e+00 -6.862699999999995271e+01
6.280254777070064520e+00 -6.891099999999994452e+01
6.283439490445859477e+00 -6.919499999999993634e+01
6.286624203821656209e+00 -6.947900000000004184e+01
6.289808917197452054e+00 -6.976100000000002410e+01
6.292993630573248787e+00 -7.004500000000007276e+01
6.296178343949045519e+00 -7.032900000000006457e+01
6.299363057324840476e+00 -7.061300000000005639e+01
6.302547770700636320e+00 -7.089699999999993452e+01
6.305732484076433053e+00 -7.118099999999992633e+01
6.308917197452229786e+00 -7.146499999999997499e+01
6.312101910828025630e+00 -7.179300000000006321e+01
6.315286624203821475e+00 -7.223500000000001364e+01
6.318471337579617320e+00 -7.268000000000006366e+01
6.321656050955414052e+00 -7.312299999999999045e+01
6.324840764331210785e+00 -7.356800000000009732e+01
6.328025477707006630e+00 -7.400999999999999091e+01
6.331210191082801586e+00 -7.445399999999995089e+01
6.334394904458598319e+00 -7.489699999999993452e+01
6.337579617834395052e+00 -7.534100000000000819e+01
6.340764331210191784e+00 -7.578399999999999181e+01
6.343949044585987629e+00 -7.622800000000000864e+01
6.347133757961782585e+00 -7.667100000000004911e+01
6.350318471337579318e+00 -7.711600000000009913e+01
6.353503184713376051e+00 -7.755799999999993588e+01
6.356687898089171895e+00 -7.800299999999992906e+01
6.359872611464968628e+00 -7.844499999999993634e+01
6.363057324840763584e+00 -7.888999999999992951e+01
6.366242038216560317e+00 -7.933199999999999363e+01
6.369426751592357050e+00 -7.977600000000001046e+01
6.372611464968152895e+00 -8.021999999999997044e+01
6.375796178343949627e+00 -8.066399999999998727e+01
6.378980891719744584e+00 -8.110700000000008458e+01
6.382165605095541316e+00 -8.155100000000004457e+01
6.385350318471337161e+00 -8.199299999999993815e+01
6.388535031847133894e+00 -8.243799999999998818e+01
6.391719745222930626e+00 -8.287999999999999545e+01
6.394904458598725583e+00 -8.332499999999998863e+01
6.398089171974522316e+00 -8.376700000000005275e+01
6.401273885350318160e+00 -8.421200000000004593e+01
6.404458598726114893e+00 -8.465500000000002956e+01
6.407643312101911626e+00 -8.509900000000004638e+01
6.410828025477706582e+00 -8.554200000000003001e+01
6.414012738853502427e+00 -8.598599999999999000e+01
6.417197452229299159e+00 -8.642799999999999727e+01
6.420382165605095892e+00 -8.687299999999993361e+01
6.423566878980892625e+00 -8.731500000000005457e+01
6.426751592356687581e+00 -8.775999999999999091e+01
6.429936305732483426e+00 -8.820299999999997453e+01
6.433121019108280159e+00 -8.864800000000002456e+01
6.436305732484076891e+00 -8.909000000000003183e+01
6.439490445859872736e+00 -8.953399999999999181e+01
6.442675159235668580e+00 -8.997700000000008913e+01
6.445859872611464425e+00 -9.042099999999993543e+01
6.449044585987261158e+00 -9.086399999999991905e+01
6.452229299363057891e+00 -9.130799999999999272e+01
6.455414012738853735e+00 -9.175000000000000000e+01
6.458598726114648692e+00 -9.219499999999999318e+01
6.461783439490445424e+00 -9.263800000000003365e+01
6.464968152866242157e+00 -9.308299999999996999e+01
6.468152866242038002e+00 -9.352500000000003411e+01
6.471337579617834734e+00 -9.396899999999993724e+01
6.474522292993629691e+00 -9.441199999999992087e+01
6.477707006369426423e+00 -9.485599999999999454e+01
6.480891719745223156e+00 -9.529899999999997817e+01
6.484076433121019001e+00 -9.574299999999999500e+01
6.487261146496815734e+00 -9.618500000000000227e+01
6.490445859872610690e+00 -9.663000000000005230e+01
6.493630573248407423e+00 -9.707300000000003593e+01
6.496815286624204155e+00 -9.751800000000002910e+01
6.500000000000000000e+00 -9.796000000000009322e+01
6.503184713375796733e+00 -9.840399999999999636e+01
6.506369426751591689e+00 -9.884699999999997999e+01
6.509554140127388422e+00 -9.929099999999999682e+01
6.512738853503184266e+00 -9.973399999999992360e+01
6.515923566878980999e+00 -1.002719999999999345e+02
6.519108280254777732e+00 -1.008200000000000500e+02
6.522292993630572688e+00 -1.013689999999999714e+02
6.525477707006369421e+00 -1.019189999999999827e+02
6.528662420382165266e+00 -1.024669999999999845e+02
6.531847133757961998e+00 -1.030140000000000100e+02
6.535031847133758731e+00 -1.035629999999999882e+02
6.538216560509553688e+00 -1.041109999999999900e+02
6.541401273885350420e+00 -1.046610000000000582e+02
6.544585987261146265e+00 -1.052089999999999463e+02
6.547770700636942998e+00 -1.057559999999999718e+02
6.550955414012739730e+00 -1.063050000000000637e+02
6.554140127388534687e+00 -1.068530000000000086e+02
6.557324840764330531e+00 -1.074029999999999063e+02
6.560509554140127264e+00 -1.079499999999999886e+02
6.563694267515923997e+00 -1.084990000000000236e+02
6.566878980891719841e+00 -1.090469999999999686e+02
6.570063694267515686e+00 -1.095950000000000273e+02
6.573248407643311531e+00 -1.101450000000000387e+02
6.576433121019108263e+00 -1.106929999999999836e+02
6.579617834394904996e+00 -1.112409999999999854e+02
6.582802547770700841e+00 -1.117890000000001010e+02
6.585987261146495797e+00 -1.123369999999999891e+02
6.589171974522292530e+00 -1.128880000000000337e+02
6.592356687898089262e+00 -1.134349999999999454e+02
6.595541401273885995e+00 -1.139830000000000041e+02
6.598726114649681840e+00 -1.145310000000000059e+02
6.601910828025476796e+00 -1.150790000000000646e+02
6.605095541401273529e+00 -1.156299999999999955e+02
6.608280254777070262e+00 -1.161770000000000209e+02
6.611464968152866106e+00 -1.167250000000000227e+02
6.614649681528662839e+00 -1.172730000000000246e+02
6.617834394904457795e+00 -1.178219999999999459e+02
6.621019108280254528e+00 -1.183709999999999809e+02
6.624203821656051261e+00 -1.189189999999999259e+02
6.627388535031847105e+00 -1.194669999999999845e+02
6.630573248407643838e+00 -1.200160000000000196e+02
6.633757961783438795e+00 -1.205639999999999645e+02
6.636942675159235527e+00 -1.211109999999999900e+02
6.640127388535031372e+00 -1.216610000000000582e+02
6.643312101910828105e+00 -1.222089999999999463e+02
6.646496815286624837e+00 -1.227580000000000382e+02
6.649681528662419794e+00 -1.233050000000000068e+02
6.652866242038216527e+00 -1.238530000000000086e+02
6.656050955414012371e+00 -1.244029999999999063e+02
6.659235668789809104e+00 -1.249520000000000550e+02
6.662420382165605837e+00 -1.255000000000000000e+02
6.665605095541400793e+00 -1.260469999999999118e+02
6.668789808917196638e+00 -1.265950000000000273e+02
6.671974522292993370e+00 -1.271459999999999582e+02
6.675159235668790103e+00 -1.276939999999999600e+02
6.678343949044586836e+00 -1.282420000000000755e+02
6.681528662420381792e+00 -1.287890000000000441e+02
6.684713375796177637e+00 -1.293369999999999891e+02
6.687898089171974370e+00 -1.298879999999999768e+02
6.691082802547771102e+00 -1.304360000000000355e+02
6.694267515923566947e+00 -1.309830000000000041e+02
6.697452229299362791e+00 -1.315309999999999491e+02
6.700636942675158636e+00 -1.320799999999999272e+02
6.703821656050955369e+00 -1.326299999999999955e+02
6.707006369426752102e+00 -1.331779999999999973e+02
6.710191082802547946e+00 -1.337250000000000227e+02
6.713375796178342902e+00 -1.342740000000000009e+02
6.716560509554139635e+00 -1.348220000000000027e+02
6.719745222929936368e+00 -1.353719999999999573e+02
6.722929936305732213e+00 -1.359189999999999259e+02
6.726114649681528945e+00 -1.364680000000000746e+02
6.729299363057323902e+00 -1.370159999999999627e+02
6.732484076433120634e+00 -1.375639999999999645e+02
6.735668789808917367e+00 -1.381140000000000327e+02
6.738853503184713212e+00 -1.386610000000000582e+02
6.742038216560509944e+00 -1.392100000000000364e+02
6.745222929936304901e+00 -1.397580000000000382e+02
6.748407643312101634e+00 -1.403060000000000400e+02
6.751592356687898366e+00 -1.408549999999999613e+02
6.754777070063694211e+00 -1.414039999999999964e+02
6.757961783439490944e+00 -1.419520000000000550e+02
6.761146496815285900e+00 -1.425000000000000000e+02
6.764331210191082633e+00 -1.430480000000000018e+02
6.767515923566878477e+00 -1.435979999999999563e+02
6.770700636942675210e+00 -1.441459999999999582e+02
6.773885350318471943e+00 -1.446940000000000737e+02
6.777070063694266899e+00 -1.452419999999999618e+02
6.780254777070063632e+00 -1.457890000000000441e+02
6.783439490445859477e+00 -1.463379999999999654e+02
6.786624203821656209e+00 -1.468879999999999768e+02
6.789808917197452942e+00 -1.474360000000000355e+02
6.792993630573247898e+00 -1.479829999999999472e+02
6.796178343949044631e+00 -1.485320000000000391e+02
6.799363057324840476e+00 -1.490799999999999272e+02
6.802547770700637209e+00 -1.496299999999999955e+02
6.805732484076433941e+00 -1.501779999999999973e+02
6.808917197452228898e+00 -1.507259999999999422e+02
6.812101910828024742e+00 -1.512740000000000578e+02
6.815286624203821475e+00 -1.518220000000000027e+02
6.818471337579618208e+00 -1.523719999999999573e+02
6.821656050955414052e+00 -1.529189999999999827e+02
6.824840764331209897e+00 -1.534680000000000746e+02
6.828025477707005741e+00 -1.540159999999999627e+02
6.831210191082802474e+00 -1.545639999999999077e+02
6.834394904458599207e+00 -1.551129999999999427e+02
6.837579617834395052e+00 -1.556620000000000346e+02
6.840764331210190008e+00 -1.562099999999999795e+02
6.843949044585986741e+00 -1.567580000000000950e+02
6.847133757961783473e+00 -1.573060000000000400e+02
6.850318471337580206e+00 -1.578560000000000514e+02
6.853503184713376051e+00 -1.584039999999999964e+02
6.856687898089171007e+00 -1.589519999999999982e+02
6.859872611464967740e+00 -1.595000000000000000e+02
6.863057324840764473e+00 -1.600469999999999686e+02
6.866242038216560317e+00 -1.605979999999999563e+02
6.869426751592357050e+00 -1.611460000000000719e+02
6.872611464968152006e+00 -1.616940000000000168e+02
6.875796178343948739e+00 -1.622409999999999854e+02
6.878980891719745472e+00 -1.627899999999999636e+02
6.882165605095541316e+00 -1.633400000000000318e+02
6.885350318471338049e+00 -1.638879999999999768e+02
6.888535031847134782e+00 -1.644349999999999454e+02
6.891719745222929738e+00 -1.649840000000000373e+02
6.894904458598725583e+00 -1.655319999999999823e+02
6.898089171974522316e+00 -1.660819999999999936e+02
6.901273885350319048e+00 -1.666299999999999955e+02
6.904458598726115781e+00 -1.671770000000000209e+02
6.907643312101910738e+00 -1.677259999999999991e+02
6.910828025477706582e+00 -1.682740000000000009e+02
6.914012738853503315e+00 -1.688240000000000123e+02
6.917197452229300048e+00 -1.693709999999999809e+02
6.920382165605095892e+00 -1.699199999999999591e+02
6.923566878980890849e+00 -1.704680000000000746e+02
6.926751592356687581e+00 -1.710159999999999627e+02
6.929936305732484314e+00 -1.715650000000000546e+02
6.933121019108281047e+00 -1.721139999999999191e+02
6.936305732484076891e+00 -1.726619999999999777e+02
6.939490445859871848e+00 -1.732100000000000364e+02
6.942675159235668580e+00 -1.737569999999999482e+02
6.945859872611465313e+00 -1.743080000000000496e+02
6.949044585987261158e+00 -1.748559999999999945e+02
6.952229299363057891e+00 -1.754039999999999964e+02
6.955414012738852847e+00 -1.759509999999999081e+02
6.958598726114649580e+00 -1.764990000000000236e+02
6.961783439490446312e+00 -1.770499999999999545e+02
6.964968152866242157e+00 -1.775979999999998995e+02
6.968152866242038890e+00 -1.781460000000000150e+02
6.971337579617833846e+00 -1.786930000000000405e+02
6.974522292993630579e+00 -1.792419999999999618e+02
6.977707006369426423e+00 -1.797920000000000869e+02
6.980891719745223156e+00 -1.803400000000000318e+02
6.984076433121019889e+00 -1.808869999999999436e+02
6.987261146496814845e+00 -1.814360000000000355e+02
6.990445859872611578e+00 -1.819840000000000373e+02
6.993630573248407423e+00 -1.825339999999999918e+02
6.996815286624204155e+00 -1.830809999999999604e+02
7.000000000000000888e+00 -1.836289999999999623e+02
7.003184713375795845e+00 -1.841779999999999973e+02
7.006369426751592577e+00 -1.847259999999999991e+02
7.009554140127388422e+00 -1.852749999999999773e+02
7.012738853503185155e+00 -1.858229999999999791e+02
7.015923566878981887e+00 -1.863720000000000709e+02
7.019108280254776844e+00 -1.869199999999999591e+02
7.022292993630572688e+00 -1.874669999999999277e+02
7.025477707006369421e+00 -1.880150000000000432e+02
7.028662420382166154e+00 -1.885659999999999741e+02
7.031847133757961998e+00 -1.891139999999999191e+02
7.035031847133757843e+00 -1.896610000000000582e+02
7.038216560509553688e+00 -1.902090000000000600e+02
7.041401273885350420e+00 -1.907569999999999482e+02
7.044585987261147153e+00 -1.913079999999999927e+02
7.047770700636942998e+00 -1.918550000000000182e+02
7.050955414012738842e+00 -1.924030000000000200e+02
7.054140127388534687e+00 -1.929509999999999081e+02
7.057324840764331420e+00 -1.935000000000000568e+02
7.060509554140128152e+00 -1.940489999999999782e+02
7.063694267515923997e+00 -1.945969999999999800e+02
7.066878980891718953e+00 -1.951449999999999818e+02
7.070063694267515686e+00 -1.956939999999999600e+02
7.073248407643312419e+00 -1.962409999999999854e+02
7.076433121019108263e+00 -1.967909999999999400e+02
7.079617834394904996e+00 -1.973390000000000555e+02
7.082802547770699952e+00 -1.978870000000000573e+02
7.085987261146496685e+00 -1.984350000000000023e+02
7.089171974522293418e+00 -1.989829999999999472e+02
7.092356687898089262e+00 -1.995330000000000155e+02
7.095541401273885995e+00 -2.000810000000000173e+02
7.098726114649680952e+00 -2.006289999999999623e+02
7.101910828025477684e+00 -2.011770000000000209e+02
7.105095541401274417e+00 -2.017250000000000227e+02
7.108280254777070262e+00 -2.022749999999999773e+02
7.111464968152866994e+00 -2.028229999999999791e+02
7.114649681528661951e+00 -2.033710000000000946e+02
7.117834394904458684e+00 -2.039189999999999827e+02
7.121019108280254528e+00 -2.044669999999999277e+02
7.124203821656051261e+00 -2.050159999999999627e+02
7.127388535031847994e+00 -2.055649999999999977e+02
7.130573248407642950e+00 -2.061129999999999995e+02
7.133757961783439683e+00 -2.066610000000000582e+02
7.136942675159235527e+00 -2.072080000000000837e+02
7.140127388535032260e+00 -2.077590000000000146e+02
7.143312101910828993e+00 -2.083070000000000164e+02
7.146496815286623949e+00 -2.088550000000000182e+02
7.149681528662419794e+00 -2.094019999999999868e+02
7.152866242038216527e+00 -2.099510000000000218e+02
7.156050955414013259e+00 -2.105009999999999195e+02
7.159235668789809992e+00 -2.110490000000000350e+02
7.162420382165604948e+00 -2.115960000000000605e+02
7.165605095541400793e+00 -2.121440000000000055e+02
7.168789808917197526e+00 -2.126929999999999836e+02
7.171974522292994259e+00 -2.132430000000000518e+02
7.175159235668790103e+00 -2.137899999999999636e+02
7.178343949044585059e+00 -2.143379999999999654e+02
7.181528662420381792e+00 -2.148870000000000573e+02
7.184713375796178525e+00 -2.154340000000000259e+02
7.187898089171975258e+00 -2.159839999999999236e+02
7.191082802547771102e+00 -2.165320000000000960e+02
7.194267515923566059e+00 -2.170810000000000173e+02
7.197452229299362791e+00 -2.176279999999999291e+02
7.200636942675159524e+00 -2.181759999999999309e+02
7.203821656050955369e+00 -2.187259999999999991e+02
7.207006369426752102e+00 -2.192740000000000009e+02
7.210191082802547058e+00 -2.198220000000000027e+02
7.213375796178343791e+00 -2.203699999999999477e+02
7.216560509554140523e+00 -2.209180000000000064e+02
7.219745222929936368e+00 -2.214679999999999609e+02
7.222929936305733101e+00 -2.220159999999999627e+02
7.226114649681528057e+00 -2.225640000000000782e+02
7.229299363057324790e+00 -2.231119999999999663e+02
7.232484076433120634e+00 -2.236599999999999682e+02
7.235668789808917367e+00 -2.242099999999999227e+02
7.238853503184714100e+00 -2.247580000000000382e+02
7.242038216560509056e+00 -2.253060000000000400e+02
7.245222929936305789e+00 -2.258539999999999281e+02
7.248407643312101634e+00 -2.264010000000000673e+02
7.251592356687898366e+00 -2.269519999999999982e+02
7.254777070063695099e+00 -2.274999999999999432e+02
7.257961783439490056e+00 -2.280470000000000255e+02
7.261146496815286788e+00 -2.285950000000000273e+02
7.264331210191082633e+00 -2.291440000000000055e+02
7.267515923566879366e+00 -2.296939999999999600e+02
7.270700636942676098e+00 -2.302409999999999854e+02
7.273885350318471055e+00 -2.307889999999999873e+02
7.277070063694266899e+00 -2.313379999999999654e+02
7.280254777070063632e+00 -2.318859999999999673e+02
7.283439490445860365e+00 -2.324350000000000023e+02
7.286624203821656209e+00 -2.329830000000000041e+02
7.289808917197452054e+00 -2.335310000000000059e+02
7.292993630573247898e+00 -2.340800000000000409e+02
7.296178343949044631e+00 -2.346270000000000664e+02
7.299363057324841364e+00 -2.351770000000000209e+02
7.302547770700637209e+00 -2.357249999999999091e+02
7.305732484076433053e+00 -2.362730000000001382e+02
7.308917197452228898e+00 -2.368210000000000264e+02
7.312101910828025630e+00 -2.373689999999999714e+02
7.315286624203822363e+00 -2.379190000000000396e+02
7.318471337579618208e+00 -2.384660000000000650e+02
7.321656050955413164e+00 -2.390149999999999864e+02
7.324840764331209897e+00 -2.395629999999999882e+02
7.328025477707006630e+00 -2.401110000000001037e+02
7.331210191082802474e+00 -2.406599999999999682e+02
7.334394904458599207e+00 -2.412090000000000600e+02
7.337579617834394163e+00 -2.417569999999999482e+02
7.340764331210190896e+00 -2.423050000000000068e+02
7.343949044585987629e+00 -2.428520000000000323e+02
7.347133757961783473e+00 -2.434029999999999632e+02
7.350318471337580206e+00 -2.439510000000000218e+02
7.353503184713375163e+00 -2.444980000000000473e+02
7.356687898089171895e+00 -2.450460000000000491e+02
7.359872611464968628e+00 -2.455939999999999372e+02
7.363057324840764473e+00 -2.461449999999999818e+02
7.366242038216561205e+00 -2.466920000000000073e+02
7.369426751592356162e+00 -2.472400000000000091e+02
7.372611464968152895e+00 -2.477880000000000109e+02
7.375796178343948739e+00 -2.483370000000000459e+02
7.378980891719745472e+00 -2.488859999999999673e+02
7.382165605095542205e+00 -2.494339999999999691e+02
7.385350318471337161e+00 -2.499820000000000846e+02
7.388535031847133894e+00 -2.505299999999999727e+02
7.391719745222929738e+00 -2.510779999999999745e+02
7.394904458598726471e+00 -2.516279999999999291e+02
7.398089171974523204e+00 -2.521760000000000446e+02
7.401273885350318160e+00 -2.527230000000000700e+02
7.404458598726114005e+00 -2.532719999999999914e+02
7.407643312101910738e+00 -2.538200000000000500e+02
7.410828025477707470e+00 -2.543700000000000045e+02
7.414012738853504203e+00 -2.549170000000000300e+02
7.417197452229299159e+00 -2.554659999999999513e+02
7.420382165605095004e+00 -2.560140000000000100e+02
7.423566878980891737e+00 -2.565610000000000355e+02
7.426751592356688469e+00 -2.571109999999999900e+02
7.429936305732484314e+00 -2.576600000000000819e+02
7.433121019108279270e+00 -2.582080000000000268e+02
7.436305732484076003e+00 -2.587549999999999955e+02
7.439490445859872736e+00 -2.593029999999999404e+02
7.442675159235669469e+00 -2.598530000000000086e+02
7.445859872611465313e+00 -2.604010000000000105e+02
7.449044585987260270e+00 -2.609489999999999554e+02
7.452229299363057002e+00 -2.614969999999999573e+02
7.455414012738853735e+00 -2.620450000000000728e+02
7.458598726114649580e+00 -2.625950000000000273e+02
7.461783439490446312e+00 -2.631430000000000291e+02
7.464968152866241269e+00 -2.636910000000000309e+02
7.468152866242038002e+00 -2.642379999999999995e+02
7.471337579617834734e+00 -2.647870000000000346e+02
7.474522292993630579e+00 -2.653369999999999322e+02
7.477707006369427312e+00 -2.658850000000000477e+02
7.480891719745222268e+00 -2.664320000000000164e+02
7.484076433121019001e+00 -2.669800000000000182e+02
7.487261146496814845e+00 -2.675289999999999964e+02
7.490445859872611578e+00 -2.680790000000000646e+02
7.493630573248408311e+00 -2.686259999999999764e+02
7.496815286624203267e+00 -2.691739999999999213e+02
7.500000000000000000e+00 -2.697230000000000700e+02
7.503184713375795845e+00 -2.702700000000000387e+02
7.506369426751592577e+00 -2.708199999999999363e+02
7.509554140127389310e+00 -2.713679999999999950e+02
7.512738853503184266e+00 -2.719170000000000300e+02
7.515923566878980999e+00 -2.724639999999999418e+02
7.519108280254776844e+00 -2.730119999999999436e+02
7.522292993630573577e+00 -2.735620000000000118e+02
7.525477707006370309e+00 -2.741090000000000373e+02
7.528662420382165266e+00 -2.746579999999999586e+02
7.531847133757961110e+00 -2.752059999999999604e+02
7.535031847133757843e+00 -2.757540000000000191e+02
7.538216560509554576e+00 -2.763029999999999973e+02
7.541401273885350420e+00 -2.768519999999999754e+02
7.544585987261146265e+00 -2.773999999999999773e+02
7.547770700636942109e+00 -2.779470000000000027e+02
7.550955414012738842e+00 -2.784950000000000045e+02
7.554140127388535575e+00 -2.790449999999999591e+02
7.557324840764331420e+00 -2.795940000000000509e+02
7.560509554140127264e+00 -2.801410000000000196e+02
7.563694267515923109e+00 -2.806889999999999645e+02
7.566878980891719841e+00 -2.812370000000000800e+02
7.570063694267516574e+00 -2.817870000000000346e+02
7.573248407643312419e+00 -2.823349999999999795e+02
7.576433121019107375e+00 -2.828829999999999245e+02
7.579617834394904108e+00 -2.834310000000000400e+02
7.582802547770700841e+00 -2.839790000000000418e+02
7.585987261146496685e+00 -2.845289999999999964e+02
7.589171974522293418e+00 -2.850769999999999982e+02
7.592356687898088374e+00 -2.856240000000000236e+02
7.595541401273885107e+00 -2.861719999999999686e+02
7.598726114649681840e+00 -2.867210000000000036e+02
7.601910828025477684e+00 -2.872699999999999250e+02
7.605095541401274417e+00 -2.878180000000000405e+02
7.608280254777069374e+00 -2.883659999999999854e+02
7.611464968152866106e+00 -2.889149999999999636e+02
7.614649681528662839e+00 -2.894620000000001028e+02
7.617834394904458684e+00 -2.900120000000000573e+02
7.621019108280255416e+00 -2.905599999999999454e+02
7.624203821656050373e+00 -2.911079999999999472e+02
7.627388535031847105e+00 -2.916560000000000628e+02
7.630573248407642950e+00 -2.922040000000000077e+02
7.633757961783439683e+00 -2.927539999999999623e+02
7.636942675159236416e+00 -2.933009999999999877e+02
7.640127388535031372e+00 -2.938500000000000227e+02
7.643312101910828105e+00 -2.943980000000000246e+02
7.646496815286623949e+00 -2.949450000000000500e+02
7.649681528662420682e+00 -2.954950000000000045e+02
7.652866242038217415e+00 -2.960439999999999827e+02
7.656050955414012371e+00 -2.965919999999999845e+02
7.659235668789808216e+00 -2.971389999999999532e+02
7.662420382165604948e+00 -2.976889999999999645e+02
7.665605095541401681e+00 -2.982379999999999995e+02
7.668789808917198414e+00 -2.987849999999999682e+02
7.671974522292993370e+00 -2.993329999999999700e+02
7.675159235668789215e+00 -2.998810000000000855e+02
7.678343949044585948e+00 -3.004299999999999500e+02
7.681528662420382680e+00 -3.009789999999999281e+02
7.684713375796178525e+00 -3.015270000000000437e+02
7.687898089171973481e+00 -3.020749999999999886e+02
7.691082802547770214e+00 -3.026219999999999573e+02
7.694267515923566947e+00 -3.031729999999999450e+02
7.697452229299363680e+00 -3.037210000000000036e+02
7.700636942675159524e+00 -3.042680000000000291e+02
7.703821656050954481e+00 -3.048159999999999172e+02
7.707006369426751213e+00 -3.053640000000000327e+02
7.710191082802547946e+00 -3.059139999999999873e+02
7.713375796178343791e+00 -3.064619999999999891e+02
7.716560509554140523e+00 -3.070099999999999909e+02
7.719745222929935480e+00 -3.075579999999999927e+02
7.722929936305732213e+00 -3.081060000000000514e+02
7.726114649681528945e+00 -3.086559999999999491e+02
7.729299363057324790e+00 -3.092040000000000077e+02
7.732484076433121523e+00 -3.097510000000000900e+02
7.735668789808916479e+00 -3.102999999999999545e+02
7.738853503184713212e+00 -3.108479999999999563e+02
7.742038216560509056e+00 -3.113969999999999345e+02
7.745222929936305789e+00 -3.119450000000000500e+02
7.748407643312102522e+00 -3.124929999999999382e+02
7.751592356687897478e+00 -3.130419999999999163e+02
7.754777070063694211e+00 -3.135890000000000555e+02
7.757961783439490056e+00 -3.141389999999999532e+02
7.761146496815286788e+00 -3.146869999999999550e+02
7.764331210191083521e+00 -3.152349999999999568e+02
7.767515923566878477e+00 -3.157830000000000155e+02
7.770700636942675210e+00 -3.163310000000000173e+02
7.773885350318471055e+00 -3.168799999999999955e+02
7.777070063694267787e+00 -3.174290000000000873e+02
7.780254777070064520e+00 -3.179770000000000891e+02
7.783439490445859477e+00 -3.185240000000000009e+02
7.786624203821655321e+00 -3.190719999999999459e+02
7.789808917197452054e+00 -3.196220000000000141e+02
7.792993630573248787e+00 -3.201709999999999923e+02
7.796178343949044631e+00 -3.207180000000000177e+02
7.799363057324840476e+00 -3.212659999999999627e+02
7.802547770700636320e+00 -3.218140000000000782e+02
7.805732484076433053e+00 -3.223639999999999191e+02
7.808917197452229786e+00 -3.229120000000000346e+02
7.812101910828025630e+00 -3.234600000000000364e+02
7.815286624203821475e+00 -3.240070000000000050e+02
7.818471337579617320e+00 -3.245550000000000068e+02
7.821656050955414052e+00 -3.251059999999999377e+02
7.824840764331210785e+00 -3.256539999999999964e+02
7.828025477707006630e+00 -3.262010000000000218e+02
7.831210191082801586e+00 -3.267490000000000236e+02
7.834394904458598319e+00 -3.272980000000000018e+02
7.837579617834395052e+00 -3.278469999999999800e+02
7.840764331210190896e+00 -3.283949999999999818e+02
7.843949044585987629e+00 -3.289429999999999836e+02
7.847133757961782585e+00 -3.294909999999999286e+02
7.850318471337579318e+00 -3.300390000000000441e+02
7.853503184713376051e+00 -3.305889999999999418e+02
7.856687898089171895e+00 -3.311359999999999673e+02
7.859872611464968628e+00 -3.316840000000000828e+02
7.863057324840763584e+00 -3.322329999999999472e+02
7.866242038216560317e+00 -3.327799999999999727e+02
7.869426751592357050e+00 -3.333299999999999272e+02
7.872611464968152895e+00 -3.338780000000000427e+02
7.875796178343949627e+00 -3.344270000000000209e+02
7.878980891719744584e+00 -3.349739999999999895e+02
7.882165605095541316e+00 -3.355220000000000482e+02
7.885350318471337161e+00 -3.360720000000000027e+02
7.888535031847133894e+00 -3.366190000000000282e+02
7.891719745222930626e+00 -3.371679999999999495e+02
7.894904458598725583e+00 -3.377160000000000082e+02
7.898089171974522316e+00 -3.382650000000000432e+02
7.901273885350318160e+00 -3.388129999999999882e+02
7.904458598726114893e+00 -3.393619999999999663e+02
7.907643312101911626e+00 -3.399090000000001055e+02
7.910828025477706582e+00 -3.404569999999999936e+02
7.914012738853502427e+00 -3.410069999999999482e+02
7.917197452229299159e+00 -3.415549999999999500e+02
7.920382165605095892e+00 -3.421030000000000086e+02
7.923566878980892625e+00 -3.426510000000000105e+02
7.926751592356687581e+00 -3.431989999999999554e+02
7.929936305732483426e+00 -3.437480000000000473e+02
7.933121019108280159e+00 -3.442970000000000255e+02
7.936305732484076891e+00 -3.448450000000000273e+02
7.939490445859872736e+00 -3.453919999999999391e+02
7.942675159235667692e+00 -3.459399999999999977e+02
7.945859872611464425e+00 -3.464909999999999854e+02
7.949044585987261158e+00 -3.470379999999999541e+02
7.952229299363057891e+00 -3.475859999999999559e+02
7.955414012738853735e+00 -3.481340000000000714e+02
7.958598726114648692e+00 -3.486810000000000400e+02
7.961783439490445424e+00 -3.492320000000000277e+02
7.964968152866242157e+00 -3.497800000000000864e+02
7.968152866242038002e+00 -3.503269999999999982e+02
7.971337579617834734e+00 -3.508750000000000000e+02
7.974522292993629691e+00 -3.514239999999999782e+02
7.977707006369426423e+00 -3.519730000000000700e+02
7.980891719745223156e+00 -3.525209999999999582e+02
7.984076433121019001e+00 -3.530690000000000168e+02
7.987261146496815734e+00 -3.536169999999999618e+02
7.990445859872610690e+00 -3.541649999999999636e+02
7.993630573248407423e+00 -3.547150000000000318e+02
7.996815286624203267e+00 -3.552619999999999436e+02
8.000000000000000000e+00 -3.558099999999999454e+02
8.003184713375796733e+00 -3.563590000000000373e+02
8.006369426751591689e+00 -3.569069999999999823e+02
8.009554140127388422e+00 -3.574560000000000173e+02
8.012738853503185155e+00 -3.580040000000000191e+02
8.015923566878981887e+00 -3.585529999999999973e+02
8.019108280254776844e+00 -3.591000000000000227e+02
8.022292993630571800e+00 -3.596479999999999109e+02
8.025477707006368533e+00 -3.601980000000000359e+02
8.028662420382165266e+00 -3.607459999999999809e+02
8.031847133757961998e+00 -3.612939999999999827e+02
8.035031847133758731e+00 -3.618420000000000982e+02
8.038216560509553688e+00 -3.623890000000000100e+02
8.041401273885350420e+00 -3.629390000000000782e+02
8.044585987261147153e+00 -3.634879999999999427e+02
8.047770700636942109e+00 -3.640349999999999113e+02
8.050955414012738842e+00 -3.645830000000000837e+02
8.054140127388533799e+00 -3.651329999999999814e+02
8.057324840764330531e+00 -3.656809999999999832e+02
8.060509554140127264e+00 -3.662290000000000418e+02
8.063694267515923997e+00 -3.667770000000000437e+02
8.066878980891720730e+00 -3.673239999999999554e+02
8.070063694267515686e+00 -3.678740000000000236e+02
8.073248407643312419e+00 -3.684230000000000018e+02
8.076433121019107375e+00 -3.689699999999999704e+02
8.079617834394904108e+00 -3.695179999999999723e+02
8.082802547770700841e+00 -3.700660000000000878e+02
8.085987261146495797e+00 -3.706160000000000423e+02
8.089171974522292530e+00 -3.711640000000000441e+02
8.092356687898089262e+00 -3.717119999999999891e+02
8.095541401273885995e+00 -3.722589999999999009e+02
8.098726114649682728e+00 -3.728080000000001064e+02
8.101910828025477684e+00 -3.733579999999999472e+02
8.105095541401272641e+00 -3.739049999999999727e+02
8.108280254777069374e+00 -3.744530000000000314e+02
8.111464968152866106e+00 -3.750010000000000332e+02
8.114649681528662839e+00 -3.755489999999999782e+02
8.117834394904457795e+00 -3.760989999999999895e+02
8.121019108280254528e+00 -3.766470000000000482e+02
8.124203821656051261e+00 -3.771939999999999600e+02
8.127388535031847994e+00 -3.777430000000000518e+02
8.130573248407642950e+00 -3.782910000000000537e+02
8.133757961783439683e+00 -3.788400000000000318e+02
8.136942675159234639e+00 -3.793880000000000337e+02
8.140127388535031372e+00 -3.799359999999999786e+02
8.143312101910828105e+00 -3.804839999999999236e+02
8.146496815286624837e+00 -3.810320000000000391e+02
8.149681528662421570e+00 -3.815819999999999936e+02
8.152866242038216527e+00 -3.821289999999999623e+02
8.156050955414013259e+00 -3.826779999999999973e+02
8.159235668789808216e+00 -3.832259999999999991e+02
8.162420382165604948e+00 -3.837729999999999677e+02
8.165605095541401681e+00 -3.843229999999999791e+02
8.168789808917196638e+00 -3.848720000000000709e+02
8.171974522292993370e+00 -3.854189999999999827e+02
8.175159235668790103e+00 -3.859669999999999845e+02
8.178343949044586836e+00 -3.865170000000000528e+02
8.181528662420383569e+00 -3.870640000000000214e+02
8.184713375796178525e+00 -3.876130000000000564e+02
8.187898089171973481e+00 -3.881609999999999445e+02
8.191082802547770214e+00 -3.887079999999999700e+02
8.194267515923566947e+00 -3.892580000000000382e+02
8.197452229299363680e+00 -3.898070000000000164e+02
8.200636942675158636e+00 -3.903539999999999281e+02
8.203821656050955369e+00 -3.909020000000000437e+02
8.207006369426752102e+00 -3.914500000000000455e+02
8.210191082802548834e+00 -3.919989999999999668e+02
8.213375796178343791e+00 -3.925479999999999450e+02
8.216560509554140523e+00 -3.930960000000000605e+02
8.219745222929935480e+00 -3.936430000000000291e+02
8.222929936305732213e+00 -3.941909999999999172e+02
8.226114649681528945e+00 -3.947420000000000755e+02
8.229299363057325678e+00 -3.952889999999999873e+02
8.232484076433120634e+00 -3.958369999999999891e+02
8.235668789808917367e+00 -3.963849999999999909e+02
8.238853503184714100e+00 -3.969319999999999595e+02
8.242038216560509056e+00 -3.974830000000000041e+02
8.245222929936305789e+00 -3.980310000000000059e+02
8.248407643312100745e+00 -3.985779999999999745e+02
8.251592356687897478e+00 -3.991259999999999764e+02
8.254777070063694211e+00 -3.996750000000000682e+02
8.257961783439490944e+00 -4.002239999999999327e+02
8.261146496815287676e+00 -4.007719999999999345e+02
8.264331210191082633e+00 -4.013200000000000500e+02
8.267515923566879366e+00 -4.018679999999999950e+02
8.270700636942676098e+00 -4.024159999999999968e+02
8.273885350318471055e+00 -4.029660000000000650e+02
8.277070063694267787e+00 -4.035130000000000337e+02
8.280254777070062744e+00 -4.040610000000000355e+02
8.283439490445859477e+00 -4.046100000000000136e+02
8.286624203821656209e+00 -4.051569999999999254e+02
8.289808917197452942e+00 -4.057069999999999936e+02
8.292993630573249675e+00 -4.062549999999999955e+02
8.296178343949044631e+00 -4.068029999999999973e+02
8.299363057324841364e+00 -4.073509999999999991e+02
8.302547770700636320e+00 -4.079000000000000909e+02
8.305732484076433053e+00 -4.084479999999999791e+02
8.308917197452229786e+00 -4.089959999999999241e+02
8.312101910828024742e+00 -4.095440000000000964e+02
8.315286624203821475e+00 -4.100919999999999845e+02
8.318471337579618208e+00 -4.106419999999999959e+02
8.321656050955414941e+00 -4.111889999999999645e+02
8.324840764331211673e+00 -4.117380000000000564e+02
8.328025477707006630e+00 -4.122860000000000582e+02
8.331210191082801586e+00 -4.128329999999999700e+02
8.334394904458598319e+00 -4.133829999999999245e+02
8.337579617834395052e+00 -4.139320000000000164e+02
8.340764331210191784e+00 -4.144790000000000418e+02
8.343949044585986741e+00 -4.150269999999999868e+02
8.347133757961783473e+00 -4.155750000000000455e+02
8.350318471337580206e+00 -4.161240000000000805e+02
8.353503184713376939e+00 -4.166730000000000018e+02
8.356687898089171895e+00 -4.172210000000000036e+02
8.359872611464966852e+00 -4.177680000000000291e+02
8.363057324840763584e+00 -4.183160000000000309e+02
8.366242038216560317e+00 -4.188669999999999618e+02
8.369426751592357050e+00 -4.194139999999999873e+02
8.372611464968153783e+00 -4.199620000000000459e+02
8.375796178343948739e+00 -4.205090000000000146e+02
8.378980891719745472e+00 -4.210570000000000164e+02
8.382165605095542205e+00 -4.216079999999999472e+02
8.385350318471337161e+00 -4.221549999999999727e+02
8.388535031847133894e+00 -4.227029999999999745e+02
8.391719745222928850e+00 -4.232509999999999764e+02
8.394904458598725583e+00 -4.238009999999999309e+02
8.398089171974522316e+00 -4.243490000000000464e+02
8.401273885350319048e+00 -4.248969999999999914e+02
8.404458598726115781e+00 -4.254439999999999600e+02
8.407643312101910738e+00 -4.259919999999999618e+02
8.410828025477707470e+00 -4.265430000000000064e+02
8.414012738853502427e+00 -4.270900000000000318e+02
8.417197452229299159e+00 -4.276379999999999200e+02
8.420382165605095892e+00 -4.281860000000000355e+02
8.423566878980890849e+00 -4.287339999999999804e+02
8.426751592356687581e+00 -4.292839999999999918e+02
8.429936305732484314e+00 -4.298310000000000173e+02
8.433121019108281047e+00 -4.303790000000000191e+02
8.436305732484077780e+00 -4.309280000000000541e+02
8.439490445859872736e+00 -4.314750000000000227e+02
8.442675159235669469e+00 -4.320249999999999204e+02
8.445859872611464425e+00 -4.325730000000000928e+02
8.449044585987261158e+00 -4.331200000000000045e+02
8.452229299363057891e+00 -4.336689999999999827e+02
8.455414012738852847e+00 -4.342170000000000414e+02
8.458598726114649580e+00 -4.347660000000000764e+02
8.461783439490446312e+00 -4.353139999999999645e+02
8.464968152866243045e+00 -4.358629999999999427e+02
8.468152866242038002e+00 -4.364099999999999682e+02
8.471337579617834734e+00 -4.369579999999999700e+02
8.474522292993629691e+00 -4.375070000000000050e+02
8.477707006369426423e+00 -4.380550000000000068e+02
8.480891719745223156e+00 -4.386040000000000418e+02
8.484076433121019889e+00 -4.391510000000000673e+02
8.487261146496814845e+00 -4.397010000000000218e+02
8.490445859872611578e+00 -4.402489999999999100e+02
8.493630573248408311e+00 -4.407970000000001392e+02
8.496815286624205044e+00 -4.413450000000000273e+02
8.500000000000000000e+00 -4.418929999999999723e+02
8.503184713375794956e+00 -4.424419999999999504e+02
8.506369426751591689e+00 -4.429900000000000659e+02
8.509554140127388422e+00 -4.435389999999999873e+02
8.512738853503185155e+00 -4.440860000000000127e+02
8.515923566878981887e+00 -4.446340000000000146e+02
8.519108280254776844e+00 -4.451829999999999927e+02
8.522292993630573577e+00 -4.457320000000000846e+02
8.525477707006370309e+00 -4.462799999999999727e+02
8.528662420382165266e+00 -4.468269999999999413e+02
8.531847133757961998e+00 -4.473750000000000568e+02
8.535031847133756955e+00 -4.479259999999999877e+02
8.538216560509553688e+00 -4.484729999999999563e+02
8.541401273885350420e+00 -4.490210000000000719e+02
8.544585987261147153e+00 -4.495690000000000737e+02
8.547770700636943886e+00 -4.501159999999999854e+02
8.550955414012738842e+00 -4.506669999999999163e+02
8.554140127388535575e+00 -4.512139999999999418e+02
8.557324840764330531e+00 -4.517620000000000005e+02
8.560509554140127264e+00 -4.523099999999999454e+02
8.563694267515923997e+00 -4.528580000000000041e+02
8.566878980891718953e+00 -4.534080000000000155e+02
8.570063694267515686e+00 -4.539560000000000173e+02
8.573248407643312419e+00 -4.545029999999999291e+02
8.576433121019109151e+00 -4.550509999999999309e+02
8.579617834394905884e+00 -4.556010000000001128e+02
8.582802547770700841e+00 -4.561490000000000009e+02
8.585987261146495797e+00 -4.566970000000000027e+02
8.589171974522292530e+00 -4.572439999999999145e+02
8.592356687898089262e+00 -4.577930000000000632e+02
8.595541401273885995e+00 -4.583429999999999609e+02
8.598726114649680952e+00 -4.588899999999999864e+02
8.601910828025477684e+00 -4.594379999999999882e+02
8.605095541401274417e+00 -4.599859999999999900e+02
8.608280254777071150e+00 -4.605339999999999918e+02
8.611464968152866106e+00 -4.610840000000000032e+02
8.614649681528661063e+00 -4.616309999999999718e+02
8.617834394904457795e+00 -4.621789999999999736e+02
8.621019108280254528e+00 -4.627280000000000086e+02
8.624203821656051261e+00 -4.632749999999999773e+02
8.627388535031847994e+00 -4.638250000000000455e+02
8.630573248407642950e+00 -4.643730000000000473e+02
8.633757961783439683e+00 -4.649209999999999923e+02
8.636942675159236416e+00 -4.654689999999999372e+02
8.640127388535031372e+00 -4.660159999999999627e+02
8.643312101910828105e+00 -4.665660000000000309e+02
8.646496815286623061e+00 -4.671139999999999191e+02
8.649681528662419794e+00 -4.676620000000000346e+02
8.652866242038216527e+00 -4.682100000000000364e+02
8.656050955414013259e+00 -4.687599999999999909e+02
8.659235668789809992e+00 -4.693070000000000164e+02
8.662420382165604948e+00 -4.698559999999999377e+02
8.665605095541401681e+00 -4.704030000000000769e+02
8.668789808917196638e+00 -4.709510000000000218e+02
8.671974522292993370e+00 -4.715009999999999764e+02
8.675159235668790103e+00 -4.720480000000000018e+02
8.678343949044585059e+00 -4.725970000000000937e+02
8.681528662420381792e+00 -4.731449999999999818e+02
8.684713375796178525e+00 -4.736919999999999504e+02
8.687898089171975258e+00 -4.742419999999999618e+02
8.691082802547771990e+00 -4.747900000000000773e+02
8.694267515923566947e+00 -4.753379999999999654e+02
8.697452229299361903e+00 -4.758860000000000241e+02
8.700636942675158636e+00 -4.764329999999999927e+02
8.703821656050955369e+00 -4.769830000000000041e+02
8.707006369426752102e+00 -4.775320000000000391e+02
8.710191082802547058e+00 -4.780789999999999509e+02
8.713375796178343791e+00 -4.786270000000000664e+02
8.716560509554140523e+00 -4.791739999999999782e+02
8.719745222929937256e+00 -4.797250000000000227e+02
8.722929936305732213e+00 -4.802730000000000246e+02
8.726114649681528945e+00 -4.808199999999999363e+02
8.729299363057323902e+00 -4.813680000000000518e+02
8.732484076433120634e+00 -4.819179999999999495e+02
8.735668789808917367e+00 -4.824660000000000082e+02
8.738853503184714100e+00 -4.830140000000000668e+02
8.742038216560509056e+00 -4.835610000000000355e+02
8.745222929936305789e+00 -4.841090000000000373e+02
8.748407643312102522e+00 -4.846599999999999682e+02
8.751592356687897478e+00 -4.852069999999999936e+02
8.754777070063694211e+00 -4.857549999999999955e+02
8.757961783439489167e+00 -4.863029999999999973e+02
8.761146496815285900e+00 -4.868509999999999422e+02
8.764331210191082633e+00 -4.874010000000000673e+02
8.767515923566879366e+00 -4.879480000000000359e+02
8.770700636942676098e+00 -4.884959999999999809e+02
8.773885350318471055e+00 -4.890439999999999827e+02
8.777070063694267787e+00 -4.895920000000000982e+02
8.780254777070064520e+00 -4.901419999999999391e+02
8.783439490445859477e+00 -4.906899999999999409e+02
8.786624203821656209e+00 -4.912369999999999663e+02
8.789808917197451166e+00 -4.917860000000000014e+02
8.792993630573247898e+00 -4.923330000000000268e+02
8.796178343949044631e+00 -4.928829999999999814e+02
8.799363057324841364e+00 -4.934309999999999263e+02
8.802547770700638097e+00 -4.939779999999999518e+02
8.805732484076433053e+00 -4.945270000000000437e+02
8.808917197452229786e+00 -4.950760000000000218e+02
8.812101910828024742e+00 -4.956239999999999100e+02
8.815286624203821475e+00 -4.961720000000000255e+02
8.818471337579618208e+00 -4.967199999999999704e+02
8.821656050955413164e+00 -4.972679999999999723e+02
8.824840764331209897e+00 -4.978180000000000973e+02
8.828025477707006630e+00 -4.983650000000000091e+02
8.831210191082803362e+00 -4.989130000000000109e+02
8.834394904458600095e+00 -4.994610000000000127e+02
8.837579617834395052e+00 -5.000089999999999009e+02
8.840764331210190008e+00 -5.005590000000000828e+02
8.843949044585986741e+00 -5.011059999999999945e+02
8.847133757961783473e+00 -5.016549999999999727e+02
8.850318471337580206e+00 -5.022019999999999413e+02
8.853503184713375163e+00 -5.027500000000000568e+02
8.856687898089171895e+00 -5.032999999999999545e+02
8.859872611464968628e+00 -5.038469999999999231e+02
8.863057324840765361e+00 -5.043960000000000719e+02
8.866242038216560317e+00 -5.049429999999999836e+02
8.869426751592355274e+00 -5.054929999999999950e+02
8.872611464968152006e+00 -5.060409999999999968e+02
8.875796178343948739e+00 -5.065889999999999418e+02
8.878980891719745472e+00 -5.071370000000000573e+02
8.882165605095542205e+00 -5.076849999999999454e+02
8.885350318471337161e+00 -5.082339999999999236e+02
8.888535031847133894e+00 -5.087830000000001291e+02
8.891719745222930626e+00 -5.093300000000000409e+02
8.894904458598725583e+00 -5.098779999999999859e+02
8.898089171974522316e+00 -5.104259999999999309e+02
8.901273885350317272e+00 -5.109750000000000796e+02
8.904458598726114005e+00 -5.115240000000000009e+02
8.907643312101910738e+00 -5.120710000000000264e+02
8.910828025477707470e+00 -5.126190000000000282e+02
8.914012738853504203e+00 -5.131670000000000300e+02
8.917197452229299159e+00 -5.137170000000000982e+02
8.920382165605095892e+00 -5.142649999999999864e+02
8.923566878980890849e+00 -5.148119999999998981e+02
8.926751592356687581e+00 -5.153600000000001273e+02
8.929936305732484314e+00 -5.159100000000000819e+02
8.933121019108279270e+00 -5.164579999999999700e+02
8.936305732484076003e+00 -5.170059999999999718e+02
8.939490445859872736e+00 -5.175530000000001110e+02
8.942675159235669469e+00 -5.181009999999999991e+02
8.945859872611466201e+00 -5.186519999999999300e+02
8.949044585987261158e+00 -5.191989999999999554e+02
8.952229299363057891e+00 -5.197470000000000709e+02
8.955414012738852847e+00 -5.202939999999999827e+02
8.958598726114649580e+00 -5.208419999999999845e+02
8.961783439490446312e+00 -5.213929999999999154e+02
8.964968152866241269e+00 -5.219400000000000546e+02
8.968152866242038002e+00 -5.224879999999999427e+02
8.971337579617834734e+00 -5.230349999999999682e+02
8.974522292993631467e+00 -5.235839999999999463e+02
8.977707006369426423e+00 -5.241340000000000146e+02
8.980891719745223156e+00 -5.246810000000000400e+02
8.984076433121018113e+00 -5.252289999999999281e+02
8.987261146496814845e+00 -5.257770000000000437e+02
8.990445859872611578e+00 -5.263269999999999982e+02
8.993630573248408311e+00 -5.268750000000000000e+02
8.996815286624203267e+00 -5.274220000000000255e+02
9.000000000000000000e+00 -5.279699999999999136e+02
9.003184713375796733e+00 -5.285190000000000055e+02
9.006369426751593465e+00 -5.290679999999999836e+02
9.009554140127388422e+00 -5.296159999999999854e+02
9.012738853503183378e+00 -5.301629999999998972e+02
9.015923566878980111e+00 -5.307110000000000127e+02
9.019108280254776844e+00 -5.312599999999999909e+02
9.022292993630573577e+00 -5.318089999999999691e+02
9.025477707006370309e+00 -5.323570000000000846e+02
9.028662420382165266e+00 -5.329020000000000437e+02
9.031847133757961998e+00 -5.334489999999999554e+02
9.035031847133758731e+00 -5.340049999999999955e+02
9.038216560509553688e+00 -5.345529999999999973e+02
9.041401273885350420e+00 -5.350989999999999327e+02
9.044585987261145377e+00 -5.356449999999999818e+02
9.047770700636942109e+00 -5.361920000000000073e+02
9.050955414012738842e+00 -5.367400000000000091e+02
9.054140127388535575e+00 -5.372960000000000491e+02
9.057324840764332308e+00 -5.378420000000000982e+02
9.060509554140127264e+00 -5.383890000000001237e+02
9.063694267515923997e+00 -5.389350000000000591e+02
9.066878980891718953e+00 -5.394829999999999472e+02
9.070063694267515686e+00 -5.400289999999999964e+02
9.073248407643312419e+00 -5.405749999999999318e+02
9.076433121019107375e+00 -5.411319999999999482e+02
9.079617834394904108e+00 -5.416779999999998836e+02
9.082802547770700841e+00 -5.422259999999999991e+02
9.085987261146497573e+00 -5.427720000000000482e+02
9.089171974522294306e+00 -5.433189999999999600e+02
9.092356687898089262e+00 -5.438650000000000091e+02
9.095541401273884219e+00 -5.444210000000000491e+02
9.098726114649680952e+00 -5.449690000000000509e+02
9.101910828025477684e+00 -5.455160000000000764e+02
9.105095541401274417e+00 -5.460620000000000118e+02
9.108280254777069374e+00 -5.466080000000000609e+02
9.111464968152866106e+00 -5.471559999999999491e+02
9.114649681528662839e+00 -5.477119999999999891e+02
9.117834394904459572e+00 -5.482590000000000146e+02
9.121019108280254528e+00 -5.488049999999999500e+02
9.124203821656049485e+00 -5.493509999999999991e+02
9.127388535031846217e+00 -5.498989999999998872e+02
9.130573248407642950e+00 -5.504460000000000264e+02
9.133757961783439683e+00 -5.509919999999999618e+02
9.136942675159236416e+00 -5.515480000000000018e+02
9.140127388535031372e+00 -5.520940000000000509e+02
9.143312101910828105e+00 -5.526420000000000528e+02
9.146496815286624837e+00 -5.531889999999999645e+02
9.149681528662419794e+00 -5.537350000000000136e+02
9.152866242038216527e+00 -5.542810000000000628e+02
9.156050955414011483e+00 -5.548369999999999891e+02
9.159235668789808216e+00 -5.553860000000000809e+02
9.162420382165604948e+00 -5.559320000000000164e+02
9.165605095541401681e+00 -5.564779999999999518e+02
9.168789808917198414e+00 -5.570240000000000009e+02
9.171974522292993370e+00 -5.575720000000000027e+02
9.175159235668790103e+00 -5.581289999999999054e+02
9.178343949044585059e+00 -5.586749999999999545e+02
9.181528662420381792e+00 -5.592210000000000036e+02
9.184713375796178525e+00 -5.597669999999998254e+02
9.187898089171973481e+00 -5.603159999999999172e+02
9.191082802547770214e+00 -5.608619999999998527e+02
9.194267515923566947e+00 -5.614179999999998927e+02
9.197452229299363680e+00 -5.619639999999998281e+02
9.200636942675160412e+00 -5.625099999999999909e+02
9.203821656050955369e+00 -5.630589999999999691e+02
9.207006369426750325e+00 -5.636049999999999045e+02
9.210191082802547058e+00 -5.641509999999999536e+02
9.213375796178343791e+00 -5.646969999999998890e+02
9.216560509554140523e+00 -5.652559999999999718e+02
9.219745222929935480e+00 -5.658020000000000209e+02
9.222929936305732213e+00 -5.663479999999999563e+02
9.226114649681528945e+00 -5.668940000000000055e+02
9.229299363057325678e+00 -5.674399999999999409e+02
9.232484076433120634e+00 -5.679890000000000327e+02
9.235668789808917367e+00 -5.685450000000000728e+02
9.238853503184712324e+00 -5.690910000000000082e+02
9.242038216560509056e+00 -5.696370000000000573e+02
9.245222929936305789e+00 -5.701839999999999691e+02
9.248407643312102522e+00 -5.707320000000000846e+02
9.251592356687897478e+00 -5.712780000000000200e+02
9.254777070063694211e+00 -5.718340000000000600e+02
9.257961783439490944e+00 -5.723800000000001091e+02
9.261146496815285900e+00 -5.729270000000000209e+02
9.264331210191082633e+00 -5.734750000000001364e+02
9.267515923566877589e+00 -5.740210000000001855e+02
9.270700636942674322e+00 -5.745670000000001210e+02
9.273885350318471055e+00 -5.751140000000001464e+02
9.277070063694267787e+00 -5.756720000000001392e+02
9.280254777070064520e+00 -5.762179999999998472e+02
9.283439490445859477e+00 -5.767639999999998963e+02
9.286624203821656209e+00 -5.773099999999999454e+02
9.289808917197452942e+00 -5.778569999999999709e+02
9.292993630573247898e+00 -5.784049999999999727e+02
9.296178343949044631e+00 -5.789610000000000127e+02
9.299363057324839588e+00 -5.795069999999999482e+02
9.302547770700636320e+00 -5.800539999999999736e+02
9.305732484076433053e+00 -5.806000000000000227e+02
9.308917197452229786e+00 -5.811479999999999109e+02
9.312101910828026519e+00 -5.816939999999999600e+02
9.315286624203821475e+00 -5.822500000000000000e+02
9.318471337579618208e+00 -5.827970000000000255e+02
9.321656050955413164e+00 -5.833450000000000273e+02
9.324840764331209897e+00 -5.838910000000000764e+02
9.328025477707006630e+00 -5.844370000000000118e+02
9.331210191082801586e+00 -5.849840000000000373e+02
9.334394904458598319e+00 -5.855300000000000864e+02
9.337579617834395052e+00 -5.860879999999999654e+02
9.340764331210191784e+00 -5.866340000000000146e+02
9.343949044585988517e+00 -5.871800000000000637e+02
9.347133757961783473e+00 -5.877270000000000891e+02
9.350318471337578430e+00 -5.882730000000000246e+02
9.353503184713375163e+00 -5.888210000000001401e+02
9.356687898089171895e+00 -5.893770000000000664e+02
9.359872611464968628e+00 -5.899240000000000919e+02
9.363057324840763584e+00 -5.904700000000000273e+02
9.366242038216560317e+00 -5.910160000000000764e+02
9.369426751592357050e+00 -5.915640000000000782e+02
9.372611464968153783e+00 -5.921099999999999000e+02
9.375796178343948739e+00 -5.926669999999999163e+02
9.378980891719745472e+00 -5.932129999999998518e+02
9.382165605095540428e+00 -5.937609999999999673e+02
9.385350318471337161e+00 -5.943069999999999027e+02
9.388535031847133894e+00 -5.948539999999999281e+02
9.391719745222930626e+00 -5.953999999999999773e+02
9.394904458598727359e+00 -5.959459999999999127e+02
9.398089171974522316e+00 -5.965039999999999054e+02
9.401273885350319048e+00 -5.970499999999999545e+02
9.404458598726114005e+00 -5.975969999999999800e+02
9.407643312101910738e+00 -5.981429999999999154e+02
9.410828025477707470e+00 -5.986889999999999645e+02
9.414012738853502427e+00 -5.992369999999999663e+02
9.417197452229299159e+00 -5.997939999999999827e+02
9.420382165605095892e+00 -6.003399999999999181e+02
9.423566878980892625e+00 -6.008859999999999673e+02
9.426751592356689358e+00 -6.014339999999999691e+02
9.429936305732484314e+00 -6.019800000000000182e+02
9.433121019108279270e+00 -6.025270000000000437e+02
9.436305732484076003e+00 -6.030729999999999791e+02
9.439490445859872736e+00 -6.036290000000000191e+02
9.442675159235669469e+00 -6.041770000000000209e+02
9.445859872611464425e+00 -6.047240000000000464e+02
9.449044585987261158e+00 -6.052700000000000955e+02
9.452229299363057891e+00 -6.058160000000000309e+02
9.455414012738854623e+00 -6.063620000000000800e+02
9.458598726114649580e+00 -6.069200000000000728e+02
9.461783439490446312e+00 -6.074670000000000982e+02
9.464968152866241269e+00 -6.080130000000001473e+02
9.468152866242038002e+00 -6.085589999999998554e+02
9.471337579617834734e+00 -6.091069999999999709e+02
9.474522292993631467e+00 -6.096539999999998827e+02
9.477707006369426423e+00 -6.102099999999999227e+02
9.480891719745223156e+00 -6.107559999999999718e+02
9.484076433121019889e+00 -6.113019999999999072e+02
9.487261146496814845e+00 -6.118500000000000227e+02
9.490445859872611578e+00 -6.123969999999999345e+02
9.493630573248406535e+00 -6.129429999999999836e+02
9.496815286624203267e+00 -6.134890000000000327e+02
9.500000000000000000e+00 -6.140449999999999591e+02
9.503184713375796733e+00 -6.145940000000000509e+02
9.506369426751593465e+00 -6.151399999999999864e+02
9.509554140127388422e+00 -6.156860000000000355e+02
9.512738853503185155e+00 -6.162319999999999709e+02
9.515923566878981887e+00 -6.167799999999999727e+02
9.519108280254776844e+00 -6.173369999999999891e+02
9.522292993630573577e+00 -6.178830000000000382e+02
9.525477707006368533e+00 -6.184290000000000873e+02
9.528662420382165266e+00 -6.189750000000001364e+02
9.531847133757961998e+00 -6.195240000000001146e+02
9.535031847133758731e+00 -6.200700000000001637e+02
9.538216560509555464e+00 -6.206160000000000991e+02
9.541401273885350420e+00 -6.211720000000000255e+02
9.544585987261147153e+00 -6.217180000000000746e+02
9.547770700636942109e+00 -6.222670000000000528e+02
9.550955414012738842e+00 -6.228130000000001019e+02
9.554140127388535575e+00 -6.233590000000001510e+02
9.557324840764330531e+00 -6.239050000000002001e+02
9.560509554140127264e+00 -6.244640000000000555e+02
9.563694267515923997e+00 -6.250099999999999909e+02
9.566878980891720730e+00 -6.255559999999999263e+02
9.570063694267517462e+00 -6.261019999999998618e+02
9.573248407643312419e+00 -6.266479999999999109e+02
9.576433121019107375e+00 -6.271969999999998890e+02
9.579617834394904108e+00 -6.277529999999999291e+02
9.582802547770700841e+00 -6.282989999999999782e+02
9.585987261146497573e+00 -6.288450000000000273e+02
9.589171974522292530e+00 -6.293919999999999391e+02
9.592356687898089262e+00 -6.299399999999999409e+02
9.595541401273885995e+00 -6.304859999999999900e+02
9.598726114649682728e+00 -6.310319999999999254e+02
9.601910828025477684e+00 -6.315879999999999654e+02
9.605095541401272641e+00 -6.321349999999999909e+02
9.608280254777069374e+00 -6.326829999999999927e+02
9.611464968152866106e+00 -6.332290000000000418e+02
9.614649681528662839e+00 -6.337750000000000909e+02
9.617834394904459572e+00 -6.343220000000000027e+02
9.621019108280254528e+00 -6.348800000000001091e+02
9.624203821656051261e+00 -6.354260000000000446e+02
9.627388535031847994e+00 -6.359719999999999800e+02
9.630573248407642950e+00 -6.365180000000000291e+02
9.633757961783439683e+00 -6.370650000000000546e+02
9.636942675159234639e+00 -6.376130000000000564e+02
9.640127388535031372e+00 -6.381590000000001055e+02
9.643312101910828105e+00 -6.387150000000001455e+02
9.646496815286624837e+00 -6.392620000000000573e+02
9.649681528662421570e+00 -6.398100000000000591e+02
9.652866242038216527e+00 -6.403560000000001082e+02
9.656050955414013259e+00 -6.409019999999998163e+02
9.659235668789808216e+00 -6.414479999999998654e+02
9.662420382165604948e+00 -6.420049999999998818e+02
9.665605095541401681e+00 -6.425529999999998836e+02
9.668789808917196638e+00 -6.430989999999999327e+02
9.671974522292993370e+00 -6.436449999999999818e+02
9.675159235668790103e+00 -6.441919999999998936e+02
9.678343949044586836e+00 -6.447379999999999427e+02
9.681528662420383569e+00 -6.452859999999999445e+02
9.684713375796178525e+00 -6.458419999999999845e+02
9.687898089171973481e+00 -6.463879999999999200e+02
9.691082802547770214e+00 -6.469349999999999454e+02
9.694267515923566947e+00 -6.474829999999999472e+02
9.697452229299363680e+00 -6.480289999999999964e+02
9.700636942675158636e+00 -6.485750000000000455e+02
9.703821656050955369e+00 -6.491319999999999482e+02
9.707006369426752102e+00 -6.496779999999999973e+02
9.710191082802548834e+00 -6.502259999999999991e+02
9.713375796178343791e+00 -6.507720000000000482e+02
9.716560509554138747e+00 -6.513180000000000973e+02
9.719745222929935480e+00 -6.518650000000000091e+02
9.722929936305732213e+00 -6.524110000000000582e+02
9.726114649681528945e+00 -6.529690000000000509e+02
9.729299363057325678e+00 -6.535150000000001000e+02
9.732484076433120634e+00 -6.540620000000001255e+02
9.735668789808917367e+00 -6.546080000000000609e+02
9.738853503184714100e+00 -6.551560000000001764e+02
9.742038216560509056e+00 -6.557020000000001119e+02
9.745222929936305789e+00 -6.562580000000000382e+02
9.748407643312100745e+00 -6.568050000000001774e+02
9.751592356687897478e+00 -6.573509999999998854e+02
9.754777070063694211e+00 -6.578989999999998872e+02
9.757961783439490944e+00 -6.584449999999999363e+02
9.761146496815287676e+00 -6.589919999999999618e+02
9.764331210191082633e+00 -6.595380000000000109e+02
9.767515923566879366e+00 -6.600939999999999372e+02
9.770700636942674322e+00 -6.606419999999999391e+02
9.773885350318471055e+00 -6.611879999999998745e+02
9.777070063694267787e+00 -6.617350000000000136e+02
9.780254777070062744e+00 -6.622809999999999491e+02
9.783439490445859477e+00 -6.628289999999999509e+02
9.786624203821656209e+00 -6.633849999999999909e+02
9.789808917197452942e+00 -6.639320000000000164e+02
9.792993630573249675e+00 -6.644780000000000655e+02
9.796178343949044631e+00 -6.650240000000000009e+02
9.799363057324841364e+00 -6.655720000000000027e+02
9.802547770700636320e+00 -6.661179999999999382e+02
9.805732484076433053e+00 -6.666650000000000773e+02
9.808917197452229786e+00 -6.672210000000000036e+02
9.812101910828024742e+00 -6.677670000000000528e+02
9.815286624203821475e+00 -6.683150000000000546e+02
9.818471337579618208e+00 -6.688620000000000800e+02
9.821656050955414941e+00 -6.694080000000001291e+02
9.824840764331209897e+00 -6.699540000000000646e+02
9.828025477707006630e+00 -6.705120000000000573e+02
9.831210191082801586e+00 -6.710579999999999927e+02
9.834394904458598319e+00 -6.716050000000000182e+02
9.837579617834395052e+00 -6.721510000000000673e+02
9.840764331210191784e+00 -6.726970000000001164e+02
9.843949044585986741e+00 -6.732449999999998909e+02
9.847133757961783473e+00 -6.737919999999999163e+02
9.850318471337580206e+00 -6.743479999999999563e+02
9.853503184713376939e+00 -6.748939999999998918e+02
9.856687898089171895e+00 -6.754399999999999409e+02
9.859872611464966852e+00 -6.759879999999999427e+02
9.863057324840763584e+00 -6.765349999999999682e+02
9.866242038216560317e+00 -6.770809999999999036e+02
9.869426751592357050e+00 -6.776369999999999436e+02
9.872611464968153783e+00 -6.781849999999999454e+02
9.875796178343948739e+00 -6.787319999999999709e+02
9.878980891719745472e+00 -6.792779999999999063e+02
9.882165605095542205e+00 -6.798239999999999554e+02
9.885350318471337161e+00 -6.803700000000000045e+02
9.888535031847133894e+00 -6.809179999999998927e+02
9.891719745222928850e+00 -6.814749999999999091e+02
9.894904458598725583e+00 -6.820209999999999582e+02
9.898089171974522316e+00 -6.825670000000000073e+02
9.901273885350319048e+00 -6.831150000000000091e+02
9.904458598726115781e+00 -6.836620000000000346e+02
9.907643312101910738e+00 -6.842080000000000837e+02
9.910828025477707470e+00 -6.847640000000000100e+02
9.914012738853502427e+00 -6.853100000000000591e+02
9.917197452229299159e+00 -6.858580000000000609e+02
9.920382165605095892e+00 -6.864049999999999727e+02
9.923566878980890849e+00 -6.869510000000000218e+02
9.926751592356687581e+00 -6.874970000000000709e+02
9.929936305732484314e+00 -6.880430000000001201e+02
9.933121019108281047e+00 -6.886020000000000891e+02
9.936305732484077780e+00 -6.891480000000001382e+02
9.939490445859872736e+00 -6.896939999999999600e+02
9.942675159235667692e+00 -6.902399999999998954e+02
9.945859872611464425e+00 -6.907880000000000109e+02
9.949044585987261158e+00 -6.913349999999999227e+02
9.952229299363057891e+00 -6.918909999999998490e+02
9.955414012738852847e+00 -6.924369999999998981e+02
9.958598726114649580e+00 -6.929829999999999472e+02
9.961783439490446312e+00 -6.935309999999999491e+02
9.964968152866243045e+00 -6.940779999999999745e+02
9.968152866242038002e+00 -6.946240000000000236e+02
9.971337579617834734e+00 -6.951700000000000728e+02
9.974522292993629691e+00 -6.957259999999999991e+02
9.977707006369426423e+00 -6.962749999999999773e+02
9.980891719745223156e+00 -6.968210000000000264e+02
9.984076433121019889e+00 -6.973669999999999618e+02
9.987261146496814845e+00 -6.979130000000000109e+02
9.990445859872611578e+00 -6.984610000000000127e+02
9.993630573248408311e+00 -6.990180000000000291e+02
9.996815286624203267e+00 -6.995640000000000782e+02
1.000000000000000000e+01 -7.001100000000000136e+02
1.000318471337579496e+01 -7.006560000000000628e+02
