6.369324840764330545e-03 3.993797373167123633e-05
9.554012738853503300e-03 5.990720526879341883e-05
1.273872611464968267e-02 7.987671643024312569e-05
1.592343949044585857e-02 9.984538871871030013e-05
1.910815286624203968e-02 1.198157387531425394e-04
2.229286624203821732e-02 1.397876966274579438e-04
2.547757961783439495e-02 1.597542717334688312e-04
2.866229299363057259e-02 1.797236430827547048e-04
3.184700636942675023e-02 1.996944125536781662e-04
3.503171974522293480e-02 2.196651820246017632e-04
3.821643312101910550e-02 2.396345533738876909e-04
4.140114649681528314e-02 2.596053228448112066e-04
4.458585987261146077e-02 2.795760923157347222e-04
4.777057324840763841e-02 2.995468617866582379e-04
5.095528662420382299e-02 3.195162331359441927e-04
5.414000000000000756e-02 3.394884007285051608e-04
5.732471337579618520e-02 3.594591701994287848e-04
6.050942675159236284e-02 3.794306387311710809e-04
6.369414012738854047e-02 3.994028063237320490e-04
6.687898089171974425e-02 4.193742748554743992e-04
7.006369426751592189e-02 4.393450443263978607e-04
7.324840764331209952e-02 4.593179109797778260e-04
7.643312101910827716e-02 4.792886804507011248e-04
7.961783439490446868e-02 4.992615471040811985e-04
8.280254777070063243e-02 5.192323165750046057e-04
8.598726114649682395e-02 5.392044841675656822e-04
8.917197452229298771e-02 5.591780498817642111e-04
9.235668789808916535e-02 5.791509165351440679e-04
9.554140127388535686e-02 5.991216860060676920e-04
9.872611464968152062e-02 6.190959507810850013e-04
1.019108280254776983e-01 6.390688174344648581e-04
1.050955414012738898e-01 6.590416840878448234e-04
1.082802547770700674e-01 6.790145507412245719e-04
1.114649681528662450e-01 6.989888155162419896e-04
1.146496815286624088e-01 7.189623812304406269e-04
1.178343949044586003e-01 7.389345488230015949e-04
1.210191082802547780e-01 7.589095126588382267e-04
1.242038216560509556e-01 7.788816802513988695e-04
1.273885350318471332e-01 7.988566440872351760e-04
1.305732484076433109e-01 8.188302098014337048e-04
1.337579617834394885e-01 8.388044745764512309e-04
1.369426751592356661e-01 8.587787393514685402e-04
1.401273885350318438e-01 8.787558003697610795e-04
1.433121019108280214e-01 8.987279679623222644e-04
1.464968152866241990e-01 9.187029317981583541e-04
1.496815286624203767e-01 9.386792937556321130e-04
1.528662420382165543e-01 9.586528594698308587e-04
1.560509554140127320e-01 9.786285223664858372e-04
1.592356687898089374e-01 9.986034862023221437e-04
1.624203821656050872e-01 1.018579149098976797e-03
1.656050955414012649e-01 1.038554811995632101e-03
1.687898089171974425e-01 1.058531173953105534e-03
1.719745222929936479e-01 1.078505438728123060e-03
1.751592356687898255e-01 1.098481800685596928e-03
1.783439490445859754e-01 1.118458861703889142e-03
1.815286624203821531e-01 1.138435223661363009e-03
1.847133757961783307e-01 1.158410187497199532e-03
1.878980891719745361e-01 1.178387947576310527e-03
1.910828025477707137e-01 1.198366406716240519e-03
1.942675159235668636e-01 1.218340671491258045e-03
1.974522292993630412e-01 1.238317033448731478e-03
2.006369426751592466e-01 1.258291298223749004e-03
2.038216560509553965e-01 1.278273252667773549e-03
2.070063694267516019e-01 1.298248915564428202e-03
2.101910828025477795e-01 1.318223180339445511e-03
2.133757961783439294e-01 1.338198144175282035e-03
2.165605095541401348e-01 1.358184292984218394e-03
2.197452229299363125e-01 1.378156460576780012e-03
2.229299363057324901e-01 1.398135618777528351e-03
2.261146496815286677e-01 1.418121767586464927e-03
2.292993630573248176e-01 1.438093935179026546e-03
2.324840764331210230e-01 1.458066102771587514e-03
2.356687898089172006e-01 1.478045260972336069e-03
2.388535031847133783e-01 1.498031409781272862e-03
2.420382165605095559e-01 1.518003577373833830e-03
2.452229299363057058e-01 1.537975744966394364e-03
2.484076433121019112e-01 1.557968884383519395e-03
2.515923566878980888e-01 1.577941051976079929e-03
2.547770700636942665e-01 1.597913219568641331e-03
2.579617834394904441e-01 1.617906358985765711e-03
2.611464968152866217e-01 1.637885517186515134e-03
2.643312101910827994e-01 1.657857684779076102e-03
2.675159235668789770e-01 1.677843833588012461e-03
2.707006369426751546e-01 1.697822991788761450e-03
2.738853503184713323e-01 1.717809140597698460e-03
2.770700636942675099e-01 1.737781308190259428e-03
2.802547770700636875e-01 1.757753475782820179e-03
2.834394904458598652e-01 1.777746615199944993e-03
2.866242038216560428e-01 1.797718782792505961e-03
2.898089171974522205e-01 1.817704931601442971e-03
2.929936305732483981e-01 1.837684089802191527e-03
2.961783439490445757e-01 1.857663248002940515e-03
2.993630573248407534e-01 1.877649396811877092e-03
3.025477707006369865e-01 1.897621564404438060e-03
3.057324840764331086e-01 1.917607713213375070e-03
3.089171974522292863e-01 1.937579880805935604e-03
3.121019108280254639e-01 1.957580010831248222e-03
3.152866242038216416e-01 1.977552178423809190e-03
3.184713375796178747e-01 1.997538327232745766e-03
3.216560509554139968e-01 2.017510494825307168e-03
3.248407643312101745e-01 2.037503634242431548e-03
3.280254777070063521e-01 2.057482792443180320e-03
3.312101910828025297e-01 2.077468941252116896e-03
3.343949044585987629e-01 2.097441108844678298e-03
3.375796178343948850e-01 2.117427257653614441e-03
3.407643312101910626e-01 2.137413406462551450e-03
3.439490445859872958e-01 2.157399555271488027e-03
3.471337579617834179e-01 2.177371722864049428e-03
3.503184713375796511e-01 2.197357871672986004e-03
3.535031847133757732e-01 2.217344020481922147e-03
3.566878980891719508e-01 2.237330169290859590e-03
3.598726114649681840e-01 2.257316318099796167e-03
3.630573248407643061e-01 2.277288485692357568e-03
3.662420382165605393e-01 2.297281625109481081e-03
3.694267515923566614e-01 2.317253792702042917e-03
3.726114649681528390e-01 2.337246932119167297e-03
3.757961783439490722e-01 2.357240071536291677e-03
3.789808917197451943e-01 2.377212239128853079e-03
3.821656050955414274e-01 2.397198387937789655e-03
3.853503184713376051e-01 2.417177546138538861e-03
3.885350318471337272e-01 2.437170685555662807e-03
3.917197452229299048e-01 2.457156834364598516e-03
3.949044585987260825e-01 2.477135992565347722e-03
3.980891719745223156e-01 2.497122141374284298e-03
4.012738853503184933e-01 2.517108290183221742e-03
4.044585987261146709e-01 2.537087448383970514e-03
4.076433121019107930e-01 2.557080587801094894e-03
4.108280254777069707e-01 2.577073727218219708e-03
4.140127388535032038e-01 2.597045894810780242e-03
4.171974522292993814e-01 2.617032043619717686e-03
4.203821656050955591e-01 2.637025183036842066e-03
4.235668789808916812e-01 2.657011331845778642e-03
4.267515923566878588e-01 2.676997480654715218e-03
4.299363057324840920e-01 2.696983629463651794e-03
4.331210191082802696e-01 2.716976768880776175e-03
4.363057324840764473e-01 2.736948936473336709e-03
4.394904458598726249e-01 2.756942075890461957e-03
4.426751592356687470e-01 2.776928224699398099e-03
4.458598726114649802e-01 2.796921364116522913e-03
4.490445859872611578e-01 2.816914503533647727e-03
4.522292993630573354e-01 2.836886671126209129e-03
4.554140127388535131e-01 2.856879810543332641e-03
4.585987261146496352e-01 2.876865959352269218e-03
4.617834394904458684e-01 2.896859098769393164e-03
4.649681528662420460e-01 2.916838256970142804e-03
4.681528662420382236e-01 2.936824405779078512e-03
4.713375796178344013e-01 2.956817545196203760e-03
4.745222929936305234e-01 2.976810684613328574e-03
4.777070063694267565e-01 2.996803824030452954e-03
4.808917197452229342e-01 3.016789972839390831e-03
4.840764331210191118e-01 3.036769131040139170e-03
4.872611464968152895e-01 3.056755279849075746e-03
4.904458598726114116e-01 3.076748419266200126e-03
4.936305732484076447e-01 3.096734568075136702e-03
4.968152866242038224e-01 3.116727707492261516e-03
5.000000000000000000e-01 3.136720846909385896e-03
5.031847133757961776e-01 3.156713986326509409e-03
5.063694267515923553e-01 3.176707125743634223e-03
5.095541401273885329e-01 3.196679293336194758e-03
5.127388535031847105e-01 3.216672432753319138e-03
5.159235668789808882e-01 3.236665572170444819e-03
5.191082802547770658e-01 3.256651720979381395e-03
5.222929936305732435e-01 3.276644860396505776e-03
5.254777070063694211e-01 3.296637999813630589e-03
5.286624203821655987e-01 3.316624148622567166e-03
5.318471337579617764e-01 3.336617288039690678e-03
5.350318471337579540e-01 3.356610427456816360e-03
5.382165605095541316e-01 3.376603566873940740e-03
5.414012738853503093e-01 3.396596706291065120e-03
5.445859872611464869e-01 3.416589845708188633e-03
5.477707006369426646e-01 3.436575994517126077e-03
5.509554140127388422e-01 3.456569133934250457e-03
5.541401273885350198e-01 3.476562273351375271e-03
5.573248407643311975e-01 3.496555412768499651e-03
5.605095541401273751e-01 3.516541561577436227e-03
5.636942675159235527e-01 3.536534700994560174e-03
5.668789808917197304e-01 3.556527840411684988e-03
5.700636942675159080e-01 3.576513989220622431e-03
5.732484076433120856e-01 3.596507128637745944e-03
5.764331210191082633e-01 3.616500268054870758e-03
5.796178343949044409e-01 3.636493407471994271e-03
5.828025477707006186e-01 3.656479556280932582e-03
5.859872611464967962e-01 3.676472695698056528e-03
5.891719745222930849e-01 3.696465835115180908e-03
5.923566878980891515e-01 3.716458974532304421e-03
5.955414012738853291e-01 3.736459104557617473e-03
5.987261146496815067e-01 3.756459234582930091e-03
6.019108280254776844e-01 3.776452374000053604e-03
6.050955414012739730e-01 3.796445513417178418e-03
6.082802547770700397e-01 3.816438652834304099e-03
6.114649681528662173e-01 3.836431792251428479e-03
6.146496815286623949e-01 3.856424931668551558e-03
6.178343949044585726e-01 3.876411080477488134e-03
6.210191082802548612e-01 3.896404219894612948e-03
6.242038216560509278e-01 3.916411340528113370e-03
6.273885350318471055e-01 3.936404479945238184e-03
6.305732484076432831e-01 3.956397619362362998e-03
6.337579617834394607e-01 3.976390758779486945e-03
6.369426751592357494e-01 3.996383898196611759e-03
6.401273885350318160e-01 4.016377037613736573e-03
6.433121019108279937e-01 4.036377167639049190e-03
6.464968152866241713e-01 4.056370307056172270e-03
6.496815286624203489e-01 4.076363446473297951e-03
6.528662420382166376e-01 4.096356585890421897e-03
6.560509554140127042e-01 4.116349725307545844e-03
6.592356687898088818e-01 4.136356845941046266e-03
6.624203821656050595e-01 4.156349985358171080e-03
6.656050955414012371e-01 4.176343124775295026e-03
6.687898089171975258e-01 4.196336264192419840e-03
6.719745222929937034e-01 4.216343384825920262e-03
6.751592356687897700e-01 4.236336524243044209e-03
6.783439490445859477e-01 4.256329663660169023e-03
6.815286624203821253e-01 4.276322803077292969e-03
6.847133757961784140e-01 4.296329923710792524e-03
6.878980891719745916e-01 4.316323063127917338e-03
6.910828025477706582e-01 4.336316202545042152e-03
6.942675159235668358e-01 4.356323323178541707e-03
6.974522292993630135e-01 4.376316462595667388e-03
7.006369426751593021e-01 4.396309602012790467e-03
7.038216560509554798e-01 4.416316722646291756e-03
7.070063694267515464e-01 4.436309862063415703e-03
7.101910828025477240e-01 4.456296010872352713e-03
7.133757961783439017e-01 4.476303131505853135e-03
7.165605095541401903e-01 4.496296270922977949e-03
7.197452229299363680e-01 4.516289410340102763e-03
7.229299363057324346e-01 4.536296530973602317e-03
7.261146496815286122e-01 4.556289670390726264e-03
7.292993630573247898e-01 4.576289800416038014e-03
7.324840764331210785e-01 4.596296921049539304e-03
7.356687898089172561e-01 4.616290060466662383e-03
7.388535031847133228e-01 4.636297181100162805e-03
7.420382165605095004e-01 4.656290320517287619e-03
7.452229299363056780e-01 4.676283459934412433e-03
7.484076433121019667e-01 4.696290580567912855e-03
7.515923566878981443e-01 4.716283719985037669e-03
7.547770700636943220e-01 4.736297831226724160e-03
7.579617834394903886e-01 4.756290970643850709e-03
7.611464968152865662e-01 4.776298091277347661e-03
7.643312101910828549e-01 4.796284240086286406e-03
7.675159235668790325e-01 4.816291360719786828e-03
7.707006369426752102e-01 4.836284500136909040e-03
7.738853503184712768e-01 4.856298611378598133e-03
7.770700636942674544e-01 4.876291750795724682e-03
7.802547770700637431e-01 4.896298871429223369e-03
7.834394904458598097e-01 4.916292010846348183e-03
7.866242038216560983e-01 4.936299131479848605e-03
7.898089171974521649e-01 4.956299261505161223e-03
7.929936305732484536e-01 4.976306382138659910e-03
7.961783439490446312e-01 4.996299521555784724e-03
7.993630573248406979e-01 5.016306642189285146e-03
8.025477707006369865e-01 5.036299781606407358e-03
8.057324840764330531e-01 5.056306902239910382e-03
8.089171974522293418e-01 5.076300041657033461e-03
8.121019108280255194e-01 5.096307162290533883e-03
8.152866242038215860e-01 5.116307292315846501e-03
8.184713375796178747e-01 5.136314412949346923e-03
8.216560509554139413e-01 5.156321533582847345e-03
8.248407643312102300e-01 5.176321663608158229e-03
8.280254777070064076e-01 5.196328784241658651e-03
8.312101910828024742e-01 5.216314933050594793e-03
8.343949044585987629e-01 5.236329044292283887e-03
8.375796178343948295e-01 5.256336164925782574e-03
8.407643312101911182e-01 5.276329304342907388e-03
8.439490445859872958e-01 5.296343415584595614e-03
8.471337579617833624e-01 5.316350536218096903e-03
8.503184713375796511e-01 5.336343675635220850e-03
8.535031847133757177e-01 5.356357786876908209e-03
8.566878980891720063e-01 5.376343935685844351e-03
8.598726114649681840e-01 5.396351056319344773e-03
8.630573248407644726e-01 5.416365167561033866e-03
8.662420382165605393e-01 5.436372288194534289e-03
8.694267515923566059e-01 5.456372418219846906e-03
8.726114649681528945e-01 5.476379538853345594e-03
8.757961783439490722e-01 5.496386659486846016e-03
8.789808917197452498e-01 5.516379798903970830e-03
8.821656050955414274e-01 5.536386919537471252e-03
8.853503184713374941e-01 5.556401030779158610e-03
8.885350318471337827e-01 5.576394170196282557e-03
8.917197452229299603e-01 5.596408281437971650e-03
8.949044585987262490e-01 5.616415402071472072e-03
8.980891719745223156e-01 5.636415532096782956e-03
9.012738853503183822e-01 5.656415662122095574e-03
9.044585987261146709e-01 5.676422782755595996e-03
9.076433121019108485e-01 5.696436893997285089e-03
9.108280254777070262e-01 5.716444014630783776e-03
9.140127388535032038e-01 5.736458125872472003e-03
9.171974522292992704e-01 5.756444274681409012e-03
9.203821656050955591e-01 5.776458385923097238e-03
9.235668789808917367e-01 5.796465506556595058e-03
9.267515923566880254e-01 5.816479617798281550e-03
9.299363057324840920e-01 5.836493729039970643e-03
9.331210191082801586e-01 5.856493859065284129e-03
9.363057324840764473e-01 5.876493989090596747e-03
9.394904458598726249e-01 5.896501109724097169e-03
9.426751592356688025e-01 5.916515220965786262e-03
9.458598726114649802e-01 5.936522341599284082e-03
9.490445859872610468e-01 5.956529462232785371e-03
9.522292993630573354e-01 5.976536582866284059e-03
9.554140127388535131e-01 5.996536712891596677e-03
9.585987261146498017e-01 6.016550824133285770e-03
9.617834394904458684e-01 6.036557944766786192e-03
9.649681528662419350e-01 6.056565065400286614e-03
9.681528662420382236e-01 6.076572186033785301e-03
9.713375796178344013e-01 6.096586297275471793e-03
9.745222929936305789e-01 6.116600408517160886e-03
9.777070063694267565e-01 6.136607529150661308e-03
9.808917197452228232e-01 6.156614649784159995e-03
9.840764331210191118e-01 6.176628761025849089e-03
9.872611464968152895e-01 6.196635881659349511e-03
9.904458598726115781e-01 6.216649992901037737e-03
9.936305732484076447e-01 6.236657113534536424e-03
9.968152866242037113e-01 6.256650252951661238e-03
1.000000000000000000e+00 6.276678345409725072e-03
1.003184713375796067e+00 6.296678475435037690e-03
1.006369426751592355e+00 6.316685596068538112e-03
1.009554140127388422e+00 6.336692716702037667e-03
1.012738853503184711e+00 6.356706827943725026e-03
1.015923566878980999e+00 6.376720939185413252e-03
1.019108280254777066e+00 6.396728059818914541e-03
1.022292993630573354e+00 6.416749161668788837e-03
1.025477707006369421e+00 6.436763272910477930e-03
1.028662420382165710e+00 6.456770393543978352e-03
1.031847133757961776e+00 6.476784504785664844e-03
1.035031847133757843e+00 6.496791625419165266e-03
1.038216560509554132e+00 6.516805736660854359e-03
1.041401273885350198e+00 6.536819847902540850e-03
1.044585987261146487e+00 6.556819977927853468e-03
1.047770700636942776e+00 6.576834089169539960e-03
1.050955414012738842e+00 6.596848200411229053e-03
1.054140127388535131e+00 6.616862311652918147e-03
1.057324840764331197e+00 6.636869432286416834e-03
1.060509554140127486e+00 6.656876552919917256e-03
1.063694267515923553e+00 6.676890664161605482e-03
1.066878980891719619e+00 6.696918756619668449e-03
1.070063694267515908e+00 6.716925877253168871e-03
1.073248407643311975e+00 6.736939988494857964e-03
1.076433121019108263e+00 6.756954099736546190e-03
1.079617834394904552e+00 6.776954229761857074e-03
1.082802547770700619e+00 6.796968341003543565e-03
1.085987261146496907e+00 6.816982452245232658e-03
1.089171974522292974e+00 6.837010544703297360e-03
1.092356687898089262e+00 6.857017665336796047e-03
1.095541401273885329e+00 6.877031776578485141e-03
1.098726114649681396e+00 6.897045887820173367e-03
1.101910828025477684e+00 6.917053008453672054e-03
1.105095541401273751e+00 6.937081100911735021e-03
1.108280254777070040e+00 6.957088221545235443e-03
1.111464968152866328e+00 6.977095342178735865e-03
1.114649681528662395e+00 6.997109453420424958e-03
1.117834394904458684e+00 7.017123564662111450e-03
1.121019108280254750e+00 7.037144666511986613e-03
1.124203821656051039e+00 7.057158777753674839e-03
1.127388535031847105e+00 7.077172888995362197e-03
1.130573248407643172e+00 7.097187000237050424e-03
1.133757961783439461e+00 7.117208102086927321e-03
1.136942675159235527e+00 7.137222213328615547e-03
1.140127388535031816e+00 7.157236324570300304e-03
1.143312101910828105e+00 7.177257426420177201e-03
1.146496815286624171e+00 7.197271537661866295e-03
1.149681528662420460e+00 7.217285648903554521e-03
1.152866242038216527e+00 7.237292769537053208e-03
1.156050955414012815e+00 7.257320861995117910e-03
1.159235668789808882e+00 7.277334973236805268e-03
1.162420382165604948e+00 7.297342093870303956e-03
1.165605095541401237e+00 7.317370186328368657e-03
1.168789808917197304e+00 7.337377306961869079e-03
1.171974522292993592e+00 7.357405399419932046e-03
1.175159235668789881e+00 7.377419510661620272e-03
1.178343949044586170e+00 7.397433621903309366e-03
1.181528662420382236e+00 7.417461714361372332e-03
1.184713375796178303e+00 7.437475825603058824e-03
1.187898089171974592e+00 7.457482946236560113e-03
1.191082802547770658e+00 7.477511038694623080e-03
1.194267515923566947e+00 7.497525149936312173e-03
1.197452229299363013e+00 7.517546251786188204e-03
1.200636942675159080e+00 7.537560363027875562e-03
1.203821656050955369e+00 7.557574474269562054e-03
1.207006369426751657e+00 7.577602566727626755e-03
1.210191082802547946e+00 7.597616677969314981e-03
1.213375796178344013e+00 7.617637779819191879e-03
1.216560509554140079e+00 7.637651891060876636e-03
1.219745222929936368e+00 7.657679983518941337e-03
1.222929936305732435e+00 7.677687104152440024e-03
1.226114649681528723e+00 7.697722187218693397e-03
1.229299363057324790e+00 7.717729307852192085e-03
1.232484076433120856e+00 7.737757400310256786e-03
1.235668789808917145e+00 7.757771511551945012e-03
1.238853503184713434e+00 7.777792613401821042e-03
1.242038216560509722e+00 7.797813715251697940e-03
1.245222929936305789e+00 7.817834817101569633e-03
1.248407643312101856e+00 7.837848928343257859e-03
1.251592356687898144e+00 7.857877020801323428e-03
1.254777070063694211e+00 7.877884141434823850e-03
1.257961783439490500e+00 7.897919224501075489e-03
1.261146496815286566e+00 7.917926345134574176e-03
1.264331210191082633e+00 7.937954437592636275e-03
1.267515923566878921e+00 7.957975539442515775e-03
1.270700636942675210e+00 7.977996641292390070e-03
1.273885350318471499e+00 7.998010752534078296e-03
1.277070063694267565e+00 8.018031854383954327e-03
1.280254777070063632e+00 8.038066937450204230e-03
1.283439490445859921e+00 8.058081048691892456e-03
1.286624203821655987e+00 8.078102150541768486e-03
1.289808917197452276e+00 8.098123252391642782e-03
1.292993630573248343e+00 8.118144354241520547e-03
1.296178343949044409e+00 8.138172446699582646e-03
1.299363057324840698e+00 8.158186557941269137e-03
1.302547770700636987e+00 8.178214650399332972e-03
1.305732484076433275e+00 8.198242742857398541e-03
1.308917197452229342e+00 8.218256854099085032e-03
1.312101910828025408e+00 8.238284946557148866e-03
1.315286624203821697e+00 8.258306048407024896e-03
1.318471337579617764e+00 8.278327150256902661e-03
1.321656050955414052e+00 8.298348252106776957e-03
1.324840764331210119e+00 8.318383335173028595e-03
1.328025477707006186e+00 8.338390455806527282e-03
1.331210191082802474e+00 8.358418548264591116e-03
1.334394904458598763e+00 8.378446640722654951e-03
1.337579617834395052e+00 8.398460751964343177e-03
1.340764331210191118e+00 8.418495835030593080e-03
1.343949044585987407e+00 8.438516936880470845e-03
1.347133757961783473e+00 8.458552019946720749e-03
1.350318471337579540e+00 8.478559140580219436e-03
1.353503184713375829e+00 8.498587233038283270e-03
1.356687898089171895e+00 8.518615325496347104e-03
1.359872611464968184e+00 8.538643417954410939e-03
1.363057324840764251e+00 8.558657529196097430e-03
1.366242038216560539e+00 8.578685621654162999e-03
1.369426751592356828e+00 8.598713714112230302e-03
1.372611464968152895e+00 8.618741806570290667e-03
1.375796178343949183e+00 8.638769899028354501e-03
1.378980891719745250e+00 8.658784010270040993e-03
1.382165605095541316e+00 8.678812102728104827e-03
1.385350318471337605e+00 8.698840195186166926e-03
1.388535031847133672e+00 8.718868287644232495e-03
1.391719745222929960e+00 8.738903370710482399e-03
1.394904458598726027e+00 8.758924472560360164e-03
1.398089171974522316e+00 8.778945574410236194e-03
1.401273885350318604e+00 8.798966676260108755e-03
1.404458598726114671e+00 8.819001759326362128e-03
1.407643312101910960e+00 8.839022861176238158e-03
1.410828025477707026e+00 8.859057944242488061e-03
1.414012738853503093e+00 8.879086036700550161e-03
1.417197452229299381e+00 8.899114129158617464e-03
1.420382165605095448e+00 8.919142221616679564e-03
1.423566878980891737e+00 8.939156332858367790e-03
1.426751592356687803e+00 8.959184425316431624e-03
1.429936305732484092e+00 8.979219508382684997e-03
1.433121019108280381e+00 8.999240610232561027e-03
1.436305732484076447e+00 9.019275693298809196e-03
1.439490445859872736e+00 9.039303785756873030e-03
1.442675159235668803e+00 9.059331878214938599e-03
1.445859872611464869e+00 9.079359970673002433e-03
1.449044585987261158e+00 9.099395053739252337e-03
1.452229299363057224e+00 9.119416155589128367e-03
1.455414012738853513e+00 9.139444248047192201e-03
1.458598726114649580e+00 9.159479331113443840e-03
1.461783439490445868e+00 9.179500432963316400e-03
1.464968152866242157e+00 9.199535516029568039e-03
1.468152866242038224e+00 9.219563608487633607e-03
1.471337579617834512e+00 9.239591700945699176e-03
1.474522292993630579e+00 9.259619793403759541e-03
1.477707006369426646e+00 9.279654876470014649e-03
1.480891719745222934e+00 9.299682968928075014e-03
1.484076433121019001e+00 9.319704070777949309e-03
1.487261146496815289e+00 9.339739153844202682e-03
1.490445859872611356e+00 9.359767246302264782e-03
1.493630573248407645e+00 9.379802329368518155e-03
1.496815286624203933e+00 9.399823431218392450e-03
1.500000000000000000e+00 9.419858514284644088e-03
1.503184713375796289e+00 9.439886606742706188e-03
1.506369426751592355e+00 9.459914699200768287e-03
1.509554140127388644e+00 9.479949782267021660e-03
1.512738853503184711e+00 9.499984865333275033e-03
1.515923566878980777e+00 9.520019948399523202e-03
1.519108280254777066e+00 9.540048040857587036e-03
1.522292993630573132e+00 9.560083123923838674e-03
1.525477707006369421e+00 9.580111216381902509e-03
1.528662420382165710e+00 9.600139308839964608e-03
1.531847133757961776e+00 9.620167401298026708e-03
1.535031847133758065e+00 9.640195493756092276e-03
1.538216560509554132e+00 9.660244558038722992e-03
1.541401273885350420e+00 9.680272650496783357e-03
1.544585987261146487e+00 9.700300742954845457e-03
1.547770700636942554e+00 9.720335826021098830e-03
1.550955414012738842e+00 9.740363918479162664e-03
1.554140127388534909e+00 9.760412982761786441e-03
1.557324840764331197e+00 9.780434084611665940e-03
1.560509554140127486e+00 9.800462177069728040e-03
1.563694267515923553e+00 9.820497260135977943e-03
1.566878980891719619e+00 9.840525352594040043e-03
1.570063694267516130e+00 9.860574416876669024e-03
1.573248407643312197e+00 9.880602509334736328e-03
1.576433121019108263e+00 9.900630601792794958e-03
1.579617834394904330e+00 9.920665684859048331e-03
1.582802547770700397e+00 9.940707758533486038e-03
1.585987261146496907e+00 9.960735850991549872e-03
1.589171974522292974e+00 9.980770934057801511e-03
1.592356687898089262e+00 1.000079902651586708e-02
1.595541401273885329e+00 1.002084809079849433e-02
1.598726114649681396e+00 1.004087618325655643e-02
1.601910828025477906e+00 1.006090427571461852e-02
1.605095541401273973e+00 1.008093935878087190e-02
1.608280254777070040e+00 1.010098143245531134e-02
1.611464968152866106e+00 1.012100952491337517e-02
1.614649681528662173e+00 1.014104460797962508e-02
1.617834394904458684e+00 1.016108668165406105e-02
1.621019108280254750e+00 1.018111477411212662e-02
1.624203821656051039e+00 1.020114985717837479e-02
1.627388535031847105e+00 1.022119193085281597e-02
1.630573248407643172e+00 1.024122002331088327e-02
1.633757961783439683e+00 1.026126908759350705e-02
1.636942675159235749e+00 1.028129718005157435e-02
1.640127388535031816e+00 1.030132527250963645e-02
1.643312101910827883e+00 1.032138132740044803e-02
1.646496815286623949e+00 1.034140941985851013e-02
1.649681528662420460e+00 1.036143751231657743e-02
1.652866242038216527e+00 1.038148657659920295e-02
1.656050955414012815e+00 1.040151466905726678e-02
1.659235668789808882e+00 1.042155674273170622e-02
1.662420382165604948e+00 1.044159182579795613e-02
1.665605095541401459e+00 1.046163389947239730e-02
1.668789808917197526e+00 1.048166898253865068e-02
1.671974522292993592e+00 1.050170406560489884e-02
1.675159235668789659e+00 1.052174613927933829e-02
1.678343949044585726e+00 1.054177423173740386e-02
1.681528662420382236e+00 1.056182329602002763e-02
1.684713375796178303e+00 1.058185138847809147e-02
1.687898089171974592e+00 1.060190045276072045e-02
1.691082802547770658e+00 1.062192854521878602e-02
1.694267515923566725e+00 1.064197760950140806e-02
1.697452229299363236e+00 1.066200570195947363e-02
1.700636942675159302e+00 1.068204777563391307e-02
1.703821656050955369e+00 1.070208984930835251e-02
1.707006369426751435e+00 1.072213192298279022e-02
1.710191082802547502e+00 1.074216001544085579e-02
1.713375796178344013e+00 1.076220907972348304e-02
1.716560509554140079e+00 1.078224416278973467e-02
1.719745222929936368e+00 1.080228623646417065e-02
1.722929936305732435e+00 1.082232831013860835e-02
1.726114649681528945e+00 1.084236339320486173e-02
1.729299363057325012e+00 1.086241245748748897e-02
1.732484076433121079e+00 1.088244054994555281e-02
1.735668789808917145e+00 1.090248262361999225e-02
1.738853503184713212e+00 1.092252469729443169e-02
1.742038216560509722e+00 1.094256677096886940e-02
1.745222929936305789e+00 1.096260884464330884e-02
1.748407643312101856e+00 1.098264392770956221e-02
1.751592356687898144e+00 1.100269299199219120e-02
1.754777070063694211e+00 1.102273506566662717e-02
1.757961783439490500e+00 1.104277014873287881e-02
1.761146496815286788e+00 1.106281921301550258e-02
1.764331210191082855e+00 1.108286128668994203e-02
1.767515923566878921e+00 1.110289636975619713e-02
1.770700636942674988e+00 1.112293844343063311e-02
1.773885350318471499e+00 1.114298750771326209e-02
1.777070063694267565e+00 1.116302259077951373e-02
1.780254777070063632e+00 1.118306466445394970e-02
1.783439490445859921e+00 1.120311372873657868e-02
1.786624203821655987e+00 1.122314182119464251e-02
1.789808917197452498e+00 1.124319787608545756e-02
1.792993630573248565e+00 1.126323994975989701e-02
1.796178343949044631e+00 1.128326804221795911e-02
1.799363057324840698e+00 1.130331710650059156e-02
1.802547770700636764e+00 1.132336617078321186e-02
1.805732484076433275e+00 1.134341523506584085e-02
1.808917197452229342e+00 1.136344332752390641e-02
1.812101910828025408e+00 1.138349239180652846e-02
1.815286624203821697e+00 1.140353446548096963e-02
1.818471337579617764e+00 1.142358352976359688e-02
1.821656050955414052e+00 1.144361861282984505e-02
1.824840764331210341e+00 1.146366068650428796e-02
1.828025477707006408e+00 1.148370975078691347e-02
1.831210191082802474e+00 1.150375881506954072e-02
1.834394904458598541e+00 1.152380787935216450e-02
1.837579617834395052e+00 1.154384296241841960e-02
1.840764331210191118e+00 1.156388503609285905e-02
1.843949044585987185e+00 1.158393410037548803e-02
1.847133757961783473e+00 1.160398316465811180e-02
1.850318471337579540e+00 1.162403222894073732e-02
1.853503184713376051e+00 1.164407430261518023e-02
1.856687898089172117e+00 1.166410938568143013e-02
1.859872611464968184e+00 1.168415145935586610e-02
1.863057324840764251e+00 1.170420052363849335e-02
1.866242038216560317e+00 1.172425657852931187e-02
1.869426751592356828e+00 1.174429865220374611e-02
1.872611464968152895e+00 1.176434771648637856e-02
1.875796178343948961e+00 1.178438979016081453e-02
1.878980891719745250e+00 1.180447380748438080e-02
1.882165605095541316e+00 1.182449490933425683e-02
1.885350318471337605e+00 1.184449503935956945e-02
1.888535031847133894e+00 1.186458604729132352e-02
1.891719745222929960e+00 1.188460015853301174e-02
1.894904458598726027e+00 1.190469116646476408e-02
1.898089171974522094e+00 1.192471226831464184e-02
1.901273885350318604e+00 1.194472637955632487e-02
1.904458598726114671e+00 1.196481738748808241e-02
1.907643312101910738e+00 1.198483848933795844e-02
1.910828025477707026e+00 1.200492250666152644e-02
1.914012738853503093e+00 1.202494360851139900e-02
1.917197452229299603e+00 1.204503461644315654e-02
1.920382165605095670e+00 1.206504872768483783e-02
1.923566878980891737e+00 1.208506982953471559e-02
1.926751592356687803e+00 1.210516083746647313e-02
1.929936305732483870e+00 1.212518193931634569e-02
1.933121019108280381e+00 1.214526595663991196e-02
1.936305732484076447e+00 1.216528705848978452e-02
1.939490445859872514e+00 1.218530816033966749e-02
1.942675159235668803e+00 1.220539916827141462e-02
1.945859872611464869e+00 1.222541327951310285e-02
1.949044585987261158e+00 1.224550428744486212e-02
1.952229299363057446e+00 1.226552538929473295e-02
1.955414012738853513e+00 1.228554649114461245e-02
1.958598726114649580e+00 1.230563050846817698e-02
1.961783439490445646e+00 1.232566559153443209e-02
1.964968152866242157e+00 1.234575659946617922e-02
1.968152866242038224e+00 1.236577770131605872e-02
1.971337579617834290e+00 1.238586870924781279e-02
1.974522292993630579e+00 1.240588282048950101e-02
1.977707006369426646e+00 1.242590392233937531e-02
1.980891719745223156e+00 1.244599493027112765e-02
1.984076433121019223e+00 1.246601603212100888e-02
1.987261146496815289e+00 1.248610704005275775e-02
1.990445859872611356e+00 1.250614212311901112e-02
1.993630573248407423e+00 1.252616322496888368e-02
1.996815286624203933e+00 1.254624724229245342e-02
2.000000000000000000e+00 1.256626834414232251e-02
2.003184713375796289e+00 1.258635935207408352e-02
2.006369426751592133e+00 1.260638045392395608e-02
2.009554140127388422e+00 1.262641553699021119e-02
2.012738853503184711e+00 1.264650654492196352e-02
2.015923566878980999e+00 1.266652764677183782e-02
2.019108280254776844e+00 1.268661865470358842e-02
2.022292993630573132e+00 1.270663975655346792e-02
2.025477707006369421e+00 1.272674474570159413e-02
2.028662420382165710e+00 1.274676584755147363e-02
2.031847133757961998e+00 1.276677995879316185e-02
2.035031847133757843e+00 1.278687096672491245e-02
2.038216560509554132e+00 1.280690604979116756e-02
2.041401273885350420e+00 1.282699705772291643e-02
2.044585987261146709e+00 1.284701815957279766e-02
2.047770700636942554e+00 1.286703926142266675e-02
2.050955414012738842e+00 1.288714425057079817e-02
2.054140127388535131e+00 1.290716535242067246e-02
2.057324840764331420e+00 1.292725636035243174e-02
2.060509554140127264e+00 1.294729144341867817e-02
2.063694267515923553e+00 1.296731254526855594e-02
2.066878980891719841e+00 1.298740355320031174e-02
2.070063694267515686e+00 1.300745261748293725e-02
2.073248407643312419e+00 1.302752964419831919e-02
2.076433121019108263e+00 1.304753676483181440e-02
2.079617834394904552e+00 1.306754388546531309e-02
2.082802547770700397e+00 1.308770479947894520e-02
2.085987261146496685e+00 1.310771192011244562e-02
2.089171974522292974e+00 1.312780292804420317e-02
2.092356687898089262e+00 1.314781004867770359e-02
2.095541401273885551e+00 1.316781716931120227e-02
2.098726114649681396e+00 1.318797808332482918e-02
2.101910828025477684e+00 1.320798520395833307e-02
2.105095541401273973e+00 1.322807621189008367e-02
2.108280254777070262e+00 1.324808333252358583e-02
2.111464968152866106e+00 1.326810443437346533e-02
2.114649681528662395e+00 1.328830729203622080e-02
2.117834394904458684e+00 1.330830043145334735e-02
2.121019108280254972e+00 1.332836347695235020e-02
2.124203821656051261e+00 1.334835661636947328e-02
2.127388535031847105e+00 1.336841966186847787e-02
2.130573248407643394e+00 1.338848270736747899e-02
2.133757961783439239e+00 1.340847584678460380e-02
2.136942675159235971e+00 1.342867870444736447e-02
2.140127388535031816e+00 1.344867184386448582e-02
2.143312101910828105e+00 1.346873488936348694e-02
2.146496815286623949e+00 1.348879793486249153e-02
2.149681528662420238e+00 1.350879107427961634e-02
2.152866242038216527e+00 1.352885411977861746e-02
2.156050955414012815e+00 1.354891716527761858e-02
2.159235668789809104e+00 1.356905011685849774e-02
2.162420382165604948e+00 1.358911316235750059e-02
2.165605095541401237e+00 1.360910630177462714e-02
2.168789808917197526e+00 1.362916934727363000e-02
2.171974522292993814e+00 1.364923239277263285e-02
2.175159235668789659e+00 1.366922553218975940e-02
2.178343949044585948e+00 1.368942838985251487e-02
2.181528662420382236e+00 1.370942152926964142e-02
2.184713375796178525e+00 1.372955448085052231e-02
2.187898089171974370e+00 1.374954762026764366e-02
2.191082802547770658e+00 1.376954075968476847e-02
2.194267515923566947e+00 1.378960380518377306e-02
2.197452229299362791e+00 1.380980666284653199e-02
2.200636942675159524e+00 1.382986970834553658e-02
2.203821656050955369e+00 1.384986284776265619e-02
2.207006369426751657e+00 1.386985598717977754e-02
2.210191082802547502e+00 1.388991903267878733e-02
2.213375796178343791e+00 1.390998207817778672e-02
2.216560509554140079e+00 1.393004512367678784e-02
2.219745222929936368e+00 1.395017807525767047e-02
2.222929936305732657e+00 1.397017121467479181e-02
2.226114649681528501e+00 1.399030416625567617e-02
2.229299363057324790e+00 1.401029730567280272e-02
2.232484076433121079e+00 1.403036035117180211e-02
2.235668789808917367e+00 1.405035349058892866e-02
2.238853503184713212e+00 1.407055634825168412e-02
2.242038216560509500e+00 1.409061939375068698e-02
2.245222929936305789e+00 1.411061253316781353e-02
2.248407643312102078e+00 1.413060567258493834e-02
2.251592356687898366e+00 1.415073862416581923e-02
2.254777070063694211e+00 1.417087157574669666e-02
2.257961783439490500e+00 1.419093462124570125e-02
2.261146496815286344e+00 1.421092776066282606e-02
2.264331210191083077e+00 1.423099080616182718e-02
2.267515923566878921e+00 1.425105385166083177e-02
2.270700636942675210e+00 1.427104699107795659e-02
2.273885350318471055e+00 1.429124984874071379e-02
2.277070063694267343e+00 1.431131289423971491e-02
2.280254777070063632e+00 1.433130603365684146e-02
2.283439490445859921e+00 1.435136907915584431e-02
2.286624203821656209e+00 1.437136221857297086e-02
2.289808917197452054e+00 1.439149517015385175e-02
2.292993630573248343e+00 1.441162812173473091e-02
2.296178343949044631e+00 1.443162126115185746e-02
2.299363057324840920e+00 1.445168430665085338e-02
2.302547770700636764e+00 1.447174735214985797e-02
2.305732484076433053e+00 1.449181039764885909e-02
2.308917197452229342e+00 1.451194334922974345e-02
2.312101910828025630e+00 1.453193648864686653e-02
2.315286624203821475e+00 1.455206944022774569e-02
2.318471337579617764e+00 1.457206257964487224e-02
2.321656050955414052e+00 1.459205571906199705e-02
2.324840764331209897e+00 1.461211876456099644e-02
2.328025477707006630e+00 1.463232162222375884e-02
2.331210191082802474e+00 1.465238466772275996e-02
2.334394904458598763e+00 1.467237780713988478e-02
2.337579617834394607e+00 1.469237094655701133e-02
2.340764331210190896e+00 1.471250389813789049e-02
2.343949044585987185e+00 1.473263684971876791e-02
2.347133757961783473e+00 1.475269989521777250e-02
2.350318471337579762e+00 1.477269303463489732e-02
2.353503184713375607e+00 1.479275608013389670e-02
2.356687898089172339e+00 1.481281912563289956e-02
2.359872611464968184e+00 1.483295207721378219e-02
2.363057324840764473e+00 1.485294521663090526e-02
2.366242038216560317e+00 1.487307816821178789e-02
2.369426751592356606e+00 1.489307130762891097e-02
2.372611464968152895e+00 1.491313435312791383e-02
2.375796178343949183e+00 1.493333721079067450e-02
2.378980891719745472e+00 1.495333035020779931e-02
2.382165605095541316e+00 1.497339339570680390e-02
2.385350318471337605e+00 1.499338653512392351e-02
2.388535031847133894e+00 1.501351948670480614e-02
2.391719745222930182e+00 1.503365243828568357e-02
2.394904458598726027e+00 1.505364557770280838e-02
2.398089171974522316e+00 1.507370862320181297e-02
2.401273885350318160e+00 1.509377166870081409e-02
2.404458598726114893e+00 1.511376480811794064e-02
2.407643312101910738e+00 1.513396766578069784e-02
2.410828025477707026e+00 1.515403071127970243e-02
2.414012738853503315e+00 1.517409375677870702e-02
2.417197452229299159e+00 1.519408689619582836e-02
2.420382165605095892e+00 1.521408003561295491e-02
2.423566878980891737e+00 1.523435279935758668e-02
2.426751592356688025e+00 1.525434593877471323e-02
2.429936305732483870e+00 1.527440898427371609e-02
2.433121019108280159e+00 1.529447202977271894e-02
2.436305732484076447e+00 1.531460498135360157e-02
2.439490445859872736e+00 1.533466802685259922e-02
2.442675159235668580e+00 1.535466116626972577e-02
2.445859872611464869e+00 1.537472421176873383e-02
2.449044585987261158e+00 1.539478725726773321e-02
2.452229299363057446e+00 1.541492020884861584e-02
2.455414012738853735e+00 1.543505316042949153e-02
2.458598726114649580e+00 1.545504629984661808e-02
2.461783439490445868e+00 1.547503943926374290e-02
2.464968152866241713e+00 1.549510248476274575e-02
2.468152866242038446e+00 1.551530534242550469e-02
2.471337579617834290e+00 1.553529848184262777e-02
2.474522292993630579e+00 1.555536152734163062e-02
2.477707006369426868e+00 1.557542457284063347e-02
2.480891719745222712e+00 1.559562743050339415e-02
2.484076433121019445e+00 1.561562056992051722e-02
2.487261146496815289e+00 1.563561370933764030e-02
2.490445859872611578e+00 1.565574666091851946e-02
2.493630573248407423e+00 1.567573980033564601e-02
2.496815286624203711e+00 1.569587275191652517e-02
2.500000000000000000e+00 1.571600570349740780e-02
2.503184713375796289e+00 1.573599884291453088e-02
2.506369426751592577e+00 1.575606188841353547e-02
2.509554140127388422e+00 1.577626474607629267e-02
2.512738853503184711e+00 1.579625788549341575e-02
2.515923566878980999e+00 1.581632093099242381e-02
2.519108280254777288e+00 1.583631407040954342e-02
2.522292993630573132e+00 1.585651692807230409e-02
2.525477707006369421e+00 1.587657997357130521e-02
2.528662420382165266e+00 1.589657311298842829e-02
2.531847133757961998e+00 1.591670606456931092e-02
2.535031847133757843e+00 1.593669920398643400e-02
2.538216560509554132e+00 1.595683215556731663e-02
2.541401273885350420e+00 1.597696510714819579e-02
2.544585987261146265e+00 1.599695824656531887e-02
2.547770700636942998e+00 1.601695138598244542e-02
2.550955414012738842e+00 1.603715424364520609e-02
2.554140127388535131e+00 1.605721728914420721e-02
2.557324840764330975e+00 1.607728033464320833e-02
2.560509554140127264e+00 1.609727347406033141e-02
2.563694267515923553e+00 1.611747633172309208e-02
2.566878980891719841e+00 1.613753937722209666e-02
2.570063694267515686e+00 1.615753251663921627e-02
2.573248407643311975e+00 1.617759556213821739e-02
2.576433121019108263e+00 1.619779841980098153e-02
2.579617834394904552e+00 1.621779155921810461e-02
2.582802547770700841e+00 1.623792451079898724e-02
2.585987261146496685e+00 1.625791765021611032e-02
2.589171974522292974e+00 1.627805060179698948e-02
2.592356687898088818e+00 1.629818355337786864e-02
2.595541401273885551e+00 1.631817669279499172e-02
2.598726114649681396e+00 1.633816983221211827e-02
2.601910828025477684e+00 1.635844259595676045e-02
2.605095541401273973e+00 1.637843573537388353e-02
2.608280254777069818e+00 1.639842887479100661e-02
2.611464968152866550e+00 1.641849192029000426e-02
2.614649681528662395e+00 1.643869477795276493e-02
2.617834394904458684e+00 1.645875782345176605e-02
2.621019108280254528e+00 1.647875096286889260e-02
2.624203821656050817e+00 1.649881400836789372e-02
2.627388535031847105e+00 1.651901686603065786e-02
2.630573248407643394e+00 1.653901000544777747e-02
2.633757961783439683e+00 1.655907305094678553e-02
2.636942675159235527e+00 1.657913609644578665e-02
2.640127388535031816e+00 1.659926904802666581e-02
2.643312101910828105e+00 1.661933209352566693e-02
2.646496815286624393e+00 1.663939513902466805e-02
2.649681528662420238e+00 1.665938827844179460e-02
2.652866242038216527e+00 1.667966104218643331e-02
2.656050955414012371e+00 1.669965418160355639e-02
2.659235668789809104e+00 1.671964732102068293e-02
2.662420382165604948e+00 1.673978027260156209e-02
2.665605095541401237e+00 1.675991322418244125e-02
2.668789808917197526e+00 1.677990636359956780e-02
2.671974522292993814e+00 1.680003931518044696e-02
2.675159235668790103e+00 1.682003245459757351e-02
2.678343949044585948e+00 1.684023531226033418e-02
2.681528662420382236e+00 1.686029835775933183e-02
2.684713375796178081e+00 1.688029149717645838e-02
2.687898089171974814e+00 1.690049435483921211e-02
2.691082802547770658e+00 1.692055740033821670e-02
2.694267515923566947e+00 1.694055053975533978e-02
2.697452229299362791e+00 1.696061358525434437e-02
2.700636942675159080e+00 1.698081644291710504e-02
2.703821656050955369e+00 1.700080958233422465e-02
2.707006369426751657e+00 1.702087262783323271e-02
2.710191082802547946e+00 1.704093567333223036e-02
2.713375796178343791e+00 1.706106862491311299e-02
2.716560509554140079e+00 1.708113167041211411e-02
2.719745222929936368e+00 1.710119471591111523e-02
2.722929936305732657e+00 1.712139757357387937e-02
2.726114649681528501e+00 1.713628756901390202e-02
2.729299363057324790e+00 1.714222958597353547e-02
2.732484076433121079e+00 1.714803179076941977e-02
2.735668789808917367e+00 1.715411361989281278e-02
2.738853503184713656e+00 1.716005563685244623e-02
2.742038216560509500e+00 1.716585784164832360e-02
2.745222929936305789e+00 1.717186976468983162e-02
2.748407643312101634e+00 1.717774187556759397e-02
2.751592356687898366e+00 1.717396694714617977e-02
2.754777070063694211e+00 1.715404371381093473e-02
2.757961783439490500e+00 1.713419038655756427e-02
2.761146496815286788e+00 1.711433705930419380e-02
2.764331210191082633e+00 1.709448373205082333e-02
2.767515923566878921e+00 1.707463040479745633e-02
2.770700636942675210e+00 1.705470717146221477e-02
2.773885350318471499e+00 1.703485384420884083e-02
2.777070063694267343e+00 1.701500051695547730e-02
2.780254777070063632e+00 1.699514718970210683e-02
2.783439490445859921e+00 1.697522395636686179e-02
2.786624203821656209e+00 1.695537062911349480e-02
2.789808917197452054e+00 1.693565711402387694e-02
2.792993630573248343e+00 1.691580378677051341e-02
2.796178343949044631e+00 1.689595045951713947e-02
2.799363057324840920e+00 1.687602722618189444e-02
2.802547770700637209e+00 1.685617389892852397e-02
2.805732484076433053e+00 1.683639047775703501e-02
2.808917197452229342e+00 1.681653715050366801e-02
2.812101910828025186e+00 1.679661391716842297e-02
2.815286624203821919e+00 1.677676058991505598e-02
2.818471337579617764e+00 1.675690726266168551e-02
2.821656050955414052e+00 1.673705393540831851e-02
2.824840764331209897e+00 1.671720060815494804e-02
2.828025477707006186e+00 1.669727737481969954e-02
2.831210191082802474e+00 1.667756385973008862e-02
2.834394904458598763e+00 1.665771053247672162e-02
2.837579617834395052e+00 1.663785720522335462e-02
2.840764331210190896e+00 1.661800387796998763e-02
2.843949044585987185e+00 1.659808064463474259e-02
2.847133757961783473e+00 1.657822731738137212e-02
2.850318471337579762e+00 1.655837399012800165e-02
2.853503184713375607e+00 1.653852066287463118e-02
2.856687898089171895e+00 1.651859742953938615e-02
2.859872611464968184e+00 1.649874410228602262e-02
2.863057324840764473e+00 1.647889077503264868e-02
2.866242038216560761e+00 1.645903744777928515e-02
2.869426751592356606e+00 1.643918412052590775e-02
2.872611464968152895e+00 1.641947060543630377e-02
2.875796178343948739e+00 1.639961727818293330e-02
2.878980891719745472e+00 1.637976395092956630e-02
2.882165605095541316e+00 1.635991062367619583e-02
2.885350318471337605e+00 1.634005729642282884e-02
2.888535031847133894e+00 1.632013406308757686e-02
2.891719745222929738e+00 1.630028073583421333e-02
2.894904458598726027e+00 1.628042740858084286e-02
2.898089171974522316e+00 1.626057408132747586e-02
2.901273885350318604e+00 1.624065084799223083e-02
2.904458598726114449e+00 1.622079752073886036e-02
2.907643312101910738e+00 1.620094419348549336e-02
2.910828025477707026e+00 1.618109086623212289e-02
2.914012738853503315e+00 1.616137735114251198e-02
2.917197452229299159e+00 1.614145411780726694e-02
2.920382165605095448e+00 1.612160079055389300e-02
2.923566878980891737e+00 1.610174746330052600e-02
2.926751592356688025e+00 1.608189413604716247e-02
2.929936305732484314e+00 1.606204080879379548e-02
2.933121019108280159e+00 1.604211757545855044e-02
2.936305732484076447e+00 1.602233415428705107e-02
2.939490445859872292e+00 1.600248082703368754e-02
2.942675159235669025e+00 1.598262749978031708e-02
2.945859872611464869e+00 1.596270426644507204e-02
2.949044585987261158e+00 1.594285093919170851e-02
2.952229299363057002e+00 1.592299761193833110e-02
2.955414012738853291e+00 1.590328409684872366e-02
2.958598726114649580e+00 1.588343076959535666e-02
2.961783439490445868e+00 1.586350753626010815e-02
2.964968152866242157e+00 1.584365420900674115e-02
2.968152866242038002e+00 1.582380088175337068e-02
2.971337579617834734e+00 1.580394755450000369e-02
2.974522292993630579e+00 1.578409422724663322e-02
2.977707006369426868e+00 1.576417099391139165e-02
2.980891719745222712e+00 1.574431766665801771e-02
2.984076433121019001e+00 1.572446433940465418e-02
2.987261146496815289e+00 1.570461101215128372e-02
2.990445859872611578e+00 1.568468777881603868e-02
2.993630573248407867e+00 1.566483445156267168e-02
2.996815286624203711e+00 1.564512093647305382e-02
3.000000000000000000e+00 1.562533751530156834e-02
3.003184713375796289e+00 1.560548418804820307e-02
3.006369426751592577e+00 1.558556095471295283e-02
3.009554140127388422e+00 1.556570762745958063e-02
3.012738853503184711e+00 1.554585430020621190e-02
3.015923566878980999e+00 1.552600097295285184e-02
3.019108280254777288e+00 1.550614764569948137e-02
3.022292993630573132e+00 1.548622441236423286e-02
3.025477707006369421e+00 1.546637108511085892e-02
3.028662420382165710e+00 1.544651775785749540e-02
3.031847133757961554e+00 1.542666443060412666e-02
3.035031847133758287e+00 1.540681110335075793e-02
3.038216560509554132e+00 1.538702768217926897e-02
3.041401273885350420e+00 1.536717435492589677e-02
3.044585987261146265e+00 1.534732102767253151e-02
3.047770700636942554e+00 1.532746770041916798e-02
3.050955414012738842e+00 1.530754446708391774e-02
3.054140127388535131e+00 1.528769113983054900e-02
3.057324840764331420e+00 1.526783781257718027e-02
3.060509554140127264e+00 1.524798448532381154e-02
3.063694267515923553e+00 1.522820106415232085e-02
3.066878980891719841e+00 1.520827783081707581e-02
3.070063694267516130e+00 1.518842450356370187e-02
3.073248407643311975e+00 1.516857117631033834e-02
3.076433121019108263e+00 1.514885766122072916e-02
3.079617834394904108e+00 1.512900433396735349e-02
3.082802547770700841e+00 1.510908110063211192e-02
3.085987261146496685e+00 1.508922777337873972e-02
3.089171974522292974e+00 1.506937444612537445e-02
3.092356687898089262e+00 1.504952111887201092e-02
3.095541401273885107e+00 1.502966779161863178e-02
3.098726114649681840e+00 1.500974455828338848e-02
3.101910828025477684e+00 1.498989123103001801e-02
3.105095541401273973e+00 1.497003790377665795e-02
3.108280254777069818e+00 1.495018457652328922e-02
3.111464968152866106e+00 1.493026134318804071e-02
3.114649681528662395e+00 1.491040801593466851e-02
3.117834394904458684e+00 1.489069450084505933e-02
3.121019108280254972e+00 1.487084117359169233e-02
3.124203821656050817e+00 1.485105775242019643e-02
3.127388535031847105e+00 1.483113451908495486e-02
3.130573248407643394e+00 1.481128119183158266e-02
3.133757961783439239e+00 1.479142786457821740e-02
3.136942675159235527e+00 1.477157453732485387e-02
3.140127388535032260e+00 1.475172121007148167e-02
3.143312101910828105e+00 1.473179797673623490e-02
3.146496815286624393e+00 1.471194464948286790e-02
3.149681528662420238e+00 1.469209132222949743e-02
3.152866242038216527e+00 1.467223799497612523e-02
3.156050955414012815e+00 1.465252447988651258e-02
3.159235668789808660e+00 1.463260124655126927e-02
3.162420382165605393e+00 1.461274791929789880e-02
3.165605095541400793e+00 1.459289459204453181e-02
3.168789808917197526e+00 1.457304126479116134e-02
3.171974522292993814e+00 1.455311803145592150e-02
3.175159235668789659e+00 1.453326470420254757e-02
3.178343949044585948e+00 1.451341137694918404e-02
3.181528662420381792e+00 1.449355804969581010e-02
3.184713375796178525e+00 1.447377462852431941e-02
3.187898089171974814e+00 1.445385139518907437e-02
3.191082802547770658e+00 1.443399806793570564e-02
3.194267515923566947e+00 1.441414474068234385e-02
3.197452229299362791e+00 1.439443122559272946e-02
3.200636942675159080e+00 1.437457789833935899e-02
3.203821656050955813e+00 1.435465466500411569e-02
3.207006369426751213e+00 1.433480133775074522e-02
3.210191082802547946e+00 1.431494801049737475e-02
3.213375796178343791e+00 1.429509468324400429e-02
3.216560509554140079e+00 1.427524135599064076e-02
3.219745222929936368e+00 1.425531812265539051e-02
3.222929936305732213e+00 1.423546479540202699e-02
3.226114649681528945e+00 1.421561146814865652e-02
3.229299363057324346e+00 1.419575814089528952e-02
3.232484076433121079e+00 1.417590481364191905e-02
3.235668789808917367e+00 1.415612139247043183e-02
3.238853503184713212e+00 1.413626806521705789e-02
3.242038216560509500e+00 1.411641473796368916e-02
3.245222929936305345e+00 1.409663131679219847e-02
3.248407643312102078e+00 1.407670808345695516e-02
3.251592356687898366e+00 1.405685475620358470e-02
3.254777070063694211e+00 1.403700142895021596e-02
3.257961783439490500e+00 1.401714810169684723e-02
3.261146496815286344e+00 1.399729477444348370e-02
3.264331210191082633e+00 1.397737154110823346e-02
3.267515923566879366e+00 1.395751821385486473e-02
3.270700636942675210e+00 1.393766488660149773e-02
3.273885350318471499e+00 1.391795137151188508e-02
3.277070063694267343e+00 1.389809804425851981e-02
3.280254777070063632e+00 1.387817481092326610e-02
3.283439490445859921e+00 1.385832148366990604e-02
3.286624203821655765e+00 1.383846815641653731e-02
3.289808917197452498e+00 1.381861482916316858e-02
3.292993630573247898e+00 1.379876150190979985e-02
3.296178343949044631e+00 1.377883826857455134e-02
3.299363057324840920e+00 1.375898494132118087e-02
3.302547770700636764e+00 1.373913161406781387e-02
3.305732484076433053e+00 1.371934819289632665e-02
3.308917197452228898e+00 1.369949486564295792e-02
3.312101910828025630e+00 1.367971144447146549e-02
3.315286624203821919e+00 1.365985811721810023e-02
3.318471337579617764e+00 1.364000478996472802e-02
3.321656050955414052e+00 1.362015146271136276e-02
3.324840764331209897e+00 1.360029813545798882e-02
3.328025477707006186e+00 1.358037490212274552e-02
3.331210191082802918e+00 1.356052157486937505e-02
3.334394904458598319e+00 1.354066824761600805e-02
3.337579617834395052e+00 1.352081492036264626e-02
3.340764331210190896e+00 1.350089168702739428e-02
3.343949044585987185e+00 1.348103835977402382e-02
3.347133757961783473e+00 1.346118503252065682e-02
3.350318471337579318e+00 1.344147151743104764e-02
3.353503184713376051e+00 1.342161819017767543e-02
3.356687898089171451e+00 1.340169495684242866e-02
3.359872611464968184e+00 1.338184162958906513e-02
3.363057324840764473e+00 1.336205820841757097e-02
3.366242038216560317e+00 1.334220488116420571e-02
3.369426751592356606e+00 1.332235155391082830e-02
3.372611464968152450e+00 1.330242832057559194e-02
3.375796178343949183e+00 1.328257499332222320e-02
3.378980891719745472e+00 1.326272166606885447e-02
3.382165605095541316e+00 1.324286833881548053e-02
3.385350318471337605e+00 1.322301501156211354e-02
3.388535031847133450e+00 1.320323159039062458e-02
3.391719745222929738e+00 1.318337826313725585e-02
3.394904458598726471e+00 1.316352493588388538e-02
3.398089171974522316e+00 1.314367160863051838e-02
3.401273885350318604e+00 1.312381828137714791e-02
3.404458598726114449e+00 1.310389504804190808e-02
3.407643312101910738e+00 1.308404172078853588e-02
3.410828025477707026e+00 1.306418839353516714e-02
3.414012738853502871e+00 1.304433506628179841e-02
3.417197452229299603e+00 1.302448173902842968e-02
3.420382165605095004e+00 1.300462841177506094e-02
3.423566878980891737e+00 1.298477508452169395e-02
3.426751592356688025e+00 1.296506156943208476e-02
3.429936305732483870e+00 1.294520824217871603e-02
3.433121019108280159e+00 1.292535491492534903e-02
3.436305732484076003e+00 1.290543168159010226e-02
3.439490445859872736e+00 1.288557835433673179e-02
3.442675159235669025e+00 1.286572502708336133e-02
3.445859872611464869e+00 1.284587169982999433e-02
3.449044585987261158e+00 1.282601837257662733e-02
3.452229299363057891e+00 1.280609513924137882e-02
3.455414012738853291e+00 1.278624181198801356e-02
3.458598726114650024e+00 1.276638848473464656e-02
3.461783439490445424e+00 1.274653515748127609e-02
3.464968152866242157e+00 1.272682164239166518e-02
3.468152866242038446e+00 1.270689840905641493e-02
3.471337579617834290e+00 1.268704508180304794e-02
3.474522292993630579e+00 1.266719175454967747e-02
3.477707006369426423e+00 1.264740833337818851e-02
3.480891719745223156e+00 1.262748510004294174e-02
3.484076433121019445e+00 1.260763177278957474e-02
3.487261146496815289e+00 1.258777844553620427e-02
3.490445859872611578e+00 1.256792511828283554e-02
3.493630573248407423e+00 1.254807179102947028e-02
3.496815286624203711e+00 1.252814855769422177e-02
3.500000000000000444e+00 1.250829523044085304e-02
3.503184713375796289e+00 1.248858171535124559e-02
3.506369426751592577e+00 1.246872838809787165e-02
3.509554140127388422e+00 1.244887506084450812e-02
3.512738853503184711e+00 1.242895182750925441e-02
3.515923566878980999e+00 1.240909850025589435e-02
3.519108280254776844e+00 1.238924517300252388e-02
3.522292993630573577e+00 1.236939184574915689e-02
3.525477707006369421e+00 1.234953851849578295e-02
3.528662420382165710e+00 1.232961528516053791e-02
3.531847133757961998e+00 1.230976195790716918e-02
3.535031847133757843e+00 1.228997853673567849e-02
3.538216560509554132e+00 1.227012520948231322e-02
3.541401273885349976e+00 1.225041169439269884e-02
3.544585987261146709e+00 1.223048846105745206e-02
3.547770700636942998e+00 1.221063513380408853e-02
3.550955414012738842e+00 1.219078180655071460e-02
3.554140127388535131e+00 1.217092847929734760e-02
3.557324840764330975e+00 1.215107515204397713e-02
3.560509554140127264e+00 1.213115191870873209e-02
3.563694267515923997e+00 1.211129859145536510e-02
3.566878980891719841e+00 1.209144526420199463e-02
3.570063694267516130e+00 1.207159193694862763e-02
3.573248407643311975e+00 1.205173860969525716e-02
3.576433121019108263e+00 1.203195518852377341e-02
3.579617834394904996e+00 1.201210186127040468e-02
3.582802547770700397e+00 1.199224853401703247e-02
3.585987261146497129e+00 1.197239520676366374e-02
3.589171974522292530e+00 1.195261178559217305e-02
3.592356687898089262e+00 1.193268855225693148e-02
3.595541401273885551e+00 1.191283522500355928e-02
3.598726114649681396e+00 1.189298189775019401e-02
3.601910828025477684e+00 1.187312857049681834e-02
3.605095541401273529e+00 1.185327524324345655e-02
3.608280254777070262e+00 1.183335200990821151e-02
3.611464968152866550e+00 1.181349868265483757e-02
3.614649681528662395e+00 1.179378516756522666e-02
3.617834394904458684e+00 1.177393184031185792e-02
3.621019108280254528e+00 1.175407851305848919e-02
3.624203821656050817e+00 1.173415527972323895e-02
3.627388535031847550e+00 1.171430195246987542e-02
3.630573248407643394e+00 1.169444862521650495e-02
3.633757961783439683e+00 1.167459529796313795e-02
3.636942675159235527e+00 1.165474197070977269e-02
3.640127388535031816e+00 1.163481873737452418e-02
3.643312101910828105e+00 1.161496541012115545e-02
3.646496815286623949e+00 1.159518198894966476e-02
3.649681528662420682e+00 1.157546847386005384e-02
3.652866242038216527e+00 1.155561514660668684e-02
3.656050955414012815e+00 1.153569191327143313e-02
3.659235668789809104e+00 1.151583858601807481e-02
3.662420382165604948e+00 1.149598525876470607e-02
3.665605095541401237e+00 1.147613193151133387e-02
3.668789808917197082e+00 1.145627860425796340e-02
3.671974522292993814e+00 1.143635537092271837e-02
3.675159235668790103e+00 1.141650204366935137e-02
3.678343949044585948e+00 1.139664871641597917e-02
3.681528662420382236e+00 1.137679538916261564e-02
3.684713375796178081e+00 1.135694206190923997e-02
3.687898089171974370e+00 1.133715864073775621e-02
3.691082802547771102e+00 1.131730531348438401e-02
3.694267515923566947e+00 1.129745198623101701e-02
3.697452229299363236e+00 1.127759865897764828e-02
3.700636942675159080e+00 1.125781523780615759e-02
3.703821656050955369e+00 1.123789200447091255e-02
3.707006369426752102e+00 1.121803867721754555e-02
3.710191082802547502e+00 1.119818534996417335e-02
3.713375796178344235e+00 1.117833202271080635e-02
3.716560509554139635e+00 1.115847869545743762e-02
3.719745222929936368e+00 1.113855546212219431e-02
3.722929936305732657e+00 1.111884194703258687e-02
3.726114649681528501e+00 1.109898861977921120e-02
3.729299363057324790e+00 1.107913529252584246e-02
3.732484076433120634e+00 1.105928196527247546e-02
3.735668789808917367e+00 1.103935873193723043e-02
3.738853503184713656e+00 1.101950540468385996e-02
3.742038216560509500e+00 1.099965207743049470e-02
3.745222929936305789e+00 1.097979875017711902e-02
3.748407643312101634e+00 1.095994542292375896e-02
3.751592356687897922e+00 1.094002218958851219e-02
3.754777070063694655e+00 1.092023876841701976e-02
3.757961783439490500e+00 1.090038544116364756e-02
3.761146496815286788e+00 1.088067192607403665e-02
3.764331210191082633e+00 1.086081859882066965e-02
3.767515923566878921e+00 1.084089536548542114e-02
3.770700636942675210e+00 1.082104203823205414e-02
3.773885350318471055e+00 1.080118871097868541e-02
3.777070063694267787e+00 1.078133538372531841e-02
3.780254777070063632e+00 1.076148205647195488e-02
3.783439490445859921e+00 1.074155882313670117e-02
3.786624203821656209e+00 1.072170549588333417e-02
3.789808917197452054e+00 1.070185216862996717e-02
3.792993630573248343e+00 1.068199884137659844e-02
3.796178343949044187e+00 1.066228532628697885e-02
3.799363057324840920e+00 1.064236209295173555e-02
3.802547770700637209e+00 1.062250876569837549e-02
3.805732484076433053e+00 1.060265543844499982e-02
3.808917197452229342e+00 1.058287201727351606e-02
3.812101910828025186e+00 1.056301869002014386e-02
3.815286624203821475e+00 1.054309545668489709e-02
3.818471337579618208e+00 1.052324212943152835e-02
3.821656050955414052e+00 1.050338880217816136e-02
3.824840764331210341e+00 1.048353547492479783e-02
3.828025477707006186e+00 1.046368214767141695e-02
3.831210191082802474e+00 1.044389872649993320e-02
3.834394904458599207e+00 1.042404539924656620e-02
3.837579617834394607e+00 1.040419207199319747e-02
3.840764331210191340e+00 1.038433874473982700e-02
3.843949044585986741e+00 1.036448541748645827e-02
3.847133757961783473e+00 1.034463209023309127e-02
3.850318471337579762e+00 1.032470885689784623e-02
3.853503184713375607e+00 1.030485552964447576e-02
3.856687898089171895e+00 1.028500220239110703e-02
3.859872611464967740e+00 1.026521878121961634e-02
3.863057324840764473e+00 1.024536545396625108e-02
3.866242038216560761e+00 1.022558203279476385e-02
3.869426751592356606e+00 1.020572870554139339e-02
3.872611464968152895e+00 1.018587537828802118e-02
3.875796178343948739e+00 1.016602205103465245e-02
3.878980891719745028e+00 1.014616872378128892e-02
3.882165605095541761e+00 1.012624549044603695e-02
3.885350318471337605e+00 1.010639216319267689e-02
3.888535031847133894e+00 1.008653883593929775e-02
3.891719745222929738e+00 1.006668550868593769e-02
3.894904458598726027e+00 1.004683218143257069e-02
3.898089171974522316e+00 1.002690894809732218e-02
3.901273885350318160e+00 1.000719543300770606e-02
3.904458598726114893e+00 9.987342105754339061e-03
3.907643312101910738e+00 9.967488778500972063e-03
3.910828025477707026e+00 9.947635451247603330e-03
3.914012738853503315e+00 9.927782123994236332e-03
3.917197452229299159e+00 9.907928796740867600e-03
3.920382165605095448e+00 9.888075469487495398e-03
3.923566878980891293e+00 9.868222142234131869e-03
3.926751592356688025e+00 9.848368814980759667e-03
3.929936305732484314e+00 9.828445581645516363e-03
3.933121019108280159e+00 9.808592254392144161e-03
3.936305732484076447e+00 9.788878739302533244e-03
3.939490445859872292e+00 9.769025412049161042e-03
3.942675159235668580e+00 9.749172084795794044e-03
3.945859872611465313e+00 9.729248851460554209e-03
3.949044585987261158e+00 9.709395524207178538e-03
3.952229299363057446e+00 9.689542196953818479e-03
3.955414012738853291e+00 9.669688869700446276e-03
3.958598726114649580e+00 9.649835542447074074e-03
3.961783439490446312e+00 9.629912309111830770e-03
3.964968152866241713e+00 9.610128887940338344e-03
3.968152866242038446e+00 9.590275560686974815e-03
3.971337579617833846e+00 9.570562045597360429e-03
3.974522292993630579e+00 9.550708718343991696e-03
3.977707006369426868e+00 9.530855391090624698e-03
3.980891719745222712e+00 9.510932157755376190e-03
3.984076433121019001e+00 9.491078830502009192e-03
3.987261146496814845e+00 9.471225503248640459e-03
3.990445859872611578e+00 9.451372175995268257e-03
3.993630573248407867e+00 9.431518848741901259e-03
3.996815286624203711e+00 9.411595615406656221e-03
4.000000000000000000e+00 9.391742288153289223e-03
4.003184713375795845e+00 9.371888960899917020e-03
4.006369426751592577e+00 9.352175445810309573e-03
4.009554140127388422e+00 9.332322118556933901e-03
4.012738853503184266e+00 9.312398885221694067e-03
4.015923566878980999e+00 9.292615464050203375e-03
4.019108280254776844e+00 9.272762136796834642e-03
4.022292993630573577e+00 9.252908809543467644e-03
4.025477707006369421e+00 9.233055482290091973e-03
4.028662420382165266e+00 9.213132248954846934e-03
4.031847133757961998e+00 9.193278921701479936e-03
4.035031847133757843e+00 9.173425594448116407e-03
4.038216560509553688e+00 9.153572267194747675e-03
4.041401273885350420e+00 9.133858752105133288e-03
4.044585987261146265e+00 9.113935518769888250e-03
4.047770700636942998e+00 9.094082191516521252e-03
4.050955414012738842e+00 9.074228864263149050e-03
4.054140127388534687e+00 9.054375537009776848e-03
4.057324840764331420e+00 9.034522209756413319e-03
4.060509554140127264e+00 9.014598976421170015e-03
4.063694267515923997e+00 8.994745649167797813e-03
4.066878980891719841e+00 8.974962227996310590e-03
4.070063694267515686e+00 8.955108900742938388e-03
4.073248407643312419e+00 8.935255573489571390e-03
4.076433121019108263e+00 8.915542058399963943e-03
4.079617834394904108e+00 8.895618825064715435e-03
4.082802547770700841e+00 8.875765497811339763e-03
4.085987261146496685e+00 8.855912170557972765e-03
4.089171974522293418e+00 8.836058843304612706e-03
4.092356687898089262e+00 8.816205516051243973e-03
4.095541401273885107e+00 8.796282282715995465e-03
4.098726114649681840e+00 8.776428955462619794e-03
4.101910828025477684e+00 8.756575628209256265e-03
4.105095541401274417e+00 8.736722300955892737e-03
4.108280254777070262e+00 8.716868973702517065e-03
4.111464968152866106e+00 8.697085552531029842e-03
4.114649681528662839e+00 8.677232225277661110e-03
4.117834394904458684e+00 8.657448804106170417e-03
4.121019108280254528e+00 8.637595476852806889e-03
4.124203821656050373e+00 8.617742149599434687e-03
4.127388535031847105e+00 8.597818916264186179e-03
4.130573248407643838e+00 8.577965589010819181e-03
4.133757961783439683e+00 8.558112261757450448e-03
4.136942675159235527e+00 8.538258934504083450e-03
4.140127388535031372e+00 8.518405607250711248e-03
4.143312101910828105e+00 8.498692092161103800e-03
4.146496815286624837e+00 8.478768858825851823e-03
4.149681528662420682e+00 8.458915531572491764e-03
4.152866242038216527e+00 8.439062204319112623e-03
4.156050955414012371e+00 8.419208877065749094e-03
4.159235668789809104e+00 8.399355549812380362e-03
4.162420382165605837e+00 8.379432316477137058e-03
4.165605095541400793e+00 8.359578989223768325e-03
4.168789808917197526e+00 8.339795568052274163e-03
4.171974522292993370e+00 8.319942240798910635e-03
4.175159235668790103e+00 8.300088913545541902e-03
4.178343949044585948e+00 8.280305492374051210e-03
4.181528662420381792e+00 8.260452165120682477e-03
4.184713375796178525e+00 8.240598837867310275e-03
4.187898089171974370e+00 8.220745510613943277e-03
4.191082802547771102e+00 8.200892183360576279e-03
4.194267515923566947e+00 8.180968950025331241e-03
4.197452229299362791e+00 8.161115622771955569e-03
4.200636942675159524e+00 8.141262295518592040e-03
4.203821656050955369e+00 8.121408968265228512e-03
4.207006369426751213e+00 8.101555641011856310e-03
4.210191082802547946e+00 8.081842125922245393e-03
4.213375796178343791e+00 8.061918892586996885e-03
4.216560509554140523e+00 8.042135471415506193e-03
4.219745222929936368e+00 8.022282144162140929e-03
4.222929936305732213e+00 8.002428816908770462e-03
4.226114649681528945e+00 7.982575489655406933e-03
4.229299363057324790e+00 7.962652256320153221e-03
4.232484076433121523e+00 7.942798929066789693e-03
4.235668789808917367e+00 7.922945601813422695e-03
4.238853503184713212e+00 7.903092274560050493e-03
4.242038216560509944e+00 7.883238947306683495e-03
4.245222929936305789e+00 7.863455526135191068e-03
4.248407643312102522e+00 7.843602198881824070e-03
4.251592356687897478e+00 7.823748871628451867e-03
4.254777070063694211e+00 7.803895544375088339e-03
4.257961783439490944e+00 7.784042217121716137e-03
4.261146496815286788e+00 7.764118983786471966e-03
4.264331210191082633e+00 7.744335562614984743e-03
4.267515923566878477e+00 7.724482235361612541e-03
4.270700636942675210e+00 7.704628908108244675e-03
4.273885350318471943e+00 7.684775580854876810e-03
4.277070063694267787e+00 7.665062065765262424e-03
4.280254777070063632e+00 7.645138832430013916e-03
4.283439490445859477e+00 7.625285505176646050e-03
4.286624203821656209e+00 7.605432177923285991e-03
4.289808917197452942e+00 7.585578850669914656e-03
4.292993630573247898e+00 7.565725523416546791e-03
4.296178343949044631e+00 7.545802290081294814e-03
4.299363057324840476e+00 7.525948962827930418e-03
4.302547770700637209e+00 7.506095635574559083e-03
4.305732484076433053e+00 7.486242308321191218e-03
4.308917197452228898e+00 7.466388981067827689e-03
4.312101910828025630e+00 7.446605559896331793e-03
4.315286624203821475e+00 7.426822138724844570e-03
4.318471337579618208e+00 7.406968811471481041e-03
4.321656050955414052e+00 7.387115484218105370e-03
4.324840764331209897e+00 7.367262156964737504e-03
4.328025477707006630e+00 7.347408829711369639e-03
4.331210191082802474e+00 7.327485596376125468e-03
4.334394904458598319e+00 7.307632269122753266e-03
4.337579617834395052e+00 7.287778941869385400e-03
4.340764331210190896e+00 7.267925614616017535e-03
4.343949044585987629e+00 7.248212099526410955e-03
4.347133757961783473e+00 7.228288866191162447e-03
4.350318471337579318e+00 7.208435538937794582e-03
4.353503184713376051e+00 7.188582211684423247e-03
4.356687898089171895e+00 7.168728884431055381e-03
4.359872611464968628e+00 7.148875557177683179e-03
4.363057324840764473e+00 7.129022229924323988e-03
4.366242038216560317e+00 7.109168902670948316e-03
4.369426751592357050e+00 7.089315575417583920e-03
4.372611464968152895e+00 7.069462248164208248e-03
4.375796178343948739e+00 7.049608920910848189e-03
4.378980891719744584e+00 7.029895405821233803e-03
4.382165605095541316e+00 7.009972172485985295e-03
4.385350318471338049e+00 6.990118845232617430e-03
4.388535031847133894e+00 6.970265517979249564e-03
4.391719745222929738e+00 6.950412190725881699e-03
4.394904458598725583e+00 6.930558863472510364e-03
4.398089171974522316e+00 6.910635630137266193e-03
4.401273885350319048e+00 6.890782302883898328e-03
4.404458598726114893e+00 6.870928975630530462e-03
4.407643312101910738e+00 6.851075648377162597e-03
4.410828025477706582e+00 6.831432039369423649e-03
4.414012738853503315e+00 6.811578712116055784e-03
4.417197452229300048e+00 6.791655478780811613e-03
4.420382165605095004e+00 6.771802151527444615e-03
4.423566878980891737e+00 6.751948824274080219e-03
4.426751592356687581e+00 6.732095497020701078e-03
4.429936305732484314e+00 6.712242169767341018e-03
4.433121019108280159e+00 6.692318936432096847e-03
4.436305732484076003e+00 6.672465609178728982e-03
4.439490445859872736e+00 6.652612281925353310e-03
4.442675159235668580e+00 6.632898766835742393e-03
4.445859872611465313e+00 6.613045439582374528e-03
4.449044585987261158e+00 6.593122206247130357e-03
4.452229299363057002e+00 6.573268878993758155e-03
4.455414012738853735e+00 6.553415551740390289e-03
4.458598726114649580e+00 6.533632130568898730e-03
4.461783439490445424e+00 6.513778803315535201e-03
4.464968152866242157e+00 6.493925476062167336e-03
4.468152866242038002e+00 6.474002242726919695e-03
4.471337579617834734e+00 6.454148915473547493e-03
4.474522292993630579e+00 6.434435400383936576e-03
4.477707006369426423e+00 6.414582073130573048e-03
4.480891719745223156e+00 6.394728745877196509e-03
4.484076433121019001e+00 6.374805512541956674e-03
4.487261146496815734e+00 6.354952185288581003e-03
4.490445859872611578e+00 6.335098858035220944e-03
4.493630573248407423e+00 6.315245530781853078e-03
4.496815286624204155e+00 6.295392203528477407e-03
4.500000000000000000e+00 6.275538876275113878e-03
4.503184713375796733e+00 6.255615642939865370e-03
4.506369426751591689e+00 6.235972033932130759e-03
4.509554140127388422e+00 6.216118706678762894e-03
4.512738853503185155e+00 6.196265379425395028e-03
4.515923566878980999e+00 6.176412052172027163e-03
4.519108280254776844e+00 6.156488818836779522e-03
4.522292993630572688e+00 6.136635491583411657e-03
4.525477707006369421e+00 6.116782164330043792e-03
4.528662420382166154e+00 6.096928837076671590e-03
4.531847133757961998e+00 6.077075509823304592e-03
4.535031847133757843e+00 6.057222182569936726e-03
4.538216560509553688e+00 6.037298949234692555e-03
4.541401273885350420e+00 6.017585434145072965e-03
4.544585987261147153e+00 5.997732106891713773e-03
4.547770700636942109e+00 5.977878779638345907e-03
4.550955414012738842e+00 5.958095358466850011e-03
4.554140127388534687e+00 5.938172125131605840e-03
4.557324840764331420e+00 5.918318797878237975e-03
4.560509554140127264e+00 5.898465470624870109e-03
4.563694267515923109e+00 5.878612143371502244e-03
4.566878980891719841e+00 5.858758816118135246e-03
4.570063694267515686e+00 5.838835582782882401e-03
4.573248407643312419e+00 5.819122067693271484e-03
4.576433121019108263e+00 5.799268740439907956e-03
4.579617834394904108e+00 5.779415413186535753e-03
4.582802547770700841e+00 5.759562085933167888e-03
4.585987261146496685e+00 5.739708758679800890e-03
4.589171974522292530e+00 5.719785525344552382e-03
4.592356687898089262e+00 5.699932198091192323e-03
4.595541401273885107e+00 5.680078870837816651e-03
4.598726114649681840e+00 5.660295449666329429e-03
4.601910828025477684e+00 5.640442122412957227e-03
4.605095541401273529e+00 5.620658701241474341e-03
4.608280254777070262e+00 5.600805373988098669e-03
4.611464968152866106e+00 5.580952046734730804e-03
4.614649681528662839e+00 5.561098719481366408e-03
4.617834394904458684e+00 5.541245392227998542e-03
4.621019108280254528e+00 5.521392064974627208e-03
4.624203821656051261e+00 5.501468831639375230e-03
4.627388535031847105e+00 5.481615504386015171e-03
4.630573248407642950e+00 5.461762177132647306e-03
4.633757961783438795e+00 5.441908849879275971e-03
4.636942675159235527e+00 5.422195334789660717e-03
4.640127388535032260e+00 5.402272101454416546e-03
4.643312101910828105e+00 5.382488680282924987e-03
4.646496815286623949e+00 5.362635353029557121e-03
4.649681528662419794e+00 5.342782025776189256e-03
4.652866242038216527e+00 5.322928698522821390e-03
4.656050955414013259e+00 5.303075371269450056e-03
4.659235668789809104e+00 5.283152137934209354e-03
4.662420382165604948e+00 5.263298810680841489e-03
4.665605095541400793e+00 5.243445483427465817e-03
4.668789808917197526e+00 5.223731968337859237e-03
4.671974522292994259e+00 5.203878641084487035e-03
4.675159235668789215e+00 5.183955407749247200e-03
4.678343949044585948e+00 5.164102080495867192e-03
4.681528662420381792e+00 5.144248753242507133e-03
4.684713375796178525e+00 5.124395425989139267e-03
4.687898089171974370e+00 5.104612004817648575e-03
4.691082802547770214e+00 5.084758677564280710e-03
4.694267515923566947e+00 5.064835444229032202e-03
4.697452229299363680e+00 5.045121929139416948e-03
4.700636942675159524e+00 5.025268601886049083e-03
4.703821656050955369e+00 5.005415274632681218e-03
4.707006369426751213e+00 4.985561947379314220e-03
4.710191082802547946e+00 4.965708620125942017e-03
4.713375796178344679e+00 4.945785386790702183e-03
4.716560509554139635e+00 4.925932059537329981e-03
4.719745222929936368e+00 4.906078732283966452e-03
4.722929936305732213e+00 4.886225405030590781e-03
4.726114649681528945e+00 4.866372077777222915e-03
4.729299363057324790e+00 4.846588656605739162e-03
4.732484076433120634e+00 4.826735329352371297e-03
4.735668789808917367e+00 4.806951908180879737e-03
4.738853503184713212e+00 4.787098580927511872e-03
4.742038216560509944e+00 4.767245253674140537e-03
4.745222929936305789e+00 4.747391926420772672e-03
4.748407643312101634e+00 4.727468693085528501e-03
4.751592356687898366e+00 4.707615365832156298e-03
4.754777070063694211e+00 4.687762038578784964e-03
4.757961783439490944e+00 4.667908711325421435e-03
4.761146496815286788e+00 4.648195196235813988e-03
4.764331210191082633e+00 4.628271962900562010e-03
4.767515923566879366e+00 4.608418635647198482e-03
4.770700636942675210e+00 4.588565308393821943e-03
4.773885350318471055e+00 4.568711981140458414e-03
4.777070063694267787e+00 4.548858653887087079e-03
4.780254777070063632e+00 4.529075232715595520e-03
4.783439490445860365e+00 4.509151999380351349e-03
4.786624203821656209e+00 4.489298672126979146e-03
4.789808917197452054e+00 4.469445344873619955e-03
4.792993630573248787e+00 4.449731829784004701e-03
4.796178343949044631e+00 4.429878502530636836e-03
4.799363057324841364e+00 4.409955269195392664e-03
4.802547770700636320e+00 4.390101941942020462e-03
4.805732484076433053e+00 4.370248614688649128e-03
4.808917197452229786e+00 4.350395287435281262e-03
4.812101910828025630e+00 4.330541960181917734e-03
4.815286624203821475e+00 4.310688632928545531e-03
4.818471337579617320e+00 4.290765399593301360e-03
4.821656050955414052e+00 4.270912072339933495e-03
4.824840764331210785e+00 4.251268463332195414e-03
4.828025477707006630e+00 4.231415136078831019e-03
4.831210191082802474e+00 4.211561808825463153e-03
4.834394904458598319e+00 4.191708481572087482e-03
4.837579617834395052e+00 4.171785248236843310e-03
4.840764331210191784e+00 4.151931920983475445e-03
4.843949044585986741e+00 4.132078593730115386e-03
4.847133757961783473e+00 4.112225266476744051e-03
4.850318471337579318e+00 4.092371939223371849e-03
4.853503184713376051e+00 4.072588518051884626e-03
4.856687898089171895e+00 4.052735190798516761e-03
4.859872611464967740e+00 4.032881863545145426e-03
4.863057324840764473e+00 4.013028536291773224e-03
4.866242038216560317e+00 3.993175209038409695e-03
4.869426751592357050e+00 3.973391787866918136e-03
4.872611464968152895e+00 3.953468554531673965e-03
4.875796178343948739e+00 3.933615227278306099e-03
4.878980891719745472e+00 3.913761900024934764e-03
4.882165605095541316e+00 3.893908572771566899e-03
4.885350318471337161e+00 3.874195057681955549e-03
4.888535031847133894e+00 3.854341730428587683e-03
4.891719745222929738e+00 3.834418497093335706e-03
4.894904458598726471e+00 3.814565169839967840e-03
4.898089171974522316e+00 3.794711842586608215e-03
4.901273885350318160e+00 3.774858515333232543e-03
4.904458598726114893e+00 3.755005188079864678e-03
4.907643312101910738e+00 3.735081954744616170e-03
4.910828025477707470e+00 3.715298533573128947e-03
4.914012738853503315e+00 3.695445206319761082e-03
4.917197452229299159e+00 3.675731691230146262e-03
4.920382165605095892e+00 3.655878363976782300e-03
4.923566878980891737e+00 3.636025036723410531e-03
4.926751592356688469e+00 3.616101803388166360e-03
4.929936305732483426e+00 3.596248476134798495e-03
4.933121019108280159e+00 3.576395148881430629e-03
4.936305732484076891e+00 3.556541821628058861e-03
4.939490445859872736e+00 3.536688494374690996e-03
4.942675159235668580e+00 3.516835167121323564e-03
4.945859872611464425e+00 3.497051745949832004e-03
4.949044585987261158e+00 3.477198418696464139e-03
4.952229299363057891e+00 3.457345091443100177e-03
4.955414012738853735e+00 3.437561670271601245e-03
4.958598726114649580e+00 3.417708343018241186e-03
4.961783439490445424e+00 3.397785109682989208e-03
4.964968152866242157e+00 3.377931782429625246e-03
4.968152866242038890e+00 3.358078455176253477e-03
4.971337579617833846e+00 3.338225127922885612e-03
4.974522292993630579e+00 3.318371800669521650e-03
4.977707006369426423e+00 3.298658285579906830e-03
4.980891719745223156e+00 3.278735052244662659e-03
4.984076433121019001e+00 3.258881724991290890e-03
4.987261146496814845e+00 3.239028397737923025e-03
4.990445859872611578e+00 3.219175070484555160e-03
4.993630573248407423e+00 3.199321743231187294e-03
4.996815286624204155e+00 3.179468415977815526e-03
5.000000000000000000e+00 3.159615088724448094e-03
5.003184713375795845e+00 3.139761761471080229e-03
5.006369426751592577e+00 3.120048246381464975e-03
5.009554140127388422e+00 3.100194919128097110e-03
5.012738853503185155e+00 3.080341591874737484e-03
5.015923566878980999e+00 3.060488264621365716e-03
5.019108280254776844e+00 3.040565031286117641e-03
5.022292993630573577e+00 3.020711704032749776e-03
5.025477707006369421e+00 3.000858376779381911e-03
5.028662420382165266e+00 2.981005049526014045e-03
5.031847133757961998e+00 2.961151722272642277e-03
5.035031847133757843e+00 2.941228488937394202e-03
5.038216560509554576e+00 2.921514973847787189e-03
5.041401273885350420e+00 2.901731552676295629e-03
5.044585987261146265e+00 2.881878225422932101e-03
5.047770700636942998e+00 2.862024898169555995e-03
5.050955414012738842e+00 2.842171570916188564e-03
5.054140127388535575e+00 2.822248337580943959e-03
5.057324840764330531e+00 2.802395010327576527e-03
5.060509554140127264e+00 2.782541683074200422e-03
5.063694267515923997e+00 2.762688355820836893e-03
5.066878980891719841e+00 2.742974840731229880e-03
5.070063694267515686e+00 2.723121513477862014e-03
5.073248407643311531e+00 2.703198280142609603e-03
5.076433121019108263e+00 2.683344952889242171e-03
5.079617834394904996e+00 2.663491625635874306e-03
5.082802547770700841e+00 2.643638298382510344e-03
5.085987261146496685e+00 2.623854877211014881e-03
5.089171974522292530e+00 2.604001549957651353e-03
5.092356687898089262e+00 2.584078316622395038e-03
5.095541401273885995e+00 2.564224989369035413e-03
5.098726114649680952e+00 2.544511474279424063e-03
5.101910828025477684e+00 2.524658147026052294e-03
5.105095541401273529e+00 2.504804819772680526e-03
5.108280254777070262e+00 2.484881586437436354e-03
5.111464968152866106e+00 2.465028259184068489e-03
5.114649681528661951e+00 2.445174931930701057e-03
5.117834394904458684e+00 2.425321604677329289e-03
5.121019108280254528e+00 2.405468277423961423e-03
5.124203821656051261e+00 2.385614950170593558e-03
5.127388535031847105e+00 2.365901435080986544e-03
5.130573248407642950e+00 2.346048107827610873e-03
5.133757961783439683e+00 2.326194780574246911e-03
5.136942675159235527e+00 2.306341453320879045e-03
5.140127388535031372e+00 2.286488126067507277e-03
5.143312101910828105e+00 2.266634798814143315e-03
5.146496815286623949e+00 2.246711565478891337e-03
5.149681528662420682e+00 2.226858238225527375e-03
5.152866242038216527e+00 2.207004910972159509e-03
5.156050955414012371e+00 2.187291395882544690e-03
5.159235668789809104e+00 2.167438068629176824e-03
5.162420382165604948e+00 2.147584741375808959e-03
5.165605095541401681e+00 2.127661508040560884e-03
5.168789808917197526e+00 2.107878086869069325e-03
5.171974522292993370e+00 2.088024759615701893e-03
5.175159235668790103e+00 2.068171432362334028e-03
5.178343949044585948e+00 2.048318105108966163e-03
5.181528662420382680e+00 2.028464777855598297e-03
5.184713375796177637e+00 2.008681356684111075e-03
5.187898089171974370e+00 1.988828029430739306e-03
5.191082802547771102e+00 1.968974702177371441e-03
5.194267515923566947e+00 1.949121374924003575e-03
5.197452229299362791e+00 1.929268047670635710e-03
5.200636942675158636e+00 1.909414720417260038e-03
5.203821656050955369e+00 1.889491487082023673e-03
5.207006369426752102e+00 1.869638159828656025e-03
5.210191082802547946e+00 1.849854738657164465e-03
5.213375796178343791e+00 1.830001411403792697e-03
5.216560509554139635e+00 1.810287896314177877e-03
5.219745222929936368e+00 1.790364662978933706e-03
5.222929936305733101e+00 1.770511335725565840e-03
5.226114649681528057e+00 1.750658008472197975e-03
5.229299363057324790e+00 1.730804681218826207e-03
5.232484076433120634e+00 1.710951353965458341e-03
5.235668789808917367e+00 1.691098026712094596e-03
5.238853503184713212e+00 1.671174793376846521e-03
5.242038216560509056e+00 1.651321466123478656e-03
5.245222929936305789e+00 1.631607951033863619e-03
5.248407643312101634e+00 1.611754623780495754e-03
5.251592356687898366e+00 1.591971202609008531e-03
5.254777070063694211e+00 1.572117875355640666e-03
5.257961783439490056e+00 1.552194642020396495e-03
5.261146496815286788e+00 1.532341314767016703e-03
5.264331210191082633e+00 1.512487987513656861e-03
5.267515923566879366e+00 1.492634660260288995e-03
5.270700636942675210e+00 1.472781333006921347e-03
5.273885350318471055e+00 1.453067817917302190e-03
5.277070063694267787e+00 1.433144584582058019e-03
5.280254777070063632e+00 1.413291257328690370e-03
5.283439490445859477e+00 1.393437930075330528e-03
5.286624203821656209e+00 1.373584602821950737e-03
5.289808917197452054e+00 1.353731275568586991e-03
5.292993630573248787e+00 1.333947854397095432e-03
5.296178343949044631e+00 1.314024621061851261e-03
5.299363057324840476e+00 1.294171293808483395e-03
5.302547770700637209e+00 1.274457778718868575e-03
5.305732484076433053e+00 1.254604451465500710e-03
5.308917197452229786e+00 1.234751124212132845e-03
5.312101910828024742e+00 1.214897796958765196e-03
5.315286624203821475e+00 1.194974563623513002e-03
5.318471337579618208e+00 1.175121236370149039e-03
5.321656050955414052e+00 1.155267909116781391e-03
5.324840764331209897e+00 1.135414581863413526e-03
5.328025477707006630e+00 1.115561254610045660e-03
5.331210191082802474e+00 1.095847739520426720e-03
5.334394904458599207e+00 1.075994412267062975e-03
5.337579617834395052e+00 1.056141085013699230e-03
5.340764331210190896e+00 1.036287757760323341e-03
5.343949044585987629e+00 1.016434430506959596e-03
5.347133757961783473e+00 9.965811032535917303e-04
5.350318471337580206e+00 9.767277760002199619e-04
5.353503184713375163e+00 9.568045426649757906e-04
5.356687898089171895e+00 9.369512154116040221e-04
5.359872611464968628e+00 9.172377003219970085e-04
5.363057324840764473e+00 8.973843730686252400e-04
5.366242038216560317e+00 8.775310458152573746e-04
5.369426751592356162e+00 8.576777185618896177e-04
5.372611464968152895e+00 8.377544852266454465e-04
5.375796178343949627e+00 8.179710640551539954e-04
5.378980891719745472e+00 7.981177368017862385e-04
5.382165605095541316e+00 7.782644095484144700e-04
5.385350318471337161e+00 7.584110822950427015e-04
5.388535031847133894e+00 7.386975672054316763e-04
5.391719745222930626e+00 7.187743338701954197e-04
5.394904458598725583e+00 6.989210066168156281e-04
5.398089171974522316e+00 6.790676793634518827e-04
5.401273885350318160e+00 6.592143521100801143e-04
5.404458598726114893e+00 6.393610248567162604e-04
5.407643312101910738e+00 6.195076976033524066e-04
5.410828025477706582e+00 5.995844642681003207e-04
5.414012738853503315e+00 5.797311370147285522e-04
5.417197452229299159e+00 5.599477158432371012e-04
5.420382165605095892e+00 5.402342007536300875e-04
5.423566878980891737e+00 5.203808735002662337e-04
5.426751592356687581e+00 5.005275462468904537e-04
5.429936305732484314e+00 4.806043129116462824e-04
5.433121019108280159e+00 4.607509856582784713e-04
5.436305732484076891e+00 4.408976584049107143e-04
5.439490445859872736e+00 4.210443311515429032e-04
5.442675159235668580e+00 4.011910038981711347e-04
5.445859872611465313e+00 3.814774888085640668e-04
5.449044585987261158e+00 3.615542554733119267e-04
5.452229299363057002e+00 3.417009282199520845e-04
5.455414012738853735e+00 3.218476009665723471e-04
5.458598726114649580e+00 3.020641797950889191e-04
5.461783439490446312e+00 2.822108525417171506e-04
5.464968152866242157e+00 2.623575252883493395e-04
5.468152866242038002e+00 2.424342919531011838e-04
5.471337579617834734e+00 2.225809646997333727e-04
5.474522292993630579e+00 2.028674496101223474e-04
5.477707006369427312e+00 1.830141223567585207e-04
5.480891719745222268e+00 1.631607951033867522e-04
5.484076433121019001e+00 1.433074678500189682e-04
5.487261146496815734e+00 1.233842345147707854e-04
5.490445859872611578e+00 1.035309072614029878e-04
5.493630573248407423e+00 8.367758000803519024e-05
5.496815286624203267e+00 6.389415883654379338e-05
5.500000000000000000e+00 4.404083158317599579e-05
5.503184713375796733e+00 2.432731649356895500e-05
5.506369426751592577e+00 4.404083158320779001e-06
5.509554140127388422e+00 -1.544924409505496715e-05
5.512738853503184266e+00 -3.530257134841879385e-05
5.515923566878980999e+00 -5.515589860178659145e-05
5.519108280254777732e+00 -7.500922585515835993e-05
5.522292993630573577e+00 -9.486255310852218664e-05
5.525477707006369421e+00 -1.147857864437743403e-04
5.528662420382165266e+00 -1.346391136971341826e-04
5.531847133757961998e+00 -1.543526287867531496e-04
5.535031847133757843e+00 -1.742059560401209607e-04
5.538216560509553688e+00 -1.939893772116123305e-04
5.541401273885350420e+00 -2.138427044649801416e-04
5.544585987261146265e+00 -2.337659378002243400e-04
5.547770700636942998e+00 -2.536192650535921511e-04
5.550955414012738842e+00 -2.734725923069639196e-04
5.554140127388534687e+00 -2.933259195603317307e-04
5.557324840764331420e+00 -3.131792468136994877e-04
5.560509554140127264e+00 -3.328927619033065556e-04
5.563694267515923997e+00 -3.528159952385547383e-04
5.566878980891719841e+00 -3.726693224919265068e-04
5.570063694267515686e+00 -3.925226497452943180e-04
5.573248407643312419e+00 -4.123759769986620749e-04
5.576433121019108263e+00 -4.321593981701495144e-04
5.579617834394904108e+00 -4.520127254235173256e-04
5.582802547770700841e+00 -4.719359587587655083e-04
5.585987261146496685e+00 -4.917892860121412342e-04
5.589171974522293418e+00 -5.115028011017482478e-04
5.592356687898089262e+00 -5.313561283551121017e-04
5.595541401273885107e+00 -5.512094556084878817e-04
5.598726114649681840e+00 -5.710627828618556386e-04
5.601910828025477684e+00 -5.909860161970998099e-04
5.605095541401274417e+00 -6.108393434504676752e-04
5.608280254777069374e+00 -6.306926707038394437e-04
5.611464968152866106e+00 -6.505459979572072006e-04
5.614649681528662839e+00 -6.703993252105710544e-04
5.617834394904458684e+00 -6.900429342183056654e-04
5.621019108280254528e+00 -7.099661675535538482e-04
5.624203821656050373e+00 -7.298194948069216051e-04
5.627388535031847105e+00 -7.496728220602933736e-04
5.630573248407643838e+00 -7.695261493136572274e-04
5.633757961783439683e+00 -7.893794765670249843e-04
5.636942675159235527e+00 -8.092328038203928497e-04
5.640127388535031372e+00 -8.290861310737646182e-04
5.643312101910828105e+00 -8.490093644090087894e-04
5.646496815286624837e+00 -8.687228794986198146e-04
5.649681528662419794e+00 -8.885762067519915831e-04
5.652866242038216527e+00 -9.084295340053593400e-04
5.656050955414012371e+00 -9.282129551768507911e-04
5.659235668789809104e+00 -9.480662824302225596e-04
5.662420382165604948e+00 -9.679895157654588161e-04
5.665605095541400793e+00 -9.878428430188344878e-04
5.668789808917197526e+00 -1.007696170272198450e-03
5.671974522292993370e+00 -1.027409685361809367e-03
5.675159235668790103e+00 -1.047263012615181135e-03
5.678343949044585948e+00 -1.067116339868549001e-03
5.681528662420381792e+00 -1.087039573203797075e-03
5.684713375796178525e+00 -1.106892900457161037e-03
5.687898089171974370e+00 -1.126746227710532806e-03
5.691082802547771102e+00 -1.146599554963900454e-03
5.694267515923566947e+00 -1.166382976135392014e-03
5.697452229299362791e+00 -1.186236303388759662e-03
5.700636942675159524e+00 -1.206019724560247102e-03
5.703821656050955369e+00 -1.225873051813614967e-03
5.707006369426751213e+00 -1.245726379066990639e-03
5.710191082802547946e+00 -1.265579706320358504e-03
5.713375796178343791e+00 -1.285433033573726369e-03
5.716560509554140523e+00 -1.305286360827086212e-03
5.719745222929936368e+00 -1.325209594162342309e-03
5.722929936305732213e+00 -1.345062921415706055e-03
5.726114649681528945e+00 -1.364916248669077823e-03
5.729299363057324790e+00 -1.384629763758684837e-03
5.732484076433121523e+00 -1.404413184930180299e-03
5.735668789808916479e+00 -1.424266512183552068e-03
5.738853503184713212e+00 -1.444119839436915813e-03
5.742038216560509944e+00 -1.464043072772164104e-03
5.745222929936305789e+00 -1.483896400025527850e-03
5.748407643312101634e+00 -1.503749727278891595e-03
5.751592356687897478e+00 -1.523603054532263364e-03
5.754777070063694211e+00 -1.543316569621874497e-03
5.757961783439490944e+00 -1.563169896875250169e-03
5.761146496815286788e+00 -1.583093130210494340e-03
5.764331210191082633e+00 -1.602946457463866109e-03
5.767515923566878477e+00 -1.622799784717233974e-03
5.770700636942675210e+00 -1.642653111970593816e-03
5.773885350318471943e+00 -1.662436533142085159e-03
5.777070063694267787e+00 -1.682289860395456927e-03
5.780254777070063632e+00 -1.702213093730705219e-03
5.783439490445859477e+00 -1.721926608820312232e-03
5.786624203821656209e+00 -1.741779936073680098e-03
5.789808917197452054e+00 -1.761633263327059672e-03
5.792993630573247898e+00 -1.781486590580423635e-03
5.796178343949044631e+00 -1.801339917833791283e-03
5.799363057324840476e+00 -1.821263151169035671e-03
5.802547770700637209e+00 -1.841116478422399417e-03
5.805732484076433053e+00 -1.860969805675771185e-03
5.808917197452228898e+00 -1.880823132929139050e-03
5.812101910828025630e+00 -1.900466741936873661e-03
5.815286624203821475e+00 -1.920320069190241310e-03
5.818471337579618208e+00 -1.940173396443605272e-03
5.821656050955414052e+00 -1.960096629778865489e-03
5.824840764331209897e+00 -1.979949957032225115e-03
5.828025477707006630e+00 -1.999803284285592980e-03
5.831210191082802474e+00 -2.019656611538960846e-03
5.834394904458598319e+00 -2.039509938792332614e-03
5.837579617834395052e+00 -2.059223453881943531e-03
5.840764331210190896e+00 -2.079146687217187702e-03
5.843949044585987629e+00 -2.099000014470555567e-03
5.847133757961783473e+00 -2.118853341723931239e-03
5.850318471337579318e+00 -2.138636762895414559e-03
5.853503184713376051e+00 -2.158490090148790664e-03
5.856687898089171895e+00 -2.178343417402154193e-03
5.859872611464968628e+00 -2.198266650737402701e-03
5.863057324840763584e+00 -2.218119977990770132e-03
5.866242038216560317e+00 -2.237833493080381483e-03
5.869426751592357050e+00 -2.257686820333748914e-03
5.872611464968152895e+00 -2.277540147587112877e-03
5.875796178343948739e+00 -2.297393474840488548e-03
5.878980891719744584e+00 -2.317316708175732719e-03
5.882165605095541316e+00 -2.337170035429108825e-03
5.885350318471338049e+00 -2.356953456600592144e-03
5.888535031847133894e+00 -2.376806783853960010e-03
5.891719745222929738e+00 -2.396520298943574830e-03
5.894904458598725583e+00 -2.416373626196942695e-03
5.898089171974522316e+00 -2.436226953450310560e-03
5.901273885350319048e+00 -2.456150186785554732e-03
5.904458598726114005e+00 -2.476003514038922597e-03
5.907643312101910738e+00 -2.495856841292290462e-03
5.910828025477706582e+00 -2.515710168545653991e-03
5.914012738853503315e+00 -2.535563495799029662e-03
5.917197452229299159e+00 -2.555416823052401431e-03
5.920382165605095004e+00 -2.575200244223889087e-03
5.923566878980891737e+00 -2.594983665395380213e-03
5.926751592356687581e+00 -2.614836992648744175e-03
5.929936305732484314e+00 -2.634690319902119847e-03
5.933121019108280159e+00 -2.654543647155479906e-03
5.936305732484076003e+00 -2.674396974408847771e-03
5.939490445859872736e+00 -2.694320207744091943e-03
5.942675159235669469e+00 -2.714173534997459808e-03
5.945859872611465313e+00 -2.733887050087082434e-03
5.949044585987261158e+00 -2.753740377340450299e-03
5.952229299363057002e+00 -2.773593704593818165e-03
5.955414012738853735e+00 -2.793447031847186030e-03
5.958598726114649580e+00 -2.813300359100553896e-03
5.961783439490445424e+00 -2.833153686353921761e-03
5.964968152866242157e+00 -2.853007013607285289e-03
5.968152866242038002e+00 -2.872860340860657058e-03
5.971337579617834734e+00 -2.892713668114021020e-03
5.974522292993630579e+00 -2.912427183203631937e-03
5.977707006369426423e+00 -2.932280510457011512e-03
5.980891719745223156e+00 -2.952203743792251780e-03
5.984076433121019001e+00 -2.972057071045619645e-03
5.987261146496815734e+00 -2.991910398298987511e-03
5.990445859872611578e+00 -3.011763725552355376e-03
5.993630573248407423e+00 -3.031617052805723241e-03
5.996815286624204155e+00 -3.051470380059091107e-03
6.000000000000000000e+00 -3.071113989066829621e-03
6.003184713375795845e+00 -3.091037222402073792e-03
6.006369426751592577e+00 -3.110890549655441657e-03
6.009554140127388422e+00 -3.130743876908817329e-03
6.012738853503185155e+00 -3.150597204162176954e-03
6.015923566878980999e+00 -3.170450531415553060e-03
6.019108280254776844e+00 -3.190303858668916588e-03
6.022292993630573577e+00 -3.210227092004164662e-03
6.025477707006369421e+00 -3.229940607093772110e-03
6.028662420382166154e+00 -3.249793934347139542e-03
6.031847133757961998e+00 -3.269647261600511310e-03
6.035031847133757843e+00 -3.289500588853883078e-03
6.038216560509554576e+00 -3.309284010025366832e-03
6.041401273885350420e+00 -3.329137337278742503e-03
6.044585987261146265e+00 -3.349060570613986675e-03
6.047770700636942109e+00 -3.368913897867354540e-03
6.050955414012738842e+00 -3.388767225120722405e-03
6.054140127388535575e+00 -3.408480740210329419e-03
6.057324840764331420e+00 -3.428334067463705091e-03
6.060509554140127264e+00 -3.448187394717064716e-03
6.063694267515923109e+00 -3.468110628052317127e-03
6.066878980891719841e+00 -3.487963955305684993e-03
6.070063694267516574e+00 -3.507817282559060664e-03
6.073248407643312419e+00 -3.527600703730547887e-03
6.076433121019108263e+00 -3.547454030983915752e-03
6.079617834394904108e+00 -3.567167546073526669e-03
6.082802547770700841e+00 -3.587020873326894534e-03
6.085987261146497573e+00 -3.606944106662142609e-03
6.089171974522292530e+00 -3.626797433915506571e-03
6.092356687898089262e+00 -3.646650761168874436e-03
6.095541401273885107e+00 -3.666504088422242302e-03
6.098726114649681840e+00 -3.686357415675617973e-03
6.101910828025477684e+00 -3.706210742928985839e-03
6.105095541401273529e+00 -3.726133976264230010e-03
6.108280254777070262e+00 -3.745847491353840927e-03
6.111464968152866106e+00 -3.765630912525336389e-03
6.114649681528662839e+00 -3.785484239778696015e-03
6.117834394904458684e+00 -3.805337567032072120e-03
6.121019108280254528e+00 -3.825190894285431745e-03
6.124203821656051261e+00 -3.845044221538799611e-03
6.127388535031847105e+00 -3.864967454874047685e-03
6.130573248407642950e+00 -3.884820782127423357e-03
6.133757961783439683e+00 -3.904534297217034707e-03
6.136942675159235527e+00 -3.924387624470402139e-03
6.140127388535032260e+00 -3.944240951723770004e-03
6.143312101910828105e+00 -3.964094278977137870e-03
6.146496815286623949e+00 -3.983947606230505735e-03
6.149681528662420682e+00 -4.003800933483873600e-03
6.152866242038216527e+00 -4.023654260737237129e-03
6.156050955414013259e+00 -4.043507587990609331e-03
6.159235668789808216e+00 -4.063221103080220248e-03
6.162420382165604948e+00 -4.083074430333591583e-03
6.165605095541401681e+00 -4.102927757586959448e-03
6.168789808917197526e+00 -4.122850990922211425e-03
6.171974522292993370e+00 -4.142704318175579291e-03
6.175159235668789215e+00 -4.162557645428939350e-03
6.178343949044585948e+00 -4.182410972682307215e-03
6.181528662420382680e+00 -4.202264299935675081e-03
6.184713375796178525e+00 -4.221907908943414028e-03
6.187898089171974370e+00 -4.241831142278658200e-03
6.191082802547770214e+00 -4.261684469532026065e-03
6.194267515923566947e+00 -4.281537796785401737e-03
6.197452229299363680e+00 -4.301391124038769602e-03
6.200636942675159524e+00 -4.321244451292133130e-03
6.203821656050955369e+00 -4.341097778545504465e-03
6.207006369426751213e+00 -4.360951105798868861e-03
6.210191082802547946e+00 -4.380874339134116502e-03
6.213375796178343791e+00 -4.400587854223727419e-03
6.216560509554139635e+00 -4.420441181477091815e-03
6.219745222929936368e+00 -4.440224602648583374e-03
6.222929936305732213e+00 -4.460077929901951239e-03
6.226114649681528945e+00 -4.479931257155326911e-03
6.229299363057324790e+00 -4.499854490490571082e-03
6.232484076433120634e+00 -4.519707817743938948e-03
6.235668789808917367e+00 -4.539561144997306813e-03
6.238853503184713212e+00 -4.559274660086921199e-03
6.242038216560509944e+00 -4.579127987340289065e-03
6.245222929936305789e+00 -4.598981314593656930e-03
6.248407643312101634e+00 -4.618834641847016989e-03
6.251592356687897478e+00 -4.638757875182268967e-03
6.254777070063694211e+00 -4.658541296353756189e-03
6.257961783439490056e+00 -4.678394623607128391e-03
6.261146496815286788e+00 -4.698247950860499726e-03
6.264331210191083521e+00 -4.717961465950114980e-03
6.267515923566878477e+00 -4.737814793203482845e-03
6.270700636942675210e+00 -4.757668120456846374e-03
6.273885350318471055e+00 -4.777591353792094882e-03
6.277070063694267787e+00 -4.797444681045458410e-03
6.280254777070064520e+00 -4.817298008298826276e-03
6.283439490445859477e+00 -4.837151335552194141e-03
6.286624203821656209e+00 -4.857004662805569813e-03
6.289808917197452054e+00 -4.876718177895180729e-03
6.292993630573248787e+00 -4.896571505148552932e-03
6.296178343949045519e+00 -4.916424832401920797e-03
6.299363057324840476e+00 -4.936278159655288662e-03
6.302547770700636320e+00 -4.956131486908647854e-03
6.305732484076433053e+00 -4.975984814162015719e-03
6.308917197452229786e+00 -4.995838141415387922e-03
6.312101910828025630e+00 -5.018767336271396512e-03
6.315286624203821475e+00 -5.049665824461494791e-03
6.318471337579617320e+00 -5.080774030897234131e-03
6.321656050955414052e+00 -5.111742425169208716e-03
6.324840764331210785e+00 -5.142850631604951525e-03
6.328025477707006630e+00 -5.173749119795045467e-03
6.331210191082801586e+00 -5.204787420148900695e-03
6.334394904458598319e+00 -5.235755814420878750e-03
6.337579617834395052e+00 -5.266794114774741783e-03
6.340764331210191784e+00 -5.297762509046719838e-03
6.343949044585987629e+00 -5.328800809400578535e-03
6.347133757961782585e+00 -5.359769203672560926e-03
6.350318471337579318e+00 -5.390877410108300266e-03
6.353503184713376051e+00 -5.421775898298389872e-03
6.356687898089171895e+00 -5.452884104734125742e-03
6.359872611464968628e+00 -5.483782592924227491e-03
6.363057324840763584e+00 -5.514890799359962494e-03
6.366242038216560317e+00 -5.545789287550068579e-03
6.369426751592357050e+00 -5.576827587903927276e-03
6.372611464968152895e+00 -5.607865888257781636e-03
6.375796178343949627e+00 -5.638904188611641201e-03
6.378980891719744584e+00 -5.669872582883627062e-03
6.382165605095541316e+00 -5.700910883237482289e-03
6.385350318471337161e+00 -5.731809371427576232e-03
6.388535031847133894e+00 -5.762917577863315571e-03
6.391719745222930626e+00 -5.793816066053417320e-03
6.394904458598725583e+00 -5.824924272489152323e-03
6.398089171974522316e+00 -5.855822760679258408e-03
6.401273885350318160e+00 -5.886930967114993411e-03
6.404458598726114893e+00 -5.917899361386971466e-03
6.407643312101911626e+00 -5.948937661740831030e-03
6.410828025477706582e+00 -5.979906056012809085e-03
6.414012738853502427e+00 -6.010944356366663445e-03
6.417197452229299159e+00 -6.041842844556766061e-03
6.420382165605095892e+00 -6.072951050992496727e-03
6.423566878980892625e+00 -6.103849539182607149e-03
6.426751592356687581e+00 -6.134957745618337815e-03
6.429936305732483426e+00 -6.165926139890316737e-03
6.433121019108280159e+00 -6.197034346326056077e-03
6.436305732484076891e+00 -6.227932834516157826e-03
6.439490445859872736e+00 -6.258971134870012186e-03
6.442675159235668580e+00 -6.289939529141998914e-03
6.445859872611464425e+00 -6.320977829495845468e-03
6.449044585987261158e+00 -6.351946223767824390e-03
6.452229299363057891e+00 -6.382984524121686556e-03
6.455414012738853735e+00 -6.413883012311789172e-03
6.458598726114648692e+00 -6.444991218747524175e-03
6.461783439490445424e+00 -6.475959613019506567e-03
6.464968152866242157e+00 -6.507067819455237233e-03
6.468152866242038002e+00 -6.537966307645343318e-03
6.471337579617834734e+00 -6.569004607999194209e-03
6.474522292993629691e+00 -6.599973002271172264e-03
6.477707006369426423e+00 -6.631011302625035297e-03
6.480891719745223156e+00 -6.661979696897014219e-03
6.484076433121019001e+00 -6.693017997250872916e-03
6.487261146496815734e+00 -6.723916485440974665e-03
6.490445859872610690e+00 -6.755024691876714005e-03
6.493630573248407423e+00 -6.785993086148692059e-03
6.496815286624204155e+00 -6.817101292584427062e-03
6.500000000000000000e+00 -6.847999780774533148e-03
6.503184713375796733e+00 -6.879038081128384038e-03
6.506369426751591689e+00 -6.910006475400362093e-03
6.509554140127388422e+00 -6.941044775754220790e-03
6.512738853503184266e+00 -6.972013170026195375e-03
6.515923566878980999e+00 -7.009622642076591623e-03
6.519108280254777732e+00 -7.047931174945775215e-03
6.522292993630572688e+00 -7.086309613896822970e-03
6.525477707006369421e+00 -7.124757958929755705e-03
6.528662420382165266e+00 -7.163066491798931491e-03
6.531847133757961998e+00 -7.201305118586230972e-03
6.535031847133758731e+00 -7.239683557537283064e-03
6.538216560509553688e+00 -7.277992090406458850e-03
6.541401273885350420e+00 -7.316440435439395054e-03
6.544585987261146265e+00 -7.354748968308563034e-03
6.547770700636942998e+00 -7.392987595095862514e-03
6.550955414012739730e+00 -7.431366034046922413e-03
6.554140127388534687e+00 -7.469674566916093862e-03
6.557324840764330531e+00 -7.508122911949018791e-03
6.560509554140127264e+00 -7.546361538736321740e-03
6.563694267515923997e+00 -7.584739977687378169e-03
6.566878980891719841e+00 -7.623048510556549619e-03
6.570063694267515686e+00 -7.661357043425728874e-03
6.573248407643311531e+00 -7.699805388458661609e-03
6.576433121019108263e+00 -7.738113921327833926e-03
6.579617834394904996e+00 -7.776422454197008845e-03
6.582802547770700841e+00 -7.814730987066193305e-03
6.585987261146495797e+00 -7.853039519935361285e-03
6.589171974522292530e+00 -7.891557771050173795e-03
6.592356687898089262e+00 -7.929796397837465469e-03
6.595541401273885995e+00 -7.968104930706643857e-03
6.598726114649681840e+00 -8.006413463575820511e-03
6.601910828025476796e+00 -8.044721996445000634e-03
6.605095541401273529e+00 -8.083240247559804470e-03
6.608280254777070262e+00 -8.121478874347104818e-03
6.611464968152866106e+00 -8.159787407216279737e-03
6.614649681528662839e+00 -8.198095940085456390e-03
6.617834394904457795e+00 -8.236474379036504145e-03
6.621019108280254528e+00 -8.274852817987560574e-03
6.624203821656051261e+00 -8.313161350856732024e-03
6.627388535031847105e+00 -8.351469883725912147e-03
6.630573248407643838e+00 -8.389848322676966841e-03
6.633757961783438795e+00 -8.428156855546140025e-03
6.636942675159235527e+00 -8.466395482333438638e-03
6.640127388535031372e+00 -8.504843827366374842e-03
6.643312101910828105e+00 -8.543152360235542822e-03
6.646496815286624837e+00 -8.581530799186602720e-03
6.649681528662419794e+00 -8.619769425973897864e-03
6.652866242038216527e+00 -8.658077958843074518e-03
6.656050955414012371e+00 -8.696526303875998579e-03
6.659235668789809104e+00 -8.734904742827061946e-03
6.662420382165605837e+00 -8.773213275696233396e-03
6.665605095541400793e+00 -8.811451902483525070e-03
6.668789808917196638e+00 -8.849760435352708662e-03
6.671974522292993370e+00 -8.888278686467514234e-03
6.675159235668790103e+00 -8.926587219336689152e-03
6.678343949044586836e+00 -8.964895752205872745e-03
6.681528662420381792e+00 -9.003134378993169623e-03
6.684713375796177637e+00 -9.041442911862341072e-03
6.687898089171974370e+00 -9.079961162977150113e-03
6.691082802547771102e+00 -9.118269695846328501e-03
6.694267515923566947e+00 -9.156508322633625380e-03
6.697452229299362791e+00 -9.194816855502796829e-03
6.700636942675158636e+00 -9.233195294453848054e-03
6.703821656050955369e+00 -9.271643639486784258e-03
6.707006369426752102e+00 -9.309952172355960912e-03
6.710191082802547946e+00 -9.348190799143259525e-03
6.713375796178342902e+00 -9.386569238094312484e-03
6.716560509554139635e+00 -9.424877770963487403e-03
6.719745222929936368e+00 -9.463326115996416668e-03
6.722929936305732213e+00 -9.501564742783711812e-03
6.726114649681528945e+00 -9.539943181734775179e-03
6.729299363057323902e+00 -9.578251714603943159e-03
6.732484076433120634e+00 -9.616560247473119813e-03
6.735668789808917367e+00 -9.655008592506056017e-03
6.738853503184713212e+00 -9.693247219293354630e-03
6.742038216560509944e+00 -9.731625658244407590e-03
6.745222929936304901e+00 -9.769934191113582508e-03
6.748407643312101634e+00 -9.808242723982759162e-03
6.751592356687898366e+00 -9.846621162933806917e-03
6.754777070063694211e+00 -9.884999601884863346e-03
6.757961783439490944e+00 -9.923308134754041734e-03
6.761146496815285900e+00 -9.961616667623214919e-03
6.764331210191082633e+00 -9.999925200492389837e-03
6.767515923566878477e+00 -1.003837354552531910e-02
6.770700636942675210e+00 -1.007668207839449402e-02
6.773885350318471943e+00 -1.011499061126367761e-02
6.777070063694266899e+00 -1.015329914413284559e-02
6.780254777070063632e+00 -1.019153777092014941e-02
6.783439490445859477e+00 -1.022991620987119717e-02
6.786624203821656209e+00 -1.026836455490412990e-02
6.789808917197452942e+00 -1.030667308777330829e-02
6.792993630573247898e+00 -1.034491171456059996e-02
6.796178343949044631e+00 -1.038329015351165986e-02
6.799363057324840476e+00 -1.042159868638082784e-02
6.802547770700637209e+00 -1.046004703141376405e-02
6.805732484076433941e+00 -1.049835556428294070e-02
6.808917197452228898e+00 -1.053666409715211215e-02
6.812101910828024742e+00 -1.057497263002129574e-02
6.815286624203821475e+00 -1.061328116289046719e-02
6.818471337579618208e+00 -1.065172950792339646e-02
6.821656050955414052e+00 -1.068996813471069507e-02
6.824840764331209897e+00 -1.072834657366175497e-02
6.828025477707005741e+00 -1.076665510653092295e-02
6.831210191082802474e+00 -1.080496363940009440e-02
6.834394904458599207e+00 -1.084334207835115083e-02
6.837579617834395052e+00 -1.088172051730221072e-02
6.840764331210190008e+00 -1.092002905017138217e-02
6.843949044585986741e+00 -1.095833758304056750e-02
6.847133757961783473e+00 -1.099664611590973895e-02
6.850318471337580206e+00 -1.103509446094267168e-02
6.853503184713376051e+00 -1.107340299381184313e-02
6.856687898089171007e+00 -1.111171152668101805e-02
6.859872611464967740e+00 -1.115002005955019471e-02
6.863057324840764473e+00 -1.118825868633748985e-02
6.866242038216560317e+00 -1.122677693745229889e-02
6.869426751592357050e+00 -1.126508547032148248e-02
6.872611464968152006e+00 -1.130339400319065393e-02
6.875796178343948739e+00 -1.134163262997794908e-02
6.878980891719745472e+00 -1.138001106892900204e-02
6.882165605095541316e+00 -1.141845941396193824e-02
6.885350318471338049e+00 -1.145676794683110969e-02
6.888535031847134782e+00 -1.149500657361840483e-02
6.891719745222929738e+00 -1.153338501256946473e-02
6.894904458598725583e+00 -1.157169354543863618e-02
6.898089171974522316e+00 -1.161014189047156892e-02
6.901273885350319048e+00 -1.164845042334074557e-02
6.904458598726115781e+00 -1.168668905012804418e-02
6.907643312101910738e+00 -1.172506748907909541e-02
6.910828025477706582e+00 -1.176337602194827206e-02
6.914012738853503315e+00 -1.180182436698120479e-02
6.917197452229300048e+00 -1.184006299376849994e-02
6.920382165605095892e+00 -1.187844143271955116e-02
6.923566878980890849e+00 -1.191674996558873476e-02
6.926751592356687581e+00 -1.195505849845790274e-02
6.929936305732484314e+00 -1.199343693740896263e-02
6.933121019108281047e+00 -1.203181537636000692e-02
6.936305732484076891e+00 -1.207012390922918704e-02
6.939490445859871848e+00 -1.210843244209836717e-02
6.942675159235668580e+00 -1.214667106888565884e-02
6.945859872611465313e+00 -1.218518932000047482e-02
6.949044585987261158e+00 -1.222349785286964627e-02
6.952229299363057891e+00 -1.226180638573882292e-02
6.955414012738852847e+00 -1.230004501252611460e-02
6.958598726114649580e+00 -1.233835354539529819e-02
6.961783439490446312e+00 -1.237687179651010203e-02
6.964968152866242157e+00 -1.241518032937927347e-02
6.968152866242038890e+00 -1.245348886224845880e-02
6.971337579617833846e+00 -1.249172748903575741e-02
6.974522292993630579e+00 -1.253010592798680517e-02
6.977707006369426423e+00 -1.256855427301974658e-02
6.980891719745223156e+00 -1.260686280588891803e-02
6.984076433121019889e+00 -1.264510143267620970e-02
6.987261146496814845e+00 -1.268347987162726960e-02
6.990445859872611578e+00 -1.272178840449644452e-02
6.993630573248407423e+00 -1.276023674952937378e-02
6.996815286624204155e+00 -1.279847537631666893e-02
7.000000000000000888e+00 -1.283678390918584385e-02
7.003184713375795845e+00 -1.287516234813690028e-02
7.006369426751592577e+00 -1.291347088100607693e-02
7.009554140127388422e+00 -1.295184931995712815e-02
7.012738853503185155e+00 -1.299015785282630481e-02
7.015923566878981887e+00 -1.302853629177736471e-02
7.019108280254776844e+00 -1.306684482464653095e-02
7.022292993630572688e+00 -1.310508345143382783e-02
7.025477707006369421e+00 -1.314339198430301142e-02
7.028662420382166154e+00 -1.318191023541781526e-02
7.031847133757961998e+00 -1.322021876828698671e-02
7.035031847133757843e+00 -1.325845739507429399e-02
7.038216560509553688e+00 -1.329676592794347065e-02
7.041401273885350420e+00 -1.333507446081263863e-02
7.044585987261147153e+00 -1.337359271192745114e-02
7.047770700636942998e+00 -1.341183133871474975e-02
7.050955414012738842e+00 -1.345013987158392640e-02
7.054140127388534687e+00 -1.348844840445309438e-02
7.057324840764331420e+00 -1.352682684340415775e-02
7.060509554140128152e+00 -1.356520528235520551e-02
7.063694267515923997e+00 -1.360351381522438216e-02
7.066878980891718953e+00 -1.364182234809355708e-02
7.070063694267515686e+00 -1.368020078704461004e-02
7.073248407643312419e+00 -1.371843941383190865e-02
7.076433121019108263e+00 -1.375688775886483792e-02
7.079617834394904996e+00 -1.379519629173402151e-02
7.082802547770699952e+00 -1.383350482460319643e-02
7.085987261146496685e+00 -1.387181335747236788e-02
7.089171974522293418e+00 -1.391012189034154106e-02
7.092356687898089262e+00 -1.394857023537447727e-02
7.095541401273885995e+00 -1.398687876824365219e-02
7.098726114649680952e+00 -1.402518730111282363e-02
7.101910828025477684e+00 -1.406349583398200376e-02
7.105095541401274417e+00 -1.410180436685118041e-02
7.108280254777070262e+00 -1.414025271188410794e-02
7.111464968152866994e+00 -1.417856124475328460e-02
7.114649681528661951e+00 -1.421686977762246819e-02
7.117834394904458684e+00 -1.425517831049163617e-02
7.121019108280254528e+00 -1.429348684336080762e-02
7.124203821656051261e+00 -1.433186528231186231e-02
7.127388535031847994e+00 -1.437024372126291874e-02
7.130573248407642950e+00 -1.440855225413209539e-02
7.133757961783439683e+00 -1.444686078700127552e-02
7.136942675159235527e+00 -1.448509941378857413e-02
7.140127388535032260e+00 -1.452361766490337970e-02
7.143312101910828993e+00 -1.456192619777255462e-02
7.146496815286623949e+00 -1.460023473064172954e-02
7.149681528662419794e+00 -1.463847335742902642e-02
7.152866242038216527e+00 -1.467685179638008111e-02
7.156050955414013259e+00 -1.471530014141300691e-02
7.159235668789809992e+00 -1.475360867428219050e-02
7.162420382165604948e+00 -1.479184730106948911e-02
7.165605095541400793e+00 -1.483015583393866056e-02
7.168789808917197526e+00 -1.486853427288971352e-02
7.171974522292994259e+00 -1.490698261792264973e-02
7.175159235668790103e+00 -1.494522124470994140e-02
7.178343949044585059e+00 -1.498352977757911632e-02
7.181528662420381792e+00 -1.502190821653017622e-02
7.184713375796178525e+00 -1.506014684331747136e-02
7.187898089171975258e+00 -1.509859518835039716e-02
7.191082802547771102e+00 -1.513690372121958422e-02
7.194267515923566059e+00 -1.517528216017063197e-02
7.197452229299362791e+00 -1.521352078695792365e-02
7.200636942675159524e+00 -1.525182931982710030e-02
7.203821656050955369e+00 -1.529027766486003651e-02
7.207006369426752102e+00 -1.532858619772921142e-02
7.210191082802547058e+00 -1.536689473059838808e-02
7.213375796178343791e+00 -1.540520326346755953e-02
7.216560509554140523e+00 -1.544351179633673965e-02
7.219745222929936368e+00 -1.548196014136966718e-02
7.222929936305733101e+00 -1.552026867423884383e-02
7.226114649681528057e+00 -1.555857720710802743e-02
7.229299363057324790e+00 -1.559688573997719367e-02
7.232484076433120634e+00 -1.563519427284636859e-02
7.235668789808917367e+00 -1.567364261787929786e-02
7.238853503184714100e+00 -1.571195115074848145e-02
7.242038216560509056e+00 -1.575025968361765810e-02
7.245222929936305789e+00 -1.578856821648682435e-02
7.248407643312101634e+00 -1.582680684327413337e-02
7.251592356687898366e+00 -1.586532509438893720e-02
7.254777070063695099e+00 -1.590363362725811039e-02
7.257961783439490056e+00 -1.594187225404541247e-02
7.261146496815286788e+00 -1.598018078691458912e-02
7.264331210191082633e+00 -1.601855922586564035e-02
7.267515923566879366e+00 -1.605700757089856962e-02
7.270700636942676098e+00 -1.609524619768586823e-02
7.273885350318471055e+00 -1.613355473055504488e-02
7.277070063694266899e+00 -1.617193316950609611e-02
7.280254777070063632e+00 -1.621024170237527276e-02
7.283439490445860365e+00 -1.624862014132632745e-02
7.286624203821656209e+00 -1.628692867419550411e-02
7.289808917197452054e+00 -1.632523720706468076e-02
7.292993630573247898e+00 -1.636361564601573546e-02
7.296178343949044631e+00 -1.640185427280303407e-02
7.299363057324841364e+00 -1.644030261783596333e-02
7.302547770700637209e+00 -1.647861115070513305e-02
7.305732484076433053e+00 -1.651691968357432358e-02
7.308917197452228898e+00 -1.655522821644348982e-02
7.312101910828025630e+00 -1.659353674931266301e-02
7.315286624203822363e+00 -1.663198509434559921e-02
7.318471337579618208e+00 -1.667022372113289783e-02
7.321656050955413164e+00 -1.670860216008394558e-02
7.324840764331209897e+00 -1.674691069295312223e-02
7.328025477707006630e+00 -1.678521922582230583e-02
7.331210191082802474e+00 -1.682359766477335011e-02
7.334394904458599207e+00 -1.686197610372441175e-02
7.337579617834394163e+00 -1.690028463659357799e-02
7.340764331210190896e+00 -1.693859316946275811e-02
7.343949044585987629e+00 -1.697683179625005673e-02
7.347133757961783473e+00 -1.701535004736486056e-02
7.350318471337580206e+00 -1.705365858023404069e-02
7.353503184713375163e+00 -1.709189720702133930e-02
7.356687898089171895e+00 -1.713020573989051595e-02
7.359872611464968628e+00 -1.716851427275968567e-02
7.363057324840764473e+00 -1.720703252387449644e-02
7.366242038216561205e+00 -1.724527115066179506e-02
7.369426751592356162e+00 -1.728357968353097171e-02
7.372611464968152895e+00 -1.732188821640014836e-02
7.375796178343948739e+00 -1.736026665535120306e-02
7.378980891719745472e+00 -1.739864509430225081e-02
7.382165605095542205e+00 -1.743695362717142747e-02
7.385350318471337161e+00 -1.747526216004061106e-02
7.388535031847133894e+00 -1.751357069290978077e-02
7.391719745222929738e+00 -1.755187922577895396e-02
7.394904458598726471e+00 -1.759032757081188322e-02
7.398089171974523204e+00 -1.762863610368106682e-02
7.401273885350318160e+00 -1.766687473046836543e-02
7.404458598726114005e+00 -1.770525316941941318e-02
7.407643312101910738e+00 -1.774356170228859331e-02
7.410828025477707470e+00 -1.778201004732152257e-02
7.414012738853504203e+00 -1.782024867410882119e-02
7.417197452229299159e+00 -1.785862711305986894e-02
7.420382165605095004e+00 -1.789693564592904906e-02
7.423566878980891737e+00 -1.793517427271635115e-02
7.426751592356688469e+00 -1.797362261774927694e-02
7.429936305732484314e+00 -1.801200105670033857e-02
7.433121019108279270e+00 -1.805030958956950829e-02
7.436305732484076003e+00 -1.808854821635680343e-02
7.439490445859872736e+00 -1.812685674922597662e-02
7.442675159235669469e+00 -1.816530509425891282e-02
7.445859872611465313e+00 -1.820361362712808947e-02
7.449044585987260270e+00 -1.824192215999725919e-02
7.452229299363057002e+00 -1.828023069286643584e-02
7.455414012738853735e+00 -1.831853922573561944e-02
7.458598726114649580e+00 -1.835698757076854870e-02
7.461783439490446312e+00 -1.839529610363772535e-02
7.464968152866241269e+00 -1.843360463650689854e-02
7.468152866242038002e+00 -1.847184326329419715e-02
7.471337579617834734e+00 -1.851022170224525185e-02
7.474522292993630579e+00 -1.854867004727817764e-02
7.477707006369427312e+00 -1.858697858014736123e-02
7.480891719745222268e+00 -1.862521720693465638e-02
7.484076433121019001e+00 -1.866352573980382956e-02
7.487261146496814845e+00 -1.870190417875488426e-02
7.490445859872611578e+00 -1.874035252378782046e-02
7.493630573248408311e+00 -1.877859115057511213e-02
7.496815286624203267e+00 -1.881689968344428185e-02
7.500000000000000000e+00 -1.885527812239534695e-02
7.503184713375795845e+00 -1.889351674918264209e-02
7.506369426751592577e+00 -1.893196509421556789e-02
7.509554140127389310e+00 -1.897027362708474454e-02
7.512738853503184266e+00 -1.900865206603580271e-02
7.515923566878980999e+00 -1.904689069282309438e-02
7.519108280254776844e+00 -1.908519922569227104e-02
7.522292993630573577e+00 -1.912364757072520724e-02
7.525477707006370309e+00 -1.916188619751250585e-02
7.528662420382165266e+00 -1.920026463646355361e-02
7.531847133757961110e+00 -1.923857316933273026e-02
7.535031847133757843e+00 -1.927688170220191038e-02
7.538216560509554576e+00 -1.931526014115296161e-02
7.541401273885350420e+00 -1.935363858010401283e-02
7.544585987261146265e+00 -1.939194711297318949e-02
7.547770700636942109e+00 -1.943018573976048810e-02
7.550955414012738842e+00 -1.946849427262966475e-02
7.554140127388535575e+00 -1.950694261766259055e-02
7.557324840764331420e+00 -1.954532105661365218e-02
7.560509554140127264e+00 -1.958355968340094733e-02
7.563694267515923109e+00 -1.962186821627012051e-02
7.566878980891719841e+00 -1.966017674913930410e-02
7.570063694267516574e+00 -1.969862509417222990e-02
7.573248407643312419e+00 -1.973693362704140308e-02
7.576433121019107375e+00 -1.977524215991057627e-02
7.579617834394904108e+00 -1.981355069277975986e-02
7.582802547770700841e+00 -1.985185922564893304e-02
7.585987261146496685e+00 -1.989030757068186231e-02
7.589171974522293418e+00 -1.992861610355103896e-02
7.592356687898088374e+00 -1.996685473033833758e-02
7.595541401273885107e+00 -2.000516326320751076e-02
7.598726114649681840e+00 -2.004354170215856545e-02
7.601910828025477684e+00 -2.008192014110961321e-02
7.605095541401274417e+00 -2.012022867397879680e-02
7.608280254777069374e+00 -2.015853720684796999e-02
7.611464968152866106e+00 -2.019691564579902121e-02
7.614649681528662839e+00 -2.023515427258633023e-02
7.617834394904458684e+00 -2.027360261761925603e-02
7.621019108280255416e+00 -2.031191115048842574e-02
7.624203821656050373e+00 -2.035021968335760240e-02
7.627388535031847105e+00 -2.038852821622678599e-02
7.630573248407642950e+00 -2.042683674909595570e-02
7.633757961783439683e+00 -2.046528509412888497e-02
7.636942675159236416e+00 -2.050352372091618358e-02
7.640127388535031372e+00 -2.054190215986724175e-02
7.643312101910828105e+00 -2.058021069273641493e-02
7.646496815286623949e+00 -2.061844931952371354e-02
7.649681528662420682e+00 -2.065689766455664281e-02
7.652866242038217415e+00 -2.069527610350769403e-02
7.656050955414012371e+00 -2.073358463637687069e-02
7.659235668789808216e+00 -2.077182326316416583e-02
7.662420382165604948e+00 -2.081027160819709856e-02
7.665605095541401681e+00 -2.084865004714815673e-02
7.668789808917198414e+00 -2.088688867393545187e-02
7.671974522292993370e+00 -2.092519720680462506e-02
7.675159235668789215e+00 -2.096350573967380865e-02
7.678343949044585948e+00 -2.100188417862485293e-02
7.681528662420382680e+00 -2.104026261757590763e-02
7.684713375796178525e+00 -2.107857115044509122e-02
7.687898089171973481e+00 -2.111687968331426093e-02
7.691082802547770214e+00 -2.115511831010155608e-02
7.694267515923566947e+00 -2.119363656121636685e-02
7.697452229299363680e+00 -2.123194509408554698e-02
7.700636942675159524e+00 -2.127018372087284559e-02
7.703821656050954481e+00 -2.130849225374201183e-02
7.707006369426751213e+00 -2.134680078661119543e-02
7.710191082802547946e+00 -2.138524913164412469e-02
7.713375796178343791e+00 -2.142355766451330135e-02
7.716560509554140523e+00 -2.146186619738247800e-02
7.719745222929935480e+00 -2.150017473025165118e-02
7.722929936305732213e+00 -2.153848326312083131e-02
7.726114649681528945e+00 -2.157693160815375710e-02
7.729299363057324790e+00 -2.161524014102293723e-02
7.732484076433121523e+00 -2.165347876781023931e-02
7.735668789808916479e+00 -2.169185720676128359e-02
7.738853503184713212e+00 -2.173016573963046025e-02
7.742038216560509056e+00 -2.176854417858151147e-02
7.745222929936305789e+00 -2.180685271145069506e-02
7.748407643312102522e+00 -2.184516124431986131e-02
7.751592356687897478e+00 -2.188353968327091600e-02
7.754777070063694211e+00 -2.192177831005822156e-02
7.757961783439490056e+00 -2.196022665509114735e-02
7.761146496815286788e+00 -2.199853518796032401e-02
7.764331210191083521e+00 -2.203684372082949719e-02
7.767515923566878477e+00 -2.207515225369867731e-02
7.770700636942675210e+00 -2.211346078656785397e-02
7.773885350318471055e+00 -2.215183922551890519e-02
7.777070063694267787e+00 -2.219021766446996682e-02
7.780254777070064520e+00 -2.222852619733914001e-02
7.783439490445859477e+00 -2.226676482412643168e-02
7.786624203821655321e+00 -2.230507335699560487e-02
7.789808917197452054e+00 -2.234352170202854107e-02
7.792993630573248787e+00 -2.238190014097959230e-02
7.796178343949044631e+00 -2.242013876776689091e-02
7.799363057324840476e+00 -2.245844730063606409e-02
7.802547770700636320e+00 -2.249675583350524768e-02
7.805732484076433053e+00 -2.253520417853817001e-02
7.808917197452229786e+00 -2.257351271140735360e-02
7.812101910828025630e+00 -2.261182124427652679e-02
7.815286624203821475e+00 -2.265005987106382193e-02
7.818471337579617320e+00 -2.268836840393299858e-02
7.821656050955414052e+00 -2.272688665504780242e-02
7.824840764331210785e+00 -2.276519518791698254e-02
7.828025477707006630e+00 -2.280343381470428116e-02
7.831210191082801586e+00 -2.284174234757345781e-02
7.834394904458598319e+00 -2.288012078652450904e-02
7.837579617834395052e+00 -2.291849922547556373e-02
7.840764331210190896e+00 -2.295680775834473691e-02
7.843949044585987629e+00 -2.299511629121391357e-02
7.847133757961782585e+00 -2.303342482408308675e-02
7.850318471337579318e+00 -2.307173335695227034e-02
7.853503184713376051e+00 -2.311018170198519267e-02
7.856687898089171895e+00 -2.314842032877249475e-02
7.859872611464968628e+00 -2.318672886164167835e-02
7.863057324840763584e+00 -2.322510730059272263e-02
7.866242038216560317e+00 -2.326334592738002124e-02
7.869426751592357050e+00 -2.330179427241295051e-02
7.872611464968152895e+00 -2.334010280528213410e-02
7.875796178343949627e+00 -2.337848124423318533e-02
7.878980891719744584e+00 -2.341671987102048047e-02
7.882165605095541316e+00 -2.345502840388966059e-02
7.885350318471337161e+00 -2.349347674892258986e-02
7.888535031847133894e+00 -2.353171537570988847e-02
7.891719745222930626e+00 -2.357009381466093623e-02
7.894904458598725583e+00 -2.360840234753011635e-02
7.898089171974522316e+00 -2.364678078648117104e-02
7.901273885350318160e+00 -2.368508931935034423e-02
7.904458598726114893e+00 -2.372346775830139545e-02
7.907643312101911626e+00 -2.376170638508870447e-02
7.910828025477706582e+00 -2.380001491795787072e-02
7.914012738853502427e+00 -2.383846326299079998e-02
7.917197452229299159e+00 -2.387677179585997317e-02
7.920382165605095892e+00 -2.391508032872915329e-02
7.923566878980892625e+00 -2.395338886159832995e-02
7.926751592356687581e+00 -2.399169739446750313e-02
7.929936305732483426e+00 -2.403007583341856129e-02
7.933121019108280159e+00 -2.406845427236961252e-02
7.936305732484076891e+00 -2.410676280523878917e-02
7.939490445859872736e+00 -2.414500143202608085e-02
7.942675159235667692e+00 -2.418330996489526097e-02
7.945859872611464425e+00 -2.422182821601006827e-02
7.949044585987261158e+00 -2.426006684279736342e-02
7.952229299363057891e+00 -2.429837537566654007e-02
7.955414012738853735e+00 -2.433668390853572366e-02
7.958598726114648692e+00 -2.437492253532301881e-02
7.961783439490445424e+00 -2.441344078643782958e-02
7.964968152866242157e+00 -2.445174931930700971e-02
7.968152866242038002e+00 -2.448998794609430138e-02
7.971337579617834734e+00 -2.452829647896347456e-02
7.974522292993629691e+00 -2.456667491791452926e-02
7.977707006369426423e+00 -2.460505335686558742e-02
7.980891719745223156e+00 -2.464336188973475714e-02
7.984076433121019001e+00 -2.468167042260393379e-02
7.987261146496815734e+00 -2.471997895547310697e-02
7.990445859872610690e+00 -2.475828748834228363e-02
7.993630573248407423e+00 -2.479673583337521983e-02
7.996815286624203267e+00 -2.483497446016251151e-02
8.000000000000000000e+00 -2.487328299303168469e-02
8.003184713375796733e+00 -2.491166143198274632e-02
8.006369426751591689e+00 -2.494996996485191951e-02
8.009554140127388422e+00 -2.498834840380297420e-02
8.012738853503185155e+00 -2.502665693667215085e-02
8.015923566878981887e+00 -2.506503537562320208e-02
8.019108280254776844e+00 -2.510327400241050069e-02
8.022292993630571800e+00 -2.514158253527967041e-02
8.025477707006368533e+00 -2.518003088031261008e-02
8.028662420382165266e+00 -2.521833941318177980e-02
8.031847133757961998e+00 -2.525664794605095645e-02
8.035031847133758731e+00 -2.529495647892014004e-02
8.038216560509553688e+00 -2.533319510570743172e-02
8.041401273885350420e+00 -2.537164345074036792e-02
8.044585987261147153e+00 -2.541002188969141221e-02
8.047770700636942109e+00 -2.544826051647870735e-02
8.050955414012738842e+00 -2.548656904934789441e-02
8.054140127388533799e+00 -2.552501739438082021e-02
8.057324840764330531e+00 -2.556332592724999686e-02
8.060509554140127264e+00 -2.560163446011917698e-02
8.063694267515923997e+00 -2.563994299298835017e-02
8.066878980891720730e+00 -2.567818161977564184e-02
8.070063694267515686e+00 -2.571662996480857805e-02
8.073248407643312419e+00 -2.575500840375963274e-02
8.076433121019107375e+00 -2.579324703054692788e-02
8.079617834394904108e+00 -2.583155556341610107e-02
8.082802547770700841e+00 -2.586986409628528466e-02
8.085987261146495797e+00 -2.590831244131821393e-02
8.089171974522292530e+00 -2.594662097418739058e-02
8.092356687898089262e+00 -2.598492950705656029e-02
8.095541401273885995e+00 -2.602316813384385197e-02
8.098726114649682728e+00 -2.606154657279492054e-02
8.101910828025477684e+00 -2.609999491782784287e-02
8.105095541401272641e+00 -2.613823354461514148e-02
8.108280254777069374e+00 -2.617654207748432160e-02
8.111464968152866106e+00 -2.621485061035349826e-02
8.114649681528662839e+00 -2.625315914322266797e-02
8.117834394904457795e+00 -2.629160748825560071e-02
8.121019108280254528e+00 -2.632991602112478083e-02
8.124203821656051261e+00 -2.636815464791207250e-02
8.127388535031847994e+00 -2.640653308686313067e-02
8.130573248407642950e+00 -2.644484161973230732e-02
8.133757961783439683e+00 -2.648322005868335854e-02
8.136942675159234639e+00 -2.652152859155253520e-02
8.140127388535031372e+00 -2.655983712442170838e-02
8.143312101910828105e+00 -2.659814565729087810e-02
8.146496815286624837e+00 -2.663645419016006169e-02
8.149681528662421570e+00 -2.667490253519299095e-02
8.152866242038216527e+00 -2.671314116198028610e-02
8.156050955414013259e+00 -2.675151960093134426e-02
8.159235668789808216e+00 -2.678982813380051745e-02
8.162420382165604948e+00 -2.682806676058781259e-02
8.165605095541401681e+00 -2.686651510562074532e-02
8.168789808917196638e+00 -2.690489354457180696e-02
8.171974522292993370e+00 -2.694313217135909863e-02
8.175159235668790103e+00 -2.698144070422827182e-02
8.178343949044586836e+00 -2.701988904926120802e-02
8.181528662420383569e+00 -2.705812767604850663e-02
8.184713375796178525e+00 -2.709650611499956133e-02
8.187898089171973481e+00 -2.713481464786872757e-02
8.191082802547770214e+00 -2.717305327465602965e-02
8.194267515923566947e+00 -2.721150161968896586e-02
8.197452229299363680e+00 -2.724988005864001708e-02
8.200636942675158636e+00 -2.728811868542730876e-02
8.203821656050955369e+00 -2.732642721829649235e-02
8.207006369426752102e+00 -2.736473575116566900e-02
8.210191082802548834e+00 -2.740311419011671676e-02
8.213375796178343791e+00 -2.744149262906776798e-02
8.216560509554140523e+00 -2.747980116193695158e-02
8.219745222929935480e+00 -2.751803978872424672e-02
8.222929936305732213e+00 -2.755634832159341296e-02
8.226114649681528945e+00 -2.759486657270823415e-02
8.229299363057325678e+00 -2.763310519949552582e-02
8.232484076433120634e+00 -2.767141373236470248e-02
8.235668789808917367e+00 -2.770972226523387913e-02
8.238853503184714100e+00 -2.774796089202117427e-02
8.242038216560509056e+00 -2.778647914313598505e-02
8.245222929936305789e+00 -2.782478767600516170e-02
8.248407643312100745e+00 -2.786302630279245685e-02
8.251592356687897478e+00 -2.790133483566163350e-02
8.254777070063694211e+00 -2.793971327461269166e-02
8.257961783439490944e+00 -2.797809171356373595e-02
8.261146496815287676e+00 -2.801640024643291260e-02
8.264331210191082633e+00 -2.805470877930209619e-02
8.267515923566879366e+00 -2.809301731217126938e-02
8.270700636942676098e+00 -2.813132584504044603e-02
8.273885350318471055e+00 -2.816977419007338224e-02
8.277070063694267787e+00 -2.820801281686067738e-02
8.280254777070062744e+00 -2.824632134972985056e-02
8.283439490445859477e+00 -2.828469978868090526e-02
8.286624203821656209e+00 -2.832293841546819693e-02
8.289808917197452942e+00 -2.836138676050113314e-02
8.292993630573249675e+00 -2.839969529337030632e-02
8.296178343949044631e+00 -2.843800382623948297e-02
8.299363057324841364e+00 -2.847631235910865963e-02
8.302547770700636320e+00 -2.851469079805971779e-02
8.305732484076433053e+00 -2.855299933092888751e-02
8.308917197452229786e+00 -2.859130786379805722e-02
8.312101910828024742e+00 -2.862961639666724775e-02
8.315286624203821475e+00 -2.866792492953641400e-02
8.318471337579618208e+00 -2.870637327456934673e-02
8.321656050955414941e+00 -2.874461190135664188e-02
8.324840764331211673e+00 -2.878299034030770351e-02
8.328025477707006630e+00 -2.882129887317687669e-02
8.331210191082801586e+00 -2.885953749996416837e-02
8.334394904458598319e+00 -2.889798584499709763e-02
8.337579617834395052e+00 -2.893636428394815580e-02
8.340764331210191784e+00 -2.897460291073545788e-02
8.343949044585986741e+00 -2.901291144360462759e-02
8.347133757961783473e+00 -2.905121997647380772e-02
8.350318471337580206e+00 -2.908959841542486588e-02
8.353503184713376939e+00 -2.912797685437591363e-02
8.356687898089171895e+00 -2.916628538724508682e-02
8.359872611464966852e+00 -2.920452401403238890e-02
8.363057324840763584e+00 -2.924283254690156209e-02
8.366242038216560317e+00 -2.928135079801636939e-02
8.369426751592357050e+00 -2.931958942480366800e-02
8.372611464968153783e+00 -2.935789795767284813e-02
8.375796178343948739e+00 -2.939613658446014327e-02
8.378980891719745472e+00 -2.943444511732931992e-02
8.382165605095542205e+00 -2.947296336844412376e-02
8.385350318471337161e+00 -2.951120199523142237e-02
8.388535031847133894e+00 -2.954951052810059903e-02
8.391719745222928850e+00 -2.958781906096977221e-02
8.394904458598725583e+00 -2.962626740600270148e-02
8.398089171974522316e+00 -2.966457593887188507e-02
8.401273885350319048e+00 -2.970288447174105825e-02
8.404458598726115781e+00 -2.974112309852835340e-02
8.407643312101910738e+00 -2.977943163139753005e-02
8.410828025477707470e+00 -2.981794988251234083e-02
8.414012738853502427e+00 -2.985618850929963944e-02
8.417197452229299159e+00 -2.989449704216880915e-02
8.420382165605095892e+00 -2.993280557503799275e-02
8.423566878980890849e+00 -2.997111410790716593e-02
8.426751592356687581e+00 -3.000956245294009520e-02
8.429936305732484314e+00 -3.004780107972739728e-02
8.433121019108281047e+00 -3.008610961259657046e-02
8.436305732484077780e+00 -3.012448805154762863e-02
8.439490445859872736e+00 -3.016272667833492377e-02
8.442675159235669469e+00 -3.020117502336784610e-02
8.445859872611464425e+00 -3.023948355623703663e-02
8.449044585987261158e+00 -3.027772218302432830e-02
8.452229299363057891e+00 -3.031610062197537953e-02
8.455414012738852847e+00 -3.035440915484455965e-02
8.458598726114649580e+00 -3.039278759379561434e-02
8.461783439490446312e+00 -3.043109612666478406e-02
8.464968152866243045e+00 -3.046947456561583528e-02
8.468152866242038002e+00 -3.050771319240313389e-02
8.471337579617834734e+00 -3.054602172527231055e-02
8.474522292993629691e+00 -3.058440016422336524e-02
8.477707006369426423e+00 -3.062270869709254190e-02
8.480891719745223156e+00 -3.066108713604359659e-02
8.484076433121019889e+00 -3.069932576283089520e-02
8.487261146496814845e+00 -3.073777410786382447e-02
8.490445859872611578e+00 -3.077608264073299418e-02
8.493630573248408311e+00 -3.081439117360218471e-02
8.496815286624205044e+00 -3.085269970647135096e-02
8.500000000000000000e+00 -3.089100823934052414e-02
8.503184713375794956e+00 -3.092938667829157537e-02
8.506369426751591689e+00 -3.096769521116075896e-02
8.509554140127388422e+00 -3.100607365011180672e-02
8.512738853503185155e+00 -3.104431227689910880e-02
8.515923566878981887e+00 -3.108262080976828198e-02
8.519108280254776844e+00 -3.112099924871933668e-02
8.522292993630573577e+00 -3.115937768767039484e-02
8.525477707006370309e+00 -3.119768622053956456e-02
8.528662420382165266e+00 -3.123592484732685970e-02
8.531847133757961998e+00 -3.127423338019603982e-02
8.535031847133756955e+00 -3.131275163131084366e-02
8.538216560509553688e+00 -3.135099025809814227e-02
8.541401273885350420e+00 -3.138929879096732933e-02
8.544585987261147153e+00 -3.142760732383650252e-02
8.547770700636943886e+00 -3.146584595062379419e-02
8.550955414012738842e+00 -3.150436420173859803e-02
8.554140127388535575e+00 -3.154260282852589664e-02
8.557324840764330531e+00 -3.158091136139507676e-02
8.560509554140127264e+00 -3.161921989426424995e-02
8.563694267515923997e+00 -3.165752842713343007e-02
8.566878980891718953e+00 -3.169597677216635934e-02
8.570063694267515686e+00 -3.173428530503553946e-02
8.573248407643312419e+00 -3.177252393182283113e-02
8.576433121019109151e+00 -3.181083246469200432e-02
8.579617834394905884e+00 -3.184928080972494746e-02
8.582802547770700841e+00 -3.188758934259411371e-02
8.585987261146495797e+00 -3.192589787546329383e-02
8.589171974522292530e+00 -3.196413650225058550e-02
8.592356687898089262e+00 -3.200251494120164714e-02
8.595541401273885995e+00 -3.204096328623456946e-02
8.598726114649680952e+00 -3.207920191302186808e-02
8.601910828025477684e+00 -3.211751044589104820e-02
8.605095541401274417e+00 -3.215581897876022138e-02
8.608280254777071150e+00 -3.219412751162940151e-02
8.611464968152866106e+00 -3.223257585666233077e-02
8.614649681528661063e+00 -3.227081448344962245e-02
8.617834394904457795e+00 -3.230912301631880257e-02
8.621019108280254528e+00 -3.234750145526985726e-02
8.624203821656051261e+00 -3.238574008205715588e-02
8.627388535031847994e+00 -3.242418842709009208e-02
8.630573248407642950e+00 -3.246249695995926526e-02
8.633757961783439683e+00 -3.250080549282843845e-02
8.636942675159236416e+00 -3.253911402569761163e-02
8.640127388535031372e+00 -3.257735265248491024e-02
8.643312101910828105e+00 -3.261580099751784645e-02
8.646496815286623061e+00 -3.265410953038701269e-02
8.649681528662419794e+00 -3.269241806325619282e-02
8.652866242038216527e+00 -3.273072659612537294e-02
8.656050955414013259e+00 -3.276917494115830221e-02
8.659235668789809992e+00 -3.280741356794560082e-02
8.662420382165604948e+00 -3.284579200689664857e-02
8.665605095541401681e+00 -3.288403063368395413e-02
8.668789808917196638e+00 -3.292233916655312731e-02
8.671974522292993370e+00 -3.296078751158605658e-02
8.675159235668790103e+00 -3.299902613837335519e-02
8.678343949044585059e+00 -3.303740457732441682e-02
8.681528662420381792e+00 -3.307571311019358307e-02
8.684713375796178525e+00 -3.311395173698087474e-02
8.687898089171975258e+00 -3.315240008201381094e-02
8.691082802547771990e+00 -3.319070861488299107e-02
8.694267515923566947e+00 -3.322901714775216425e-02
8.697452229299361903e+00 -3.326732568062134437e-02
8.700636942675158636e+00 -3.330556430740863605e-02
8.703821656050955369e+00 -3.334401265244157225e-02
8.707006369426752102e+00 -3.338239109139262695e-02
8.710191082802547058e+00 -3.342062971817991862e-02
8.713375796178343791e+00 -3.345893825104909874e-02
8.716560509554140523e+00 -3.349717687783639042e-02
8.719745222929937256e+00 -3.353569512895120119e-02
8.722929936305732213e+00 -3.357400366182038132e-02
8.726114649681528945e+00 -3.361224228860767299e-02
8.729299363057323902e+00 -3.365055082147685311e-02
8.732484076433120634e+00 -3.368899916650978238e-02
8.735668789808917367e+00 -3.372730769937896250e-02
8.738853503184714100e+00 -3.376561623224813569e-02
8.742038216560509056e+00 -3.380385485903543430e-02
8.745222929936305789e+00 -3.384216339190460748e-02
8.748407643312102522e+00 -3.388068164301941826e-02
8.751592356687897478e+00 -3.391892026980671687e-02
8.754777070063694211e+00 -3.395722880267589006e-02
8.757961783439489167e+00 -3.399553733554506324e-02
8.761146496815285900e+00 -3.403384586841423642e-02
8.764331210191082633e+00 -3.407229421344717957e-02
8.767515923566879366e+00 -3.411053284023447124e-02
8.770700636942676098e+00 -3.414884137310364443e-02
8.773885350318471055e+00 -3.418714990597281761e-02
8.777070063694267787e+00 -3.422545843884200467e-02
8.780254777070064520e+00 -3.426390678387492700e-02
8.783439490445859477e+00 -3.430221531674410018e-02
8.786624203821656209e+00 -3.434045394353139879e-02
8.789808917197451166e+00 -3.437883238248245349e-02
8.792993630573247898e+00 -3.441707100926975210e-02
8.796178343949044631e+00 -3.445551935430268137e-02
8.799363057324841364e+00 -3.449382788717185455e-02
8.802547770700638097e+00 -3.453206651395915316e-02
8.805732484076433053e+00 -3.457044495291021480e-02
8.808917197452229786e+00 -3.460882339186126949e-02
8.812101910828024742e+00 -3.464713192473043574e-02
8.815286624203821475e+00 -3.468544045759961586e-02
8.818471337579618208e+00 -3.472374899046878904e-02
8.821656050955413164e+00 -3.476205752333796917e-02
8.824840764331209897e+00 -3.480050586837090537e-02
8.828025477707006630e+00 -3.483874449515819705e-02
8.831210191082803362e+00 -3.487705302802737023e-02
8.834394904458600095e+00 -3.491536156089655035e-02
8.837579617834395052e+00 -3.495367009376571660e-02
8.840764331210190008e+00 -3.499211843879865974e-02
8.843949044585986741e+00 -3.503035706558595141e-02
8.847133757961783473e+00 -3.506873550453700611e-02
8.850318471337580206e+00 -3.510697413132429778e-02
8.853503184713375163e+00 -3.514528266419348485e-02
8.856687898089171895e+00 -3.518373100922640717e-02
8.859872611464968628e+00 -3.522196963601370578e-02
8.863057324840765361e+00 -3.526034807496476742e-02
8.866242038216560317e+00 -3.529858670175205909e-02
8.869426751592355274e+00 -3.533703504678499530e-02
8.872611464968152006e+00 -3.537534357965416848e-02
8.875796178343948739e+00 -3.541365211252334166e-02
8.878980891719745472e+00 -3.545196064539252179e-02
8.882165605095542205e+00 -3.549026917826168803e-02
8.885350318471337161e+00 -3.552864761721274273e-02
8.888535031847133894e+00 -3.556702605616381130e-02
8.891719745222930626e+00 -3.560526468295110297e-02
8.894904458598725583e+00 -3.564357321582027616e-02
8.898089171974522316e+00 -3.568188174868944240e-02
8.901273885350317272e+00 -3.572026018764051097e-02
8.904458598726114005e+00 -3.575863862659155873e-02
8.907643312101910738e+00 -3.579687725337885734e-02
8.910828025477707470e+00 -3.583518578624803053e-02
8.914012738853504203e+00 -3.587349431911721065e-02
8.917197452229299159e+00 -3.591194266415014685e-02
8.920382165605095892e+00 -3.595025119701931310e-02
8.923566878980890849e+00 -3.598848982380660477e-02
8.926751592356687581e+00 -3.602679835667579877e-02
8.929936305732484314e+00 -3.606524670170872110e-02
8.933121019108279270e+00 -3.610355523457789428e-02
8.936305732484076003e+00 -3.614186376744706747e-02
8.939490445859872736e+00 -3.618010239423437302e-02
8.942675159235669469e+00 -3.621841092710354620e-02
8.945859872611466201e+00 -3.625692917821835004e-02
8.949044585987261158e+00 -3.629516780500564865e-02
8.952229299363057891e+00 -3.633347633787482878e-02
8.955414012738852847e+00 -3.637171496466212045e-02
8.958598726114649580e+00 -3.641002349753130057e-02
8.961783439490446312e+00 -3.644854174864610441e-02
8.964968152866241269e+00 -3.648678037543340996e-02
8.968152866242038002e+00 -3.652508890830257621e-02
8.971337579617834734e+00 -3.656332753508987482e-02
8.974522292993631467e+00 -3.660170597404092951e-02
8.977707006369426423e+00 -3.664015431907386572e-02
8.980891719745223156e+00 -3.667839294586116433e-02
8.984076433121018113e+00 -3.671670147873033058e-02
8.987261146496814845e+00 -3.675501001159951764e-02
8.990445859872611578e+00 -3.679345835663244690e-02
8.993630573248408311e+00 -3.683176688950162009e-02
8.996815286624203267e+00 -3.687000551628891870e-02
9.000000000000000000e+00 -3.690831404915808495e-02
9.003184713375796733e+00 -3.694669248810914658e-02
9.006369426751593465e+00 -3.698507092706020127e-02
9.009554140127388422e+00 -3.702337945992937446e-02
9.012738853503183378e+00 -3.706161808671666613e-02
9.015923566878980111e+00 -3.709992661958585319e-02
9.019108280254776844e+00 -3.713830505853690095e-02
9.022292993630573577e+00 -3.717668349748795564e-02
9.025477707006370309e+00 -3.721499203035713577e-02
9.028662420382165266e+00 -3.725309084498067830e-02
9.031847133757961998e+00 -3.729132947176796997e-02
9.035031847133758731e+00 -3.733019725329217442e-02
9.038216560509553688e+00 -3.736850578616134760e-02
9.041401273885350420e+00 -3.740667450686676471e-02
9.044585987261145377e+00 -3.744484322757218181e-02
9.047770700636942109e+00 -3.748308185435948736e-02
9.050955414012738842e+00 -3.752139038722866055e-02
9.054140127388535575e+00 -3.756025816875286499e-02
9.057324840764332308e+00 -3.759842688945828904e-02
9.060509554140127264e+00 -3.763666551624558765e-02
9.063694267515923997e+00 -3.767483423695099781e-02
9.066878980891718953e+00 -3.771314276982017100e-02
9.070063694267515686e+00 -3.775131149052558810e-02
9.073248407643312419e+00 -3.778948021123100520e-02
9.076433121019107375e+00 -3.782841789883708422e-02
9.079617834394904108e+00 -3.786658661954250132e-02
9.082802547770700841e+00 -3.790489515241168145e-02
9.085987261146497573e+00 -3.794306387311710549e-02
9.089171974522294306e+00 -3.798130249990439716e-02
9.092356687898089262e+00 -3.801947122060982120e-02
9.095541401273884219e+00 -3.805833900213402565e-02
9.098726114649680952e+00 -3.809664753500319884e-02
9.101910828025477684e+00 -3.813488616179049745e-02
9.105095541401274417e+00 -3.817305488249591455e-02
9.108280254777069374e+00 -3.821122360320133859e-02
9.111464968152866106e+00 -3.824953213607050484e-02
9.114649681528662839e+00 -3.828839991759470929e-02
9.117834394904459572e+00 -3.832663854438200790e-02
9.121019108280254528e+00 -3.836480726508741806e-02
9.124203821656049485e+00 -3.840297598579284211e-02
9.127388535031846217e+00 -3.844128451866201529e-02
9.130573248407642950e+00 -3.847952314544932084e-02
9.133757961783439683e+00 -3.851769186615473101e-02
9.136942675159236416e+00 -3.855655964767893545e-02
9.140127388535031372e+00 -3.859472836838435950e-02
9.143312101910828105e+00 -3.863303690125353268e-02
9.146496815286624837e+00 -3.867127552804082435e-02
9.149681528662419794e+00 -3.870944424874624840e-02
9.152866242038216527e+00 -3.874761296945167244e-02
9.156050955414011483e+00 -3.878648075097586995e-02
9.159235668789808216e+00 -3.882485918992692464e-02
9.162420382165604948e+00 -3.886302791063234174e-02
9.165605095541401681e+00 -3.890119663133775885e-02
9.168789808917198414e+00 -3.893936535204318289e-02
9.171974522292993370e+00 -3.897767388491235607e-02
9.175159235668790103e+00 -3.901661157251842815e-02
9.178343949044585059e+00 -3.905478029322385219e-02
9.181528662420381792e+00 -3.909294901392927624e-02
9.184713375796178525e+00 -3.913111773463467946e-02
9.187898089171973481e+00 -3.916949617358574109e-02
9.191082802547770214e+00 -3.920766489429115820e-02
9.194267515923566947e+00 -3.924653267581535571e-02
9.197452229299363680e+00 -3.928470139652077281e-02
9.200636942675160412e+00 -3.932287011722620379e-02
9.203821656050955369e+00 -3.936124855617725848e-02
9.207006369426750325e+00 -3.939941727688266865e-02
9.210191082802547058e+00 -3.943758599758809269e-02
9.213375796178343791e+00 -3.947575471829350979e-02
9.216560509554140523e+00 -3.951483221806335183e-02
9.219745222929935480e+00 -3.955300093876876893e-02
9.222929936305732213e+00 -3.959116965947418604e-02
9.226114649681528945e+00 -3.962933838017961008e-02
9.229299363057325678e+00 -3.966750710088502718e-02
9.232484076433120634e+00 -3.970588553983608188e-02
9.235668789808917367e+00 -3.974475332136028632e-02
9.238853503184712324e+00 -3.978292204206570343e-02
9.242038216560509056e+00 -3.982109076277112747e-02
9.245222929936305789e+00 -3.985932938955841914e-02
9.248407643312102522e+00 -3.989763792242759927e-02
9.251592356687897478e+00 -3.993580664313301637e-02
9.254777070063694211e+00 -3.997467442465722082e-02
9.257961783439490944e+00 -4.001284314536264486e-02
9.261146496815285900e+00 -4.005108177214992959e-02
9.264331210191082633e+00 -4.008939030501911666e-02
9.267515923566877589e+00 -4.012755902572454070e-02
9.270700636942674322e+00 -4.016572774642995086e-02
9.273885350318471055e+00 -4.020396637321725641e-02
9.277070063694267787e+00 -4.024297396690521000e-02
9.280254777070064520e+00 -4.028114268761060629e-02
9.283439490445859477e+00 -4.031931140831603033e-02
9.286624203821656209e+00 -4.035748012902145437e-02
9.289808917197452942e+00 -4.039571875580875299e-02
9.292993630573247898e+00 -4.043402728867792617e-02
9.296178343949044631e+00 -4.047289507020213062e-02
9.299363057324839588e+00 -4.051106379090754772e-02
9.302547770700636320e+00 -4.054930241769484633e-02
9.305732484076433053e+00 -4.058747113840027038e-02
9.308917197452229786e+00 -4.062577967126943662e-02
9.312101910828026519e+00 -4.066394839197486066e-02
9.315286624203821475e+00 -4.070281617349906511e-02
9.318471337579618208e+00 -4.074105480028636372e-02
9.321656050955413164e+00 -4.077936333315553691e-02
9.324840764331209897e+00 -4.081753205386096095e-02
9.328025477707006630e+00 -4.085570077456637805e-02
9.331210191082801586e+00 -4.089393940135367667e-02
9.334394904458598319e+00 -4.093210812205910071e-02
9.337579617834395052e+00 -4.097111571574704736e-02
9.340764331210191784e+00 -4.100928443645247140e-02
9.343949044585988517e+00 -4.104745315715788850e-02
9.347133757961783473e+00 -4.108569178394519406e-02
9.350318471337578430e+00 -4.112386050465060422e-02
9.353503184713375163e+00 -4.116216903751979128e-02
9.356687898089171895e+00 -4.120103681904398185e-02
9.359872611464968628e+00 -4.123927544583128046e-02
9.363057324840763584e+00 -4.127744416653669757e-02
9.366242038216560317e+00 -4.131561288724212161e-02
9.369426751592357050e+00 -4.135392142011129479e-02
9.372611464968153783e+00 -4.139209014081670496e-02
9.375796178343948739e+00 -4.143102782842278398e-02
9.378980891719745472e+00 -4.146919654912820108e-02
9.382165605095540428e+00 -4.150750508199738120e-02
9.385350318471337161e+00 -4.154567380270279831e-02
9.388535031847133894e+00 -4.158391242949009692e-02
9.391719745222930626e+00 -4.162208115019552096e-02
9.394904458598727359e+00 -4.166024987090093112e-02
9.398089171974522316e+00 -4.169925746458889165e-02
9.401273885350319048e+00 -4.173742618529431569e-02
9.404458598726114005e+00 -4.177566481208161431e-02
9.407643312101910738e+00 -4.181383353278702447e-02
9.410828025477707470e+00 -4.185200225349244851e-02
9.414012738853502427e+00 -4.189031078636162864e-02
9.417197452229299159e+00 -4.192924847396770766e-02
9.420382165605095892e+00 -4.196741719467311782e-02
9.423566878980892625e+00 -4.200558591537854186e-02
9.426751592356689358e+00 -4.204389444824771505e-02
9.429936305732484314e+00 -4.208206316895313909e-02
9.433121019108279270e+00 -4.212030179574043770e-02
9.436305732484076003e+00 -4.215847051644585480e-02
9.439490445859872736e+00 -4.219733829797005925e-02
9.442675159235669469e+00 -4.223564683083923244e-02
9.445859872611464425e+00 -4.227388545762653105e-02
9.449044585987261158e+00 -4.231205417833195509e-02
9.452229299363057891e+00 -4.235022289903737219e-02
9.455414012738854623e+00 -4.238839161974279623e-02
9.458598726114649580e+00 -4.242739921343074982e-02
9.461783439490446312e+00 -4.246563784021804844e-02
9.464968152866241269e+00 -4.250380656092347248e-02
9.468152866242038002e+00 -4.254197528162886877e-02
9.471337579617834734e+00 -4.258028381449805583e-02
9.474522292993631467e+00 -4.261852244128534750e-02
9.477707006369426423e+00 -4.265739022280955195e-02
9.480891719745223156e+00 -4.269555894351496905e-02
9.484076433121019889e+00 -4.273372766422038616e-02
9.487261146496814845e+00 -4.277203619708957322e-02
9.490445859872611578e+00 -4.281027482387686489e-02
9.493630573248406535e+00 -4.284844354458228199e-02
9.496815286624203267e+00 -4.288661226528770604e-02
9.500000000000000000e+00 -4.292548004681190355e-02
9.503184713375796733e+00 -4.296385848576296518e-02
9.506369426751593465e+00 -4.300202720646837534e-02
9.509554140127388422e+00 -4.304019592717379938e-02
9.512738853503185155e+00 -4.307836464787921649e-02
9.515923566878981887e+00 -4.311667318074838967e-02
9.519108280254776844e+00 -4.315561086835446869e-02
9.522292993630573577e+00 -4.319377958905989273e-02
9.525477707006368533e+00 -4.323194830976531677e-02
9.528662420382165266e+00 -4.327011703047074082e-02
9.531847133757961998e+00 -4.330849546942178857e-02
9.535031847133758731e+00 -4.334666419012721261e-02
9.538216560509555464e+00 -4.338483291083262972e-02
9.541401273885350420e+00 -4.342370069235682722e-02
9.544585987261147153e+00 -4.346186941306224433e-02
9.547770700636942109e+00 -4.350024785201329902e-02
9.550955414012738842e+00 -4.353841657271872306e-02
9.554140127388535575e+00 -4.357658529342414711e-02
9.557324840764330531e+00 -4.361475401412957115e-02
9.560509554140127264e+00 -4.365383151389939237e-02
9.563694267515923997e+00 -4.369200023460480947e-02
9.566878980891720730e+00 -4.373016895531021964e-02
9.570063694267517462e+00 -4.376833767601563674e-02
9.573248407643312419e+00 -4.380650639672106078e-02
9.576433121019107375e+00 -4.384488483567210854e-02
9.579617834394904108e+00 -4.388375261719631298e-02
9.582802547770700841e+00 -4.392192133790173703e-02
9.585987261146497573e+00 -4.396009005860716107e-02
9.589171974522292530e+00 -4.399832868539445274e-02
9.592356687898089262e+00 -4.403663721826362593e-02
9.595541401273885995e+00 -4.407480593896904997e-02
9.598726114649682728e+00 -4.411297465967446707e-02
9.601910828025477684e+00 -4.415184244119867152e-02
9.605095541401272641e+00 -4.419008106798597013e-02
9.608280254777069374e+00 -4.422838960085514332e-02
9.611464968152866106e+00 -4.426655832156056736e-02
9.614649681528662839e+00 -4.430472704226599140e-02
9.617834394904459572e+00 -4.434296566905328307e-02
9.621019108280254528e+00 -4.438197326274124360e-02
9.624203821656051261e+00 -4.442014198344666071e-02
9.627388535031847994e+00 -4.445831070415207087e-02
9.630573248407642950e+00 -4.449647942485749491e-02
9.633757961783439683e+00 -4.453471805164479352e-02
9.636942675159234639e+00 -4.457302658451397365e-02
9.640127388535031372e+00 -4.461119530521939769e-02
9.643312101910828105e+00 -4.465006308674359520e-02
9.646496815286624837e+00 -4.468830171353088687e-02
9.649681528662421570e+00 -4.472661024640006699e-02
9.652866242038216527e+00 -4.476477896710549104e-02
9.656050955414013259e+00 -4.480294768781088732e-02
9.659235668789808216e+00 -4.484111640851631136e-02
9.662420382165604948e+00 -4.488005409612239038e-02
9.665605095541401681e+00 -4.491836262899156357e-02
9.668789808917196638e+00 -4.495653134969698761e-02
9.671974522292993370e+00 -4.499470007040241165e-02
9.675159235668790103e+00 -4.503293869718970333e-02
9.678343949044586836e+00 -4.507110741789512737e-02
9.681528662420383569e+00 -4.510941595076430055e-02
9.684713375796178525e+00 -4.514828373228850500e-02
9.687898089171973481e+00 -4.518645245299391516e-02
9.691082802547770214e+00 -4.522469107978122072e-02
9.694267515923566947e+00 -4.526299961265039390e-02
9.697452229299363680e+00 -4.530116833335581794e-02
9.700636942675158636e+00 -4.533933705406124198e-02
9.703821656050955369e+00 -4.537827474166730712e-02
9.707006369426752102e+00 -4.541644346237273117e-02
9.710191082802548834e+00 -4.545475199524191129e-02
9.713375796178343791e+00 -4.549292071594733533e-02
9.716560509554138747e+00 -4.553108943665275243e-02
9.719745222929935480e+00 -4.556932806344004411e-02
9.722929936305732213e+00 -4.560749678414546815e-02
9.726114649681528945e+00 -4.564650437783342174e-02
9.729299363057325678e+00 -4.568467309853884578e-02
9.732484076433120634e+00 -4.572291172532614439e-02
9.735668789808917367e+00 -4.576108044603156150e-02
9.738853503184714100e+00 -4.579938897890074856e-02
9.742038216560509056e+00 -4.583755769960615872e-02
9.745222929936305789e+00 -4.587642548113035623e-02
9.748407643312100745e+00 -4.591466410791766178e-02
9.751592356687897478e+00 -4.595283282862306501e-02
9.754777070063694211e+00 -4.599114136149223819e-02
9.757961783439490944e+00 -4.602931008219766223e-02
9.761146496815287676e+00 -4.606754870898496085e-02
9.764331210191082633e+00 -4.610571742969038489e-02
9.767515923566879366e+00 -4.614458521121457546e-02
9.770700636942674322e+00 -4.618289374408375558e-02
9.773885350318471055e+00 -4.622106246478916575e-02
9.777070063694267787e+00 -4.625930109157647824e-02
9.780254777070062744e+00 -4.629746981228188840e-02
9.783439490445859477e+00 -4.633577834515106852e-02
9.786624203821656209e+00 -4.637464612667526603e-02
9.789808917197452942e+00 -4.641288475346257159e-02
9.792993630573249675e+00 -4.645105347416798869e-02
9.796178343949044631e+00 -4.648922219487340579e-02
9.799363057324841364e+00 -4.652753072774257898e-02
9.802547770700636320e+00 -4.656569944844799608e-02
9.805732484076433053e+00 -4.660393807523530163e-02
9.808917197452229786e+00 -4.664280585675949914e-02
9.812101910828024742e+00 -4.668097457746492318e-02
9.815286624203821475e+00 -4.671928311033409636e-02
9.818471337579618208e+00 -4.675752173712139498e-02
9.821656050955414941e+00 -4.679569045782681902e-02
9.824840764331209897e+00 -4.683385917853223612e-02
9.828025477707006630e+00 -4.687286677222018971e-02
9.831210191082801586e+00 -4.691103549292560682e-02
9.834394904458598319e+00 -4.694927411971290543e-02
9.837579617834395052e+00 -4.698744284041832947e-02
9.840764331210191784e+00 -4.702561156112375351e-02
9.843949044585986741e+00 -4.706392009399291282e-02
9.847133757961783473e+00 -4.710215872078021143e-02
9.850318471337580206e+00 -4.714102650230441588e-02
9.853503184713376939e+00 -4.717919522300982604e-02
9.856687898089171895e+00 -4.721736394371525009e-02
9.859872611464966852e+00 -4.725567247658442327e-02
9.863057324840763584e+00 -4.729391110337172882e-02
9.866242038216560317e+00 -4.733207982407713899e-02
9.869426751592357050e+00 -4.737094760560134343e-02
9.872611464968153783e+00 -4.740925613847051662e-02
9.875796178343948739e+00 -4.744749476525781523e-02
9.878980891719745472e+00 -4.748566348596323233e-02
9.882165605095542205e+00 -4.752383220666865637e-02
9.885350318471337161e+00 -4.756200092737408042e-02
9.888535031847133894e+00 -4.760030946024324666e-02
9.891719745222928850e+00 -4.763924714784932568e-02
9.894904458598725583e+00 -4.767741586855474972e-02
9.898089171974522316e+00 -4.771558458926017376e-02
9.901273885350319048e+00 -4.775389312212934695e-02
9.904458598726115781e+00 -4.779213174891664556e-02
9.907643312101910738e+00 -4.783030046962206960e-02
9.910828025477707470e+00 -4.786916825114626711e-02
9.914012738853502427e+00 -4.790733697185168422e-02
9.917197452229299159e+00 -4.794564550472086434e-02
9.920382165605095892e+00 -4.798388413150815601e-02
9.923566878980890849e+00 -4.802205285221358005e-02
9.926751592356687581e+00 -4.806022157291899716e-02
9.929936305732484314e+00 -4.809839029362442120e-02
9.933121019108281047e+00 -4.813746779339425630e-02
9.936305732484077780e+00 -4.817563651409968034e-02
9.939490445859872736e+00 -4.821380523480508357e-02
9.942675159235667692e+00 -4.825197395551050067e-02
9.945859872611464425e+00 -4.829028248837968079e-02
9.949044585987261158e+00 -4.832852111516697247e-02
9.952229299363057891e+00 -4.836738889669116997e-02
9.955414012738852847e+00 -4.840555761739659402e-02
9.958598726114649580e+00 -4.844372633810201806e-02
9.961783439490446312e+00 -4.848203487097119124e-02
9.964968152866243045e+00 -4.852027349775848986e-02
9.968152866242038002e+00 -4.855844221846391390e-02
9.971337579617834734e+00 -4.859661093916933794e-02
9.974522292993629691e+00 -4.863547872069352851e-02
9.977707006369426423e+00 -4.867385715964458320e-02
9.980891719745223156e+00 -4.871202588035000725e-02
9.984076433121019889e+00 -4.875019460105542435e-02
9.987261146496814845e+00 -4.878836332176084145e-02
9.990445859872611578e+00 -4.882667185463002157e-02
9.993630573248408311e+00 -4.886560954223610059e-02
9.996815286624203267e+00 -4.890377826294152463e-02
1.000000000000000000e+01 -4.894194698364693480e-02
1.000318471337579496e+01 -4.898011570435235884e-02
