{
  "A_base_mm2": 2000.0,
  "A": 2000.0,
  "coeffs": [
    1.0,
    0.7906,
    0.7264,
    0.6619,
    0.5876,
    0.5249,
    0.4383,
    0.2398
  ],
  "limit_ratio": 0.12,
  "L_bay_edge_mm": 9150.0,
  "heights_mm": [
    5500,
    4300,
    4300,
    4300,
    4300,
    4300,
    4300,
    4300
  ],
  "L_test_mm": 450.0,
  "theta_target": 0.03,
  "eps_target": 0.06,
  "L1": 1758.6159175368323,
  "L2": 1566.6349303504671,
  "minmax1": [
    -280.0,
    280.0
  ],
  "minmax2": [
    -250.0,
    250.0
  ]
}
